8-mer	8-mer	E-Score	Median	Z-Score
AAAAAAAA	TTTTTTTT	0	0	0
AAAAAAAC	GTTTTTTT	0	0	0
AAAAAAAG	CTTTTTTT	0	0	0
AAAAAAAT	ATTTTTTT	0	0	0
AAAAAACA	TGTTTTTT	0	0	0
AAAAAACC	GGTTTTTT	0	0	0
AAAAAACG	CGTTTTTT	0	0	0
AAAAAACT	AGTTTTTT	0	0	0
AAAAAAGA	TCTTTTTT	0	0	0
AAAAAAGC	GCTTTTTT	0	0	0
AAAAAAGG	CCTTTTTT	0	0	0
AAAAAAGT	ACTTTTTT	0	0	0
AAAAAATA	TATTTTTT	0	0	0
AAAAAATC	GATTTTTT	0	0	0
AAAAAATG	CATTTTTT	0	0	0
AAAAAATT	AATTTTTT	0	0	0
AAAAACAA	TTGTTTTT	0	0	0
AAAAACAC	GTGTTTTT	0	0	0
AAAAACAG	CTGTTTTT	0	0	0
AAAAACAT	ATGTTTTT	0	0	0
AAAAACCA	TGGTTTTT	0	0	0
AAAAACCC	GGGTTTTT	0	0	0
AAAAACCG	CGGTTTTT	0	0	0
AAAAACCT	AGGTTTTT	0	0	0
AAAAACGA	TCGTTTTT	0	0	0
AAAAACGC	GCGTTTTT	0	0	0
AAAAACGG	CCGTTTTT	0	0	0
AAAAACGT	ACGTTTTT	0	0	0
AAAAACTA	TAGTTTTT	0	0	0
AAAAACTC	GAGTTTTT	0	0	0
AAAAACTG	CAGTTTTT	0	0	0
AAAAACTT	AAGTTTTT	0	0	0
AAAAAGAA	TTCTTTTT	0	0	0
AAAAAGAC	GTCTTTTT	0	0	0
AAAAAGAG	CTCTTTTT	0	0	0
AAAAAGAT	ATCTTTTT	0	0	0
AAAAAGCA	TGCTTTTT	0	0	0
AAAAAGCC	GGCTTTTT	0	0	0
AAAAAGCG	CGCTTTTT	0	0	0
AAAAAGCT	AGCTTTTT	0	0	0
AAAAAGGA	TCCTTTTT	0	0	0
AAAAAGGC	GCCTTTTT	0	0	0
AAAAAGGG	CCCTTTTT	0	0	0
AAAAAGGT	ACCTTTTT	0	0	0
AAAAAGTA	TACTTTTT	0	0	0
AAAAAGTC	GACTTTTT	0	0	0
AAAAAGTG	CACTTTTT	0	0	0
AAAAAGTT	AACTTTTT	0	0	0
AAAAATAA	TTATTTTT	0	0	0
AAAAATAC	GTATTTTT	0	0	0
AAAAATAG	CTATTTTT	0	0	0
AAAAATAT	ATATTTTT	0	0	0
AAAAATCA	TGATTTTT	0	0	0
AAAAATCC	GGATTTTT	0	0	0
AAAAATCG	CGATTTTT	0	0	0
AAAAATCT	AGATTTTT	0	0	0
AAAAATGA	TCATTTTT	0	0	0
AAAAATGC	GCATTTTT	0	0	0
AAAAATGG	CCATTTTT	0	0	0
AAAAATGT	ACATTTTT	0	0	0
AAAAATTA	TAATTTTT	0	0	0
AAAAATTC	GAATTTTT	0	0	0
AAAAATTG	CAATTTTT	0	0	0
AAAAATTT	AAATTTTT	0	0	0
AAAACAAA	TTTGTTTT	0	0	0
AAAACAAC	GTTGTTTT	0	0	0
AAAACAAG	CTTGTTTT	0	0	0
AAAACAAT	ATTGTTTT	0	0	0
AAAACACA	TGTGTTTT	0	0	0
AAAACACC	GGTGTTTT	0	0	0
AAAACACG	CGTGTTTT	0	0	0
AAAACACT	AGTGTTTT	0	0	0
AAAACAGA	TCTGTTTT	0	0	0
AAAACAGC	GCTGTTTT	0	0	0
AAAACAGG	CCTGTTTT	0	0	0
AAAACAGT	ACTGTTTT	0	0	0
AAAACATA	TATGTTTT	0	0	0
AAAACATC	GATGTTTT	0	0	0
AAAACATG	CATGTTTT	0	0	0
AAAACATT	AATGTTTT	0	0	0
AAAACCAA	TTGGTTTT	0	0	0
AAAACCAC	GTGGTTTT	0	0	0
AAAACCAG	CTGGTTTT	0	0	0
AAAACCAT	ATGGTTTT	0	0	0
AAAACCCA	TGGGTTTT	0	0	0
AAAACCCC	GGGGTTTT	0	0	0
AAAACCCG	CGGGTTTT	0	0	0
AAAACCCT	AGGGTTTT	0	0	0
AAAACCGA	TCGGTTTT	0	0	0
AAAACCGC	GCGGTTTT	0	0	0
AAAACCGG	CCGGTTTT	0	0	0
AAAACCGT	ACGGTTTT	0	0	0
AAAACCTA	TAGGTTTT	0	0	0
AAAACCTC	GAGGTTTT	0	0	0
AAAACCTG	CAGGTTTT	0	0	0
AAAACCTT	AAGGTTTT	0	0	0
AAAACGAA	TTCGTTTT	0	0	0
AAAACGAC	GTCGTTTT	0	0	0
AAAACGAG	CTCGTTTT	0	0	0
AAAACGAT	ATCGTTTT	0	0	0
AAAACGCA	TGCGTTTT	0	0	0
AAAACGCC	GGCGTTTT	0	0	0
AAAACGCG	CGCGTTTT	0	0	0
AAAACGCT	AGCGTTTT	0	0	0
AAAACGGA	TCCGTTTT	0	0	0
AAAACGGC	GCCGTTTT	0	0	0
AAAACGGG	CCCGTTTT	0	0	0
AAAACGGT	ACCGTTTT	0	0	0
AAAACGTA	TACGTTTT	0	0	0
AAAACGTC	GACGTTTT	0	0	0
AAAACGTG	CACGTTTT	0	0	0
AAAACGTT	AACGTTTT	0	0	0
AAAACTAA	TTAGTTTT	0	0	0
AAAACTAC	GTAGTTTT	0	0	0
AAAACTAG	CTAGTTTT	0	0	0
AAAACTAT	ATAGTTTT	0	0	0
AAAACTCA	TGAGTTTT	0	0	0
AAAACTCC	GGAGTTTT	0	0	0
AAAACTCG	CGAGTTTT	0	0	0
AAAACTCT	AGAGTTTT	0	0	0
AAAACTGA	TCAGTTTT	0	0	0
AAAACTGC	GCAGTTTT	0	0	0
AAAACTGG	CCAGTTTT	0	0	0
AAAACTGT	ACAGTTTT	0	0	0
AAAACTTA	TAAGTTTT	0	0	0
AAAACTTC	GAAGTTTT	0	0	0
AAAACTTG	CAAGTTTT	0	0	0
AAAACTTT	AAAGTTTT	0	0	0
AAAAGAAA	TTTCTTTT	0	0	0
AAAAGAAC	GTTCTTTT	0	0	0
AAAAGAAG	CTTCTTTT	0	0	0
AAAAGAAT	ATTCTTTT	0	0	0
AAAAGACA	TGTCTTTT	0	0	0
AAAAGACC	GGTCTTTT	0	0	0
AAAAGACG	CGTCTTTT	0	0	0
AAAAGACT	AGTCTTTT	0	0	0
AAAAGAGA	TCTCTTTT	0	0	0
AAAAGAGC	GCTCTTTT	0	0	0
AAAAGAGG	CCTCTTTT	0	0	0
AAAAGAGT	ACTCTTTT	0	0	0
AAAAGATA	TATCTTTT	0	0	0
AAAAGATC	GATCTTTT	0	0	0
AAAAGATG	CATCTTTT	0	0	0
AAAAGATT	AATCTTTT	0	0	0
AAAAGCAA	TTGCTTTT	0	0	0
AAAAGCAC	GTGCTTTT	0	0	0
AAAAGCAG	CTGCTTTT	0	0	0
AAAAGCAT	ATGCTTTT	0	0	0
AAAAGCCA	TGGCTTTT	0	0	0
AAAAGCCC	GGGCTTTT	0	0	0
AAAAGCCG	CGGCTTTT	0	0	0
AAAAGCCT	AGGCTTTT	0	0	0
AAAAGCGA	TCGCTTTT	0	0	0
AAAAGCGC	GCGCTTTT	0	0	0
AAAAGCGG	CCGCTTTT	0	0	0
AAAAGCGT	ACGCTTTT	0	0	0
AAAAGCTA	TAGCTTTT	0	0	0
AAAAGCTC	GAGCTTTT	0	0	0
AAAAGCTG	CAGCTTTT	0	0	0
AAAAGCTT	AAGCTTTT	0	0	0
AAAAGGAA	TTCCTTTT	0	0	0
AAAAGGAC	GTCCTTTT	0	0	0
AAAAGGAG	CTCCTTTT	0	0	0
AAAAGGAT	ATCCTTTT	0	0	0
AAAAGGCA	TGCCTTTT	0	0	0
AAAAGGCC	GGCCTTTT	0	0	0
AAAAGGCG	CGCCTTTT	0	0	0
AAAAGGCT	AGCCTTTT	0	0	0
AAAAGGGA	TCCCTTTT	0	0	0
AAAAGGGC	GCCCTTTT	0	0	0
AAAAGGGG	CCCCTTTT	0	0	0
AAAAGGGT	ACCCTTTT	0	0	0
AAAAGGTA	TACCTTTT	0	0	0
AAAAGGTC	GACCTTTT	0	0	0
AAAAGGTG	CACCTTTT	0	0	0
AAAAGGTT	AACCTTTT	0	0	0
AAAAGTAA	TTACTTTT	0	0	0
AAAAGTAC	GTACTTTT	0	0	0
AAAAGTAG	CTACTTTT	0	0	0
AAAAGTAT	ATACTTTT	0	0	0
AAAAGTCA	TGACTTTT	0	0	0
AAAAGTCC	GGACTTTT	0	0	0
AAAAGTCG	CGACTTTT	0	0	0
AAAAGTCT	AGACTTTT	0	0	0
AAAAGTGA	TCACTTTT	0	0	0
AAAAGTGC	GCACTTTT	0	0	0
AAAAGTGG	CCACTTTT	0	0	0
AAAAGTGT	ACACTTTT	0	0	0
AAAAGTTA	TAACTTTT	0	0	0
AAAAGTTC	GAACTTTT	0	0	0
AAAAGTTG	CAACTTTT	0	0	0
AAAAGTTT	AAACTTTT	0	0	0
AAAATAAA	TTTATTTT	0	0	0
AAAATAAC	GTTATTTT	0	0	0
AAAATAAG	CTTATTTT	0	0	0
AAAATAAT	ATTATTTT	0	0	0
AAAATACA	TGTATTTT	0	0	0
AAAATACC	GGTATTTT	0	0	0
AAAATACG	CGTATTTT	0	0	0
AAAATACT	AGTATTTT	0	0	0
AAAATAGA	TCTATTTT	0	0	0
AAAATAGC	GCTATTTT	0	0	0
AAAATAGG	CCTATTTT	0	0	0
AAAATAGT	ACTATTTT	0	0	0
AAAATATA	TATATTTT	0	0	0
AAAATATC	GATATTTT	0	0	0
AAAATATG	CATATTTT	0	0	0
AAAATATT	AATATTTT	0	0	0
AAAATCAA	TTGATTTT	0	0	0
AAAATCAC	GTGATTTT	0	0	0
AAAATCAG	CTGATTTT	0	0	0
AAAATCAT	ATGATTTT	0	0	0
AAAATCCA	TGGATTTT	0	0	0
AAAATCCC	GGGATTTT	0	0	0
AAAATCCG	CGGATTTT	0	0	0
AAAATCCT	AGGATTTT	0	0	0
AAAATCGA	TCGATTTT	0	0	0
AAAATCGC	GCGATTTT	0	0	0
AAAATCGG	CCGATTTT	0	0	0
AAAATCGT	ACGATTTT	0	0	0
AAAATCTA	TAGATTTT	0	0	0
AAAATCTC	GAGATTTT	0	0	0
AAAATCTG	CAGATTTT	0	0	0
AAAATCTT	AAGATTTT	0	0	0
AAAATGAA	TTCATTTT	0	0	0
AAAATGAC	GTCATTTT	0	0	0
AAAATGAG	CTCATTTT	0	0	0
AAAATGAT	ATCATTTT	0	0	0
AAAATGCA	TGCATTTT	0	0	0
AAAATGCC	GGCATTTT	0	0	0
AAAATGCG	CGCATTTT	0	0	0
AAAATGCT	AGCATTTT	0	0	0
AAAATGGA	TCCATTTT	0	0	0
AAAATGGC	GCCATTTT	0	0	0
AAAATGGG	CCCATTTT	0	0	0
AAAATGGT	ACCATTTT	0	0	0
AAAATGTA	TACATTTT	0	0	0
AAAATGTC	GACATTTT	0	0	0
AAAATGTG	CACATTTT	0	0	0
AAAATGTT	AACATTTT	0	0	0
AAAATTAA	TTAATTTT	0	0	0
AAAATTAC	GTAATTTT	0	0	0
AAAATTAG	CTAATTTT	0	0	0
AAAATTAT	ATAATTTT	0	0	0
AAAATTCA	TGAATTTT	0	0	0
AAAATTCC	GGAATTTT	0	0	0
AAAATTCG	CGAATTTT	0	0	0
AAAATTCT	AGAATTTT	0	0	0
AAAATTGA	TCAATTTT	0	0	0
AAAATTGC	GCAATTTT	0	0	0
AAAATTGG	CCAATTTT	0	0	0
AAAATTGT	ACAATTTT	0	0	0
AAAATTTA	TAAATTTT	0	0	0
AAAATTTC	GAAATTTT	0	0	0
AAAATTTG	CAAATTTT	0	0	0
AAAATTTT	AAAATTTT	0	0	0
AAACAAAA	TTTTGTTT	0	0	0
AAACAAAC	GTTTGTTT	0	0	0
AAACAAAG	CTTTGTTT	0	0	0
AAACAAAT	ATTTGTTT	0	0	0
AAACAACA	TGTTGTTT	0	0	0
AAACAACC	GGTTGTTT	0	0	0
AAACAACG	CGTTGTTT	0	0	0
AAACAACT	AGTTGTTT	0	0	0
AAACAAGA	TCTTGTTT	0	0	0
AAACAAGC	GCTTGTTT	0	0	0
AAACAAGG	CCTTGTTT	0	0	0
AAACAAGT	ACTTGTTT	0	0	0
AAACAATA	TATTGTTT	0	0	0
AAACAATC	GATTGTTT	0	0	0
AAACAATG	CATTGTTT	0	0	0
AAACAATT	AATTGTTT	0	0	0
AAACACAA	TTGTGTTT	0	0	0
AAACACAC	GTGTGTTT	0	0	0
AAACACAG	CTGTGTTT	0	0	0
AAACACAT	ATGTGTTT	0	0	0
AAACACCA	TGGTGTTT	0	0	0
AAACACCC	GGGTGTTT	0	0	0
AAACACCG	CGGTGTTT	0	0	0
AAACACCT	AGGTGTTT	0	0	0
AAACACGA	TCGTGTTT	0	0	0
AAACACGC	GCGTGTTT	0	0	0
AAACACGG	CCGTGTTT	0	0	0
AAACACGT	ACGTGTTT	0	0	0
AAACACTA	TAGTGTTT	0	0	0
AAACACTC	GAGTGTTT	0	0	0
AAACACTG	CAGTGTTT	0	0	0
AAACACTT	AAGTGTTT	0	0	0
AAACAGAA	TTCTGTTT	0	0	0
AAACAGAC	GTCTGTTT	0	0	0
AAACAGAG	CTCTGTTT	0	0	0
AAACAGAT	ATCTGTTT	0	0	0
AAACAGCA	TGCTGTTT	0	0	0
AAACAGCC	GGCTGTTT	0	0	0
AAACAGCG	CGCTGTTT	0	0	0
AAACAGCT	AGCTGTTT	0	0	0
AAACAGGA	TCCTGTTT	0	0	0
AAACAGGC	GCCTGTTT	0	0	0
AAACAGGG	CCCTGTTT	0	0	0
AAACAGGT	ACCTGTTT	0	0	0
AAACAGTA	TACTGTTT	0	0	0
AAACAGTC	GACTGTTT	0	0	0
AAACAGTG	CACTGTTT	0	0	0
AAACAGTT	AACTGTTT	0	0	0
AAACATAA	TTATGTTT	0	0	0
AAACATAC	GTATGTTT	0	0	0
AAACATAG	CTATGTTT	0	0	0
AAACATAT	ATATGTTT	0	0	0
AAACATCA	TGATGTTT	0	0	0
AAACATCC	GGATGTTT	0	0	0
AAACATCG	CGATGTTT	0	0	0
AAACATCT	AGATGTTT	0	0	0
AAACATGA	TCATGTTT	0	0	0
AAACATGC	GCATGTTT	0	0	0
AAACATGG	CCATGTTT	0	0	0
AAACATGT	ACATGTTT	0	0	0
AAACATTA	TAATGTTT	0	0	0
AAACATTC	GAATGTTT	0	0	0
AAACATTG	CAATGTTT	0	0	0
AAACATTT	AAATGTTT	0	0	0
AAACCAAA	TTTGGTTT	0	0	0
AAACCAAC	GTTGGTTT	0	0	0
AAACCAAG	CTTGGTTT	0	0	0
AAACCAAT	ATTGGTTT	0	0	0
AAACCACA	TGTGGTTT	0	0	0
AAACCACC	GGTGGTTT	0	0	0
AAACCACG	CGTGGTTT	0	0	0
AAACCACT	AGTGGTTT	0	0	0
AAACCAGA	TCTGGTTT	0	0	0
AAACCAGC	GCTGGTTT	0	0	0
AAACCAGG	CCTGGTTT	0	0	0
AAACCAGT	ACTGGTTT	0	0	0
AAACCATA	TATGGTTT	0	0	0
AAACCATC	GATGGTTT	0	0	0
AAACCATG	CATGGTTT	0	0	0
AAACCATT	AATGGTTT	0	0	0
AAACCCAA	TTGGGTTT	0	0	0
AAACCCAC	GTGGGTTT	0	0	0
AAACCCAG	CTGGGTTT	0	0	0
AAACCCAT	ATGGGTTT	0	0	0
AAACCCCA	TGGGGTTT	0	0	0
AAACCCCC	GGGGGTTT	0	0	0
AAACCCCG	CGGGGTTT	0	0	0
AAACCCCT	AGGGGTTT	0	0	0
AAACCCGA	TCGGGTTT	0	0	0
AAACCCGC	GCGGGTTT	0	0	0
AAACCCGG	CCGGGTTT	0	0	0
AAACCCGT	ACGGGTTT	0	0	0
AAACCCTA	TAGGGTTT	0	0	0
AAACCCTC	GAGGGTTT	0	0	0
AAACCCTG	CAGGGTTT	0	0	0
AAACCCTT	AAGGGTTT	0	0	0
AAACCGAA	TTCGGTTT	0	0	0
AAACCGAC	GTCGGTTT	0	0	0
AAACCGAG	CTCGGTTT	0	0	0
AAACCGAT	ATCGGTTT	0	0	0
AAACCGCA	TGCGGTTT	0	0	0
AAACCGCC	GGCGGTTT	0	0	0
AAACCGCG	CGCGGTTT	0	0	0
AAACCGCT	AGCGGTTT	0	0	0
AAACCGGA	TCCGGTTT	0	0	0
AAACCGGC	GCCGGTTT	0	0	0
AAACCGGG	CCCGGTTT	0	0	0
AAACCGGT	ACCGGTTT	0	0	0
AAACCGTA	TACGGTTT	0	0	0
AAACCGTC	GACGGTTT	0	0	0
AAACCGTG	CACGGTTT	0	0	0
AAACCGTT	AACGGTTT	0	0	0
AAACCTAA	TTAGGTTT	0	0	0
AAACCTAC	GTAGGTTT	0	0	0
AAACCTAG	CTAGGTTT	0	0	0
AAACCTAT	ATAGGTTT	0	0	0
AAACCTCA	TGAGGTTT	0	0	0
AAACCTCC	GGAGGTTT	0	0	0
AAACCTCG	CGAGGTTT	0	0	0
AAACCTCT	AGAGGTTT	0	0	0
AAACCTGA	TCAGGTTT	0	0	0
AAACCTGC	GCAGGTTT	0	0	0
AAACCTGG	CCAGGTTT	0	0	0
AAACCTGT	ACAGGTTT	0	0	0
AAACCTTA	TAAGGTTT	0	0	0
AAACCTTC	GAAGGTTT	0	0	0
AAACCTTG	CAAGGTTT	0	0	0
AAACCTTT	AAAGGTTT	0	0	0
AAACGAAA	TTTCGTTT	0	0	0
AAACGAAC	GTTCGTTT	0	0	0
AAACGAAG	CTTCGTTT	0	0	0
AAACGAAT	ATTCGTTT	0	0	0
AAACGACA	TGTCGTTT	0	0	0
AAACGACC	GGTCGTTT	0	0	0
AAACGACG	CGTCGTTT	0	0	0
AAACGACT	AGTCGTTT	0	0	0
AAACGAGA	TCTCGTTT	0	0	0
AAACGAGC	GCTCGTTT	0	0	0
AAACGAGG	CCTCGTTT	0	0	0
AAACGAGT	ACTCGTTT	0	0	0
AAACGATA	TATCGTTT	0	0	0
AAACGATC	GATCGTTT	0	0	0
AAACGATG	CATCGTTT	0	0	0
AAACGATT	AATCGTTT	0	0	0
AAACGCAA	TTGCGTTT	0	0	0
AAACGCAC	GTGCGTTT	0	0	0
AAACGCAG	CTGCGTTT	0	0	0
AAACGCAT	ATGCGTTT	0	0	0
AAACGCCA	TGGCGTTT	0	0	0
AAACGCCC	GGGCGTTT	0	0	0
AAACGCCG	CGGCGTTT	0	0	0
AAACGCCT	AGGCGTTT	0	0	0
AAACGCGA	TCGCGTTT	0	0	0
AAACGCGC	GCGCGTTT	0	0	0
AAACGCGG	CCGCGTTT	0	0	0
AAACGCGT	ACGCGTTT	0	0	0
AAACGCTA	TAGCGTTT	0	0	0
AAACGCTC	GAGCGTTT	0	0	0
AAACGCTG	CAGCGTTT	0	0	0
AAACGCTT	AAGCGTTT	0	0	0
AAACGGAA	TTCCGTTT	0	0	0
AAACGGAC	GTCCGTTT	0	0	0
AAACGGAG	CTCCGTTT	0	0	0
AAACGGAT	ATCCGTTT	0	0	0
AAACGGCA	TGCCGTTT	0	0	0
AAACGGCC	GGCCGTTT	0	0	0
AAACGGCG	CGCCGTTT	0	0	0
AAACGGCT	AGCCGTTT	0	0	0
AAACGGGA	TCCCGTTT	0	0	0
AAACGGGC	GCCCGTTT	0	0	0
AAACGGGG	CCCCGTTT	0	0	0
AAACGGGT	ACCCGTTT	0	0	0
AAACGGTA	TACCGTTT	0	0	0
AAACGGTC	GACCGTTT	0	0	0
AAACGGTG	CACCGTTT	0	0	0
AAACGGTT	AACCGTTT	0	0	0
AAACGTAA	TTACGTTT	0	0	0
AAACGTAC	GTACGTTT	0	0	0
AAACGTAG	CTACGTTT	0	0	0
AAACGTAT	ATACGTTT	0	0	0
AAACGTCA	TGACGTTT	0	0	0
AAACGTCC	GGACGTTT	0	0	0
AAACGTCG	CGACGTTT	0	0	0
AAACGTCT	AGACGTTT	0	0	0
AAACGTGA	TCACGTTT	0	0	0
AAACGTGC	GCACGTTT	0	0	0
AAACGTGG	CCACGTTT	0	0	0
AAACGTGT	ACACGTTT	0	0	0
AAACGTTA	TAACGTTT	0	0	0
AAACGTTC	GAACGTTT	0	0	0
AAACGTTG	CAACGTTT	0	0	0
AAACGTTT	AAACGTTT	0	0	0
AAACTAAA	TTTAGTTT	0	0	0
AAACTAAC	GTTAGTTT	0	0	0
AAACTAAG	CTTAGTTT	0	0	0
AAACTAAT	ATTAGTTT	0	0	0
AAACTACA	TGTAGTTT	0	0	0
AAACTACC	GGTAGTTT	0	0	0
AAACTACG	CGTAGTTT	0	0	0
AAACTACT	AGTAGTTT	0	0	0
AAACTAGA	TCTAGTTT	0	0	0
AAACTAGC	GCTAGTTT	0	0	0
AAACTAGG	CCTAGTTT	0	0	0
AAACTAGT	ACTAGTTT	0	0	0
AAACTATA	TATAGTTT	0	0	0
AAACTATC	GATAGTTT	0	0	0
AAACTATG	CATAGTTT	0	0	0
AAACTATT	AATAGTTT	0	0	0
AAACTCAA	TTGAGTTT	0	0	0
AAACTCAC	GTGAGTTT	0	0	0
AAACTCAG	CTGAGTTT	0	0	0
AAACTCAT	ATGAGTTT	0	0	0
AAACTCCA	TGGAGTTT	0	0	0
AAACTCCC	GGGAGTTT	0	0	0
AAACTCCG	CGGAGTTT	0	0	0
AAACTCCT	AGGAGTTT	0	0	0
AAACTCGA	TCGAGTTT	0	0	0
AAACTCGC	GCGAGTTT	0	0	0
AAACTCGG	CCGAGTTT	0	0	0
AAACTCGT	ACGAGTTT	0	0	0
AAACTCTA	TAGAGTTT	0	0	0
AAACTCTC	GAGAGTTT	0	0	0
AAACTCTG	CAGAGTTT	0	0	0
AAACTCTT	AAGAGTTT	0	0	0
AAACTGAA	TTCAGTTT	0	0	0
AAACTGAC	GTCAGTTT	0	0	0
AAACTGAG	CTCAGTTT	0	0	0
AAACTGAT	ATCAGTTT	0	0	0
AAACTGCA	TGCAGTTT	0	0	0
AAACTGCC	GGCAGTTT	0	0	0
AAACTGCG	CGCAGTTT	0	0	0
AAACTGCT	AGCAGTTT	0	0	0
AAACTGGA	TCCAGTTT	0	0	0
AAACTGGC	GCCAGTTT	0	0	0
AAACTGGG	CCCAGTTT	0	0	0
AAACTGGT	ACCAGTTT	0	0	0
AAACTGTA	TACAGTTT	0	0	0
AAACTGTC	GACAGTTT	0	0	0
AAACTGTG	CACAGTTT	0	0	0
AAACTGTT	AACAGTTT	0	0	0
AAACTTAA	TTAAGTTT	0	0	0
AAACTTAC	GTAAGTTT	0	0	0
AAACTTAG	CTAAGTTT	0	0	0
AAACTTAT	ATAAGTTT	0	0	0
AAACTTCA	TGAAGTTT	0	0	0
AAACTTCC	GGAAGTTT	0	0	0
AAACTTCG	CGAAGTTT	0	0	0
AAACTTCT	AGAAGTTT	0	0	0
AAACTTGA	TCAAGTTT	0	0	0
AAACTTGC	GCAAGTTT	0	0	0
AAACTTGG	CCAAGTTT	0	0	0
AAACTTGT	ACAAGTTT	0	0	0
AAACTTTA	TAAAGTTT	0	0	0
AAACTTTC	GAAAGTTT	0	0	0
AAACTTTG	CAAAGTTT	0	0	0
AAAGAAAA	TTTTCTTT	0	0	0
AAAGAAAC	GTTTCTTT	0	0	0
AAAGAAAG	CTTTCTTT	0	0	0
AAAGAAAT	ATTTCTTT	0	0	0
AAAGAACA	TGTTCTTT	0	0	0
AAAGAACC	GGTTCTTT	0	0	0
AAAGAACG	CGTTCTTT	0	0	0
AAAGAACT	AGTTCTTT	0	0	0
AAAGAAGA	TCTTCTTT	0	0	0
AAAGAAGC	GCTTCTTT	0	0	0
AAAGAAGG	CCTTCTTT	0	0	0
AAAGAAGT	ACTTCTTT	0	0	0
AAAGAATA	TATTCTTT	0	0	0
AAAGAATC	GATTCTTT	0	0	0
AAAGAATG	CATTCTTT	0	0	0
AAAGAATT	AATTCTTT	0	0	0
AAAGACAA	TTGTCTTT	0	0	0
AAAGACAC	GTGTCTTT	0	0	0
AAAGACAG	CTGTCTTT	0	0	0
AAAGACAT	ATGTCTTT	0	0	0
AAAGACCA	TGGTCTTT	0	0	0
AAAGACCC	GGGTCTTT	0	0	0
AAAGACCG	CGGTCTTT	0	0	0
AAAGACCT	AGGTCTTT	0	0	0
AAAGACGA	TCGTCTTT	0	0	0
AAAGACGC	GCGTCTTT	0	0	0
AAAGACGG	CCGTCTTT	0	0	0
AAAGACGT	ACGTCTTT	0	0	0
AAAGACTA	TAGTCTTT	0	0	0
AAAGACTC	GAGTCTTT	0	0	0
AAAGACTG	CAGTCTTT	0	0	0
AAAGACTT	AAGTCTTT	0	0	0
AAAGAGAA	TTCTCTTT	0	0	0
AAAGAGAC	GTCTCTTT	0	0	0
AAAGAGAG	CTCTCTTT	0	0	0
AAAGAGAT	ATCTCTTT	0	0	0
AAAGAGCA	TGCTCTTT	0	0	0
AAAGAGCC	GGCTCTTT	0	0	0
AAAGAGCG	CGCTCTTT	0	0	0
AAAGAGCT	AGCTCTTT	0	0	0
AAAGAGGA	TCCTCTTT	0	0	0
AAAGAGGC	GCCTCTTT	0	0	0
AAAGAGGG	CCCTCTTT	0	0	0
AAAGAGGT	ACCTCTTT	0	0	0
AAAGAGTA	TACTCTTT	0	0	0
AAAGAGTC	GACTCTTT	0	0	0
AAAGAGTG	CACTCTTT	0	0	0
AAAGAGTT	AACTCTTT	0	0	0
AAAGATAA	TTATCTTT	0	0	0
AAAGATAC	GTATCTTT	0	0	0
AAAGATAG	CTATCTTT	0	0	0
AAAGATAT	ATATCTTT	0	0	0
AAAGATCA	TGATCTTT	0	0	0
AAAGATCC	GGATCTTT	0	0	0
AAAGATCG	CGATCTTT	0	0	0
AAAGATCT	AGATCTTT	0	0	0
AAAGATGA	TCATCTTT	0	0	0
AAAGATGC	GCATCTTT	0	0	0
AAAGATGG	CCATCTTT	0	0	0
AAAGATGT	ACATCTTT	0	0	0
AAAGATTA	TAATCTTT	0	0	0
AAAGATTC	GAATCTTT	0	0	0
AAAGATTG	CAATCTTT	0	0	0
AAAGATTT	AAATCTTT	0	0	0
AAAGCAAA	TTTGCTTT	0	0	0
AAAGCAAC	GTTGCTTT	0	0	0
AAAGCAAG	CTTGCTTT	0	0	0
AAAGCAAT	ATTGCTTT	0	0	0
AAAGCACA	TGTGCTTT	0	0	0
AAAGCACC	GGTGCTTT	0	0	0
AAAGCACG	CGTGCTTT	0	0	0
AAAGCACT	AGTGCTTT	0	0	0
AAAGCAGA	TCTGCTTT	0	0	0
AAAGCAGC	GCTGCTTT	0	0	0
AAAGCAGG	CCTGCTTT	0	0	0
AAAGCAGT	ACTGCTTT	0	0	0
AAAGCATA	TATGCTTT	0	0	0
AAAGCATC	GATGCTTT	0	0	0
AAAGCATG	CATGCTTT	0	0	0
AAAGCATT	AATGCTTT	0	0	0
AAAGCCAA	TTGGCTTT	0	0	0
AAAGCCAC	GTGGCTTT	0	0	0
AAAGCCAG	CTGGCTTT	0	0	0
AAAGCCAT	ATGGCTTT	0	0	0
AAAGCCCA	TGGGCTTT	0	0	0
AAAGCCCC	GGGGCTTT	0	0	0
AAAGCCCG	CGGGCTTT	0	0	0
AAAGCCCT	AGGGCTTT	0	0	0
AAAGCCGA	TCGGCTTT	0	0	0
AAAGCCGC	GCGGCTTT	0	0	0
AAAGCCGG	CCGGCTTT	0	0	0
AAAGCCGT	ACGGCTTT	0	0	0
AAAGCCTA	TAGGCTTT	0	0	0
AAAGCCTC	GAGGCTTT	0	0	0
AAAGCCTG	CAGGCTTT	0	0	0
AAAGCCTT	AAGGCTTT	0	0	0
AAAGCGAA	TTCGCTTT	0	0	0
AAAGCGAC	GTCGCTTT	0	0	0
AAAGCGAG	CTCGCTTT	0	0	0
AAAGCGAT	ATCGCTTT	0	0	0
AAAGCGCA	TGCGCTTT	0	0	0
AAAGCGCC	GGCGCTTT	0	0	0
AAAGCGCG	CGCGCTTT	0	0	0
AAAGCGCT	AGCGCTTT	0	0	0
AAAGCGGA	TCCGCTTT	0	0	0
AAAGCGGC	GCCGCTTT	0	0	0
AAAGCGGG	CCCGCTTT	0	0	0
AAAGCGGT	ACCGCTTT	0	0	0
AAAGCGTA	TACGCTTT	0	0	0
AAAGCGTC	GACGCTTT	0	0	0
AAAGCGTG	CACGCTTT	0	0	0
AAAGCGTT	AACGCTTT	0	0	0
AAAGCTAA	TTAGCTTT	0	0	0
AAAGCTAC	GTAGCTTT	0	0	0
AAAGCTAG	CTAGCTTT	0	0	0
AAAGCTAT	ATAGCTTT	0	0	0
AAAGCTCA	TGAGCTTT	0	0	0
AAAGCTCC	GGAGCTTT	0	0	0
AAAGCTCG	CGAGCTTT	0	0	0
AAAGCTCT	AGAGCTTT	0	0	0
AAAGCTGA	TCAGCTTT	0	0	0
AAAGCTGC	GCAGCTTT	0	0	0
AAAGCTGG	CCAGCTTT	0	0	0
AAAGCTGT	ACAGCTTT	0	0	0
AAAGCTTA	TAAGCTTT	0	0	0
AAAGCTTC	GAAGCTTT	0	0	0
AAAGCTTG	CAAGCTTT	0	0	0
AAAGCTTT	AAAGCTTT	0	0	0
AAAGGAAA	TTTCCTTT	0	0	0
AAAGGAAC	GTTCCTTT	0	0	0
AAAGGAAG	CTTCCTTT	0	0	0
AAAGGAAT	ATTCCTTT	0	0	0
AAAGGACA	TGTCCTTT	0	0	0
AAAGGACC	GGTCCTTT	0	0	0
AAAGGACG	CGTCCTTT	0	0	0
AAAGGACT	AGTCCTTT	0	0	0
AAAGGAGA	TCTCCTTT	0	0	0
AAAGGAGC	GCTCCTTT	0	0	0
AAAGGAGG	CCTCCTTT	0	0	0
AAAGGAGT	ACTCCTTT	0	0	0
AAAGGATA	TATCCTTT	0	0	0
AAAGGATC	GATCCTTT	0	0	0
AAAGGATG	CATCCTTT	0	0	0
AAAGGATT	AATCCTTT	0	0	0
AAAGGCAA	TTGCCTTT	0	0	0
AAAGGCAC	GTGCCTTT	0	0	0
AAAGGCAG	CTGCCTTT	0	0	0
AAAGGCAT	ATGCCTTT	0	0	0
AAAGGCCA	TGGCCTTT	0	0	0
AAAGGCCC	GGGCCTTT	0	0	0
AAAGGCCG	CGGCCTTT	0	0	0
AAAGGCCT	AGGCCTTT	0	0	0
AAAGGCGA	TCGCCTTT	0	0	0
AAAGGCGC	GCGCCTTT	0	0	0
AAAGGCGG	CCGCCTTT	0	0	0
AAAGGCGT	ACGCCTTT	0	0	0
AAAGGCTA	TAGCCTTT	0	0	0
AAAGGCTC	GAGCCTTT	0	0	0
AAAGGCTG	CAGCCTTT	0	0	0
AAAGGCTT	AAGCCTTT	0	0	0
AAAGGGAA	TTCCCTTT	0	0	0
AAAGGGAC	GTCCCTTT	0	0	0
AAAGGGAG	CTCCCTTT	0	0	0
AAAGGGAT	ATCCCTTT	0	0	0
AAAGGGCA	TGCCCTTT	0	0	0
AAAGGGCC	GGCCCTTT	0	0	0
AAAGGGCG	CGCCCTTT	0	0	0
AAAGGGCT	AGCCCTTT	0	0	0
AAAGGGGA	TCCCCTTT	0	0	0
AAAGGGGC	GCCCCTTT	0	0	0
AAAGGGGG	CCCCCTTT	0	0	0
AAAGGGGT	ACCCCTTT	0	0	0
AAAGGGTA	TACCCTTT	0	0	0
AAAGGGTC	GACCCTTT	0	0	0
AAAGGGTG	CACCCTTT	0	0	0
AAAGGGTT	AACCCTTT	0	0	0
AAAGGTAA	TTACCTTT	0	0	0
AAAGGTAC	GTACCTTT	0	0	0
AAAGGTAG	CTACCTTT	0	0	0
AAAGGTAT	ATACCTTT	0	0	0
AAAGGTCA	TGACCTTT	0	0	0
AAAGGTCC	GGACCTTT	0	0	0
AAAGGTCG	CGACCTTT	0	0	0
AAAGGTCT	AGACCTTT	0	0	0
AAAGGTGA	TCACCTTT	0	0	0
AAAGGTGC	GCACCTTT	0	0	0
AAAGGTGG	CCACCTTT	0	0	0
AAAGGTGT	ACACCTTT	0	0	0
AAAGGTTA	TAACCTTT	0	0	0
AAAGGTTC	GAACCTTT	0	0	0
AAAGGTTG	CAACCTTT	0	0	0
AAAGTAAA	TTTACTTT	0	0	0
AAAGTAAC	GTTACTTT	0	0	0
AAAGTAAG	CTTACTTT	0	0	0
AAAGTAAT	ATTACTTT	0	0	0
AAAGTACA	TGTACTTT	0	0	0
AAAGTACC	GGTACTTT	0	0	0
AAAGTACG	CGTACTTT	0	0	0
AAAGTACT	AGTACTTT	0	0	0
AAAGTAGA	TCTACTTT	0	0	0
AAAGTAGC	GCTACTTT	0	0	0
AAAGTAGG	CCTACTTT	0	0	0
AAAGTAGT	ACTACTTT	0	0	0
AAAGTATA	TATACTTT	0	0	0
AAAGTATC	GATACTTT	0	0	0
AAAGTATG	CATACTTT	0	0	0
AAAGTATT	AATACTTT	0	0	0
AAAGTCAA	TTGACTTT	0	0	0
AAAGTCAC	GTGACTTT	0	0	0
AAAGTCAG	CTGACTTT	0	0	0
AAAGTCAT	ATGACTTT	0	0	0
AAAGTCCA	TGGACTTT	0	0	0
AAAGTCCC	GGGACTTT	0	0	0
AAAGTCCG	CGGACTTT	0	0	0
AAAGTCCT	AGGACTTT	0	0	0
AAAGTCGA	TCGACTTT	0	0	0
AAAGTCGC	GCGACTTT	0	0	0
AAAGTCGG	CCGACTTT	0	0	0
AAAGTCGT	ACGACTTT	0	0	0
AAAGTCTA	TAGACTTT	0	0	0
AAAGTCTC	GAGACTTT	0	0	0
AAAGTCTG	CAGACTTT	0	0	0
AAAGTCTT	AAGACTTT	0	0	0
AAAGTGAA	TTCACTTT	0	0	0
AAAGTGAC	GTCACTTT	0	0	0
AAAGTGAG	CTCACTTT	0	0	0
AAAGTGAT	ATCACTTT	0	0	0
AAAGTGCA	TGCACTTT	0	0	0
AAAGTGCC	GGCACTTT	0	0	0
AAAGTGCG	CGCACTTT	0	0	0
AAAGTGCT	AGCACTTT	0	0	0
AAAGTGGA	TCCACTTT	0	0	0
AAAGTGGC	GCCACTTT	0	0	0
AAAGTGGG	CCCACTTT	0	0	0
AAAGTGGT	ACCACTTT	0	0	0
AAAGTGTA	TACACTTT	0	0	0
AAAGTGTC	GACACTTT	0	0	0
AAAGTGTG	CACACTTT	0	0	0
AAAGTGTT	AACACTTT	0	0	0
AAAGTTAA	TTAACTTT	0	0	0
AAAGTTAC	GTAACTTT	0	0	0
AAAGTTAG	CTAACTTT	0	0	0
AAAGTTAT	ATAACTTT	0	0	0
AAAGTTCA	TGAACTTT	0	0	0
AAAGTTCC	GGAACTTT	0	0	0
AAAGTTCG	CGAACTTT	0	0	0
AAAGTTCT	AGAACTTT	0	0	0
AAAGTTGA	TCAACTTT	0	0	0
AAAGTTGC	GCAACTTT	0	0	0
AAAGTTGG	CCAACTTT	0	0	0
AAAGTTGT	ACAACTTT	0	0	0
AAAGTTTA	TAAACTTT	0	0	0
AAAGTTTC	GAAACTTT	0	0	0
AAAGTTTG	CAAACTTT	0	0	0
AAATAAAA	TTTTATTT	0	0	0
AAATAAAC	GTTTATTT	0	0	0
AAATAAAG	CTTTATTT	0	0	0
AAATAAAT	ATTTATTT	0	0	0
AAATAACA	TGTTATTT	0	0	0
AAATAACC	GGTTATTT	0	0	0
AAATAACG	CGTTATTT	0	0	0
AAATAACT	AGTTATTT	0	0	0
AAATAAGA	TCTTATTT	0	0	0
AAATAAGC	GCTTATTT	0	0	0
AAATAAGG	CCTTATTT	0	0	0
AAATAAGT	ACTTATTT	0	0	0
AAATAATA	TATTATTT	0	0	0
AAATAATC	GATTATTT	0	0	0
AAATAATG	CATTATTT	0	0	0
AAATAATT	AATTATTT	0	0	0
AAATACAA	TTGTATTT	0	0	0
AAATACAC	GTGTATTT	0	0	0
AAATACAG	CTGTATTT	0	0	0
AAATACAT	ATGTATTT	0	0	0
AAATACCA	TGGTATTT	0	0	0
AAATACCC	GGGTATTT	0	0	0
AAATACCG	CGGTATTT	0	0	0
AAATACCT	AGGTATTT	0	0	0
AAATACGA	TCGTATTT	0	0	0
AAATACGC	GCGTATTT	0	0	0
AAATACGG	CCGTATTT	0	0	0
AAATACGT	ACGTATTT	0	0	0
AAATACTA	TAGTATTT	0	0	0
AAATACTC	GAGTATTT	0	0	0
AAATACTG	CAGTATTT	0	0	0
AAATACTT	AAGTATTT	0	0	0
AAATAGAA	TTCTATTT	0	0	0
AAATAGAC	GTCTATTT	0	0	0
AAATAGAG	CTCTATTT	0	0	0
AAATAGAT	ATCTATTT	0	0	0
AAATAGCA	TGCTATTT	0	0	0
AAATAGCC	GGCTATTT	0	0	0
AAATAGCG	CGCTATTT	0	0	0
AAATAGCT	AGCTATTT	0	0	0
AAATAGGA	TCCTATTT	0	0	0
AAATAGGC	GCCTATTT	0	0	0
AAATAGGG	CCCTATTT	0	0	0
AAATAGGT	ACCTATTT	0	0	0
AAATAGTA	TACTATTT	0	0	0
AAATAGTC	GACTATTT	0	0	0
AAATAGTG	CACTATTT	0	0	0
AAATAGTT	AACTATTT	0	0	0
AAATATAA	TTATATTT	0	0	0
AAATATAC	GTATATTT	0	0	0
AAATATAG	CTATATTT	0	0	0
AAATATAT	ATATATTT	0	0	0
AAATATCA	TGATATTT	0	0	0
AAATATCC	GGATATTT	0	0	0
AAATATCG	CGATATTT	0	0	0
AAATATCT	AGATATTT	0	0	0
AAATATGA	TCATATTT	0	0	0
AAATATGC	GCATATTT	0	0	0
AAATATGG	CCATATTT	0	0	0
AAATATGT	ACATATTT	0	0	0
AAATATTA	TAATATTT	0	0	0
AAATATTC	GAATATTT	0	0	0
AAATATTG	CAATATTT	0	0	0
AAATATTT	AAATATTT	0	0	0
AAATCAAA	TTTGATTT	0	0	0
AAATCAAC	GTTGATTT	0	0	0
AAATCAAG	CTTGATTT	0	0	0
AAATCAAT	ATTGATTT	0	0	0
AAATCACA	TGTGATTT	0	0	0
AAATCACC	GGTGATTT	0	0	0
AAATCACG	CGTGATTT	0	0	0
AAATCACT	AGTGATTT	0	0	0
AAATCAGA	TCTGATTT	0	0	0
AAATCAGC	GCTGATTT	0	0	0
AAATCAGG	CCTGATTT	0	0	0
AAATCAGT	ACTGATTT	0	0	0
AAATCATA	TATGATTT	0	0	0
AAATCATC	GATGATTT	0	0	0
AAATCATG	CATGATTT	0	0	0
AAATCATT	AATGATTT	0	0	0
AAATCCAA	TTGGATTT	0	0	0
AAATCCAC	GTGGATTT	0	0	0
AAATCCAG	CTGGATTT	0	0	0
AAATCCAT	ATGGATTT	0	0	0
AAATCCCA	TGGGATTT	0	0	0
AAATCCCC	GGGGATTT	0	0	0
AAATCCCG	CGGGATTT	0	0	0
AAATCCCT	AGGGATTT	0	0	0
AAATCCGA	TCGGATTT	0	0	0
AAATCCGC	GCGGATTT	0	0	0
AAATCCGG	CCGGATTT	0	0	0
AAATCCGT	ACGGATTT	0	0	0
AAATCCTA	TAGGATTT	0	0	0
AAATCCTC	GAGGATTT	0	0	0
AAATCCTG	CAGGATTT	0	0	0
AAATCCTT	AAGGATTT	0	0	0
AAATCGAA	TTCGATTT	0	0	0
AAATCGAC	GTCGATTT	0	0	0
AAATCGAG	CTCGATTT	0	0	0
AAATCGAT	ATCGATTT	0	0	0
AAATCGCA	TGCGATTT	0	0	0
AAATCGCC	GGCGATTT	0	0	0
AAATCGCG	CGCGATTT	0	0	0
AAATCGCT	AGCGATTT	0	0	0
AAATCGGA	TCCGATTT	0	0	0
AAATCGGC	GCCGATTT	0	0	0
AAATCGGG	CCCGATTT	0	0	0
AAATCGGT	ACCGATTT	0	0	0
AAATCGTA	TACGATTT	0	0	0
AAATCGTC	GACGATTT	0	0	0
AAATCGTG	CACGATTT	0	0	0
AAATCGTT	AACGATTT	0	0	0
AAATCTAA	TTAGATTT	0	0	0
AAATCTAC	GTAGATTT	0	0	0
AAATCTAG	CTAGATTT	0	0	0
AAATCTAT	ATAGATTT	0	0	0
AAATCTCA	TGAGATTT	0	0	0
AAATCTCC	GGAGATTT	0	0	0
AAATCTCG	CGAGATTT	0	0	0
AAATCTCT	AGAGATTT	0	0	0
AAATCTGA	TCAGATTT	0	0	0
AAATCTGC	GCAGATTT	0	0	0
AAATCTGG	CCAGATTT	0	0	0
AAATCTGT	ACAGATTT	0	0	0
AAATCTTA	TAAGATTT	0	0	0
AAATCTTC	GAAGATTT	0	0	0
AAATCTTG	CAAGATTT	0	0	0
AAATGAAA	TTTCATTT	0	0	0
AAATGAAC	GTTCATTT	0	0	0
AAATGAAG	CTTCATTT	0	0	0
AAATGAAT	ATTCATTT	0	0	0
AAATGACA	TGTCATTT	0	0	0
AAATGACC	GGTCATTT	0	0	0
AAATGACG	CGTCATTT	0	0	0
AAATGACT	AGTCATTT	0	0	0
AAATGAGA	TCTCATTT	0	0	0
AAATGAGC	GCTCATTT	0	0	0
AAATGAGG	CCTCATTT	0	0	0
AAATGAGT	ACTCATTT	0	0	0
AAATGATA	TATCATTT	0	0	0
AAATGATC	GATCATTT	0	0	0
AAATGATG	CATCATTT	0	0	0
AAATGATT	AATCATTT	0	0	0
AAATGCAA	TTGCATTT	0	0	0
AAATGCAC	GTGCATTT	0	0	0
AAATGCAG	CTGCATTT	0	0	0
AAATGCAT	ATGCATTT	0	0	0
AAATGCCA	TGGCATTT	0	0	0
AAATGCCC	GGGCATTT	0	0	0
AAATGCCG	CGGCATTT	0	0	0
AAATGCCT	AGGCATTT	0	0	0
AAATGCGA	TCGCATTT	0	0	0
AAATGCGC	GCGCATTT	0	0	0
AAATGCGG	CCGCATTT	0	0	0
AAATGCGT	ACGCATTT	0	0	0
AAATGCTA	TAGCATTT	0	0	0
AAATGCTC	GAGCATTT	0	0	0
AAATGCTG	CAGCATTT	0	0	0
AAATGCTT	AAGCATTT	0	0	0
AAATGGAA	TTCCATTT	0	0	0
AAATGGAC	GTCCATTT	0	0	0
AAATGGAG	CTCCATTT	0	0	0
AAATGGAT	ATCCATTT	0	0	0
AAATGGCA	TGCCATTT	0	0	0
AAATGGCC	GGCCATTT	0	0	0
AAATGGCG	CGCCATTT	0	0	0
AAATGGCT	AGCCATTT	0	0	0
AAATGGGA	TCCCATTT	0	0	0
AAATGGGC	GCCCATTT	0	0	0
AAATGGGG	CCCCATTT	0	0	0
AAATGGGT	ACCCATTT	0	0	0
AAATGGTA	TACCATTT	0	0	0
AAATGGTC	GACCATTT	0	0	0
AAATGGTG	CACCATTT	0	0	0
AAATGGTT	AACCATTT	0	0	0
AAATGTAA	TTACATTT	0	0	0
AAATGTAC	GTACATTT	0	0	0
AAATGTAG	CTACATTT	0	0	0
AAATGTAT	ATACATTT	0	0	0
AAATGTCA	TGACATTT	0	0	0
AAATGTCC	GGACATTT	0	0	0
AAATGTCG	CGACATTT	0	0	0
AAATGTCT	AGACATTT	0	0	0
AAATGTGA	TCACATTT	0	0	0
AAATGTGC	GCACATTT	0	0	0
AAATGTGG	CCACATTT	0	0	0
AAATGTGT	ACACATTT	0	0	0
AAATGTTA	TAACATTT	0	0	0
AAATGTTC	GAACATTT	0	0	0
AAATGTTG	CAACATTT	0	0	0
AAATTAAA	TTTAATTT	0	0	0
AAATTAAC	GTTAATTT	0	0	0
AAATTAAG	CTTAATTT	0	0	0
AAATTAAT	ATTAATTT	0	0	0
AAATTACA	TGTAATTT	0	0	0
AAATTACC	GGTAATTT	0	0	0
AAATTACG	CGTAATTT	0	0	0
AAATTACT	AGTAATTT	0	0	0
AAATTAGA	TCTAATTT	0	0	0
AAATTAGC	GCTAATTT	0	0	0
AAATTAGG	CCTAATTT	0	0	0
AAATTAGT	ACTAATTT	0	0	0
AAATTATA	TATAATTT	0	0	0
AAATTATC	GATAATTT	0	0	0
AAATTATG	CATAATTT	0	0	0
AAATTATT	AATAATTT	0	0	0
AAATTCAA	TTGAATTT	0	0	0
AAATTCAC	GTGAATTT	0	0	0
AAATTCAG	CTGAATTT	0	0	0
AAATTCAT	ATGAATTT	0	0	0
AAATTCCA	TGGAATTT	0	0	0
AAATTCCC	GGGAATTT	0	0	0
AAATTCCG	CGGAATTT	0	0	0
AAATTCCT	AGGAATTT	0	0	0
AAATTCGA	TCGAATTT	0	0	0
AAATTCGC	GCGAATTT	0	0	0
AAATTCGG	CCGAATTT	0	0	0
AAATTCGT	ACGAATTT	0	0	0
AAATTCTA	TAGAATTT	0	0	0
AAATTCTC	GAGAATTT	0	0	0
AAATTCTG	CAGAATTT	0	0	0
AAATTCTT	AAGAATTT	0	0	0
AAATTGAA	TTCAATTT	0	0	0
AAATTGAC	GTCAATTT	0	0	0
AAATTGAG	CTCAATTT	0	0	0
AAATTGAT	ATCAATTT	0	0	0
AAATTGCA	TGCAATTT	0	0	0
AAATTGCC	GGCAATTT	0	0	0
AAATTGCG	CGCAATTT	0	0	0
AAATTGCT	AGCAATTT	0	0	0
AAATTGGA	TCCAATTT	0	0	0
AAATTGGC	GCCAATTT	0	0	0
AAATTGGG	CCCAATTT	0	0	0
AAATTGGT	ACCAATTT	0	0	0
AAATTGTA	TACAATTT	0	0	0
AAATTGTC	GACAATTT	0	0	0
AAATTGTG	CACAATTT	0	0	0
AAATTGTT	AACAATTT	0	0	0
AAATTTAA	TTAAATTT	0	0	0
AAATTTAC	GTAAATTT	0	0	0
AAATTTAG	CTAAATTT	0	0	0
AAATTTAT	ATAAATTT	0	0	0
AAATTTCA	TGAAATTT	0	0	0
AAATTTCC	GGAAATTT	0	0	0
AAATTTCG	CGAAATTT	0	0	0
AAATTTCT	AGAAATTT	0	0	0
AAATTTGA	TCAAATTT	0	0	0
AAATTTGC	GCAAATTT	0	0	0
AAATTTGG	CCAAATTT	0	0	0
AAATTTGT	ACAAATTT	0	0	0
AAATTTTA	TAAAATTT	0	0	0
AAATTTTC	GAAAATTT	0	0	0
AAATTTTG	CAAAATTT	0	0	0
AACAAAAA	TTTTTGTT	0	0	0
AACAAAAC	GTTTTGTT	0	0	0
AACAAAAG	CTTTTGTT	0	0	0
AACAAAAT	ATTTTGTT	0	0	0
AACAAACA	TGTTTGTT	0	0	0
AACAAACC	GGTTTGTT	0	0	0
AACAAACG	CGTTTGTT	0	0	0
AACAAACT	AGTTTGTT	0	0	0
AACAAAGA	TCTTTGTT	0	0	0
AACAAAGC	GCTTTGTT	0	0	0
AACAAAGG	CCTTTGTT	0	0	0
AACAAAGT	ACTTTGTT	0	0	0
AACAAATA	TATTTGTT	0	0	0
AACAAATC	GATTTGTT	0	0	0
AACAAATG	CATTTGTT	0	0	0
AACAAATT	AATTTGTT	0	0	0
AACAACAA	TTGTTGTT	0	0	0
AACAACAC	GTGTTGTT	0	0	0
AACAACAG	CTGTTGTT	0	0	0
AACAACAT	ATGTTGTT	0	0	0
AACAACCA	TGGTTGTT	0	0	0
AACAACCC	GGGTTGTT	0	0	0
AACAACCG	CGGTTGTT	0	0	0
AACAACCT	AGGTTGTT	0	0	0
AACAACGA	TCGTTGTT	0	0	0
AACAACGC	GCGTTGTT	0	0	0
AACAACGG	CCGTTGTT	0	0	0
AACAACGT	ACGTTGTT	0	0	0
AACAACTA	TAGTTGTT	0	0	0
AACAACTC	GAGTTGTT	0	0	0
AACAACTG	CAGTTGTT	0	0	0
AACAACTT	AAGTTGTT	0	0	0
AACAAGAA	TTCTTGTT	0	0	0
AACAAGAC	GTCTTGTT	0	0	0
AACAAGAG	CTCTTGTT	0	0	0
AACAAGAT	ATCTTGTT	0	0	0
AACAAGCA	TGCTTGTT	0	0	0
AACAAGCC	GGCTTGTT	0	0	0
AACAAGCG	CGCTTGTT	0	0	0
AACAAGCT	AGCTTGTT	0	0	0
AACAAGGA	TCCTTGTT	0	0	0
AACAAGGC	GCCTTGTT	0	0	0
AACAAGGG	CCCTTGTT	0	0	0
AACAAGGT	ACCTTGTT	0	0	0
AACAAGTA	TACTTGTT	0	0	0
AACAAGTC	GACTTGTT	0	0	0
AACAAGTG	CACTTGTT	0	0	0
AACAAGTT	AACTTGTT	0	0	0
AACAATAA	TTATTGTT	0	0	0
AACAATAC	GTATTGTT	0	0	0
AACAATAG	CTATTGTT	0	0	0
AACAATAT	ATATTGTT	0	0	0
AACAATCA	TGATTGTT	0	0	0
AACAATCC	GGATTGTT	0	0	0
AACAATCG	CGATTGTT	0	0	0
AACAATCT	AGATTGTT	0	0	0
AACAATGA	TCATTGTT	0	0	0
AACAATGC	GCATTGTT	0	0	0
AACAATGG	CCATTGTT	0	0	0
AACAATGT	ACATTGTT	0	0	0
AACAATTA	TAATTGTT	0	0	0
AACAATTC	GAATTGTT	0	0	0
AACAATTG	CAATTGTT	0	0	0
AACACAAA	TTTGTGTT	0	0	0
AACACAAC	GTTGTGTT	0	0	0
AACACAAG	CTTGTGTT	0	0	0
AACACAAT	ATTGTGTT	0	0	0
AACACACA	TGTGTGTT	0	0	0
AACACACC	GGTGTGTT	0	0	0
AACACACG	CGTGTGTT	0	0	0
AACACACT	AGTGTGTT	0	0	0
AACACAGA	TCTGTGTT	0	0	0
AACACAGC	GCTGTGTT	0	0	0
AACACAGG	CCTGTGTT	0	0	0
AACACAGT	ACTGTGTT	0	0	0
AACACATA	TATGTGTT	0	0	0
AACACATC	GATGTGTT	0	0	0
AACACATG	CATGTGTT	0	0	0
AACACATT	AATGTGTT	0	0	0
AACACCAA	TTGGTGTT	0	0	0
AACACCAC	GTGGTGTT	0	0	0
AACACCAG	CTGGTGTT	0	0	0
AACACCAT	ATGGTGTT	0	0	0
AACACCCA	TGGGTGTT	0	0	0
AACACCCC	GGGGTGTT	0	0	0
AACACCCG	CGGGTGTT	0	0	0
AACACCCT	AGGGTGTT	0	0	0
AACACCGA	TCGGTGTT	0	0	0
AACACCGC	GCGGTGTT	0	0	0
AACACCGG	CCGGTGTT	0	0	0
AACACCGT	ACGGTGTT	0	0	0
AACACCTA	TAGGTGTT	0	0	0
AACACCTC	GAGGTGTT	0	0	0
AACACCTG	CAGGTGTT	0	0	0
AACACCTT	AAGGTGTT	0	0	0
AACACGAA	TTCGTGTT	0	0	0
AACACGAC	GTCGTGTT	0	0	0
AACACGAG	CTCGTGTT	0	0	0
AACACGAT	ATCGTGTT	0	0	0
AACACGCA	TGCGTGTT	0	0	0
AACACGCC	GGCGTGTT	0	0	0
AACACGCG	CGCGTGTT	0	0	0
AACACGCT	AGCGTGTT	0	0	0
AACACGGA	TCCGTGTT	0	0	0
AACACGGC	GCCGTGTT	0	0	0
AACACGGG	CCCGTGTT	0	0	0
AACACGGT	ACCGTGTT	0	0	0
AACACGTA	TACGTGTT	0	0	0
AACACGTC	GACGTGTT	0	0	0
AACACGTG	CACGTGTT	0	0	0
AACACGTT	AACGTGTT	0	0	0
AACACTAA	TTAGTGTT	0	0	0
AACACTAC	GTAGTGTT	0	0	0
AACACTAG	CTAGTGTT	0	0	0
AACACTAT	ATAGTGTT	0	0	0
AACACTCA	TGAGTGTT	0	0	0
AACACTCC	GGAGTGTT	0	0	0
AACACTCG	CGAGTGTT	0	0	0
AACACTCT	AGAGTGTT	0	0	0
AACACTGA	TCAGTGTT	0	0	0
AACACTGC	GCAGTGTT	0	0	0
AACACTGG	CCAGTGTT	0	0	0
AACACTGT	ACAGTGTT	0	0	0
AACACTTA	TAAGTGTT	0	0	0
AACACTTC	GAAGTGTT	0	0	0
AACACTTG	CAAGTGTT	0	0	0
AACAGAAA	TTTCTGTT	0	0	0
AACAGAAC	GTTCTGTT	0	0	0
AACAGAAG	CTTCTGTT	0	0	0
AACAGAAT	ATTCTGTT	0	0	0
AACAGACA	TGTCTGTT	0	0	0
AACAGACC	GGTCTGTT	0	0	0
AACAGACG	CGTCTGTT	0	0	0
AACAGACT	AGTCTGTT	0	0	0
AACAGAGA	TCTCTGTT	0	0	0
AACAGAGC	GCTCTGTT	0	0	0
AACAGAGG	CCTCTGTT	0	0	0
AACAGAGT	ACTCTGTT	0	0	0
AACAGATA	TATCTGTT	0	0	0
AACAGATC	GATCTGTT	0	0	0
AACAGATG	CATCTGTT	0	0	0
AACAGATT	AATCTGTT	0	0	0
AACAGCAA	TTGCTGTT	0	0	0
AACAGCAC	GTGCTGTT	0	0	0
AACAGCAG	CTGCTGTT	0	0	0
AACAGCAT	ATGCTGTT	0	0	0
AACAGCCA	TGGCTGTT	0	0	0
AACAGCCC	GGGCTGTT	0	0	0
AACAGCCG	CGGCTGTT	0	0	0
AACAGCCT	AGGCTGTT	0	0	0
AACAGCGA	TCGCTGTT	0	0	0
AACAGCGC	GCGCTGTT	0	0	0
AACAGCGG	CCGCTGTT	0	0	0
AACAGCGT	ACGCTGTT	0	0	0
AACAGCTA	TAGCTGTT	0	0	0
AACAGCTC	GAGCTGTT	0	0	0
AACAGCTG	CAGCTGTT	0	0	0
AACAGCTT	AAGCTGTT	0	0	0
AACAGGAA	TTCCTGTT	0	0	0
AACAGGAC	GTCCTGTT	0	0	0
AACAGGAG	CTCCTGTT	0	0	0
AACAGGAT	ATCCTGTT	0	0	0
AACAGGCA	TGCCTGTT	0	0	0
AACAGGCC	GGCCTGTT	0	0	0
AACAGGCG	CGCCTGTT	0	0	0
AACAGGCT	AGCCTGTT	0	0	0
AACAGGGA	TCCCTGTT	0	0	0
AACAGGGC	GCCCTGTT	0	0	0
AACAGGGG	CCCCTGTT	0	0	0
AACAGGGT	ACCCTGTT	0	0	0
AACAGGTA	TACCTGTT	0	0	0
AACAGGTC	GACCTGTT	0	0	0
AACAGGTG	CACCTGTT	0	0	0
AACAGGTT	AACCTGTT	0	0	0
AACAGTAA	TTACTGTT	0	0	0
AACAGTAC	GTACTGTT	0	0	0
AACAGTAG	CTACTGTT	0	0	0
AACAGTAT	ATACTGTT	0	0	0
AACAGTCA	TGACTGTT	0	0	0
AACAGTCC	GGACTGTT	0	0	0
AACAGTCG	CGACTGTT	0	0	0
AACAGTCT	AGACTGTT	0	0	0
AACAGTGA	TCACTGTT	0	0	0
AACAGTGC	GCACTGTT	0	0	0
AACAGTGG	CCACTGTT	0	0	0
AACAGTGT	ACACTGTT	0	0	0
AACAGTTA	TAACTGTT	0	0	0
AACAGTTC	GAACTGTT	0	0	0
AACAGTTG	CAACTGTT	0	0	0
AACATAAA	TTTATGTT	0	0	0
AACATAAC	GTTATGTT	0	0	0
AACATAAG	CTTATGTT	0	0	0
AACATAAT	ATTATGTT	0	0	0
AACATACA	TGTATGTT	0	0	0
AACATACC	GGTATGTT	0	0	0
AACATACG	CGTATGTT	0	0	0
AACATACT	AGTATGTT	0	0	0
AACATAGA	TCTATGTT	0	0	0
AACATAGC	GCTATGTT	0	0	0
AACATAGG	CCTATGTT	0	0	0
AACATAGT	ACTATGTT	0	0	0
AACATATA	TATATGTT	0	0	0
AACATATC	GATATGTT	0	0	0
AACATATG	CATATGTT	0	0	0
AACATATT	AATATGTT	0	0	0
AACATCAA	TTGATGTT	0	0	0
AACATCAC	GTGATGTT	0	0	0
AACATCAG	CTGATGTT	0	0	0
AACATCAT	ATGATGTT	0	0	0
AACATCCA	TGGATGTT	0	0	0
AACATCCC	GGGATGTT	0	0	0
AACATCCG	CGGATGTT	0	0	0
AACATCCT	AGGATGTT	0	0	0
AACATCGA	TCGATGTT	0	0	0
AACATCGC	GCGATGTT	0	0	0
AACATCGG	CCGATGTT	0	0	0
AACATCGT	ACGATGTT	0	0	0
AACATCTA	TAGATGTT	0	0	0
AACATCTC	GAGATGTT	0	0	0
AACATCTG	CAGATGTT	0	0	0
AACATCTT	AAGATGTT	0	0	0
AACATGAA	TTCATGTT	0	0	0
AACATGAC	GTCATGTT	0	0	0
AACATGAG	CTCATGTT	0	0	0
AACATGAT	ATCATGTT	0	0	0
AACATGCA	TGCATGTT	0	0	0
AACATGCC	GGCATGTT	0	0	0
AACATGCG	CGCATGTT	0	0	0
AACATGCT	AGCATGTT	0	0	0
AACATGGA	TCCATGTT	0	0	0
AACATGGC	GCCATGTT	0	0	0
AACATGGG	CCCATGTT	0	0	0
AACATGGT	ACCATGTT	0	0	0
AACATGTA	TACATGTT	0	0	0
AACATGTC	GACATGTT	0	0	0
AACATGTG	CACATGTT	0	0	0
AACATGTT	AACATGTT	0	0	0
AACATTAA	TTAATGTT	0	0	0
AACATTAC	GTAATGTT	0	0	0
AACATTAG	CTAATGTT	0	0	0
AACATTAT	ATAATGTT	0	0	0
AACATTCA	TGAATGTT	0	0	0
AACATTCC	GGAATGTT	0	0	0
AACATTCG	CGAATGTT	0	0	0
AACATTCT	AGAATGTT	0	0	0
AACATTGA	TCAATGTT	0	0	0
AACATTGC	GCAATGTT	0	0	0
AACATTGG	CCAATGTT	0	0	0
AACATTGT	ACAATGTT	0	0	0
AACATTTA	TAAATGTT	0	0	0
AACATTTC	GAAATGTT	0	0	0
AACATTTG	CAAATGTT	0	0	0
AACCAAAA	TTTTGGTT	0	0	0
AACCAAAC	GTTTGGTT	0	0	0
AACCAAAG	CTTTGGTT	0	0	0
AACCAAAT	ATTTGGTT	0	0	0
AACCAACA	TGTTGGTT	0	0	0
AACCAACC	GGTTGGTT	0	0	0
AACCAACG	CGTTGGTT	0	0	0
AACCAACT	AGTTGGTT	0	0	0
AACCAAGA	TCTTGGTT	0	0	0
AACCAAGC	GCTTGGTT	0	0	0
AACCAAGG	CCTTGGTT	0	0	0
AACCAAGT	ACTTGGTT	0	0	0
AACCAATA	TATTGGTT	0	0	0
AACCAATC	GATTGGTT	0	0	0
AACCAATG	CATTGGTT	0	0	0
AACCAATT	AATTGGTT	0	0	0
AACCACAA	TTGTGGTT	0	0	0
AACCACAC	GTGTGGTT	0	0	0
AACCACAG	CTGTGGTT	0	0	0
AACCACAT	ATGTGGTT	0	0	0
AACCACCA	TGGTGGTT	0	0	0
AACCACCC	GGGTGGTT	0	0	0
AACCACCG	CGGTGGTT	0	0	0
AACCACCT	AGGTGGTT	0	0	0
AACCACGA	TCGTGGTT	0	0	0
AACCACGC	GCGTGGTT	0	0	0
AACCACGG	CCGTGGTT	0	0	0
AACCACGT	ACGTGGTT	0	0	0
AACCACTA	TAGTGGTT	0	0	0
AACCACTC	GAGTGGTT	0	0	0
AACCACTG	CAGTGGTT	0	0	0
AACCACTT	AAGTGGTT	0	0	0
AACCAGAA	TTCTGGTT	0	0	0
AACCAGAC	GTCTGGTT	0	0	0
AACCAGAG	CTCTGGTT	0	0	0
AACCAGAT	ATCTGGTT	0	0	0
AACCAGCA	TGCTGGTT	0	0	0
AACCAGCC	GGCTGGTT	0	0	0
AACCAGCG	CGCTGGTT	0	0	0
AACCAGCT	AGCTGGTT	0	0	0
AACCAGGA	TCCTGGTT	0	0	0
AACCAGGC	GCCTGGTT	0	0	0
AACCAGGG	CCCTGGTT	0	0	0
AACCAGGT	ACCTGGTT	0	0	0
AACCAGTA	TACTGGTT	0	0	0
AACCAGTC	GACTGGTT	0	0	0
AACCAGTG	CACTGGTT	0	0	0
AACCAGTT	AACTGGTT	0	0	0
AACCATAA	TTATGGTT	0	0	0
AACCATAC	GTATGGTT	0	0	0
AACCATAG	CTATGGTT	0	0	0
AACCATAT	ATATGGTT	0	0	0
AACCATCA	TGATGGTT	0	0	0
AACCATCC	GGATGGTT	0	0	0
AACCATCG	CGATGGTT	0	0	0
AACCATCT	AGATGGTT	0	0	0
AACCATGA	TCATGGTT	0	0	0
AACCATGC	GCATGGTT	0	0	0
AACCATGG	CCATGGTT	0	0	0
AACCATGT	ACATGGTT	0	0	0
AACCATTA	TAATGGTT	0	0	0
AACCATTC	GAATGGTT	0	0	0
AACCATTG	CAATGGTT	0	0	0
AACCCAAA	TTTGGGTT	0	0	0
AACCCAAC	GTTGGGTT	0	0	0
AACCCAAG	CTTGGGTT	0	0	0
AACCCAAT	ATTGGGTT	0	0	0
AACCCACA	TGTGGGTT	0	0	0
AACCCACC	GGTGGGTT	0	0	0
AACCCACG	CGTGGGTT	0	0	0
AACCCACT	AGTGGGTT	0	0	0
AACCCAGA	TCTGGGTT	0	0	0
AACCCAGC	GCTGGGTT	0	0	0
AACCCAGG	CCTGGGTT	0	0	0
AACCCAGT	ACTGGGTT	0	0	0
AACCCATA	TATGGGTT	0	0	0
AACCCATC	GATGGGTT	0	0	0
AACCCATG	CATGGGTT	0	0	0
AACCCATT	AATGGGTT	0	0	0
AACCCCAA	TTGGGGTT	0	0	0
AACCCCAC	GTGGGGTT	0	0	0
AACCCCAG	CTGGGGTT	0	0	0
AACCCCAT	ATGGGGTT	0	0	0
AACCCCCA	TGGGGGTT	0	0	0
AACCCCCC	GGGGGGTT	0	0	0
AACCCCCG	CGGGGGTT	0	0	0
AACCCCCT	AGGGGGTT	0	0	0
AACCCCGA	TCGGGGTT	0	0	0
AACCCCGC	GCGGGGTT	0	0	0
AACCCCGG	CCGGGGTT	0	0	0
AACCCCGT	ACGGGGTT	0	0	0
AACCCCTA	TAGGGGTT	0	0	0
AACCCCTC	GAGGGGTT	0	0	0
AACCCCTG	CAGGGGTT	0	0	0
AACCCCTT	AAGGGGTT	0	0	0
AACCCGAA	TTCGGGTT	0	0	0
AACCCGAC	GTCGGGTT	0	0	0
AACCCGAG	CTCGGGTT	0	0	0
AACCCGAT	ATCGGGTT	0	0	0
AACCCGCA	TGCGGGTT	0	0	0
AACCCGCC	GGCGGGTT	0	0	0
AACCCGCG	CGCGGGTT	0	0	0
AACCCGCT	AGCGGGTT	0	0	0
AACCCGGA	TCCGGGTT	0	0	0
AACCCGGC	GCCGGGTT	0	0	0
AACCCGGG	CCCGGGTT	0	0	0
AACCCGGT	ACCGGGTT	0	0	0
AACCCGTA	TACGGGTT	0	0	0
AACCCGTC	GACGGGTT	0	0	0
AACCCGTG	CACGGGTT	0	0	0
AACCCGTT	AACGGGTT	0	0	0
AACCCTAA	TTAGGGTT	0	0	0
AACCCTAC	GTAGGGTT	0	0	0
AACCCTAG	CTAGGGTT	0	0	0
AACCCTAT	ATAGGGTT	0	0	0
AACCCTCA	TGAGGGTT	0	0	0
AACCCTCC	GGAGGGTT	0	0	0
AACCCTCG	CGAGGGTT	0	0	0
AACCCTCT	AGAGGGTT	0	0	0
AACCCTGA	TCAGGGTT	0	0	0
AACCCTGC	GCAGGGTT	0	0	0
AACCCTGG	CCAGGGTT	0	0	0
AACCCTGT	ACAGGGTT	0	0	0
AACCCTTA	TAAGGGTT	0	0	0
AACCCTTC	GAAGGGTT	0	0	0
AACCCTTG	CAAGGGTT	0	0	0
AACCGAAA	TTTCGGTT	0	0	0
AACCGAAC	GTTCGGTT	0	0	0
AACCGAAG	CTTCGGTT	0	0	0
AACCGAAT	ATTCGGTT	0	0	0
AACCGACA	TGTCGGTT	0	0	0
AACCGACC	GGTCGGTT	0	0	0
AACCGACG	CGTCGGTT	0	0	0
AACCGACT	AGTCGGTT	0	0	0
AACCGAGA	TCTCGGTT	0	0	0
AACCGAGC	GCTCGGTT	0	0	0
AACCGAGG	CCTCGGTT	0	0	0
AACCGAGT	ACTCGGTT	0	0	0
AACCGATA	TATCGGTT	0	0	0
AACCGATC	GATCGGTT	0	0	0
AACCGATG	CATCGGTT	0	0	0
AACCGATT	AATCGGTT	0	0	0
AACCGCAA	TTGCGGTT	0	0	0
AACCGCAC	GTGCGGTT	0	0	0
AACCGCAG	CTGCGGTT	0	0	0
AACCGCAT	ATGCGGTT	0	0	0
AACCGCCA	TGGCGGTT	0	0	0
AACCGCCC	GGGCGGTT	0	0	0
AACCGCCG	CGGCGGTT	0	0	0
AACCGCCT	AGGCGGTT	0	0	0
AACCGCGA	TCGCGGTT	0	0	0
AACCGCGC	GCGCGGTT	0	0	0
AACCGCGG	CCGCGGTT	0	0	0
AACCGCGT	ACGCGGTT	0	0	0
AACCGCTA	TAGCGGTT	0	0	0
AACCGCTC	GAGCGGTT	0	0	0
AACCGCTG	CAGCGGTT	0	0	0
AACCGCTT	AAGCGGTT	0	0	0
AACCGGAA	TTCCGGTT	0	0	0
AACCGGAC	GTCCGGTT	0	0	0
AACCGGAG	CTCCGGTT	0	0	0
AACCGGAT	ATCCGGTT	0	0	0
AACCGGCA	TGCCGGTT	0	0	0
AACCGGCC	GGCCGGTT	0	0	0
AACCGGCG	CGCCGGTT	0	0	0
AACCGGCT	AGCCGGTT	0	0	0
AACCGGGA	TCCCGGTT	0	0	0
AACCGGGC	GCCCGGTT	0	0	0
AACCGGGG	CCCCGGTT	0	0	0
AACCGGGT	ACCCGGTT	0	0	0
AACCGGTA	TACCGGTT	0	0	0
AACCGGTC	GACCGGTT	0	0	0
AACCGGTG	CACCGGTT	0	0	0
AACCGGTT	AACCGGTT	0	0	0
AACCGTAA	TTACGGTT	0	0	0
AACCGTAC	GTACGGTT	0	0	0
AACCGTAG	CTACGGTT	0	0	0
AACCGTAT	ATACGGTT	0	0	0
AACCGTCA	TGACGGTT	0	0	0
AACCGTCC	GGACGGTT	0	0	0
AACCGTCG	CGACGGTT	0	0	0
AACCGTCT	AGACGGTT	0	0	0
AACCGTGA	TCACGGTT	0	0	0
AACCGTGC	GCACGGTT	0	0	0
AACCGTGG	CCACGGTT	0	0	0
AACCGTGT	ACACGGTT	0	0	0
AACCGTTA	TAACGGTT	0	0	0
AACCGTTC	GAACGGTT	0	0	0
AACCGTTG	CAACGGTT	0	0	0
AACCTAAA	TTTAGGTT	0	0	0
AACCTAAC	GTTAGGTT	0	0	0
AACCTAAG	CTTAGGTT	0	0	0
AACCTAAT	ATTAGGTT	0	0	0
AACCTACA	TGTAGGTT	0	0	0
AACCTACC	GGTAGGTT	0	0	0
AACCTACG	CGTAGGTT	0	0	0
AACCTACT	AGTAGGTT	0	0	0
AACCTAGA	TCTAGGTT	0	0	0
AACCTAGC	GCTAGGTT	0	0	0
AACCTAGG	CCTAGGTT	0	0	0
AACCTAGT	ACTAGGTT	0	0	0
AACCTATA	TATAGGTT	0	0	0
AACCTATC	GATAGGTT	0	0	0
AACCTATG	CATAGGTT	0	0	0
AACCTATT	AATAGGTT	0	0	0
AACCTCAA	TTGAGGTT	0	0	0
AACCTCAC	GTGAGGTT	0	0	0
AACCTCAG	CTGAGGTT	0	0	0
AACCTCAT	ATGAGGTT	0	0	0
AACCTCCA	TGGAGGTT	0	0	0
AACCTCCC	GGGAGGTT	0	0	0
AACCTCCG	CGGAGGTT	0	0	0
AACCTCCT	AGGAGGTT	0	0	0
AACCTCGA	TCGAGGTT	0	0	0
AACCTCGC	GCGAGGTT	0	0	0
AACCTCGG	CCGAGGTT	0	0	0
AACCTCGT	ACGAGGTT	0	0	0
AACCTCTA	TAGAGGTT	0	0	0
AACCTCTC	GAGAGGTT	0	0	0
AACCTCTG	CAGAGGTT	0	0	0
AACCTCTT	AAGAGGTT	0	0	0
AACCTGAA	TTCAGGTT	0	0	0
AACCTGAC	GTCAGGTT	0	0	0
AACCTGAG	CTCAGGTT	0	0	0
AACCTGAT	ATCAGGTT	0	0	0
AACCTGCA	TGCAGGTT	0	0	0
AACCTGCC	GGCAGGTT	0	0	0
AACCTGCG	CGCAGGTT	0	0	0
AACCTGCT	AGCAGGTT	0	0	0
AACCTGGA	TCCAGGTT	0	0	0
AACCTGGC	GCCAGGTT	0	0	0
AACCTGGG	CCCAGGTT	0	0	0
AACCTGGT	ACCAGGTT	0	0	0
AACCTGTA	TACAGGTT	0	0	0
AACCTGTC	GACAGGTT	0	0	0
AACCTGTG	CACAGGTT	0	0	0
AACCTTAA	TTAAGGTT	0	0	0
AACCTTAC	GTAAGGTT	0	0	0
AACCTTAG	CTAAGGTT	0	0	0
AACCTTAT	ATAAGGTT	0	0	0
AACCTTCA	TGAAGGTT	0	0	0
AACCTTCC	GGAAGGTT	0	0	0
AACCTTCG	CGAAGGTT	0	0	0
AACCTTCT	AGAAGGTT	0	0	0
AACCTTGA	TCAAGGTT	0	0	0
AACCTTGC	GCAAGGTT	0	0	0
AACCTTGG	CCAAGGTT	0	0	0
AACCTTGT	ACAAGGTT	0	0	0
AACCTTTA	TAAAGGTT	0	0	0
AACCTTTC	GAAAGGTT	0	0	0
AACCTTTG	CAAAGGTT	0	0	0
AACGAAAA	TTTTCGTT	0	0	0
AACGAAAC	GTTTCGTT	0	0	0
AACGAAAG	CTTTCGTT	0	0	0
AACGAAAT	ATTTCGTT	0	0	0
AACGAACA	TGTTCGTT	0	0	0
AACGAACC	GGTTCGTT	0	0	0
AACGAACG	CGTTCGTT	0	0	0
AACGAACT	AGTTCGTT	0	0	0
AACGAAGA	TCTTCGTT	0	0	0
AACGAAGC	GCTTCGTT	0	0	0
AACGAAGG	CCTTCGTT	0	0	0
AACGAAGT	ACTTCGTT	0	0	0
AACGAATA	TATTCGTT	0	0	0
AACGAATC	GATTCGTT	0	0	0
AACGAATG	CATTCGTT	0	0	0
AACGAATT	AATTCGTT	0	0	0
AACGACAA	TTGTCGTT	0	0	0
AACGACAC	GTGTCGTT	0	0	0
AACGACAG	CTGTCGTT	0	0	0
AACGACAT	ATGTCGTT	0	0	0
AACGACCA	TGGTCGTT	0	0	0
AACGACCC	GGGTCGTT	0	0	0
AACGACCG	CGGTCGTT	0	0	0
AACGACCT	AGGTCGTT	0	0	0
AACGACGA	TCGTCGTT	0	0	0
AACGACGC	GCGTCGTT	0	0	0
AACGACGG	CCGTCGTT	0	0	0
AACGACGT	ACGTCGTT	0	0	0
AACGACTA	TAGTCGTT	0	0	0
AACGACTC	GAGTCGTT	0	0	0
AACGACTG	CAGTCGTT	0	0	0
AACGACTT	AAGTCGTT	0	0	0
AACGAGAA	TTCTCGTT	0	0	0
AACGAGAC	GTCTCGTT	0	0	0
AACGAGAG	CTCTCGTT	0	0	0
AACGAGAT	ATCTCGTT	0	0	0
AACGAGCA	TGCTCGTT	0	0	0
AACGAGCC	GGCTCGTT	0	0	0
AACGAGCG	CGCTCGTT	0	0	0
AACGAGCT	AGCTCGTT	0	0	0
AACGAGGA	TCCTCGTT	0	0	0
AACGAGGC	GCCTCGTT	0	0	0
AACGAGGG	CCCTCGTT	0	0	0
AACGAGGT	ACCTCGTT	0	0	0
AACGAGTA	TACTCGTT	0	0	0
AACGAGTC	GACTCGTT	0	0	0
AACGAGTG	CACTCGTT	0	0	0
AACGAGTT	AACTCGTT	0	0	0
AACGATAA	TTATCGTT	0	0	0
AACGATAC	GTATCGTT	0	0	0
AACGATAG	CTATCGTT	0	0	0
AACGATAT	ATATCGTT	0	0	0
AACGATCA	TGATCGTT	0	0	0
AACGATCC	GGATCGTT	0	0	0
AACGATCG	CGATCGTT	0	0	0
AACGATCT	AGATCGTT	0	0	0
AACGATGA	TCATCGTT	0	0	0
AACGATGC	GCATCGTT	0	0	0
AACGATGG	CCATCGTT	0	0	0
AACGATGT	ACATCGTT	0	0	0
AACGATTA	TAATCGTT	0	0	0
AACGATTC	GAATCGTT	0	0	0
AACGATTG	CAATCGTT	0	0	0
AACGCAAA	TTTGCGTT	0	0	0
AACGCAAC	GTTGCGTT	0	0	0
AACGCAAG	CTTGCGTT	0	0	0
AACGCAAT	ATTGCGTT	0	0	0
AACGCACA	TGTGCGTT	0	0	0
AACGCACC	GGTGCGTT	0	0	0
AACGCACG	CGTGCGTT	0	0	0
AACGCACT	AGTGCGTT	0	0	0
AACGCAGA	TCTGCGTT	0	0	0
AACGCAGC	GCTGCGTT	0	0	0
AACGCAGG	CCTGCGTT	0	0	0
AACGCAGT	ACTGCGTT	0	0	0
AACGCATA	TATGCGTT	0	0	0
AACGCATC	GATGCGTT	0	0	0
AACGCATG	CATGCGTT	0	0	0
AACGCATT	AATGCGTT	0	0	0
AACGCCAA	TTGGCGTT	0	0	0
AACGCCAC	GTGGCGTT	0	0	0
AACGCCAG	CTGGCGTT	0	0	0
AACGCCAT	ATGGCGTT	0	0	0
AACGCCCA	TGGGCGTT	0	0	0
AACGCCCC	GGGGCGTT	0	0	0
AACGCCCG	CGGGCGTT	0	0	0
AACGCCCT	AGGGCGTT	0	0	0
AACGCCGA	TCGGCGTT	0	0	0
AACGCCGC	GCGGCGTT	0	0	0
AACGCCGG	CCGGCGTT	0	0	0
AACGCCGT	ACGGCGTT	0	0	0
AACGCCTA	TAGGCGTT	0	0	0
AACGCCTC	GAGGCGTT	0	0	0
AACGCCTG	CAGGCGTT	0	0	0
AACGCCTT	AAGGCGTT	0	0	0
AACGCGAA	TTCGCGTT	0	0	0
AACGCGAC	GTCGCGTT	0	0	0
AACGCGAG	CTCGCGTT	0	0	0
AACGCGAT	ATCGCGTT	0	0	0
AACGCGCA	TGCGCGTT	0	0	0
AACGCGCC	GGCGCGTT	0	0	0
AACGCGCG	CGCGCGTT	0	0	0
AACGCGCT	AGCGCGTT	0	0	0
AACGCGGA	TCCGCGTT	0	0	0
AACGCGGC	GCCGCGTT	0	0	0
AACGCGGG	CCCGCGTT	0	0	0
AACGCGGT	ACCGCGTT	0	0	0
AACGCGTA	TACGCGTT	0	0	0
AACGCGTC	GACGCGTT	0	0	0
AACGCGTG	CACGCGTT	0	0	0
AACGCGTT	AACGCGTT	0	0	0
AACGCTAA	TTAGCGTT	0	0	0
AACGCTAC	GTAGCGTT	0	0	0
AACGCTAG	CTAGCGTT	0	0	0
AACGCTAT	ATAGCGTT	0	0	0
AACGCTCA	TGAGCGTT	0	0	0
AACGCTCC	GGAGCGTT	0	0	0
AACGCTCG	CGAGCGTT	0	0	0
AACGCTCT	AGAGCGTT	0	0	0
AACGCTGA	TCAGCGTT	0	0	0
AACGCTGC	GCAGCGTT	0	0	0
AACGCTGG	CCAGCGTT	0	0	0
AACGCTGT	ACAGCGTT	0	0	0
AACGCTTA	TAAGCGTT	0	0	0
AACGCTTC	GAAGCGTT	0	0	0
AACGCTTG	CAAGCGTT	0	0	0
AACGGAAA	TTTCCGTT	0	0	0
AACGGAAC	GTTCCGTT	0	0	0
AACGGAAG	CTTCCGTT	0	0	0
AACGGAAT	ATTCCGTT	0	0	0
AACGGACA	TGTCCGTT	0	0	0
AACGGACC	GGTCCGTT	0	0	0
AACGGACG	CGTCCGTT	0	0	0
AACGGACT	AGTCCGTT	0	0	0
AACGGAGA	TCTCCGTT	0	0	0
AACGGAGC	GCTCCGTT	0	0	0
AACGGAGG	CCTCCGTT	0	0	0
AACGGAGT	ACTCCGTT	0	0	0
AACGGATA	TATCCGTT	0	0	0
AACGGATC	GATCCGTT	0	0	0
AACGGATG	CATCCGTT	0	0	0
AACGGATT	AATCCGTT	0	0	0
AACGGCAA	TTGCCGTT	0	0	0
AACGGCAC	GTGCCGTT	0	0	0
AACGGCAG	CTGCCGTT	0	0	0
AACGGCAT	ATGCCGTT	0	0	0
AACGGCCA	TGGCCGTT	0	0	0
AACGGCCC	GGGCCGTT	0	0	0
AACGGCCG	CGGCCGTT	0	0	0
AACGGCCT	AGGCCGTT	0	0	0
AACGGCGA	TCGCCGTT	0	0	0
AACGGCGC	GCGCCGTT	0	0	0
AACGGCGG	CCGCCGTT	0	0	0
AACGGCGT	ACGCCGTT	0	0	0
AACGGCTA	TAGCCGTT	0	0	0
AACGGCTC	GAGCCGTT	0	0	0
AACGGCTG	CAGCCGTT	0	0	0
AACGGCTT	AAGCCGTT	0	0	0
AACGGGAA	TTCCCGTT	0	0	0
AACGGGAC	GTCCCGTT	0	0	0
AACGGGAG	CTCCCGTT	0	0	0
AACGGGAT	ATCCCGTT	0	0	0
AACGGGCA	TGCCCGTT	0	0	0
AACGGGCC	GGCCCGTT	0	0	0
AACGGGCG	CGCCCGTT	0	0	0
AACGGGCT	AGCCCGTT	0	0	0
AACGGGGA	TCCCCGTT	0	0	0
AACGGGGC	GCCCCGTT	0	0	0
AACGGGGG	CCCCCGTT	0	0	0
AACGGGGT	ACCCCGTT	0	0	0
AACGGGTA	TACCCGTT	0	0	0
AACGGGTC	GACCCGTT	0	0	0
AACGGGTG	CACCCGTT	0	0	0
AACGGTAA	TTACCGTT	0	0	0
AACGGTAC	GTACCGTT	0	0	0
AACGGTAG	CTACCGTT	0	0	0
AACGGTAT	ATACCGTT	0	0	0
AACGGTCA	TGACCGTT	0	0	0
AACGGTCC	GGACCGTT	0	0	0
AACGGTCG	CGACCGTT	0	0	0
AACGGTCT	AGACCGTT	0	0	0
AACGGTGA	TCACCGTT	0	0	0
AACGGTGC	GCACCGTT	0	0	0
AACGGTGG	CCACCGTT	0	0	0
AACGGTGT	ACACCGTT	0	0	0
AACGGTTA	TAACCGTT	0	0	0
AACGGTTC	GAACCGTT	0	0	0
AACGGTTG	CAACCGTT	0	0	0
AACGTAAA	TTTACGTT	0	0	0
AACGTAAC	GTTACGTT	0	0	0
AACGTAAG	CTTACGTT	0	0	0
AACGTAAT	ATTACGTT	0	0	0
AACGTACA	TGTACGTT	0	0	0
AACGTACC	GGTACGTT	0	0	0
AACGTACG	CGTACGTT	0	0	0
AACGTACT	AGTACGTT	0	0	0
AACGTAGA	TCTACGTT	0	0	0
AACGTAGC	GCTACGTT	0	0	0
AACGTAGG	CCTACGTT	0	0	0
AACGTAGT	ACTACGTT	0	0	0
AACGTATA	TATACGTT	0	0	0
AACGTATC	GATACGTT	0	0	0
AACGTATG	CATACGTT	0	0	0
AACGTATT	AATACGTT	0	0	0
AACGTCAA	TTGACGTT	0	0	0
AACGTCAC	GTGACGTT	0	0	0
AACGTCAG	CTGACGTT	0	0	0
AACGTCAT	ATGACGTT	0	0	0
AACGTCCA	TGGACGTT	0	0	0
AACGTCCC	GGGACGTT	0	0	0
AACGTCCG	CGGACGTT	0	0	0
AACGTCCT	AGGACGTT	0	0	0
AACGTCGA	TCGACGTT	0	0	0
AACGTCGC	GCGACGTT	0	0	0
AACGTCGG	CCGACGTT	0	0	0
AACGTCGT	ACGACGTT	0	0	0
AACGTCTA	TAGACGTT	0	0	0
AACGTCTC	GAGACGTT	0	0	0
AACGTCTG	CAGACGTT	0	0	0
AACGTCTT	AAGACGTT	0	0	0
AACGTGAA	TTCACGTT	0	0	0
AACGTGAC	GTCACGTT	0	0	0
AACGTGAG	CTCACGTT	0	0	0
AACGTGAT	ATCACGTT	0	0	0
AACGTGCA	TGCACGTT	0	0	0
AACGTGCC	GGCACGTT	0	0	0
AACGTGCG	CGCACGTT	0	0	0
AACGTGCT	AGCACGTT	0	0	0
AACGTGGA	TCCACGTT	0	0	0
AACGTGGC	GCCACGTT	0	0	0
AACGTGGG	CCCACGTT	0	0	0
AACGTGGT	ACCACGTT	0	0	0
AACGTGTA	TACACGTT	0	0	0
AACGTGTC	GACACGTT	0	0	0
AACGTGTG	CACACGTT	0	0	0
AACGTTAA	TTAACGTT	0	0	0
AACGTTAC	GTAACGTT	0	0	0
AACGTTAG	CTAACGTT	0	0	0
AACGTTAT	ATAACGTT	0	0	0
AACGTTCA	TGAACGTT	0	0	0
AACGTTCC	GGAACGTT	0	0	0
AACGTTCG	CGAACGTT	0	0	0
AACGTTCT	AGAACGTT	0	0	0
AACGTTGA	TCAACGTT	0	0	0
AACGTTGC	GCAACGTT	0	0	0
AACGTTGG	CCAACGTT	0	0	0
AACGTTGT	ACAACGTT	0	0	0
AACGTTTA	TAAACGTT	0	0	0
AACGTTTC	GAAACGTT	0	0	0
AACGTTTG	CAAACGTT	0	0	0
AACTAAAA	TTTTAGTT	0	0	0
AACTAAAC	GTTTAGTT	0	0	0
AACTAAAG	CTTTAGTT	0	0	0
AACTAAAT	ATTTAGTT	0	0	0
AACTAACA	TGTTAGTT	0	0	0
AACTAACC	GGTTAGTT	0	0	0
AACTAACG	CGTTAGTT	0	0	0
AACTAACT	AGTTAGTT	0	0	0
AACTAAGA	TCTTAGTT	0	0	0
AACTAAGC	GCTTAGTT	0	0	0
AACTAAGG	CCTTAGTT	0	0	0
AACTAAGT	ACTTAGTT	0	0	0
AACTAATA	TATTAGTT	0	0	0
AACTAATC	GATTAGTT	0	0	0
AACTAATG	CATTAGTT	0	0	0
AACTAATT	AATTAGTT	0	0	0
AACTACAA	TTGTAGTT	0	0	0
AACTACAC	GTGTAGTT	0	0	0
AACTACAG	CTGTAGTT	0	0	0
AACTACAT	ATGTAGTT	0	0	0
AACTACCA	TGGTAGTT	0	0	0
AACTACCC	GGGTAGTT	0	0	0
AACTACCG	CGGTAGTT	0	0	0
AACTACCT	AGGTAGTT	0	0	0
AACTACGA	TCGTAGTT	0	0	0
AACTACGC	GCGTAGTT	0	0	0
AACTACGG	CCGTAGTT	0	0	0
AACTACGT	ACGTAGTT	0	0	0
AACTACTA	TAGTAGTT	0	0	0
AACTACTC	GAGTAGTT	0	0	0
AACTACTG	CAGTAGTT	0	0	0
AACTACTT	AAGTAGTT	0	0	0
AACTAGAA	TTCTAGTT	0	0	0
AACTAGAC	GTCTAGTT	0	0	0
AACTAGAG	CTCTAGTT	0	0	0
AACTAGAT	ATCTAGTT	0	0	0
AACTAGCA	TGCTAGTT	0	0	0
AACTAGCC	GGCTAGTT	0	0	0
AACTAGCG	CGCTAGTT	0	0	0
AACTAGCT	AGCTAGTT	0	0	0
AACTAGGA	TCCTAGTT	0	0	0
AACTAGGC	GCCTAGTT	0	0	0
AACTAGGG	CCCTAGTT	0	0	0
AACTAGGT	ACCTAGTT	0	0	0
AACTAGTA	TACTAGTT	0	0	0
AACTAGTC	GACTAGTT	0	0	0
AACTAGTG	CACTAGTT	0	0	0
AACTAGTT	AACTAGTT	0	0	0
AACTATAA	TTATAGTT	0	0	0
AACTATAC	GTATAGTT	0	0	0
AACTATAG	CTATAGTT	0	0	0
AACTATAT	ATATAGTT	0	0	0
AACTATCA	TGATAGTT	0	0	0
AACTATCC	GGATAGTT	0	0	0
AACTATCG	CGATAGTT	0	0	0
AACTATCT	AGATAGTT	0	0	0
AACTATGA	TCATAGTT	0	0	0
AACTATGC	GCATAGTT	0	0	0
AACTATGG	CCATAGTT	0	0	0
AACTATGT	ACATAGTT	0	0	0
AACTATTA	TAATAGTT	0	0	0
AACTATTC	GAATAGTT	0	0	0
AACTATTG	CAATAGTT	0	0	0
AACTCAAA	TTTGAGTT	0	0	0
AACTCAAC	GTTGAGTT	0	0	0
AACTCAAG	CTTGAGTT	0	0	0
AACTCAAT	ATTGAGTT	0	0	0
AACTCACA	TGTGAGTT	0	0	0
AACTCACC	GGTGAGTT	0	0	0
AACTCACG	CGTGAGTT	0	0	0
AACTCACT	AGTGAGTT	0	0	0
AACTCAGA	TCTGAGTT	0	0	0
AACTCAGC	GCTGAGTT	0	0	0
AACTCAGG	CCTGAGTT	0	0	0
AACTCAGT	ACTGAGTT	0	0	0
AACTCATA	TATGAGTT	0	0	0
AACTCATC	GATGAGTT	0	0	0
AACTCATG	CATGAGTT	0	0	0
AACTCATT	AATGAGTT	0	0	0
AACTCCAA	TTGGAGTT	0	0	0
AACTCCAC	GTGGAGTT	0	0	0
AACTCCAG	CTGGAGTT	0	0	0
AACTCCAT	ATGGAGTT	0	0	0
AACTCCCA	TGGGAGTT	0	0	0
AACTCCCC	GGGGAGTT	0	0	0
AACTCCCG	CGGGAGTT	0	0	0
AACTCCCT	AGGGAGTT	0	0	0
AACTCCGA	TCGGAGTT	0	0	0
AACTCCGC	GCGGAGTT	0	0	0
AACTCCGG	CCGGAGTT	0	0	0
AACTCCGT	ACGGAGTT	0	0	0
AACTCCTA	TAGGAGTT	0	0	0
AACTCCTC	GAGGAGTT	0	0	0
AACTCCTG	CAGGAGTT	0	0	0
AACTCCTT	AAGGAGTT	0	0	0
AACTCGAA	TTCGAGTT	0	0	0
AACTCGAC	GTCGAGTT	0	0	0
AACTCGAG	CTCGAGTT	0	0	0
AACTCGAT	ATCGAGTT	0	0	0
AACTCGCA	TGCGAGTT	0	0	0
AACTCGCC	GGCGAGTT	0	0	0
AACTCGCG	CGCGAGTT	0	0	0
AACTCGCT	AGCGAGTT	0	0	0
AACTCGGA	TCCGAGTT	0	0	0
AACTCGGC	GCCGAGTT	0	0	0
AACTCGGG	CCCGAGTT	0	0	0
AACTCGGT	ACCGAGTT	0	0	0
AACTCGTA	TACGAGTT	0	0	0
AACTCGTC	GACGAGTT	0	0	0
AACTCGTG	CACGAGTT	0	0	0
AACTCTAA	TTAGAGTT	0	0	0
AACTCTAC	GTAGAGTT	0	0	0
AACTCTAG	CTAGAGTT	0	0	0
AACTCTAT	ATAGAGTT	0	0	0
AACTCTCA	TGAGAGTT	0	0	0
AACTCTCC	GGAGAGTT	0	0	0
AACTCTCG	CGAGAGTT	0	0	0
AACTCTCT	AGAGAGTT	0	0	0
AACTCTGA	TCAGAGTT	0	0	0
AACTCTGC	GCAGAGTT	0	0	0
AACTCTGG	CCAGAGTT	0	0	0
AACTCTGT	ACAGAGTT	0	0	0
AACTCTTA	TAAGAGTT	0	0	0
AACTCTTC	GAAGAGTT	0	0	0
AACTCTTG	CAAGAGTT	0	0	0
AACTGAAA	TTTCAGTT	0	0	0
AACTGAAC	GTTCAGTT	0	0	0
AACTGAAG	CTTCAGTT	0	0	0
AACTGAAT	ATTCAGTT	0	0	0
AACTGACA	TGTCAGTT	0	0	0
AACTGACC	GGTCAGTT	0	0	0
AACTGACG	CGTCAGTT	0	0	0
AACTGACT	AGTCAGTT	0	0	0
AACTGAGA	TCTCAGTT	0	0	0
AACTGAGC	GCTCAGTT	0	0	0
AACTGAGG	CCTCAGTT	0	0	0
AACTGAGT	ACTCAGTT	0	0	0
AACTGATA	TATCAGTT	0	0	0
AACTGATC	GATCAGTT	0	0	0
AACTGATG	CATCAGTT	0	0	0
AACTGATT	AATCAGTT	0	0	0
AACTGCAA	TTGCAGTT	0	0	0
AACTGCAC	GTGCAGTT	0	0	0
AACTGCAG	CTGCAGTT	0	0	0
AACTGCAT	ATGCAGTT	0	0	0
AACTGCCA	TGGCAGTT	0	0	0
AACTGCCC	GGGCAGTT	0	0	0
AACTGCCG	CGGCAGTT	0	0	0
AACTGCCT	AGGCAGTT	0	0	0
AACTGCGA	TCGCAGTT	0	0	0
AACTGCGC	GCGCAGTT	0	0	0
AACTGCGG	CCGCAGTT	0	0	0
AACTGCGT	ACGCAGTT	0	0	0
AACTGCTA	TAGCAGTT	0	0	0
AACTGCTC	GAGCAGTT	0	0	0
AACTGCTG	CAGCAGTT	0	0	0
AACTGCTT	AAGCAGTT	0	0	0
AACTGGAA	TTCCAGTT	0	0	0
AACTGGAC	GTCCAGTT	0	0	0
AACTGGAG	CTCCAGTT	0	0	0
AACTGGAT	ATCCAGTT	0	0	0
AACTGGCA	TGCCAGTT	0	0	0
AACTGGCC	GGCCAGTT	0	0	0
AACTGGCG	CGCCAGTT	0	0	0
AACTGGCT	AGCCAGTT	0	0	0
AACTGGGA	TCCCAGTT	0	0	0
AACTGGGC	GCCCAGTT	0	0	0
AACTGGGG	CCCCAGTT	0	0	0
AACTGGGT	ACCCAGTT	0	0	0
AACTGGTA	TACCAGTT	0	0	0
AACTGGTC	GACCAGTT	0	0	0
AACTGGTG	CACCAGTT	0	0	0
AACTGTAA	TTACAGTT	0	0	0
AACTGTAC	GTACAGTT	0	0	0
AACTGTAG	CTACAGTT	0	0	0
AACTGTAT	ATACAGTT	0	0	0
AACTGTCA	TGACAGTT	0	0	0
AACTGTCC	GGACAGTT	0	0	0
AACTGTCG	CGACAGTT	0	0	0
AACTGTCT	AGACAGTT	0	0	0
AACTGTGA	TCACAGTT	0	0	0
AACTGTGC	GCACAGTT	0	0	0
AACTGTGG	CCACAGTT	0	0	0
AACTGTGT	ACACAGTT	0	0	0
AACTGTTA	TAACAGTT	0	0	0
AACTGTTC	GAACAGTT	0	0	0
AACTGTTG	CAACAGTT	0	0	0
AACTTAAA	TTTAAGTT	0	0	0
AACTTAAC	GTTAAGTT	0	0	0
AACTTAAG	CTTAAGTT	0	0	0
AACTTAAT	ATTAAGTT	0	0	0
AACTTACA	TGTAAGTT	0	0	0
AACTTACC	GGTAAGTT	0	0	0
AACTTACG	CGTAAGTT	0	0	0
AACTTACT	AGTAAGTT	0	0	0
AACTTAGA	TCTAAGTT	0	0	0
AACTTAGC	GCTAAGTT	0	0	0
AACTTAGG	CCTAAGTT	0	0	0
AACTTAGT	ACTAAGTT	0	0	0
AACTTATA	TATAAGTT	0	0	0
AACTTATC	GATAAGTT	0	0	0
AACTTATG	CATAAGTT	0	0	0
AACTTATT	AATAAGTT	0	0	0
AACTTCAA	TTGAAGTT	0	0	0
AACTTCAC	GTGAAGTT	0	0	0
AACTTCAG	CTGAAGTT	0	0	0
AACTTCAT	ATGAAGTT	0	0	0
AACTTCCA	TGGAAGTT	0	0	0
AACTTCCC	GGGAAGTT	0	0	0
AACTTCCG	CGGAAGTT	0	0	0
AACTTCCT	AGGAAGTT	0	0	0
AACTTCGA	TCGAAGTT	0	0	0
AACTTCGC	GCGAAGTT	0	0	0
AACTTCGG	CCGAAGTT	0	0	0
AACTTCGT	ACGAAGTT	0	0	0
AACTTCTA	TAGAAGTT	0	0	0
AACTTCTC	GAGAAGTT	0	0	0
AACTTCTG	CAGAAGTT	0	0	0
AACTTCTT	AAGAAGTT	0	0	0
AACTTGAA	TTCAAGTT	0	0	0
AACTTGAC	GTCAAGTT	0	0	0
AACTTGAG	CTCAAGTT	0	0	0
AACTTGAT	ATCAAGTT	0	0	0
AACTTGCA	TGCAAGTT	0	0	0
AACTTGCC	GGCAAGTT	0	0	0
AACTTGCG	CGCAAGTT	0	0	0
AACTTGCT	AGCAAGTT	0	0	0
AACTTGGA	TCCAAGTT	0	0	0
AACTTGGC	GCCAAGTT	0	0	0
AACTTGGG	CCCAAGTT	0	0	0
AACTTGGT	ACCAAGTT	0	0	0
AACTTGTA	TACAAGTT	0	0	0
AACTTGTC	GACAAGTT	0	0	0
AACTTGTG	CACAAGTT	0	0	0
AACTTTAA	TTAAAGTT	0	0	0
AACTTTAC	GTAAAGTT	0	0	0
AACTTTAG	CTAAAGTT	0	0	0
AACTTTAT	ATAAAGTT	0	0	0
AACTTTCA	TGAAAGTT	0	0	0
AACTTTCC	GGAAAGTT	0	0	0
AACTTTCG	CGAAAGTT	0	0	0
AACTTTCT	AGAAAGTT	0	0	0
AACTTTGA	TCAAAGTT	0	0	0
AACTTTGC	GCAAAGTT	0	0	0
AACTTTGG	CCAAAGTT	0	0	0
AACTTTGT	ACAAAGTT	0	0	0
AACTTTTA	TAAAAGTT	0	0	0
AACTTTTC	GAAAAGTT	0	0	0
AACTTTTG	CAAAAGTT	0	0	0
AAGAAAAA	TTTTTCTT	0	0	0
AAGAAAAC	GTTTTCTT	0	0	0
AAGAAAAG	CTTTTCTT	0	0	0
AAGAAAAT	ATTTTCTT	0	0	0
AAGAAACA	TGTTTCTT	0	0	0
AAGAAACC	GGTTTCTT	0	0	0
AAGAAACG	CGTTTCTT	0	0	0
AAGAAACT	AGTTTCTT	0	0	0
AAGAAAGA	TCTTTCTT	0	0	0
AAGAAAGC	GCTTTCTT	0	0	0
AAGAAAGG	CCTTTCTT	0	0	0
AAGAAAGT	ACTTTCTT	0	0	0
AAGAAATA	TATTTCTT	0	0	0
AAGAAATC	GATTTCTT	0	0	0
AAGAAATG	CATTTCTT	0	0	0
AAGAAATT	AATTTCTT	0	0	0
AAGAACAA	TTGTTCTT	0	0	0
AAGAACAC	GTGTTCTT	0	0	0
AAGAACAG	CTGTTCTT	0	0	0
AAGAACAT	ATGTTCTT	0	0	0
AAGAACCA	TGGTTCTT	0	0	0
AAGAACCC	GGGTTCTT	0	0	0
AAGAACCG	CGGTTCTT	0	0	0
AAGAACCT	AGGTTCTT	0	0	0
AAGAACGA	TCGTTCTT	0	0	0
AAGAACGC	GCGTTCTT	0	0	0
AAGAACGG	CCGTTCTT	0	0	0
AAGAACGT	ACGTTCTT	0	0	0
AAGAACTA	TAGTTCTT	0	0	0
AAGAACTC	GAGTTCTT	0	0	0
AAGAACTG	CAGTTCTT	0	0	0
AAGAACTT	AAGTTCTT	0	0	0
AAGAAGAA	TTCTTCTT	0	0	0
AAGAAGAC	GTCTTCTT	0	0	0
AAGAAGAG	CTCTTCTT	0	0	0
AAGAAGAT	ATCTTCTT	0	0	0
AAGAAGCA	TGCTTCTT	0	0	0
AAGAAGCC	GGCTTCTT	0	0	0
AAGAAGCG	CGCTTCTT	0	0	0
AAGAAGCT	AGCTTCTT	0	0	0
AAGAAGGA	TCCTTCTT	0	0	0
AAGAAGGC	GCCTTCTT	0	0	0
AAGAAGGG	CCCTTCTT	0	0	0
AAGAAGGT	ACCTTCTT	0	0	0
AAGAAGTA	TACTTCTT	0	0	0
AAGAAGTC	GACTTCTT	0	0	0
AAGAAGTG	CACTTCTT	0	0	0
AAGAATAA	TTATTCTT	0	0	0
AAGAATAC	GTATTCTT	0	0	0
AAGAATAG	CTATTCTT	0	0	0
AAGAATAT	ATATTCTT	0	0	0
AAGAATCA	TGATTCTT	0	0	0
AAGAATCC	GGATTCTT	0	0	0
AAGAATCG	CGATTCTT	0	0	0
AAGAATCT	AGATTCTT	0	0	0
AAGAATGA	TCATTCTT	0	0	0
AAGAATGC	GCATTCTT	0	0	0
AAGAATGG	CCATTCTT	0	0	0
AAGAATGT	ACATTCTT	0	0	0
AAGAATTA	TAATTCTT	0	0	0
AAGAATTC	GAATTCTT	0	0	0
AAGAATTG	CAATTCTT	0	0	0
AAGACAAA	TTTGTCTT	0	0	0
AAGACAAC	GTTGTCTT	0	0	0
AAGACAAG	CTTGTCTT	0	0	0
AAGACAAT	ATTGTCTT	0	0	0
AAGACACA	TGTGTCTT	0	0	0
AAGACACC	GGTGTCTT	0	0	0
AAGACACG	CGTGTCTT	0	0	0
AAGACACT	AGTGTCTT	0	0	0
AAGACAGA	TCTGTCTT	0	0	0
AAGACAGC	GCTGTCTT	0	0	0
AAGACAGG	CCTGTCTT	0	0	0
AAGACAGT	ACTGTCTT	0	0	0
AAGACATA	TATGTCTT	0	0	0
AAGACATC	GATGTCTT	0	0	0
AAGACATG	CATGTCTT	0	0	0
AAGACATT	AATGTCTT	0	0	0
AAGACCAA	TTGGTCTT	0	0	0
AAGACCAC	GTGGTCTT	0	0	0
AAGACCAG	CTGGTCTT	0	0	0
AAGACCAT	ATGGTCTT	0	0	0
AAGACCCA	TGGGTCTT	0	0	0
AAGACCCC	GGGGTCTT	0	0	0
AAGACCCG	CGGGTCTT	0	0	0
AAGACCCT	AGGGTCTT	0	0	0
AAGACCGA	TCGGTCTT	0	0	0
AAGACCGC	GCGGTCTT	0	0	0
AAGACCGG	CCGGTCTT	0	0	0
AAGACCGT	ACGGTCTT	0	0	0
AAGACCTA	TAGGTCTT	0	0	0
AAGACCTC	GAGGTCTT	0	0	0
AAGACCTG	CAGGTCTT	0	0	0
AAGACCTT	AAGGTCTT	0	0	0
AAGACGAA	TTCGTCTT	0	0	0
AAGACGAC	GTCGTCTT	0	0	0
AAGACGAG	CTCGTCTT	0	0	0
AAGACGAT	ATCGTCTT	0	0	0
AAGACGCA	TGCGTCTT	0	0	0
AAGACGCC	GGCGTCTT	0	0	0
AAGACGCG	CGCGTCTT	0	0	0
AAGACGCT	AGCGTCTT	0	0	0
AAGACGGA	TCCGTCTT	0	0	0
AAGACGGC	GCCGTCTT	0	0	0
AAGACGGG	CCCGTCTT	0	0	0
AAGACGGT	ACCGTCTT	0	0	0
AAGACGTA	TACGTCTT	0	0	0
AAGACGTC	GACGTCTT	0	0	0
AAGACGTG	CACGTCTT	0	0	0
AAGACTAA	TTAGTCTT	0	0	0
AAGACTAC	GTAGTCTT	0	0	0
AAGACTAG	CTAGTCTT	0	0	0
AAGACTAT	ATAGTCTT	0	0	0
AAGACTCA	TGAGTCTT	0	0	0
AAGACTCC	GGAGTCTT	0	0	0
AAGACTCG	CGAGTCTT	0	0	0
AAGACTCT	AGAGTCTT	0	0	0
AAGACTGA	TCAGTCTT	0	0	0
AAGACTGC	GCAGTCTT	0	0	0
AAGACTGG	CCAGTCTT	0	0	0
AAGACTGT	ACAGTCTT	0	0	0
AAGACTTA	TAAGTCTT	0	0	0
AAGACTTC	GAAGTCTT	0	0	0
AAGACTTG	CAAGTCTT	0	0	0
AAGAGAAA	TTTCTCTT	0	0	0
AAGAGAAC	GTTCTCTT	0	0	0
AAGAGAAG	CTTCTCTT	0	0	0
AAGAGAAT	ATTCTCTT	0	0	0
AAGAGACA	TGTCTCTT	0	0	0
AAGAGACC	GGTCTCTT	0	0	0
AAGAGACG	CGTCTCTT	0	0	0
AAGAGACT	AGTCTCTT	0	0	0
AAGAGAGA	TCTCTCTT	0	0	0
AAGAGAGC	GCTCTCTT	0	0	0
AAGAGAGG	CCTCTCTT	0	0	0
AAGAGAGT	ACTCTCTT	0	0	0
AAGAGATA	TATCTCTT	0	0	0
AAGAGATC	GATCTCTT	0	0	0
AAGAGATG	CATCTCTT	0	0	0
AAGAGATT	AATCTCTT	0	0	0
AAGAGCAA	TTGCTCTT	0	0	0
AAGAGCAC	GTGCTCTT	0	0	0
AAGAGCAG	CTGCTCTT	0	0	0
AAGAGCAT	ATGCTCTT	0	0	0
AAGAGCCA	TGGCTCTT	0	0	0
AAGAGCCC	GGGCTCTT	0	0	0
AAGAGCCG	CGGCTCTT	0	0	0
AAGAGCCT	AGGCTCTT	0	0	0
AAGAGCGA	TCGCTCTT	0	0	0
AAGAGCGC	GCGCTCTT	0	0	0
AAGAGCGG	CCGCTCTT	0	0	0
AAGAGCGT	ACGCTCTT	0	0	0
AAGAGCTA	TAGCTCTT	0	0	0
AAGAGCTC	GAGCTCTT	0	0	0
AAGAGCTG	CAGCTCTT	0	0	0
AAGAGCTT	AAGCTCTT	0	0	0
AAGAGGAA	TTCCTCTT	0	0	0
AAGAGGAC	GTCCTCTT	0	0	0
AAGAGGAG	CTCCTCTT	0	0	0
AAGAGGAT	ATCCTCTT	0	0	0
AAGAGGCA	TGCCTCTT	0	0	0
AAGAGGCC	GGCCTCTT	0	0	0
AAGAGGCG	CGCCTCTT	0	0	0
AAGAGGCT	AGCCTCTT	0	0	0
AAGAGGGA	TCCCTCTT	0	0	0
AAGAGGGC	GCCCTCTT	0	0	0
AAGAGGGG	CCCCTCTT	0	0	0
AAGAGGGT	ACCCTCTT	0	0	0
AAGAGGTA	TACCTCTT	0	0	0
AAGAGGTC	GACCTCTT	0	0	0
AAGAGGTG	CACCTCTT	0	0	0
AAGAGTAA	TTACTCTT	0	0	0
AAGAGTAC	GTACTCTT	0	0	0
AAGAGTAG	CTACTCTT	0	0	0
AAGAGTAT	ATACTCTT	0	0	0
AAGAGTCA	TGACTCTT	0	0	0
AAGAGTCC	GGACTCTT	0	0	0
AAGAGTCG	CGACTCTT	0	0	0
AAGAGTCT	AGACTCTT	0	0	0
AAGAGTGA	TCACTCTT	0	0	0
AAGAGTGC	GCACTCTT	0	0	0
AAGAGTGG	CCACTCTT	0	0	0
AAGAGTGT	ACACTCTT	0	0	0
AAGAGTTA	TAACTCTT	0	0	0
AAGAGTTC	GAACTCTT	0	0	0
AAGAGTTG	CAACTCTT	0	0	0
AAGATAAA	TTTATCTT	0	0	0
AAGATAAC	GTTATCTT	0	0	0
AAGATAAG	CTTATCTT	0	0	0
AAGATAAT	ATTATCTT	0	0	0
AAGATACA	TGTATCTT	0	0	0
AAGATACC	GGTATCTT	0	0	0
AAGATACG	CGTATCTT	0	0	0
AAGATACT	AGTATCTT	0	0	0
AAGATAGA	TCTATCTT	0	0	0
AAGATAGC	GCTATCTT	0	0	0
AAGATAGG	CCTATCTT	0	0	0
AAGATAGT	ACTATCTT	0	0	0
AAGATATA	TATATCTT	0	0	0
AAGATATC	GATATCTT	0	0	0
AAGATATG	CATATCTT	0	0	0
AAGATATT	AATATCTT	0	0	0
AAGATCAA	TTGATCTT	0	0	0
AAGATCAC	GTGATCTT	0	0	0
AAGATCAG	CTGATCTT	0	0	0
AAGATCAT	ATGATCTT	0	0	0
AAGATCCA	TGGATCTT	0	0	0
AAGATCCC	GGGATCTT	0	0	0
AAGATCCG	CGGATCTT	0	0	0
AAGATCCT	AGGATCTT	0	0	0
AAGATCGA	TCGATCTT	0	0	0
AAGATCGC	GCGATCTT	0	0	0
AAGATCGG	CCGATCTT	0	0	0
AAGATCGT	ACGATCTT	0	0	0
AAGATCTA	TAGATCTT	0	0	0
AAGATCTC	GAGATCTT	0	0	0
AAGATCTG	CAGATCTT	0	0	0
AAGATCTT	AAGATCTT	0	0	0
AAGATGAA	TTCATCTT	0	0	0
AAGATGAC	GTCATCTT	0	0	0
AAGATGAG	CTCATCTT	0	0	0
AAGATGAT	ATCATCTT	0	0	0
AAGATGCA	TGCATCTT	0	0	0
AAGATGCC	GGCATCTT	0	0	0
AAGATGCG	CGCATCTT	0	0	0
AAGATGCT	AGCATCTT	0	0	0
AAGATGGA	TCCATCTT	0	0	0
AAGATGGC	GCCATCTT	0	0	0
AAGATGGG	CCCATCTT	0	0	0
AAGATGGT	ACCATCTT	0	0	0
AAGATGTA	TACATCTT	0	0	0
AAGATGTC	GACATCTT	0	0	0
AAGATGTG	CACATCTT	0	0	0
AAGATTAA	TTAATCTT	0	0	0
AAGATTAC	GTAATCTT	0	0	0
AAGATTAG	CTAATCTT	0	0	0
AAGATTAT	ATAATCTT	0	0	0
AAGATTCA	TGAATCTT	0	0	0
AAGATTCC	GGAATCTT	0	0	0
AAGATTCG	CGAATCTT	0	0	0
AAGATTCT	AGAATCTT	0	0	0
AAGATTGA	TCAATCTT	0	0	0
AAGATTGC	GCAATCTT	0	0	0
AAGATTGG	CCAATCTT	0	0	0
AAGATTGT	ACAATCTT	0	0	0
AAGATTTA	TAAATCTT	0	0	0
AAGATTTC	GAAATCTT	0	0	0
AAGATTTG	CAAATCTT	0	0	0
AAGCAAAA	TTTTGCTT	0	0	0
AAGCAAAC	GTTTGCTT	0	0	0
AAGCAAAG	CTTTGCTT	0	0	0
AAGCAAAT	ATTTGCTT	0	0	0
AAGCAACA	TGTTGCTT	0	0	0
AAGCAACC	GGTTGCTT	0	0	0
AAGCAACG	CGTTGCTT	0	0	0
AAGCAACT	AGTTGCTT	0	0	0
AAGCAAGA	TCTTGCTT	0	0	0
AAGCAAGC	GCTTGCTT	0	0	0
AAGCAAGG	CCTTGCTT	0	0	0
AAGCAAGT	ACTTGCTT	0	0	0
AAGCAATA	TATTGCTT	0	0	0
AAGCAATC	GATTGCTT	0	0	0
AAGCAATG	CATTGCTT	0	0	0
AAGCAATT	AATTGCTT	0	0	0
AAGCACAA	TTGTGCTT	0	0	0
AAGCACAC	GTGTGCTT	0	0	0
AAGCACAG	CTGTGCTT	0	0	0
AAGCACAT	ATGTGCTT	0	0	0
AAGCACCA	TGGTGCTT	0	0	0
AAGCACCC	GGGTGCTT	0	0	0
AAGCACCG	CGGTGCTT	0	0	0
AAGCACCT	AGGTGCTT	0	0	0
AAGCACGA	TCGTGCTT	0	0	0
AAGCACGC	GCGTGCTT	0	0	0
AAGCACGG	CCGTGCTT	0	0	0
AAGCACGT	ACGTGCTT	0	0	0
AAGCACTA	TAGTGCTT	0	0	0
AAGCACTC	GAGTGCTT	0	0	0
AAGCACTG	CAGTGCTT	0	0	0
AAGCACTT	AAGTGCTT	0	0	0
AAGCAGAA	TTCTGCTT	0	0	0
AAGCAGAC	GTCTGCTT	0	0	0
AAGCAGAG	CTCTGCTT	0	0	0
AAGCAGAT	ATCTGCTT	0	0	0
AAGCAGCA	TGCTGCTT	0	0	0
AAGCAGCC	GGCTGCTT	0	0	0
AAGCAGCG	CGCTGCTT	0	0	0
AAGCAGCT	AGCTGCTT	0	0	0
AAGCAGGA	TCCTGCTT	0	0	0
AAGCAGGC	GCCTGCTT	0	0	0
AAGCAGGG	CCCTGCTT	0	0	0
AAGCAGGT	ACCTGCTT	0	0	0
AAGCAGTA	TACTGCTT	0	0	0
AAGCAGTC	GACTGCTT	0	0	0
AAGCAGTG	CACTGCTT	0	0	0
AAGCATAA	TTATGCTT	0	0	0
AAGCATAC	GTATGCTT	0	0	0
AAGCATAG	CTATGCTT	0	0	0
AAGCATAT	ATATGCTT	0	0	0
AAGCATCA	TGATGCTT	0	0	0
AAGCATCC	GGATGCTT	0	0	0
AAGCATCG	CGATGCTT	0	0	0
AAGCATCT	AGATGCTT	0	0	0
AAGCATGA	TCATGCTT	0	0	0
AAGCATGC	GCATGCTT	0	0	0
AAGCATGG	CCATGCTT	0	0	0
AAGCATGT	ACATGCTT	0	0	0
AAGCATTA	TAATGCTT	0	0	0
AAGCATTC	GAATGCTT	0	0	0
AAGCATTG	CAATGCTT	0	0	0
AAGCCAAA	TTTGGCTT	0	0	0
AAGCCAAC	GTTGGCTT	0	0	0
AAGCCAAG	CTTGGCTT	0	0	0
AAGCCAAT	ATTGGCTT	0	0	0
AAGCCACA	TGTGGCTT	0	0	0
AAGCCACC	GGTGGCTT	0	0	0
AAGCCACG	CGTGGCTT	0	0	0
AAGCCACT	AGTGGCTT	0	0	0
AAGCCAGA	TCTGGCTT	0	0	0
AAGCCAGC	GCTGGCTT	0	0	0
AAGCCAGG	CCTGGCTT	0	0	0
AAGCCAGT	ACTGGCTT	0	0	0
AAGCCATA	TATGGCTT	0	0	0
AAGCCATC	GATGGCTT	0	0	0
AAGCCATG	CATGGCTT	0	0	0
AAGCCATT	AATGGCTT	0	0	0
AAGCCCAA	TTGGGCTT	0	0	0
AAGCCCAC	GTGGGCTT	0	0	0
AAGCCCAG	CTGGGCTT	0	0	0
AAGCCCAT	ATGGGCTT	0	0	0
AAGCCCCA	TGGGGCTT	0	0	0
AAGCCCCC	GGGGGCTT	0	0	0
AAGCCCCG	CGGGGCTT	0	0	0
AAGCCCCT	AGGGGCTT	0	0	0
AAGCCCGA	TCGGGCTT	0	0	0
AAGCCCGC	GCGGGCTT	0	0	0
AAGCCCGG	CCGGGCTT	0	0	0
AAGCCCGT	ACGGGCTT	0	0	0
AAGCCCTA	TAGGGCTT	0	0	0
AAGCCCTC	GAGGGCTT	0	0	0
AAGCCCTG	CAGGGCTT	0	0	0
AAGCCCTT	AAGGGCTT	0	0	0
AAGCCGAA	TTCGGCTT	0	0	0
AAGCCGAC	GTCGGCTT	0	0	0
AAGCCGAG	CTCGGCTT	0	0	0
AAGCCGAT	ATCGGCTT	0	0	0
AAGCCGCA	TGCGGCTT	0	0	0
AAGCCGCC	GGCGGCTT	0	0	0
AAGCCGCG	CGCGGCTT	0	0	0
AAGCCGCT	AGCGGCTT	0	0	0
AAGCCGGA	TCCGGCTT	0	0	0
AAGCCGGC	GCCGGCTT	0	0	0
AAGCCGGG	CCCGGCTT	0	0	0
AAGCCGGT	ACCGGCTT	0	0	0
AAGCCGTA	TACGGCTT	0	0	0
AAGCCGTC	GACGGCTT	0	0	0
AAGCCGTG	CACGGCTT	0	0	0
AAGCCTAA	TTAGGCTT	0	0	0
AAGCCTAC	GTAGGCTT	0	0	0
AAGCCTAG	CTAGGCTT	0	0	0
AAGCCTAT	ATAGGCTT	0	0	0
AAGCCTCA	TGAGGCTT	0	0	0
AAGCCTCC	GGAGGCTT	0	0	0
AAGCCTCG	CGAGGCTT	0	0	0
AAGCCTCT	AGAGGCTT	0	0	0
AAGCCTGA	TCAGGCTT	0	0	0
AAGCCTGC	GCAGGCTT	0	0	0
AAGCCTGG	CCAGGCTT	0	0	0
AAGCCTGT	ACAGGCTT	0	0	0
AAGCCTTA	TAAGGCTT	0	0	0
AAGCCTTC	GAAGGCTT	0	0	0
AAGCCTTG	CAAGGCTT	0	0	0
AAGCGAAA	TTTCGCTT	0	0	0
AAGCGAAC	GTTCGCTT	0	0	0
AAGCGAAG	CTTCGCTT	0	0	0
AAGCGAAT	ATTCGCTT	0	0	0
AAGCGACA	TGTCGCTT	0	0	0
AAGCGACC	GGTCGCTT	0	0	0
AAGCGACG	CGTCGCTT	0	0	0
AAGCGACT	AGTCGCTT	0	0	0
AAGCGAGA	TCTCGCTT	0	0	0
AAGCGAGC	GCTCGCTT	0	0	0
AAGCGAGG	CCTCGCTT	0	0	0
AAGCGAGT	ACTCGCTT	0	0	0
AAGCGATA	TATCGCTT	0	0	0
AAGCGATC	GATCGCTT	0	0	0
AAGCGATG	CATCGCTT	0	0	0
AAGCGATT	AATCGCTT	0	0	0
AAGCGCAA	TTGCGCTT	0	0	0
AAGCGCAC	GTGCGCTT	0	0	0
AAGCGCAG	CTGCGCTT	0	0	0
AAGCGCAT	ATGCGCTT	0	0	0
AAGCGCCA	TGGCGCTT	0	0	0
AAGCGCCC	GGGCGCTT	0	0	0
AAGCGCCG	CGGCGCTT	0	0	0
AAGCGCCT	AGGCGCTT	0	0	0
AAGCGCGA	TCGCGCTT	0	0	0
AAGCGCGC	GCGCGCTT	0	0	0
AAGCGCGG	CCGCGCTT	0	0	0
AAGCGCGT	ACGCGCTT	0	0	0
AAGCGCTA	TAGCGCTT	0	0	0
AAGCGCTC	GAGCGCTT	0	0	0
AAGCGCTG	CAGCGCTT	0	0	0
AAGCGCTT	AAGCGCTT	0	0	0
AAGCGGAA	TTCCGCTT	0	0	0
AAGCGGAC	GTCCGCTT	0	0	0
AAGCGGAG	CTCCGCTT	0	0	0
AAGCGGAT	ATCCGCTT	0	0	0
AAGCGGCA	TGCCGCTT	0	0	0
AAGCGGCC	GGCCGCTT	0	0	0
AAGCGGCG	CGCCGCTT	0	0	0
AAGCGGCT	AGCCGCTT	0	0	0
AAGCGGGA	TCCCGCTT	0	0	0
AAGCGGGC	GCCCGCTT	0	0	0
AAGCGGGG	CCCCGCTT	0	0	0
AAGCGGGT	ACCCGCTT	0	0	0
AAGCGGTA	TACCGCTT	0	0	0
AAGCGGTC	GACCGCTT	0	0	0
AAGCGGTG	CACCGCTT	0	0	0
AAGCGTAA	TTACGCTT	0	0	0
AAGCGTAC	GTACGCTT	0	0	0
AAGCGTAG	CTACGCTT	0	0	0
AAGCGTAT	ATACGCTT	0	0	0
AAGCGTCA	TGACGCTT	0	0	0
AAGCGTCC	GGACGCTT	0	0	0
AAGCGTCG	CGACGCTT	0	0	0
AAGCGTCT	AGACGCTT	0	0	0
AAGCGTGA	TCACGCTT	0	0	0
AAGCGTGC	GCACGCTT	0	0	0
AAGCGTGG	CCACGCTT	0	0	0
AAGCGTGT	ACACGCTT	0	0	0
AAGCGTTA	TAACGCTT	0	0	0
AAGCGTTC	GAACGCTT	0	0	0
AAGCGTTG	CAACGCTT	0	0	0
AAGCTAAA	TTTAGCTT	0	0	0
AAGCTAAC	GTTAGCTT	0	0	0
AAGCTAAG	CTTAGCTT	0	0	0
AAGCTAAT	ATTAGCTT	0	0	0
AAGCTACA	TGTAGCTT	0	0	0
AAGCTACC	GGTAGCTT	0	0	0
AAGCTACG	CGTAGCTT	0	0	0
AAGCTACT	AGTAGCTT	0	0	0
AAGCTAGA	TCTAGCTT	0	0	0
AAGCTAGC	GCTAGCTT	0	0	0
AAGCTAGG	CCTAGCTT	0	0	0
AAGCTAGT	ACTAGCTT	0	0	0
AAGCTATA	TATAGCTT	0	0	0
AAGCTATC	GATAGCTT	0	0	0
AAGCTATG	CATAGCTT	0	0	0
AAGCTATT	AATAGCTT	0	0	0
AAGCTCAA	TTGAGCTT	0	0	0
AAGCTCAC	GTGAGCTT	0	0	0
AAGCTCAG	CTGAGCTT	0	0	0
AAGCTCAT	ATGAGCTT	0	0	0
AAGCTCCA	TGGAGCTT	0	0	0
AAGCTCCC	GGGAGCTT	0	0	0
AAGCTCCG	CGGAGCTT	0	0	0
AAGCTCCT	AGGAGCTT	0	0	0
AAGCTCGA	TCGAGCTT	0	0	0
AAGCTCGC	GCGAGCTT	0	0	0
AAGCTCGG	CCGAGCTT	0	0	0
AAGCTCGT	ACGAGCTT	0	0	0
AAGCTCTA	TAGAGCTT	0	0	0
AAGCTCTC	GAGAGCTT	0	0	0
AAGCTCTG	CAGAGCTT	0	0	0
AAGCTGAA	TTCAGCTT	0	0	0
AAGCTGAC	GTCAGCTT	0	0	0
AAGCTGAG	CTCAGCTT	0	0	0
AAGCTGAT	ATCAGCTT	0	0	0
AAGCTGCA	TGCAGCTT	0	0	0
AAGCTGCC	GGCAGCTT	0	0	0
AAGCTGCG	CGCAGCTT	0	0	0
AAGCTGCT	AGCAGCTT	0	0	0
AAGCTGGA	TCCAGCTT	0	0	0
AAGCTGGC	GCCAGCTT	0	0	0
AAGCTGGG	CCCAGCTT	0	0	0
AAGCTGGT	ACCAGCTT	0	0	0
AAGCTGTA	TACAGCTT	0	0	0
AAGCTGTC	GACAGCTT	0	0	0
AAGCTGTG	CACAGCTT	0	0	0
AAGCTTAA	TTAAGCTT	0	0	0
AAGCTTAC	GTAAGCTT	0	0	0
AAGCTTAG	CTAAGCTT	0	0	0
AAGCTTAT	ATAAGCTT	0	0	0
AAGCTTCA	TGAAGCTT	0	0	0
AAGCTTCC	GGAAGCTT	0	0	0
AAGCTTCG	CGAAGCTT	0	0	0
AAGCTTCT	AGAAGCTT	0	0	0
AAGCTTGA	TCAAGCTT	0	0	0
AAGCTTGC	GCAAGCTT	0	0	0
AAGCTTGG	CCAAGCTT	0	0	0
AAGCTTGT	ACAAGCTT	0	0	0
AAGCTTTA	TAAAGCTT	0	0	0
AAGCTTTC	GAAAGCTT	0	0	0
AAGCTTTG	CAAAGCTT	0	0	0
AAGGAAAA	TTTTCCTT	0	0	0
AAGGAAAC	GTTTCCTT	0	0	0
AAGGAAAG	CTTTCCTT	0	0	0
AAGGAAAT	ATTTCCTT	0	0	0
AAGGAACA	TGTTCCTT	0	0	0
AAGGAACC	GGTTCCTT	0	0	0
AAGGAACG	CGTTCCTT	0	0	0
AAGGAACT	AGTTCCTT	0	0	0
AAGGAAGA	TCTTCCTT	0	0	0
AAGGAAGC	GCTTCCTT	0	0	0
AAGGAAGG	CCTTCCTT	0	0	0
AAGGAAGT	ACTTCCTT	0	0	0
AAGGAATA	TATTCCTT	0	0	0
AAGGAATC	GATTCCTT	0	0	0
AAGGAATG	CATTCCTT	0	0	0
AAGGAATT	AATTCCTT	0	0	0
AAGGACAA	TTGTCCTT	0	0	0
AAGGACAC	GTGTCCTT	0	0	0
AAGGACAG	CTGTCCTT	0	0	0
AAGGACAT	ATGTCCTT	0	0	0
AAGGACCA	TGGTCCTT	0	0	0
AAGGACCC	GGGTCCTT	0	0	0
AAGGACCG	CGGTCCTT	0	0	0
AAGGACCT	AGGTCCTT	0	0	0
AAGGACGA	TCGTCCTT	0	0	0
AAGGACGC	GCGTCCTT	0	0	0
AAGGACGG	CCGTCCTT	0	0	0
AAGGACGT	ACGTCCTT	0	0	0
AAGGACTA	TAGTCCTT	0	0	0
AAGGACTC	GAGTCCTT	0	0	0
AAGGACTG	CAGTCCTT	0	0	0
AAGGACTT	AAGTCCTT	0	0	0
AAGGAGAA	TTCTCCTT	0	0	0
AAGGAGAC	GTCTCCTT	0	0	0
AAGGAGAG	CTCTCCTT	0	0	0
AAGGAGAT	ATCTCCTT	0	0	0
AAGGAGCA	TGCTCCTT	0	0	0
AAGGAGCC	GGCTCCTT	0	0	0
AAGGAGCG	CGCTCCTT	0	0	0
AAGGAGCT	AGCTCCTT	0	0	0
AAGGAGGA	TCCTCCTT	0	0	0
AAGGAGGC	GCCTCCTT	0	0	0
AAGGAGGG	CCCTCCTT	0	0	0
AAGGAGGT	ACCTCCTT	0	0	0
AAGGAGTA	TACTCCTT	0	0	0
AAGGAGTC	GACTCCTT	0	0	0
AAGGAGTG	CACTCCTT	0	0	0
AAGGATAA	TTATCCTT	0	0	0
AAGGATAC	GTATCCTT	0	0	0
AAGGATAG	CTATCCTT	0	0	0
AAGGATAT	ATATCCTT	0	0	0
AAGGATCA	TGATCCTT	0	0	0
AAGGATCC	GGATCCTT	0	0	0
AAGGATCG	CGATCCTT	0	0	0
AAGGATCT	AGATCCTT	0	0	0
AAGGATGA	TCATCCTT	0	0	0
AAGGATGC	GCATCCTT	0	0	0
AAGGATGG	CCATCCTT	0	0	0
AAGGATGT	ACATCCTT	0	0	0
AAGGATTA	TAATCCTT	0	0	0
AAGGATTC	GAATCCTT	0	0	0
AAGGATTG	CAATCCTT	0	0	0
AAGGCAAA	TTTGCCTT	0	0	0
AAGGCAAC	GTTGCCTT	0	0	0
AAGGCAAG	CTTGCCTT	0	0	0
AAGGCAAT	ATTGCCTT	0	0	0
AAGGCACA	TGTGCCTT	0	0	0
AAGGCACC	GGTGCCTT	0	0	0
AAGGCACG	CGTGCCTT	0	0	0
AAGGCACT	AGTGCCTT	0	0	0
AAGGCAGA	TCTGCCTT	0	0	0
AAGGCAGC	GCTGCCTT	0	0	0
AAGGCAGG	CCTGCCTT	0	0	0
AAGGCAGT	ACTGCCTT	0	0	0
AAGGCATA	TATGCCTT	0	0	0
AAGGCATC	GATGCCTT	0	0	0
AAGGCATG	CATGCCTT	0	0	0
AAGGCATT	AATGCCTT	0	0	0
AAGGCCAA	TTGGCCTT	0	0	0
AAGGCCAC	GTGGCCTT	0	0	0
AAGGCCAG	CTGGCCTT	0	0	0
AAGGCCAT	ATGGCCTT	0	0	0
AAGGCCCA	TGGGCCTT	0	0	0
AAGGCCCC	GGGGCCTT	0	0	0
AAGGCCCG	CGGGCCTT	0	0	0
AAGGCCCT	AGGGCCTT	0	0	0
AAGGCCGA	TCGGCCTT	0	0	0
AAGGCCGC	GCGGCCTT	0	0	0
AAGGCCGG	CCGGCCTT	0	0	0
AAGGCCGT	ACGGCCTT	0	0	0
AAGGCCTA	TAGGCCTT	0	0	0
AAGGCCTC	GAGGCCTT	0	0	0
AAGGCCTG	CAGGCCTT	0	0	0
AAGGCCTT	AAGGCCTT	0	0	0
AAGGCGAA	TTCGCCTT	0	0	0
AAGGCGAC	GTCGCCTT	0	0	0
AAGGCGAG	CTCGCCTT	0	0	0
AAGGCGAT	ATCGCCTT	0	0	0
AAGGCGCA	TGCGCCTT	0	0	0
AAGGCGCC	GGCGCCTT	0	0	0
AAGGCGCG	CGCGCCTT	0	0	0
AAGGCGCT	AGCGCCTT	0	0	0
AAGGCGGA	TCCGCCTT	0	0	0
AAGGCGGC	GCCGCCTT	0	0	0
AAGGCGGG	CCCGCCTT	0	0	0
AAGGCGGT	ACCGCCTT	0	0	0
AAGGCGTA	TACGCCTT	0	0	0
AAGGCGTC	GACGCCTT	0	0	0
AAGGCGTG	CACGCCTT	0	0	0
AAGGCTAA	TTAGCCTT	0	0	0
AAGGCTAC	GTAGCCTT	0	0	0
AAGGCTAG	CTAGCCTT	0	0	0
AAGGCTAT	ATAGCCTT	0	0	0
AAGGCTCA	TGAGCCTT	0	0	0
AAGGCTCC	GGAGCCTT	0	0	0
AAGGCTCG	CGAGCCTT	0	0	0
AAGGCTCT	AGAGCCTT	0	0	0
AAGGCTGA	TCAGCCTT	0	0	0
AAGGCTGC	GCAGCCTT	0	0	0
AAGGCTGG	CCAGCCTT	0	0	0
AAGGCTGT	ACAGCCTT	0	0	0
AAGGCTTA	TAAGCCTT	0	0	0
AAGGCTTC	GAAGCCTT	0	0	0
AAGGCTTG	CAAGCCTT	0	0	0
AAGGGAAA	TTTCCCTT	0	0	0
AAGGGAAC	GTTCCCTT	0	0	0
AAGGGAAG	CTTCCCTT	0	0	0
AAGGGAAT	ATTCCCTT	0	0	0
AAGGGACA	TGTCCCTT	0	0	0
AAGGGACC	GGTCCCTT	0	0	0
AAGGGACG	CGTCCCTT	0	0	0
AAGGGACT	AGTCCCTT	0	0	0
AAGGGAGA	TCTCCCTT	0	0	0
AAGGGAGC	GCTCCCTT	0	0	0
AAGGGAGG	CCTCCCTT	0	0	0
AAGGGAGT	ACTCCCTT	0	0	0
AAGGGATA	TATCCCTT	0	0	0
AAGGGATC	GATCCCTT	0	0	0
AAGGGATG	CATCCCTT	0	0	0
AAGGGATT	AATCCCTT	0	0	0
AAGGGCAA	TTGCCCTT	0	0	0
AAGGGCAC	GTGCCCTT	0	0	0
AAGGGCAG	CTGCCCTT	0	0	0
AAGGGCAT	ATGCCCTT	0	0	0
AAGGGCCA	TGGCCCTT	0	0	0
AAGGGCCC	GGGCCCTT	0	0	0
AAGGGCCG	CGGCCCTT	0	0	0
AAGGGCCT	AGGCCCTT	0	0	0
AAGGGCGA	TCGCCCTT	0	0	0
AAGGGCGC	GCGCCCTT	0	0	0
AAGGGCGG	CCGCCCTT	0	0	0
AAGGGCGT	ACGCCCTT	0	0	0
AAGGGCTA	TAGCCCTT	0	0	0
AAGGGCTC	GAGCCCTT	0	0	0
AAGGGCTG	CAGCCCTT	0	0	0
AAGGGGAA	TTCCCCTT	0	0	0
AAGGGGAC	GTCCCCTT	0	0	0
AAGGGGAG	CTCCCCTT	0	0	0
AAGGGGAT	ATCCCCTT	0	0	0
AAGGGGCA	TGCCCCTT	0	0	0
AAGGGGCC	GGCCCCTT	0	0	0
AAGGGGCG	CGCCCCTT	0	0	0
AAGGGGCT	AGCCCCTT	0	0	0
AAGGGGGA	TCCCCCTT	0	0	0
AAGGGGGC	GCCCCCTT	0	0	0
AAGGGGGG	CCCCCCTT	0	0	0
AAGGGGGT	ACCCCCTT	0	0	0
AAGGGGTA	TACCCCTT	0	0	0
AAGGGGTC	GACCCCTT	0	0	0
AAGGGGTG	CACCCCTT	0	0	0
AAGGGTAA	TTACCCTT	0	0	0
AAGGGTAC	GTACCCTT	0	0	0
AAGGGTAG	CTACCCTT	0	0	0
AAGGGTAT	ATACCCTT	0	0	0
AAGGGTCA	TGACCCTT	0	0	0
AAGGGTCC	GGACCCTT	0	0	0
AAGGGTCG	CGACCCTT	0	0	0
AAGGGTCT	AGACCCTT	0	0	0
AAGGGTGA	TCACCCTT	0	0	0
AAGGGTGC	GCACCCTT	0	0	0
AAGGGTGG	CCACCCTT	0	0	0
AAGGGTGT	ACACCCTT	0	0	0
AAGGGTTA	TAACCCTT	0	0	0
AAGGGTTC	GAACCCTT	0	0	0
AAGGGTTG	CAACCCTT	0	0	0
AAGGTAAA	TTTACCTT	0	0	0
AAGGTAAC	GTTACCTT	0	0	0
AAGGTAAG	CTTACCTT	0	0	0
AAGGTAAT	ATTACCTT	0	0	0
AAGGTACA	TGTACCTT	0	0	0
AAGGTACC	GGTACCTT	0	0	0
AAGGTACG	CGTACCTT	0	0	0
AAGGTACT	AGTACCTT	0	0	0
AAGGTAGA	TCTACCTT	0	0	0
AAGGTAGC	GCTACCTT	0	0	0
AAGGTAGG	CCTACCTT	0	0	0
AAGGTAGT	ACTACCTT	0	0	0
AAGGTATA	TATACCTT	0	0	0
AAGGTATC	GATACCTT	0	0	0
AAGGTATG	CATACCTT	0	0	0
AAGGTATT	AATACCTT	0	0	0
AAGGTCAA	TTGACCTT	0	0	0
AAGGTCAC	GTGACCTT	0	0	0
AAGGTCAG	CTGACCTT	0	0	0
AAGGTCAT	ATGACCTT	0	0	0
AAGGTCCA	TGGACCTT	0	0	0
AAGGTCCC	GGGACCTT	0	0	0
AAGGTCCG	CGGACCTT	0	0	0
AAGGTCCT	AGGACCTT	0	0	0
AAGGTCGA	TCGACCTT	0	0	0
AAGGTCGC	GCGACCTT	0	0	0
AAGGTCGG	CCGACCTT	0	0	0
AAGGTCGT	ACGACCTT	0	0	0
AAGGTCTA	TAGACCTT	0	0	0
AAGGTCTC	GAGACCTT	0	0	0
AAGGTCTG	CAGACCTT	0	0	0
AAGGTGAA	TTCACCTT	0	0	0
AAGGTGAC	GTCACCTT	0	0	0
AAGGTGAG	CTCACCTT	0	0	0
AAGGTGAT	ATCACCTT	0	0	0
AAGGTGCA	TGCACCTT	0	0	0
AAGGTGCC	GGCACCTT	0	0	0
AAGGTGCG	CGCACCTT	0	0	0
AAGGTGCT	AGCACCTT	0	0	0
AAGGTGGA	TCCACCTT	0	0	0
AAGGTGGC	GCCACCTT	0	0	0
AAGGTGGG	CCCACCTT	0	0	0
AAGGTGGT	ACCACCTT	0	0	0
AAGGTGTA	TACACCTT	0	0	0
AAGGTGTC	GACACCTT	0	0	0
AAGGTGTG	CACACCTT	0	0	0
AAGGTTAA	TTAACCTT	0	0	0
AAGGTTAC	GTAACCTT	0	0	0
AAGGTTAG	CTAACCTT	0	0	0
AAGGTTAT	ATAACCTT	0	0	0
AAGGTTCA	TGAACCTT	0	0	0
AAGGTTCC	GGAACCTT	0	0	0
AAGGTTCG	CGAACCTT	0	0	0
AAGGTTCT	AGAACCTT	0	0	0
AAGGTTGA	TCAACCTT	0	0	0
AAGGTTGC	GCAACCTT	0	0	0
AAGGTTGG	CCAACCTT	0	0	0
AAGGTTGT	ACAACCTT	0	0	0
AAGGTTTA	TAAACCTT	0	0	0
AAGGTTTC	GAAACCTT	0	0	0
AAGGTTTG	CAAACCTT	0	0	0
AAGTAAAA	TTTTACTT	0	0	0
AAGTAAAC	GTTTACTT	0	0	0
AAGTAAAG	CTTTACTT	0	0	0
AAGTAAAT	ATTTACTT	0	0	0
AAGTAACA	TGTTACTT	0	0	0
AAGTAACC	GGTTACTT	0	0	0
AAGTAACG	CGTTACTT	0	0	0
AAGTAACT	AGTTACTT	0	0	0
AAGTAAGA	TCTTACTT	0	0	0
AAGTAAGC	GCTTACTT	0	0	0
AAGTAAGG	CCTTACTT	0	0	0
AAGTAAGT	ACTTACTT	0	0	0
AAGTAATA	TATTACTT	0	0	0
AAGTAATC	GATTACTT	0	0	0
AAGTAATG	CATTACTT	0	0	0
AAGTAATT	AATTACTT	0	0	0
AAGTACAA	TTGTACTT	0	0	0
AAGTACAC	GTGTACTT	0	0	0
AAGTACAG	CTGTACTT	0	0	0
AAGTACAT	ATGTACTT	0	0	0
AAGTACCA	TGGTACTT	0	0	0
AAGTACCC	GGGTACTT	0	0	0
AAGTACCG	CGGTACTT	0	0	0
AAGTACCT	AGGTACTT	0	0	0
AAGTACGA	TCGTACTT	0	0	0
AAGTACGC	GCGTACTT	0	0	0
AAGTACGG	CCGTACTT	0	0	0
AAGTACGT	ACGTACTT	0	0	0
AAGTACTA	TAGTACTT	0	0	0
AAGTACTC	GAGTACTT	0	0	0
AAGTACTG	CAGTACTT	0	0	0
AAGTACTT	AAGTACTT	0	0	0
AAGTAGAA	TTCTACTT	0	0	0
AAGTAGAC	GTCTACTT	0	0	0
AAGTAGAG	CTCTACTT	0	0	0
AAGTAGAT	ATCTACTT	0	0	0
AAGTAGCA	TGCTACTT	0	0	0
AAGTAGCC	GGCTACTT	0	0	0
AAGTAGCG	CGCTACTT	0	0	0
AAGTAGCT	AGCTACTT	0	0	0
AAGTAGGA	TCCTACTT	0	0	0
AAGTAGGC	GCCTACTT	0	0	0
AAGTAGGG	CCCTACTT	0	0	0
AAGTAGGT	ACCTACTT	0	0	0
AAGTAGTA	TACTACTT	0	0	0
AAGTAGTC	GACTACTT	0	0	0
AAGTAGTG	CACTACTT	0	0	0
AAGTATAA	TTATACTT	0	0	0
AAGTATAC	GTATACTT	0	0	0
AAGTATAG	CTATACTT	0	0	0
AAGTATAT	ATATACTT	0	0	0
AAGTATCA	TGATACTT	0	0	0
AAGTATCC	GGATACTT	0	0	0
AAGTATCG	CGATACTT	0	0	0
AAGTATCT	AGATACTT	0	0	0
AAGTATGA	TCATACTT	0	0	0
AAGTATGC	GCATACTT	0	0	0
AAGTATGG	CCATACTT	0	0	0
AAGTATGT	ACATACTT	0	0	0
AAGTATTA	TAATACTT	0	0	0
AAGTATTC	GAATACTT	0	0	0
AAGTATTG	CAATACTT	0	0	0
AAGTCAAA	TTTGACTT	0	0	0
AAGTCAAC	GTTGACTT	0	0	0
AAGTCAAG	CTTGACTT	0	0	0
AAGTCAAT	ATTGACTT	0	0	0
AAGTCACA	TGTGACTT	0	0	0
AAGTCACC	GGTGACTT	0	0	0
AAGTCACG	CGTGACTT	0	0	0
AAGTCACT	AGTGACTT	0	0	0
AAGTCAGA	TCTGACTT	0	0	0
AAGTCAGC	GCTGACTT	0	0	0
AAGTCAGG	CCTGACTT	0	0	0
AAGTCAGT	ACTGACTT	0	0	0
AAGTCATA	TATGACTT	0	0	0
AAGTCATC	GATGACTT	0	0	0
AAGTCATG	CATGACTT	0	0	0
AAGTCATT	AATGACTT	0	0	0
AAGTCCAA	TTGGACTT	0	0	0
AAGTCCAC	GTGGACTT	0	0	0
AAGTCCAG	CTGGACTT	0	0	0
AAGTCCAT	ATGGACTT	0	0	0
AAGTCCCA	TGGGACTT	0	0	0
AAGTCCCC	GGGGACTT	0	0	0
AAGTCCCG	CGGGACTT	0	0	0
AAGTCCCT	AGGGACTT	0	0	0
AAGTCCGA	TCGGACTT	0	0	0
AAGTCCGC	GCGGACTT	0	0	0
AAGTCCGG	CCGGACTT	0	0	0
AAGTCCGT	ACGGACTT	0	0	0
AAGTCCTA	TAGGACTT	0	0	0
AAGTCCTC	GAGGACTT	0	0	0
AAGTCCTG	CAGGACTT	0	0	0
AAGTCGAA	TTCGACTT	0	0	0
AAGTCGAC	GTCGACTT	0	0	0
AAGTCGAG	CTCGACTT	0	0	0
AAGTCGAT	ATCGACTT	0	0	0
AAGTCGCA	TGCGACTT	0	0	0
AAGTCGCC	GGCGACTT	0	0	0
AAGTCGCG	CGCGACTT	0	0	0
AAGTCGCT	AGCGACTT	0	0	0
AAGTCGGA	TCCGACTT	0	0	0
AAGTCGGC	GCCGACTT	0	0	0
AAGTCGGG	CCCGACTT	0	0	0
AAGTCGGT	ACCGACTT	0	0	0
AAGTCGTA	TACGACTT	0	0	0
AAGTCGTC	GACGACTT	0	0	0
AAGTCGTG	CACGACTT	0	0	0
AAGTCTAA	TTAGACTT	0	0	0
AAGTCTAC	GTAGACTT	0	0	0
AAGTCTAG	CTAGACTT	0	0	0
AAGTCTAT	ATAGACTT	0	0	0
AAGTCTCA	TGAGACTT	0	0	0
AAGTCTCC	GGAGACTT	0	0	0
AAGTCTCG	CGAGACTT	0	0	0
AAGTCTCT	AGAGACTT	0	0	0
AAGTCTGA	TCAGACTT	0	0	0
AAGTCTGC	GCAGACTT	0	0	0
AAGTCTGG	CCAGACTT	0	0	0
AAGTCTGT	ACAGACTT	0	0	0
AAGTCTTA	TAAGACTT	0	0	0
AAGTCTTC	GAAGACTT	0	0	0
AAGTCTTG	CAAGACTT	0	0	0
AAGTGAAA	TTTCACTT	0	0	0
AAGTGAAC	GTTCACTT	0	0	0
AAGTGAAG	CTTCACTT	0	0	0
AAGTGAAT	ATTCACTT	0	0	0
AAGTGACA	TGTCACTT	0	0	0
AAGTGACC	GGTCACTT	0	0	0
AAGTGACG	CGTCACTT	0	0	0
AAGTGACT	AGTCACTT	0	0	0
AAGTGAGA	TCTCACTT	0	0	0
AAGTGAGC	GCTCACTT	0	0	0
AAGTGAGG	CCTCACTT	0	0	0
AAGTGAGT	ACTCACTT	0	0	0
AAGTGATA	TATCACTT	0	0	0
AAGTGATC	GATCACTT	0	0	0
AAGTGATG	CATCACTT	0	0	0
AAGTGATT	AATCACTT	0	0	0
AAGTGCAA	TTGCACTT	0	0	0
AAGTGCAC	GTGCACTT	0	0	0
AAGTGCAG	CTGCACTT	0	0	0
AAGTGCAT	ATGCACTT	0	0	0
AAGTGCCA	TGGCACTT	0	0	0
AAGTGCCC	GGGCACTT	0	0	0
AAGTGCCG	CGGCACTT	0	0	0
AAGTGCCT	AGGCACTT	0	0	0
AAGTGCGA	TCGCACTT	0	0	0
AAGTGCGC	GCGCACTT	0	0	0
AAGTGCGG	CCGCACTT	0	0	0
AAGTGCGT	ACGCACTT	0	0	0
AAGTGCTA	TAGCACTT	0	0	0
AAGTGCTC	GAGCACTT	0	0	0
AAGTGCTG	CAGCACTT	0	0	0
AAGTGGAA	TTCCACTT	0	0	0
AAGTGGAC	GTCCACTT	0	0	0
AAGTGGAG	CTCCACTT	0	0	0
AAGTGGAT	ATCCACTT	0	0	0
AAGTGGCA	TGCCACTT	0	0	0
AAGTGGCC	GGCCACTT	0	0	0
AAGTGGCG	CGCCACTT	0	0	0
AAGTGGCT	AGCCACTT	0	0	0
AAGTGGGA	TCCCACTT	0	0	0
AAGTGGGC	GCCCACTT	0	0	0
AAGTGGGG	CCCCACTT	0	0	0
AAGTGGGT	ACCCACTT	0	0	0
AAGTGGTA	TACCACTT	0	0	0
AAGTGGTC	GACCACTT	0	0	0
AAGTGGTG	CACCACTT	0	0	0
AAGTGTAA	TTACACTT	0	0	0
AAGTGTAC	GTACACTT	0	0	0
AAGTGTAG	CTACACTT	0	0	0
AAGTGTAT	ATACACTT	0	0	0
AAGTGTCA	TGACACTT	0	0	0
AAGTGTCC	GGACACTT	0	0	0
AAGTGTCG	CGACACTT	0	0	0
AAGTGTCT	AGACACTT	0	0	0
AAGTGTGA	TCACACTT	0	0	0
AAGTGTGC	GCACACTT	0	0	0
AAGTGTGG	CCACACTT	0	0	0
AAGTGTGT	ACACACTT	0	0	0
AAGTGTTA	TAACACTT	0	0	0
AAGTGTTC	GAACACTT	0	0	0
AAGTGTTG	CAACACTT	0	0	0
AAGTTAAA	TTTAACTT	0	0	0
AAGTTAAC	GTTAACTT	0	0	0
AAGTTAAG	CTTAACTT	0	0	0
AAGTTAAT	ATTAACTT	0	0	0
AAGTTACA	TGTAACTT	0	0	0
AAGTTACC	GGTAACTT	0	0	0
AAGTTACG	CGTAACTT	0	0	0
AAGTTACT	AGTAACTT	0	0	0
AAGTTAGA	TCTAACTT	0	0	0
AAGTTAGC	GCTAACTT	0	0	0
AAGTTAGG	CCTAACTT	0	0	0
AAGTTAGT	ACTAACTT	0	0	0
AAGTTATA	TATAACTT	0	0	0
AAGTTATC	GATAACTT	0	0	0
AAGTTATG	CATAACTT	0	0	0
AAGTTATT	AATAACTT	0	0	0
AAGTTCAA	TTGAACTT	0	0	0
AAGTTCAC	GTGAACTT	0	0	0
AAGTTCAG	CTGAACTT	0	0	0
AAGTTCAT	ATGAACTT	0	0	0
AAGTTCCA	TGGAACTT	0	0	0
AAGTTCCC	GGGAACTT	0	0	0
AAGTTCCG	CGGAACTT	0	0	0
AAGTTCCT	AGGAACTT	0	0	0
AAGTTCGA	TCGAACTT	0	0	0
AAGTTCGC	GCGAACTT	0	0	0
AAGTTCGG	CCGAACTT	0	0	0
AAGTTCGT	ACGAACTT	0	0	0
AAGTTCTA	TAGAACTT	0	0	0
AAGTTCTC	GAGAACTT	0	0	0
AAGTTCTG	CAGAACTT	0	0	0
AAGTTGAA	TTCAACTT	0	0	0
AAGTTGAC	GTCAACTT	0	0	0
AAGTTGAG	CTCAACTT	0	0	0
AAGTTGAT	ATCAACTT	0	0	0
AAGTTGCA	TGCAACTT	0	0	0
AAGTTGCC	GGCAACTT	0	0	0
AAGTTGCG	CGCAACTT	0	0	0
AAGTTGCT	AGCAACTT	0	0	0
AAGTTGGA	TCCAACTT	0	0	0
AAGTTGGC	GCCAACTT	0	0	0
AAGTTGGG	CCCAACTT	0	0	0
AAGTTGGT	ACCAACTT	0	0	0
AAGTTGTA	TACAACTT	0	0	0
AAGTTGTC	GACAACTT	0	0	0
AAGTTGTG	CACAACTT	0	0	0
AAGTTTAA	TTAAACTT	0	0	0
AAGTTTAC	GTAAACTT	0	0	0
AAGTTTAG	CTAAACTT	0	0	0
AAGTTTAT	ATAAACTT	0	0	0
AAGTTTCA	TGAAACTT	0	0	0
AAGTTTCC	GGAAACTT	0	0	0
AAGTTTCG	CGAAACTT	0	0	0
AAGTTTCT	AGAAACTT	0	0	0
AAGTTTGA	TCAAACTT	0	0	0
AAGTTTGC	GCAAACTT	0	0	0
AAGTTTGG	CCAAACTT	0	0	0
AAGTTTGT	ACAAACTT	0	0	0
AAGTTTTA	TAAAACTT	0	0	0
AAGTTTTC	GAAAACTT	0	0	0
AAGTTTTG	CAAAACTT	0	0	0
AATAAAAA	TTTTTATT	0	0	0
AATAAAAC	GTTTTATT	0	0	0
AATAAAAG	CTTTTATT	0	0	0
AATAAAAT	ATTTTATT	0	0	0
AATAAACA	TGTTTATT	0	0	0
AATAAACC	GGTTTATT	0	0	0
AATAAACG	CGTTTATT	0	0	0
AATAAACT	AGTTTATT	0	0	0
AATAAAGA	TCTTTATT	0	0	0
AATAAAGC	GCTTTATT	0	0	0
AATAAAGG	CCTTTATT	0	0	0
AATAAAGT	ACTTTATT	0	0	0
AATAAATA	TATTTATT	0	0	0
AATAAATC	GATTTATT	0	0	0
AATAAATG	CATTTATT	0	0	0
AATAAATT	AATTTATT	0	0	0
AATAACAA	TTGTTATT	0	0	0
AATAACAC	GTGTTATT	0	0	0
AATAACAG	CTGTTATT	0	0	0
AATAACAT	ATGTTATT	0	0	0
AATAACCA	TGGTTATT	0	0	0
AATAACCC	GGGTTATT	0	0	0
AATAACCG	CGGTTATT	0	0	0
AATAACCT	AGGTTATT	0	0	0
AATAACGA	TCGTTATT	0	0	0
AATAACGC	GCGTTATT	0	0	0
AATAACGG	CCGTTATT	0	0	0
AATAACGT	ACGTTATT	0	0	0
AATAACTA	TAGTTATT	0	0	0
AATAACTC	GAGTTATT	0	0	0
AATAACTG	CAGTTATT	0	0	0
AATAAGAA	TTCTTATT	0	0	0
AATAAGAC	GTCTTATT	0	0	0
AATAAGAG	CTCTTATT	0	0	0
AATAAGAT	ATCTTATT	0	0	0
AATAAGCA	TGCTTATT	0	0	0
AATAAGCC	GGCTTATT	0	0	0
AATAAGCG	CGCTTATT	0	0	0
AATAAGCT	AGCTTATT	0	0	0
AATAAGGA	TCCTTATT	0	0	0
AATAAGGC	GCCTTATT	0	0	0
AATAAGGG	CCCTTATT	0	0	0
AATAAGGT	ACCTTATT	0	0	0
AATAAGTA	TACTTATT	0	0	0
AATAAGTC	GACTTATT	0	0	0
AATAAGTG	CACTTATT	0	0	0
AATAATAA	TTATTATT	0	0	0
AATAATAC	GTATTATT	0	0	0
AATAATAG	CTATTATT	0	0	0
AATAATAT	ATATTATT	0	0	0
AATAATCA	TGATTATT	0	0	0
AATAATCC	GGATTATT	0	0	0
AATAATCG	CGATTATT	0	0	0
AATAATCT	AGATTATT	0	0	0
AATAATGA	TCATTATT	0	0	0
AATAATGC	GCATTATT	0	0	0
AATAATGG	CCATTATT	0	0	0
AATAATGT	ACATTATT	0	0	0
AATAATTA	TAATTATT	0	0	0
AATAATTC	GAATTATT	0	0	0
AATAATTG	CAATTATT	0	0	0
AATACAAA	TTTGTATT	0	0	0
AATACAAC	GTTGTATT	0	0	0
AATACAAG	CTTGTATT	0	0	0
AATACAAT	ATTGTATT	0	0	0
AATACACA	TGTGTATT	0	0	0
AATACACC	GGTGTATT	0	0	0
AATACACG	CGTGTATT	0	0	0
AATACACT	AGTGTATT	0	0	0
AATACAGA	TCTGTATT	0	0	0
AATACAGC	GCTGTATT	0	0	0
AATACAGG	CCTGTATT	0	0	0
AATACAGT	ACTGTATT	0	0	0
AATACATA	TATGTATT	0	0	0
AATACATC	GATGTATT	0	0	0
AATACATG	CATGTATT	0	0	0
AATACATT	AATGTATT	0	0	0
AATACCAA	TTGGTATT	0	0	0
AATACCAC	GTGGTATT	0	0	0
AATACCAG	CTGGTATT	0	0	0
AATACCAT	ATGGTATT	0	0	0
AATACCCA	TGGGTATT	0	0	0
AATACCCC	GGGGTATT	0	0	0
AATACCCG	CGGGTATT	0	0	0
AATACCCT	AGGGTATT	0	0	0
AATACCGA	TCGGTATT	0	0	0
AATACCGC	GCGGTATT	0	0	0
AATACCGG	CCGGTATT	0	0	0
AATACCGT	ACGGTATT	0	0	0
AATACCTA	TAGGTATT	0	0	0
AATACCTC	GAGGTATT	0	0	0
AATACCTG	CAGGTATT	0	0	0
AATACGAA	TTCGTATT	0	0	0
AATACGAC	GTCGTATT	0	0	0
AATACGAG	CTCGTATT	0	0	0
AATACGAT	ATCGTATT	0	0	0
AATACGCA	TGCGTATT	0	0	0
AATACGCC	GGCGTATT	0	0	0
AATACGCG	CGCGTATT	0	0	0
AATACGCT	AGCGTATT	0	0	0
AATACGGA	TCCGTATT	0	0	0
AATACGGC	GCCGTATT	0	0	0
AATACGGG	CCCGTATT	0	0	0
AATACGGT	ACCGTATT	0	0	0
AATACGTA	TACGTATT	0	0	0
AATACGTC	GACGTATT	0	0	0
AATACGTG	CACGTATT	0	0	0
AATACTAA	TTAGTATT	0	0	0
AATACTAC	GTAGTATT	0	0	0
AATACTAG	CTAGTATT	0	0	0
AATACTAT	ATAGTATT	0	0	0
AATACTCA	TGAGTATT	0	0	0
AATACTCC	GGAGTATT	0	0	0
AATACTCG	CGAGTATT	0	0	0
AATACTCT	AGAGTATT	0	0	0
AATACTGA	TCAGTATT	0	0	0
AATACTGC	GCAGTATT	0	0	0
AATACTGG	CCAGTATT	0	0	0
AATACTGT	ACAGTATT	0	0	0
AATACTTA	TAAGTATT	0	0	0
AATACTTC	GAAGTATT	0	0	0
AATACTTG	CAAGTATT	0	0	0
AATAGAAA	TTTCTATT	0	0	0
AATAGAAC	GTTCTATT	0	0	0
AATAGAAG	CTTCTATT	0	0	0
AATAGAAT	ATTCTATT	0	0	0
AATAGACA	TGTCTATT	0	0	0
AATAGACC	GGTCTATT	0	0	0
AATAGACG	CGTCTATT	0	0	0
AATAGACT	AGTCTATT	0	0	0
AATAGAGA	TCTCTATT	0	0	0
AATAGAGC	GCTCTATT	0	0	0
AATAGAGG	CCTCTATT	0	0	0
AATAGAGT	ACTCTATT	0	0	0
AATAGATA	TATCTATT	0	0	0
AATAGATC	GATCTATT	0	0	0
AATAGATG	CATCTATT	0	0	0
AATAGATT	AATCTATT	0	0	0
AATAGCAA	TTGCTATT	0	0	0
AATAGCAC	GTGCTATT	0	0	0
AATAGCAG	CTGCTATT	0	0	0
AATAGCAT	ATGCTATT	0	0	0
AATAGCCA	TGGCTATT	0	0	0
AATAGCCC	GGGCTATT	0	0	0
AATAGCCG	CGGCTATT	0	0	0
AATAGCCT	AGGCTATT	0	0	0
AATAGCGA	TCGCTATT	0	0	0
AATAGCGC	GCGCTATT	0	0	0
AATAGCGG	CCGCTATT	0	0	0
AATAGCGT	ACGCTATT	0	0	0
AATAGCTA	TAGCTATT	0	0	0
AATAGCTC	GAGCTATT	0	0	0
AATAGCTG	CAGCTATT	0	0	0
AATAGGAA	TTCCTATT	0	0	0
AATAGGAC	GTCCTATT	0	0	0
AATAGGAG	CTCCTATT	0	0	0
AATAGGAT	ATCCTATT	0	0	0
AATAGGCA	TGCCTATT	0	0	0
AATAGGCC	GGCCTATT	0	0	0
AATAGGCG	CGCCTATT	0	0	0
AATAGGCT	AGCCTATT	0	0	0
AATAGGGA	TCCCTATT	0	0	0
AATAGGGC	GCCCTATT	0	0	0
AATAGGGG	CCCCTATT	0	0	0
AATAGGGT	ACCCTATT	0	0	0
AATAGGTA	TACCTATT	0	0	0
AATAGGTC	GACCTATT	0	0	0
AATAGGTG	CACCTATT	0	0	0
AATAGTAA	TTACTATT	0	0	0
AATAGTAC	GTACTATT	0	0	0
AATAGTAG	CTACTATT	0	0	0
AATAGTAT	ATACTATT	0	0	0
AATAGTCA	TGACTATT	0	0	0
AATAGTCC	GGACTATT	0	0	0
AATAGTCG	CGACTATT	0	0	0
AATAGTCT	AGACTATT	0	0	0
AATAGTGA	TCACTATT	0	0	0
AATAGTGC	GCACTATT	0	0	0
AATAGTGG	CCACTATT	0	0	0
AATAGTGT	ACACTATT	0	0	0
AATAGTTA	TAACTATT	0	0	0
AATAGTTC	GAACTATT	0	0	0
AATAGTTG	CAACTATT	0	0	0
AATATAAA	TTTATATT	0	0	0
AATATAAC	GTTATATT	0	0	0
AATATAAG	CTTATATT	0	0	0
AATATAAT	ATTATATT	0	0	0
AATATACA	TGTATATT	0	0	0
AATATACC	GGTATATT	0	0	0
AATATACG	CGTATATT	0	0	0
AATATACT	AGTATATT	0	0	0
AATATAGA	TCTATATT	0	0	0
AATATAGC	GCTATATT	0	0	0
AATATAGG	CCTATATT	0	0	0
AATATAGT	ACTATATT	0	0	0
AATATATA	TATATATT	0	0	0
AATATATC	GATATATT	0	0	0
AATATATG	CATATATT	0	0	0
AATATATT	AATATATT	0	0	0
AATATCAA	TTGATATT	0	0	0
AATATCAC	GTGATATT	0	0	0
AATATCAG	CTGATATT	0	0	0
AATATCAT	ATGATATT	0	0	0
AATATCCA	TGGATATT	0	0	0
AATATCCC	GGGATATT	0	0	0
AATATCCG	CGGATATT	0	0	0
AATATCCT	AGGATATT	0	0	0
AATATCGA	TCGATATT	0	0	0
AATATCGC	GCGATATT	0	0	0
AATATCGG	CCGATATT	0	0	0
AATATCGT	ACGATATT	0	0	0
AATATCTA	TAGATATT	0	0	0
AATATCTC	GAGATATT	0	0	0
AATATCTG	CAGATATT	0	0	0
AATATGAA	TTCATATT	0	0	0
AATATGAC	GTCATATT	0	0	0
AATATGAG	CTCATATT	0	0	0
AATATGAT	ATCATATT	0	0	0
AATATGCA	TGCATATT	0	0	0
AATATGCC	GGCATATT	0	0	0
AATATGCG	CGCATATT	0	0	0
AATATGCT	AGCATATT	0	0	0
AATATGGA	TCCATATT	0	0	0
AATATGGC	GCCATATT	0	0	0
AATATGGG	CCCATATT	0	0	0
AATATGGT	ACCATATT	0	0	0
AATATGTA	TACATATT	0	0	0
AATATGTC	GACATATT	0	0	0
AATATGTG	CACATATT	0	0	0
AATATTAA	TTAATATT	0	0	0
AATATTAC	GTAATATT	0	0	0
AATATTAG	CTAATATT	0	0	0
AATATTAT	ATAATATT	0	0	0
AATATTCA	TGAATATT	0	0	0
AATATTCC	GGAATATT	0	0	0
AATATTCG	CGAATATT	0	0	0
AATATTCT	AGAATATT	0	0	0
AATATTGA	TCAATATT	0	0	0
AATATTGC	GCAATATT	0	0	0
AATATTGG	CCAATATT	0	0	0
AATATTGT	ACAATATT	0	0	0
AATATTTA	TAAATATT	0	0	0
AATATTTC	GAAATATT	0	0	0
AATATTTG	CAAATATT	0	0	0
AATCAAAA	TTTTGATT	0	0	0
AATCAAAC	GTTTGATT	0	0	0
AATCAAAG	CTTTGATT	0	0	0
AATCAAAT	ATTTGATT	0	0	0
AATCAACA	TGTTGATT	0	0	0
AATCAACC	GGTTGATT	0	0	0
AATCAACG	CGTTGATT	0	0	0
AATCAACT	AGTTGATT	0	0	0
AATCAAGA	TCTTGATT	0	0	0
AATCAAGC	GCTTGATT	0	0	0
AATCAAGG	CCTTGATT	0	0	0
AATCAAGT	ACTTGATT	0	0	0
AATCAATA	TATTGATT	0	0	0
AATCAATC	GATTGATT	0	0	0
AATCAATG	CATTGATT	0	0	0
AATCAATT	AATTGATT	0	0	0
AATCACAA	TTGTGATT	0	0	0
AATCACAC	GTGTGATT	0	0	0
AATCACAG	CTGTGATT	0	0	0
AATCACAT	ATGTGATT	0	0	0
AATCACCA	TGGTGATT	0	0	0
AATCACCC	GGGTGATT	0	0	0
AATCACCG	CGGTGATT	0	0	0
AATCACCT	AGGTGATT	0	0	0
AATCACGA	TCGTGATT	0	0	0
AATCACGC	GCGTGATT	0	0	0
AATCACGG	CCGTGATT	0	0	0
AATCACGT	ACGTGATT	0	0	0
AATCACTA	TAGTGATT	0	0	0
AATCACTC	GAGTGATT	0	0	0
AATCACTG	CAGTGATT	0	0	0
AATCAGAA	TTCTGATT	0	0	0
AATCAGAC	GTCTGATT	0	0	0
AATCAGAG	CTCTGATT	0	0	0
AATCAGAT	ATCTGATT	0	0	0
AATCAGCA	TGCTGATT	0	0	0
AATCAGCC	GGCTGATT	0	0	0
AATCAGCG	CGCTGATT	0	0	0
AATCAGCT	AGCTGATT	0	0	0
AATCAGGA	TCCTGATT	0	0	0
AATCAGGC	GCCTGATT	0	0	0
AATCAGGG	CCCTGATT	0	0	0
AATCAGGT	ACCTGATT	0	0	0
AATCAGTA	TACTGATT	0	0	0
AATCAGTC	GACTGATT	0	0	0
AATCAGTG	CACTGATT	0	0	0
AATCATAA	TTATGATT	0	0	0
AATCATAC	GTATGATT	0	0	0
AATCATAG	CTATGATT	0	0	0
AATCATAT	ATATGATT	0	0	0
AATCATCA	TGATGATT	0	0	0
AATCATCC	GGATGATT	0	0	0
AATCATCG	CGATGATT	0	0	0
AATCATCT	AGATGATT	0	0	0
AATCATGA	TCATGATT	0	0	0
AATCATGC	GCATGATT	0	0	0
AATCATGG	CCATGATT	0	0	0
AATCATGT	ACATGATT	0	0	0
AATCATTA	TAATGATT	0	0	0
AATCATTC	GAATGATT	0	0	0
AATCATTG	CAATGATT	0	0	0
AATCCAAA	TTTGGATT	0	0	0
AATCCAAC	GTTGGATT	0	0	0
AATCCAAG	CTTGGATT	0	0	0
AATCCAAT	ATTGGATT	0	0	0
AATCCACA	TGTGGATT	0	0	0
AATCCACC	GGTGGATT	0	0	0
AATCCACG	CGTGGATT	0	0	0
AATCCACT	AGTGGATT	0	0	0
AATCCAGA	TCTGGATT	0	0	0
AATCCAGC	GCTGGATT	0	0	0
AATCCAGG	CCTGGATT	0	0	0
AATCCAGT	ACTGGATT	0	0	0
AATCCATA	TATGGATT	0	0	0
AATCCATC	GATGGATT	0	0	0
AATCCATG	CATGGATT	0	0	0
AATCCATT	AATGGATT	0	0	0
AATCCCAA	TTGGGATT	0	0	0
AATCCCAC	GTGGGATT	0	0	0
AATCCCAG	CTGGGATT	0	0	0
AATCCCAT	ATGGGATT	0	0	0
AATCCCCA	TGGGGATT	0	0	0
AATCCCCC	GGGGGATT	0	0	0
AATCCCCG	CGGGGATT	0	0	0
AATCCCCT	AGGGGATT	0	0	0
AATCCCGA	TCGGGATT	0	0	0
AATCCCGC	GCGGGATT	0	0	0
AATCCCGG	CCGGGATT	0	0	0
AATCCCGT	ACGGGATT	0	0	0
AATCCCTA	TAGGGATT	0	0	0
AATCCCTC	GAGGGATT	0	0	0
AATCCCTG	CAGGGATT	0	0	0
AATCCGAA	TTCGGATT	0	0	0
AATCCGAC	GTCGGATT	0	0	0
AATCCGAG	CTCGGATT	0	0	0
AATCCGAT	ATCGGATT	0	0	0
AATCCGCA	TGCGGATT	0	0	0
AATCCGCC	GGCGGATT	0	0	0
AATCCGCG	CGCGGATT	0	0	0
AATCCGCT	AGCGGATT	0	0	0
AATCCGGA	TCCGGATT	0	0	0
AATCCGGC	GCCGGATT	0	0	0
AATCCGGG	CCCGGATT	0	0	0
AATCCGGT	ACCGGATT	0	0	0
AATCCGTA	TACGGATT	0	0	0
AATCCGTC	GACGGATT	0	0	0
AATCCGTG	CACGGATT	0	0	0
AATCCTAA	TTAGGATT	0	0	0
AATCCTAC	GTAGGATT	0	0	0
AATCCTAG	CTAGGATT	0	0	0
AATCCTAT	ATAGGATT	0	0	0
AATCCTCA	TGAGGATT	0	0	0
AATCCTCC	GGAGGATT	0	0	0
AATCCTCG	CGAGGATT	0	0	0
AATCCTCT	AGAGGATT	0	0	0
AATCCTGA	TCAGGATT	0	0	0
AATCCTGC	GCAGGATT	0	0	0
AATCCTGG	CCAGGATT	0	0	0
AATCCTGT	ACAGGATT	0	0	0
AATCCTTA	TAAGGATT	0	0	0
AATCCTTC	GAAGGATT	0	0	0
AATCCTTG	CAAGGATT	0	0	0
AATCGAAA	TTTCGATT	0	0	0
AATCGAAC	GTTCGATT	0	0	0
AATCGAAG	CTTCGATT	0	0	0
AATCGAAT	ATTCGATT	0	0	0
AATCGACA	TGTCGATT	0	0	0
AATCGACC	GGTCGATT	0	0	0
AATCGACG	CGTCGATT	0	0	0
AATCGACT	AGTCGATT	0	0	0
AATCGAGA	TCTCGATT	0	0	0
AATCGAGC	GCTCGATT	0	0	0
AATCGAGG	CCTCGATT	0	0	0
AATCGAGT	ACTCGATT	0	0	0
AATCGATA	TATCGATT	0	0	0
AATCGATC	GATCGATT	0	0	0
AATCGATG	CATCGATT	0	0	0
AATCGATT	AATCGATT	0	0	0
AATCGCAA	TTGCGATT	0	0	0
AATCGCAC	GTGCGATT	0	0	0
AATCGCAG	CTGCGATT	0	0	0
AATCGCAT	ATGCGATT	0	0	0
AATCGCCA	TGGCGATT	0	0	0
AATCGCCC	GGGCGATT	0	0	0
AATCGCCG	CGGCGATT	0	0	0
AATCGCCT	AGGCGATT	0	0	0
AATCGCGA	TCGCGATT	0	0	0
AATCGCGC	GCGCGATT	0	0	0
AATCGCGG	CCGCGATT	0	0	0
AATCGCGT	ACGCGATT	0	0	0
AATCGCTA	TAGCGATT	0	0	0
AATCGCTC	GAGCGATT	0	0	0
AATCGCTG	CAGCGATT	0	0	0
AATCGGAA	TTCCGATT	0	0	0
AATCGGAC	GTCCGATT	0	0	0
AATCGGAG	CTCCGATT	0	0	0
AATCGGAT	ATCCGATT	0	0	0
AATCGGCA	TGCCGATT	0	0	0
AATCGGCC	GGCCGATT	0	0	0
AATCGGCG	CGCCGATT	0	0	0
AATCGGCT	AGCCGATT	0	0	0
AATCGGGA	TCCCGATT	0	0	0
AATCGGGC	GCCCGATT	0	0	0
AATCGGGG	CCCCGATT	0	0	0
AATCGGGT	ACCCGATT	0	0	0
AATCGGTA	TACCGATT	0	0	0
AATCGGTC	GACCGATT	0	0	0
AATCGGTG	CACCGATT	0	0	0
AATCGTAA	TTACGATT	0	0	0
AATCGTAC	GTACGATT	0	0	0
AATCGTAG	CTACGATT	0	0	0
AATCGTAT	ATACGATT	0	0	0
AATCGTCA	TGACGATT	0	0	0
AATCGTCC	GGACGATT	0	0	0
AATCGTCG	CGACGATT	0	0	0
AATCGTCT	AGACGATT	0	0	0
AATCGTGA	TCACGATT	0	0	0
AATCGTGC	GCACGATT	0	0	0
AATCGTGG	CCACGATT	0	0	0
AATCGTGT	ACACGATT	0	0	0
AATCGTTA	TAACGATT	0	0	0
AATCGTTC	GAACGATT	0	0	0
AATCGTTG	CAACGATT	0	0	0
AATCTAAA	TTTAGATT	0	0	0
AATCTAAC	GTTAGATT	0	0	0
AATCTAAG	CTTAGATT	0	0	0
AATCTAAT	ATTAGATT	0	0	0
AATCTACA	TGTAGATT	0	0	0
AATCTACC	GGTAGATT	0	0	0
AATCTACG	CGTAGATT	0	0	0
AATCTACT	AGTAGATT	0	0	0
AATCTAGA	TCTAGATT	0	0	0
AATCTAGC	GCTAGATT	0	0	0
AATCTAGG	CCTAGATT	0	0	0
AATCTAGT	ACTAGATT	0	0	0
AATCTATA	TATAGATT	0	0	0
AATCTATC	GATAGATT	0	0	0
AATCTATG	CATAGATT	0	0	0
AATCTCAA	TTGAGATT	0	0	0
AATCTCAC	GTGAGATT	0	0	0
AATCTCAG	CTGAGATT	0	0	0
AATCTCAT	ATGAGATT	0	0	0
AATCTCCA	TGGAGATT	0	0	0
AATCTCCC	GGGAGATT	0	0	0
AATCTCCG	CGGAGATT	0	0	0
AATCTCCT	AGGAGATT	0	0	0
AATCTCGA	TCGAGATT	0	0	0
AATCTCGC	GCGAGATT	0	0	0
AATCTCGG	CCGAGATT	0	0	0
AATCTCGT	ACGAGATT	0	0	0
AATCTCTA	TAGAGATT	0	0	0
AATCTCTC	GAGAGATT	0	0	0
AATCTCTG	CAGAGATT	0	0	0
AATCTGAA	TTCAGATT	0	0	0
AATCTGAC	GTCAGATT	0	0	0
AATCTGAG	CTCAGATT	0	0	0
AATCTGAT	ATCAGATT	0	0	0
AATCTGCA	TGCAGATT	0	0	0
AATCTGCC	GGCAGATT	0	0	0
AATCTGCG	CGCAGATT	0	0	0
AATCTGCT	AGCAGATT	0	0	0
AATCTGGA	TCCAGATT	0	0	0
AATCTGGC	GCCAGATT	0	0	0
AATCTGGG	CCCAGATT	0	0	0
AATCTGGT	ACCAGATT	0	0	0
AATCTGTA	TACAGATT	0	0	0
AATCTGTC	GACAGATT	0	0	0
AATCTGTG	CACAGATT	0	0	0
AATCTTAA	TTAAGATT	0	0	0
AATCTTAC	GTAAGATT	0	0	0
AATCTTAG	CTAAGATT	0	0	0
AATCTTAT	ATAAGATT	0	0	0
AATCTTCA	TGAAGATT	0	0	0
AATCTTCC	GGAAGATT	0	0	0
AATCTTCG	CGAAGATT	0	0	0
AATCTTCT	AGAAGATT	0	0	0
AATCTTGA	TCAAGATT	0	0	0
AATCTTGC	GCAAGATT	0	0	0
AATCTTGG	CCAAGATT	0	0	0
AATCTTGT	ACAAGATT	0	0	0
AATCTTTA	TAAAGATT	0	0	0
AATCTTTC	GAAAGATT	0	0	0
AATCTTTG	CAAAGATT	0	0	0
AATGAAAA	TTTTCATT	0	0	0
AATGAAAC	GTTTCATT	0	0	0
AATGAAAG	CTTTCATT	0	0	0
AATGAAAT	ATTTCATT	0	0	0
AATGAACA	TGTTCATT	0	0	0
AATGAACC	GGTTCATT	0	0	0
AATGAACG	CGTTCATT	0	0	0
AATGAACT	AGTTCATT	0	0	0
AATGAAGA	TCTTCATT	0	0	0
AATGAAGC	GCTTCATT	0	0	0
AATGAAGG	CCTTCATT	0	0	0
AATGAAGT	ACTTCATT	0	0	0
AATGAATA	TATTCATT	0	0	0
AATGAATC	GATTCATT	0	0	0
AATGAATG	CATTCATT	0	0	0
AATGAATT	AATTCATT	0	0	0
AATGACAA	TTGTCATT	0	0	0
AATGACAC	GTGTCATT	0	0	0
AATGACAG	CTGTCATT	0	0	0
AATGACAT	ATGTCATT	0	0	0
AATGACCA	TGGTCATT	0	0	0
AATGACCC	GGGTCATT	0	0	0
AATGACCG	CGGTCATT	0	0	0
AATGACCT	AGGTCATT	0	0	0
AATGACGA	TCGTCATT	0	0	0
AATGACGC	GCGTCATT	0	0	0
AATGACGG	CCGTCATT	0	0	0
AATGACGT	ACGTCATT	0	0	0
AATGACTA	TAGTCATT	0	0	0
AATGACTC	GAGTCATT	0	0	0
AATGACTG	CAGTCATT	0	0	0
AATGAGAA	TTCTCATT	0	0	0
AATGAGAC	GTCTCATT	0	0	0
AATGAGAG	CTCTCATT	0	0	0
AATGAGAT	ATCTCATT	0	0	0
AATGAGCA	TGCTCATT	0	0	0
AATGAGCC	GGCTCATT	0	0	0
AATGAGCG	CGCTCATT	0	0	0
AATGAGCT	AGCTCATT	0	0	0
AATGAGGA	TCCTCATT	0	0	0
AATGAGGC	GCCTCATT	0	0	0
AATGAGGG	CCCTCATT	0	0	0
AATGAGGT	ACCTCATT	0	0	0
AATGAGTA	TACTCATT	0	0	0
AATGAGTC	GACTCATT	0	0	0
AATGAGTG	CACTCATT	0	0	0
AATGATAA	TTATCATT	0	0	0
AATGATAC	GTATCATT	0	0	0
AATGATAG	CTATCATT	0	0	0
AATGATAT	ATATCATT	0	0	0
AATGATCA	TGATCATT	0	0	0
AATGATCC	GGATCATT	0	0	0
AATGATCG	CGATCATT	0	0	0
AATGATCT	AGATCATT	0	0	0
AATGATGA	TCATCATT	0	0	0
AATGATGC	GCATCATT	0	0	0
AATGATGG	CCATCATT	0	0	0
AATGATGT	ACATCATT	0	0	0
AATGATTA	TAATCATT	0	0	0
AATGATTC	GAATCATT	0	0	0
AATGATTG	CAATCATT	0	0	0
AATGCAAA	TTTGCATT	0	0	0
AATGCAAC	GTTGCATT	0	0	0
AATGCAAG	CTTGCATT	0	0	0
AATGCAAT	ATTGCATT	0	0	0
AATGCACA	TGTGCATT	0	0	0
AATGCACC	GGTGCATT	0	0	0
AATGCACG	CGTGCATT	0	0	0
AATGCACT	AGTGCATT	0	0	0
AATGCAGA	TCTGCATT	0	0	0
AATGCAGC	GCTGCATT	0	0	0
AATGCAGG	CCTGCATT	0	0	0
AATGCAGT	ACTGCATT	0	0	0
AATGCATA	TATGCATT	0	0	0
AATGCATC	GATGCATT	0	0	0
AATGCATG	CATGCATT	0	0	0
AATGCATT	AATGCATT	0	0	0
AATGCCAA	TTGGCATT	0	0	0
AATGCCAC	GTGGCATT	0	0	0
AATGCCAG	CTGGCATT	0	0	0
AATGCCAT	ATGGCATT	0	0	0
AATGCCCA	TGGGCATT	0	0	0
AATGCCCC	GGGGCATT	0	0	0
AATGCCCG	CGGGCATT	0	0	0
AATGCCCT	AGGGCATT	0	0	0
AATGCCGA	TCGGCATT	0	0	0
AATGCCGC	GCGGCATT	0	0	0
AATGCCGG	CCGGCATT	0	0	0
AATGCCGT	ACGGCATT	0	0	0
AATGCCTA	TAGGCATT	0	0	0
AATGCCTC	GAGGCATT	0	0	0
AATGCCTG	CAGGCATT	0	0	0
AATGCGAA	TTCGCATT	0	0	0
AATGCGAC	GTCGCATT	0	0	0
AATGCGAG	CTCGCATT	0	0	0
AATGCGAT	ATCGCATT	0	0	0
AATGCGCA	TGCGCATT	0	0	0
AATGCGCC	GGCGCATT	0	0	0
AATGCGCG	CGCGCATT	0	0	0
AATGCGCT	AGCGCATT	0	0	0
AATGCGGA	TCCGCATT	0	0	0
AATGCGGC	GCCGCATT	0	0	0
AATGCGGG	CCCGCATT	0	0	0
AATGCGGT	ACCGCATT	0	0	0
AATGCGTA	TACGCATT	0	0	0
AATGCGTC	GACGCATT	0	0	0
AATGCGTG	CACGCATT	0	0	0
AATGCTAA	TTAGCATT	0	0	0
AATGCTAC	GTAGCATT	0	0	0
AATGCTAG	CTAGCATT	0	0	0
AATGCTAT	ATAGCATT	0	0	0
AATGCTCA	TGAGCATT	0	0	0
AATGCTCC	GGAGCATT	0	0	0
AATGCTCG	CGAGCATT	0	0	0
AATGCTCT	AGAGCATT	0	0	0
AATGCTGA	TCAGCATT	0	0	0
AATGCTGC	GCAGCATT	0	0	0
AATGCTGG	CCAGCATT	0	0	0
AATGCTGT	ACAGCATT	0	0	0
AATGCTTA	TAAGCATT	0	0	0
AATGCTTC	GAAGCATT	0	0	0
AATGCTTG	CAAGCATT	0	0	0
AATGGAAA	TTTCCATT	0	0	0
AATGGAAC	GTTCCATT	0	0	0
AATGGAAG	CTTCCATT	0	0	0
AATGGAAT	ATTCCATT	0	0	0
AATGGACA	TGTCCATT	0	0	0
AATGGACC	GGTCCATT	0	0	0
AATGGACG	CGTCCATT	0	0	0
AATGGACT	AGTCCATT	0	0	0
AATGGAGA	TCTCCATT	0	0	0
AATGGAGC	GCTCCATT	0	0	0
AATGGAGG	CCTCCATT	0	0	0
AATGGAGT	ACTCCATT	0	0	0
AATGGATA	TATCCATT	0	0	0
AATGGATC	GATCCATT	0	0	0
AATGGATG	CATCCATT	0	0	0
AATGGCAA	TTGCCATT	0	0	0
AATGGCAC	GTGCCATT	0	0	0
AATGGCAG	CTGCCATT	0	0	0
AATGGCAT	ATGCCATT	0	0	0
AATGGCCA	TGGCCATT	0	0	0
AATGGCCC	GGGCCATT	0	0	0
AATGGCCG	CGGCCATT	0	0	0
AATGGCCT	AGGCCATT	0	0	0
AATGGCGA	TCGCCATT	0	0	0
AATGGCGC	GCGCCATT	0	0	0
AATGGCGG	CCGCCATT	0	0	0
AATGGCGT	ACGCCATT	0	0	0
AATGGCTA	TAGCCATT	0	0	0
AATGGCTC	GAGCCATT	0	0	0
AATGGCTG	CAGCCATT	0	0	0
AATGGGAA	TTCCCATT	0	0	0
AATGGGAC	GTCCCATT	0	0	0
AATGGGAG	CTCCCATT	0	0	0
AATGGGAT	ATCCCATT	0	0	0
AATGGGCA	TGCCCATT	0	0	0
AATGGGCC	GGCCCATT	0	0	0
AATGGGCG	CGCCCATT	0	0	0
AATGGGCT	AGCCCATT	0	0	0
AATGGGGA	TCCCCATT	0	0	0
AATGGGGC	GCCCCATT	0	0	0
AATGGGGG	CCCCCATT	0	0	0
AATGGGGT	ACCCCATT	0	0	0
AATGGGTA	TACCCATT	0	0	0
AATGGGTC	GACCCATT	0	0	0
AATGGGTG	CACCCATT	0	0	0
AATGGTAA	TTACCATT	0	0	0
AATGGTAC	GTACCATT	0	0	0
AATGGTAG	CTACCATT	0	0	0
AATGGTAT	ATACCATT	0	0	0
AATGGTCA	TGACCATT	0	0	0
AATGGTCC	GGACCATT	0	0	0
AATGGTCG	CGACCATT	0	0	0
AATGGTCT	AGACCATT	0	0	0
AATGGTGA	TCACCATT	0	0	0
AATGGTGC	GCACCATT	0	0	0
AATGGTGG	CCACCATT	0	0	0
AATGGTGT	ACACCATT	0	0	0
AATGGTTA	TAACCATT	0	0	0
AATGGTTC	GAACCATT	0	0	0
AATGGTTG	CAACCATT	0	0	0
AATGTAAA	TTTACATT	0	0	0
AATGTAAC	GTTACATT	0	0	0
AATGTAAG	CTTACATT	0	0	0
AATGTAAT	ATTACATT	0	0	0
AATGTACA	TGTACATT	0	0	0
AATGTACC	GGTACATT	0	0	0
AATGTACG	CGTACATT	0	0	0
AATGTACT	AGTACATT	0	0	0
AATGTAGA	TCTACATT	0	0	0
AATGTAGC	GCTACATT	0	0	0
AATGTAGG	CCTACATT	0	0	0
AATGTAGT	ACTACATT	0	0	0
AATGTATA	TATACATT	0	0	0
AATGTATC	GATACATT	0	0	0
AATGTATG	CATACATT	0	0	0
AATGTCAA	TTGACATT	0	0	0
AATGTCAC	GTGACATT	0	0	0
AATGTCAG	CTGACATT	0	0	0
AATGTCAT	ATGACATT	0	0	0
AATGTCCA	TGGACATT	0	0	0
AATGTCCC	GGGACATT	0	0	0
AATGTCCG	CGGACATT	0	0	0
AATGTCCT	AGGACATT	0	0	0
AATGTCGA	TCGACATT	0	0	0
AATGTCGC	GCGACATT	0	0	0
AATGTCGG	CCGACATT	0	0	0
AATGTCGT	ACGACATT	0	0	0
AATGTCTA	TAGACATT	0	0	0
AATGTCTC	GAGACATT	0	0	0
AATGTCTG	CAGACATT	0	0	0
AATGTGAA	TTCACATT	0	0	0
AATGTGAC	GTCACATT	0	0	0
AATGTGAG	CTCACATT	0	0	0
AATGTGAT	ATCACATT	0	0	0
AATGTGCA	TGCACATT	0	0	0
AATGTGCC	GGCACATT	0	0	0
AATGTGCG	CGCACATT	0	0	0
AATGTGCT	AGCACATT	0	0	0
AATGTGGA	TCCACATT	0	0	0
AATGTGGC	GCCACATT	0	0	0
AATGTGGG	CCCACATT	0	0	0
AATGTGGT	ACCACATT	0	0	0
AATGTGTA	TACACATT	0	0	0
AATGTGTC	GACACATT	0	0	0
AATGTGTG	CACACATT	0	0	0
AATGTTAA	TTAACATT	0	0	0
AATGTTAC	GTAACATT	0	0	0
AATGTTAG	CTAACATT	0	0	0
AATGTTAT	ATAACATT	0	0	0
AATGTTCA	TGAACATT	0	0	0
AATGTTCC	GGAACATT	0	0	0
AATGTTCG	CGAACATT	0	0	0
AATGTTCT	AGAACATT	0	0	0
AATGTTGA	TCAACATT	0	0	0
AATGTTGC	GCAACATT	0	0	0
AATGTTGG	CCAACATT	0	0	0
AATGTTGT	ACAACATT	0	0	0
AATGTTTA	TAAACATT	0	0	0
AATGTTTC	GAAACATT	0	0	0
AATGTTTG	CAAACATT	0	0	0
AATTAAAA	TTTTAATT	0	0	0
AATTAAAC	GTTTAATT	0	0	0
AATTAAAG	CTTTAATT	0	0	0
AATTAAAT	ATTTAATT	0	0	0
AATTAACA	TGTTAATT	0	0	0
AATTAACC	GGTTAATT	0	0	0
AATTAACG	CGTTAATT	0	0	0
AATTAACT	AGTTAATT	0	0	0
AATTAAGA	TCTTAATT	0	0	0
AATTAAGC	GCTTAATT	0	0	0
AATTAAGG	CCTTAATT	0	0	0
AATTAAGT	ACTTAATT	0	0	0
AATTAATA	TATTAATT	0	0	0
AATTAATC	GATTAATT	0	0	0
AATTAATG	CATTAATT	0	0	0
AATTAATT	AATTAATT	0	0	0
AATTACAA	TTGTAATT	0	0	0
AATTACAC	GTGTAATT	0	0	0
AATTACAG	CTGTAATT	0	0	0
AATTACAT	ATGTAATT	0	0	0
AATTACCA	TGGTAATT	0	0	0
AATTACCC	GGGTAATT	0	0	0
AATTACCG	CGGTAATT	0	0	0
AATTACCT	AGGTAATT	0	0	0
AATTACGA	TCGTAATT	0	0	0
AATTACGC	GCGTAATT	0	0	0
AATTACGG	CCGTAATT	0	0	0
AATTACGT	ACGTAATT	0	0	0
AATTACTA	TAGTAATT	0	0	0
AATTACTC	GAGTAATT	0	0	0
AATTACTG	CAGTAATT	0	0	0
AATTAGAA	TTCTAATT	0	0	0
AATTAGAC	GTCTAATT	0	0	0
AATTAGAG	CTCTAATT	0	0	0
AATTAGAT	ATCTAATT	0	0	0
AATTAGCA	TGCTAATT	0	0	0
AATTAGCC	GGCTAATT	0	0	0
AATTAGCG	CGCTAATT	0	0	0
AATTAGCT	AGCTAATT	0	0	0
AATTAGGA	TCCTAATT	0	0	0
AATTAGGC	GCCTAATT	0	0	0
AATTAGGG	CCCTAATT	0	0	0
AATTAGGT	ACCTAATT	0	0	0
AATTAGTA	TACTAATT	0	0	0
AATTAGTC	GACTAATT	0	0	0
AATTAGTG	CACTAATT	0	0	0
AATTATAA	TTATAATT	0	0	0
AATTATAC	GTATAATT	0	0	0
AATTATAG	CTATAATT	0	0	0
AATTATAT	ATATAATT	0	0	0
AATTATCA	TGATAATT	0	0	0
AATTATCC	GGATAATT	0	0	0
AATTATCG	CGATAATT	0	0	0
AATTATCT	AGATAATT	0	0	0
AATTATGA	TCATAATT	0	0	0
AATTATGC	GCATAATT	0	0	0
AATTATGG	CCATAATT	0	0	0
AATTATGT	ACATAATT	0	0	0
AATTATTA	TAATAATT	0	0	0
AATTATTC	GAATAATT	0	0	0
AATTATTG	CAATAATT	0	0	0
AATTCAAA	TTTGAATT	0	0	0
AATTCAAC	GTTGAATT	0	0	0
AATTCAAG	CTTGAATT	0	0	0
AATTCAAT	ATTGAATT	0	0	0
AATTCACA	TGTGAATT	0	0	0
AATTCACC	GGTGAATT	0	0	0
AATTCACG	CGTGAATT	0	0	0
AATTCACT	AGTGAATT	0	0	0
AATTCAGA	TCTGAATT	0	0	0
AATTCAGC	GCTGAATT	0	0	0
AATTCAGG	CCTGAATT	0	0	0
AATTCAGT	ACTGAATT	0	0	0
AATTCATA	TATGAATT	0	0	0
AATTCATC	GATGAATT	0	0	0
AATTCATG	CATGAATT	0	0	0
AATTCCAA	TTGGAATT	0	0	0
AATTCCAC	GTGGAATT	0	0	0
AATTCCAG	CTGGAATT	0	0	0
AATTCCAT	ATGGAATT	0	0	0
AATTCCCA	TGGGAATT	0	0	0
AATTCCCC	GGGGAATT	0	0	0
AATTCCCG	CGGGAATT	0	0	0
AATTCCCT	AGGGAATT	0	0	0
AATTCCGA	TCGGAATT	0	0	0
AATTCCGC	GCGGAATT	0	0	0
AATTCCGG	CCGGAATT	0	0	0
AATTCCGT	ACGGAATT	0	0	0
AATTCCTA	TAGGAATT	0	0	0
AATTCCTC	GAGGAATT	0	0	0
AATTCCTG	CAGGAATT	0	0	0
AATTCGAA	TTCGAATT	0	0	0
AATTCGAC	GTCGAATT	0	0	0
AATTCGAG	CTCGAATT	0	0	0
AATTCGAT	ATCGAATT	0	0	0
AATTCGCA	TGCGAATT	0	0	0
AATTCGCC	GGCGAATT	0	0	0
AATTCGCG	CGCGAATT	0	0	0
AATTCGCT	AGCGAATT	0	0	0
AATTCGGA	TCCGAATT	0	0	0
AATTCGGC	GCCGAATT	0	0	0
AATTCGGG	CCCGAATT	0	0	0
AATTCGGT	ACCGAATT	0	0	0
AATTCGTA	TACGAATT	0	0	0
AATTCGTC	GACGAATT	0	0	0
AATTCGTG	CACGAATT	0	0	0
AATTCTAA	TTAGAATT	0	0	0
AATTCTAC	GTAGAATT	0	0	0
AATTCTAG	CTAGAATT	0	0	0
AATTCTAT	ATAGAATT	0	0	0
AATTCTCA	TGAGAATT	0	0	0
AATTCTCC	GGAGAATT	0	0	0
AATTCTCG	CGAGAATT	0	0	0
AATTCTCT	AGAGAATT	0	0	0
AATTCTGA	TCAGAATT	0	0	0
AATTCTGC	GCAGAATT	0	0	0
AATTCTGG	CCAGAATT	0	0	0
AATTCTGT	ACAGAATT	0	0	0
AATTCTTA	TAAGAATT	0	0	0
AATTCTTC	GAAGAATT	0	0	0
AATTCTTG	CAAGAATT	0	0	0
AATTGAAA	TTTCAATT	0	0	0
AATTGAAC	GTTCAATT	0	0	0
AATTGAAG	CTTCAATT	0	0	0
AATTGAAT	ATTCAATT	0	0	0
AATTGACA	TGTCAATT	0	0	0
AATTGACC	GGTCAATT	0	0	0
AATTGACG	CGTCAATT	0	0	0
AATTGACT	AGTCAATT	0	0	0
AATTGAGA	TCTCAATT	0	0	0
AATTGAGC	GCTCAATT	0	0	0
AATTGAGG	CCTCAATT	0	0	0
AATTGAGT	ACTCAATT	0	0	0
AATTGATA	TATCAATT	0	0	0
AATTGATC	GATCAATT	0	0	0
AATTGATG	CATCAATT	0	0	0
AATTGCAA	TTGCAATT	0	0	0
AATTGCAC	GTGCAATT	0	0	0
AATTGCAG	CTGCAATT	0	0	0
AATTGCAT	ATGCAATT	0	0	0
AATTGCCA	TGGCAATT	0	0	0
AATTGCCC	GGGCAATT	0	0	0
AATTGCCG	CGGCAATT	0	0	0
AATTGCCT	AGGCAATT	0	0	0
AATTGCGA	TCGCAATT	0	0	0
AATTGCGC	GCGCAATT	0	0	0
AATTGCGG	CCGCAATT	0	0	0
AATTGCGT	ACGCAATT	0	0	0
AATTGCTA	TAGCAATT	0	0	0
AATTGCTC	GAGCAATT	0	0	0
AATTGCTG	CAGCAATT	0	0	0
AATTGGAA	TTCCAATT	0	0	0
AATTGGAC	GTCCAATT	0	0	0
AATTGGAG	CTCCAATT	0	0	0
AATTGGAT	ATCCAATT	0	0	0
AATTGGCA	TGCCAATT	0	0	0
AATTGGCC	GGCCAATT	0	0	0
AATTGGCG	CGCCAATT	0	0	0
AATTGGCT	AGCCAATT	0	0	0
AATTGGGA	TCCCAATT	0	0	0
AATTGGGC	GCCCAATT	0	0	0
AATTGGGG	CCCCAATT	0	0	0
AATTGGGT	ACCCAATT	0	0	0
AATTGGTA	TACCAATT	0	0	0
AATTGGTC	GACCAATT	0	0	0
AATTGGTG	CACCAATT	0	0	0
AATTGTAA	TTACAATT	0	0	0
AATTGTAC	GTACAATT	0	0	0
AATTGTAG	CTACAATT	0	0	0
AATTGTAT	ATACAATT	0	0	0
AATTGTCA	TGACAATT	0	0	0
AATTGTCC	GGACAATT	0	0	0
AATTGTCG	CGACAATT	0	0	0
AATTGTCT	AGACAATT	0	0	0
AATTGTGA	TCACAATT	0	0	0
AATTGTGC	GCACAATT	0	0	0
AATTGTGG	CCACAATT	0	0	0
AATTGTGT	ACACAATT	0	0	0
AATTGTTA	TAACAATT	0	0	0
AATTGTTC	GAACAATT	0	0	0
AATTGTTG	CAACAATT	0	0	0
AATTTAAA	TTTAAATT	0	0	0
AATTTAAC	GTTAAATT	0	0	0
AATTTAAG	CTTAAATT	0	0	0
AATTTAAT	ATTAAATT	0	0	0
AATTTACA	TGTAAATT	0	0	0
AATTTACC	GGTAAATT	0	0	0
AATTTACG	CGTAAATT	0	0	0
AATTTACT	AGTAAATT	0	0	0
AATTTAGA	TCTAAATT	0	0	0
AATTTAGC	GCTAAATT	0	0	0
AATTTAGG	CCTAAATT	0	0	0
AATTTAGT	ACTAAATT	0	0	0
AATTTATA	TATAAATT	0	0	0
AATTTATC	GATAAATT	0	0	0
AATTTATG	CATAAATT	0	0	0
AATTTCAA	TTGAAATT	0	0	0
AATTTCAC	GTGAAATT	0	0	0
AATTTCAG	CTGAAATT	0	0	0
AATTTCAT	ATGAAATT	0	0	0
AATTTCCA	TGGAAATT	0	0	0
AATTTCCC	GGGAAATT	0	0	0
AATTTCCG	CGGAAATT	0	0	0
AATTTCCT	AGGAAATT	0	0	0
AATTTCGA	TCGAAATT	0	0	0
AATTTCGC	GCGAAATT	0	0	0
AATTTCGG	CCGAAATT	0	0	0
AATTTCGT	ACGAAATT	0	0	0
AATTTCTA	TAGAAATT	0	0	0
AATTTCTC	GAGAAATT	0	0	0
AATTTCTG	CAGAAATT	0	0	0
AATTTGAA	TTCAAATT	0	0	0
AATTTGAC	GTCAAATT	0	0	0
AATTTGAG	CTCAAATT	0	0	0
AATTTGAT	ATCAAATT	0	0	0
AATTTGCA	TGCAAATT	0	0	0
AATTTGCC	GGCAAATT	0	0	0
AATTTGCG	CGCAAATT	0	0	0
AATTTGCT	AGCAAATT	0	0	0
AATTTGGA	TCCAAATT	0	0	0
AATTTGGC	GCCAAATT	0	0	0
AATTTGGG	CCCAAATT	0	0	0
AATTTGGT	ACCAAATT	0	0	0
AATTTGTA	TACAAATT	0	0	0
AATTTGTC	GACAAATT	0	0	0
AATTTGTG	CACAAATT	0	0	0
AATTTTAA	TTAAAATT	0	0	0
AATTTTAC	GTAAAATT	0	0	0
AATTTTAG	CTAAAATT	0	0	0
AATTTTAT	ATAAAATT	0	0	0
AATTTTCA	TGAAAATT	0	0	0
AATTTTCC	GGAAAATT	0	0	0
AATTTTCG	CGAAAATT	0	0	0
AATTTTCT	AGAAAATT	0	0	0
AATTTTGA	TCAAAATT	0	0	0
AATTTTGC	GCAAAATT	0	0	0
AATTTTGG	CCAAAATT	0	0	0
AATTTTGT	ACAAAATT	0	0	0
AATTTTTA	TAAAAATT	0	0	0
AATTTTTC	GAAAAATT	0	0	0
AATTTTTG	CAAAAATT	0	0	0
ACAAAAAA	TTTTTTGT	0	0	0
ACAAAAAC	GTTTTTGT	0	0	0
ACAAAAAG	CTTTTTGT	0	0	0
ACAAAAAT	ATTTTTGT	0	0	0
ACAAAACA	TGTTTTGT	0	0	0
ACAAAACC	GGTTTTGT	0	0	0
ACAAAACG	CGTTTTGT	0	0	0
ACAAAACT	AGTTTTGT	0	0	0
ACAAAAGA	TCTTTTGT	0	0	0
ACAAAAGC	GCTTTTGT	0	0	0
ACAAAAGG	CCTTTTGT	0	0	0
ACAAAAGT	ACTTTTGT	0	0	0
ACAAAATA	TATTTTGT	0	0	0
ACAAAATC	GATTTTGT	0	0	0
ACAAAATG	CATTTTGT	0	0	0
ACAAACAA	TTGTTTGT	0	0	0
ACAAACAC	GTGTTTGT	0	0	0
ACAAACAG	CTGTTTGT	0	0	0
ACAAACAT	ATGTTTGT	0	0	0
ACAAACCA	TGGTTTGT	0	0	0
ACAAACCC	GGGTTTGT	0	0	0
ACAAACCG	CGGTTTGT	0	0	0
ACAAACCT	AGGTTTGT	0	0	0
ACAAACGA	TCGTTTGT	0	0	0
ACAAACGC	GCGTTTGT	0	0	0
ACAAACGG	CCGTTTGT	0	0	0
ACAAACGT	ACGTTTGT	0	0	0
ACAAACTA	TAGTTTGT	0	0	0
ACAAACTC	GAGTTTGT	0	0	0
ACAAACTG	CAGTTTGT	0	0	0
ACAAAGAA	TTCTTTGT	0	0	0
ACAAAGAC	GTCTTTGT	0	0	0
ACAAAGAG	CTCTTTGT	0	0	0
ACAAAGAT	ATCTTTGT	0	0	0
ACAAAGCA	TGCTTTGT	0	0	0
ACAAAGCC	GGCTTTGT	0	0	0
ACAAAGCG	CGCTTTGT	0	0	0
ACAAAGCT	AGCTTTGT	0	0	0
ACAAAGGA	TCCTTTGT	0	0	0
ACAAAGGC	GCCTTTGT	0	0	0
ACAAAGGG	CCCTTTGT	0	0	0
ACAAAGGT	ACCTTTGT	0	0	0
ACAAAGTA	TACTTTGT	0	0	0
ACAAAGTC	GACTTTGT	0	0	0
ACAAAGTG	CACTTTGT	0	0	0
ACAAATAA	TTATTTGT	0	0	0
ACAAATAC	GTATTTGT	0	0	0
ACAAATAG	CTATTTGT	0	0	0
ACAAATAT	ATATTTGT	0	0	0
ACAAATCA	TGATTTGT	0	0	0
ACAAATCC	GGATTTGT	0	0	0
ACAAATCG	CGATTTGT	0	0	0
ACAAATCT	AGATTTGT	0	0	0
ACAAATGA	TCATTTGT	0	0	0
ACAAATGC	GCATTTGT	0	0	0
ACAAATGG	CCATTTGT	0	0	0
ACAAATGT	ACATTTGT	0	0	0
ACAAATTA	TAATTTGT	0	0	0
ACAAATTC	GAATTTGT	0	0	0
ACAAATTG	CAATTTGT	0	0	0
ACAACAAA	TTTGTTGT	0	0	0
ACAACAAC	GTTGTTGT	0	0	0
ACAACAAG	CTTGTTGT	0	0	0
ACAACAAT	ATTGTTGT	0	0	0
ACAACACA	TGTGTTGT	0	0	0
ACAACACC	GGTGTTGT	0	0	0
ACAACACG	CGTGTTGT	0	0	0
ACAACACT	AGTGTTGT	0	0	0
ACAACAGA	TCTGTTGT	0	0	0
ACAACAGC	GCTGTTGT	0	0	0
ACAACAGG	CCTGTTGT	0	0	0
ACAACAGT	ACTGTTGT	0	0	0
ACAACATA	TATGTTGT	0	0	0
ACAACATC	GATGTTGT	0	0	0
ACAACATG	CATGTTGT	0	0	0
ACAACCAA	TTGGTTGT	0	0	0
ACAACCAC	GTGGTTGT	0	0	0
ACAACCAG	CTGGTTGT	0	0	0
ACAACCAT	ATGGTTGT	0	0	0
ACAACCCA	TGGGTTGT	0	0	0
ACAACCCC	GGGGTTGT	0	0	0
ACAACCCG	CGGGTTGT	0	0	0
ACAACCCT	AGGGTTGT	0	0	0
ACAACCGA	TCGGTTGT	0	0	0
ACAACCGC	GCGGTTGT	0	0	0
ACAACCGG	CCGGTTGT	0	0	0
ACAACCGT	ACGGTTGT	0	0	0
ACAACCTA	TAGGTTGT	0	0	0
ACAACCTC	GAGGTTGT	0	0	0
ACAACCTG	CAGGTTGT	0	0	0
ACAACGAA	TTCGTTGT	0	0	0
ACAACGAC	GTCGTTGT	0	0	0
ACAACGAG	CTCGTTGT	0	0	0
ACAACGAT	ATCGTTGT	0	0	0
ACAACGCA	TGCGTTGT	0	0	0
ACAACGCC	GGCGTTGT	0	0	0
ACAACGCG	CGCGTTGT	0	0	0
ACAACGCT	AGCGTTGT	0	0	0
ACAACGGA	TCCGTTGT	0	0	0
ACAACGGC	GCCGTTGT	0	0	0
ACAACGGG	CCCGTTGT	0	0	0
ACAACGGT	ACCGTTGT	0	0	0
ACAACGTA	TACGTTGT	0	0	0
ACAACGTC	GACGTTGT	0	0	0
ACAACGTG	CACGTTGT	0	0	0
ACAACTAA	TTAGTTGT	0	0	0
ACAACTAC	GTAGTTGT	0	0	0
ACAACTAG	CTAGTTGT	0	0	0
ACAACTAT	ATAGTTGT	0	0	0
ACAACTCA	TGAGTTGT	0	0	0
ACAACTCC	GGAGTTGT	0	0	0
ACAACTCG	CGAGTTGT	0	0	0
ACAACTCT	AGAGTTGT	0	0	0
ACAACTGA	TCAGTTGT	0	0	0
ACAACTGC	GCAGTTGT	0	0	0
ACAACTGG	CCAGTTGT	0	0	0
ACAACTGT	ACAGTTGT	0	0	0
ACAACTTA	TAAGTTGT	0	0	0
ACAACTTC	GAAGTTGT	0	0	0
ACAACTTG	CAAGTTGT	0	0	0
ACAAGAAA	TTTCTTGT	0	0	0
ACAAGAAC	GTTCTTGT	0	0	0
ACAAGAAG	CTTCTTGT	0	0	0
ACAAGAAT	ATTCTTGT	0	0	0
ACAAGACA	TGTCTTGT	0	0	0
ACAAGACC	GGTCTTGT	0	0	0
ACAAGACG	CGTCTTGT	0	0	0
ACAAGACT	AGTCTTGT	0	0	0
ACAAGAGA	TCTCTTGT	0	0	0
ACAAGAGC	GCTCTTGT	0	0	0
ACAAGAGG	CCTCTTGT	0	0	0
ACAAGAGT	ACTCTTGT	0	0	0
ACAAGATA	TATCTTGT	0	0	0
ACAAGATC	GATCTTGT	0	0	0
ACAAGATG	CATCTTGT	0	0	0
ACAAGCAA	TTGCTTGT	0	0	0
ACAAGCAC	GTGCTTGT	0	0	0
ACAAGCAG	CTGCTTGT	0	0	0
ACAAGCAT	ATGCTTGT	0	0	0
ACAAGCCA	TGGCTTGT	0	0	0
ACAAGCCC	GGGCTTGT	0	0	0
ACAAGCCG	CGGCTTGT	0	0	0
ACAAGCCT	AGGCTTGT	0	0	0
ACAAGCGA	TCGCTTGT	0	0	0
ACAAGCGC	GCGCTTGT	0	0	0
ACAAGCGG	CCGCTTGT	0	0	0
ACAAGCGT	ACGCTTGT	0	0	0
ACAAGCTA	TAGCTTGT	0	0	0
ACAAGCTC	GAGCTTGT	0	0	0
ACAAGCTG	CAGCTTGT	0	0	0
ACAAGGAA	TTCCTTGT	0	0	0
ACAAGGAC	GTCCTTGT	0	0	0
ACAAGGAG	CTCCTTGT	0	0	0
ACAAGGAT	ATCCTTGT	0	0	0
ACAAGGCA	TGCCTTGT	0	0	0
ACAAGGCC	GGCCTTGT	0	0	0
ACAAGGCG	CGCCTTGT	0	0	0
ACAAGGCT	AGCCTTGT	0	0	0
ACAAGGGA	TCCCTTGT	0	0	0
ACAAGGGC	GCCCTTGT	0	0	0
ACAAGGGG	CCCCTTGT	0	0	0
ACAAGGGT	ACCCTTGT	0	0	0
ACAAGGTA	TACCTTGT	0	0	0
ACAAGGTC	GACCTTGT	0	0	0
ACAAGGTG	CACCTTGT	0	0	0
ACAAGTAA	TTACTTGT	0	0	0
ACAAGTAC	GTACTTGT	0	0	0
ACAAGTAG	CTACTTGT	0	0	0
ACAAGTAT	ATACTTGT	0	0	0
ACAAGTCA	TGACTTGT	0	0	0
ACAAGTCC	GGACTTGT	0	0	0
ACAAGTCG	CGACTTGT	0	0	0
ACAAGTCT	AGACTTGT	0	0	0
ACAAGTGA	TCACTTGT	0	0	0
ACAAGTGC	GCACTTGT	0	0	0
ACAAGTGG	CCACTTGT	0	0	0
ACAAGTGT	ACACTTGT	0	0	0
ACAAGTTA	TAACTTGT	0	0	0
ACAAGTTC	GAACTTGT	0	0	0
ACAAGTTG	CAACTTGT	0	0	0
ACAATAAA	TTTATTGT	0	0	0
ACAATAAC	GTTATTGT	0	0	0
ACAATAAG	CTTATTGT	0	0	0
ACAATAAT	ATTATTGT	0	0	0
ACAATACA	TGTATTGT	0	0	0
ACAATACC	GGTATTGT	0	0	0
ACAATACG	CGTATTGT	0	0	0
ACAATACT	AGTATTGT	0	0	0
ACAATAGA	TCTATTGT	0	0	0
ACAATAGC	GCTATTGT	0	0	0
ACAATAGG	CCTATTGT	0	0	0
ACAATAGT	ACTATTGT	0	0	0
ACAATATA	TATATTGT	0	0	0
ACAATATC	GATATTGT	0	0	0
ACAATATG	CATATTGT	0	0	0
ACAATCAA	TTGATTGT	0	0	0
ACAATCAC	GTGATTGT	0	0	0
ACAATCAG	CTGATTGT	0	0	0
ACAATCAT	ATGATTGT	0	0	0
ACAATCCA	TGGATTGT	0	0	0
ACAATCCC	GGGATTGT	0	0	0
ACAATCCG	CGGATTGT	0	0	0
ACAATCCT	AGGATTGT	0	0	0
ACAATCGA	TCGATTGT	0	0	0
ACAATCGC	GCGATTGT	0	0	0
ACAATCGG	CCGATTGT	0	0	0
ACAATCGT	ACGATTGT	0	0	0
ACAATCTA	TAGATTGT	0	0	0
ACAATCTC	GAGATTGT	0	0	0
ACAATCTG	CAGATTGT	0	0	0
ACAATGAA	TTCATTGT	0	0	0
ACAATGAC	GTCATTGT	0	0	0
ACAATGAG	CTCATTGT	0	0	0
ACAATGAT	ATCATTGT	0	0	0
ACAATGCA	TGCATTGT	0	0	0
ACAATGCC	GGCATTGT	0	0	0
ACAATGCG	CGCATTGT	0	0	0
ACAATGCT	AGCATTGT	0	0	0
ACAATGGA	TCCATTGT	0	0	0
ACAATGGC	GCCATTGT	0	0	0
ACAATGGG	CCCATTGT	0	0	0
ACAATGGT	ACCATTGT	0	0	0
ACAATGTA	TACATTGT	0	0	0
ACAATGTC	GACATTGT	0	0	0
ACAATGTG	CACATTGT	0	0	0
ACAATTAA	TTAATTGT	0	0	0
ACAATTAC	GTAATTGT	0	0	0
ACAATTAG	CTAATTGT	0	0	0
ACAATTAT	ATAATTGT	0	0	0
ACAATTCA	TGAATTGT	0	0	0
ACAATTCC	GGAATTGT	0	0	0
ACAATTCG	CGAATTGT	0	0	0
ACAATTCT	AGAATTGT	0	0	0
ACAATTGA	TCAATTGT	0	0	0
ACAATTGC	GCAATTGT	0	0	0
ACAATTGG	CCAATTGT	0	0	0
ACAATTGT	ACAATTGT	0	0	0
ACAATTTA	TAAATTGT	0	0	0
ACAATTTC	GAAATTGT	0	0	0
ACAATTTG	CAAATTGT	0	0	0
ACACAAAA	TTTTGTGT	0	0	0
ACACAAAC	GTTTGTGT	0	0	0
ACACAAAG	CTTTGTGT	0	0	0
ACACAAAT	ATTTGTGT	0	0	0
ACACAACA	TGTTGTGT	0	0	0
ACACAACC	GGTTGTGT	0	0	0
ACACAACG	CGTTGTGT	0	0	0
ACACAACT	AGTTGTGT	0	0	0
ACACAAGA	TCTTGTGT	0	0	0
ACACAAGC	GCTTGTGT	0	0	0
ACACAAGG	CCTTGTGT	0	0	0
ACACAAGT	ACTTGTGT	0	0	0
ACACAATA	TATTGTGT	0	0	0
ACACAATC	GATTGTGT	0	0	0
ACACAATG	CATTGTGT	0	0	0
ACACACAA	TTGTGTGT	0	0	0
ACACACAC	GTGTGTGT	0	0	0
ACACACAG	CTGTGTGT	0	0	0
ACACACAT	ATGTGTGT	0	0	0
ACACACCA	TGGTGTGT	0	0	0
ACACACCC	GGGTGTGT	0	0	0
ACACACCG	CGGTGTGT	0	0	0
ACACACCT	AGGTGTGT	0	0	0
ACACACGA	TCGTGTGT	0	0	0
ACACACGC	GCGTGTGT	0	0	0
ACACACGG	CCGTGTGT	0	0	0
ACACACGT	ACGTGTGT	0	0	0
ACACACTA	TAGTGTGT	0	0	0
ACACACTC	GAGTGTGT	0	0	0
ACACACTG	CAGTGTGT	0	0	0
ACACAGAA	TTCTGTGT	0	0	0
ACACAGAC	GTCTGTGT	0	0	0
ACACAGAG	CTCTGTGT	0	0	0
ACACAGAT	ATCTGTGT	0	0	0
ACACAGCA	TGCTGTGT	0	0	0
ACACAGCC	GGCTGTGT	0	0	0
ACACAGCG	CGCTGTGT	0	0	0
ACACAGCT	AGCTGTGT	0	0	0
ACACAGGA	TCCTGTGT	0	0	0
ACACAGGC	GCCTGTGT	0	0	0
ACACAGGG	CCCTGTGT	0	0	0
ACACAGGT	ACCTGTGT	0	0	0
ACACAGTA	TACTGTGT	0	0	0
ACACAGTC	GACTGTGT	0	0	0
ACACAGTG	CACTGTGT	0	0	0
ACACATAA	TTATGTGT	0	0	0
ACACATAC	GTATGTGT	0	0	0
ACACATAG	CTATGTGT	0	0	0
ACACATAT	ATATGTGT	0	0	0
ACACATCA	TGATGTGT	0	0	0
ACACATCC	GGATGTGT	0	0	0
ACACATCG	CGATGTGT	0	0	0
ACACATCT	AGATGTGT	0	0	0
ACACATGA	TCATGTGT	0	0	0
ACACATGC	GCATGTGT	0	0	0
ACACATGG	CCATGTGT	0	0	0
ACACATGT	ACATGTGT	0	0	0
ACACATTA	TAATGTGT	0	0	0
ACACATTC	GAATGTGT	0	0	0
ACACATTG	CAATGTGT	0	0	0
ACACCAAA	TTTGGTGT	0	0	0
ACACCAAC	GTTGGTGT	0	0	0
ACACCAAG	CTTGGTGT	0	0	0
ACACCAAT	ATTGGTGT	0	0	0
ACACCACA	TGTGGTGT	0	0	0
ACACCACC	GGTGGTGT	0	0	0
ACACCACG	CGTGGTGT	0	0	0
ACACCACT	AGTGGTGT	0	0	0
ACACCAGA	TCTGGTGT	0	0	0
ACACCAGC	GCTGGTGT	0	0	0
ACACCAGG	CCTGGTGT	0	0	0
ACACCAGT	ACTGGTGT	0	0	0
ACACCATA	TATGGTGT	0	0	0
ACACCATC	GATGGTGT	0	0	0
ACACCATG	CATGGTGT	0	0	0
ACACCCAA	TTGGGTGT	0	0	0
ACACCCAC	GTGGGTGT	0	0	0
ACACCCAG	CTGGGTGT	0	0	0
ACACCCAT	ATGGGTGT	0	0	0
ACACCCCA	TGGGGTGT	0	0	0
ACACCCCC	GGGGGTGT	0	0	0
ACACCCCG	CGGGGTGT	0	0	0
ACACCCCT	AGGGGTGT	0	0	0
ACACCCGA	TCGGGTGT	0	0	0
ACACCCGC	GCGGGTGT	0	0	0
ACACCCGG	CCGGGTGT	0	0	0
ACACCCGT	ACGGGTGT	0	0	0
ACACCCTA	TAGGGTGT	0	0	0
ACACCCTC	GAGGGTGT	0	0	0
ACACCCTG	CAGGGTGT	0	0	0
ACACCGAA	TTCGGTGT	0	0	0
ACACCGAC	GTCGGTGT	0	0	0
ACACCGAG	CTCGGTGT	0	0	0
ACACCGAT	ATCGGTGT	0	0	0
ACACCGCA	TGCGGTGT	0	0	0
ACACCGCC	GGCGGTGT	0	0	0
ACACCGCG	CGCGGTGT	0	0	0
ACACCGCT	AGCGGTGT	0	0	0
ACACCGGA	TCCGGTGT	0	0	0
ACACCGGC	GCCGGTGT	0	0	0
ACACCGGG	CCCGGTGT	0	0	0
ACACCGGT	ACCGGTGT	0	0	0
ACACCGTA	TACGGTGT	0	0	0
ACACCGTC	GACGGTGT	0	0	0
ACACCGTG	CACGGTGT	0	0	0
ACACCTAA	TTAGGTGT	0	0	0
ACACCTAC	GTAGGTGT	0	0	0
ACACCTAG	CTAGGTGT	0	0	0
ACACCTAT	ATAGGTGT	0	0	0
ACACCTCA	TGAGGTGT	0	0	0
ACACCTCC	GGAGGTGT	0	0	0
ACACCTCG	CGAGGTGT	0	0	0
ACACCTCT	AGAGGTGT	0	0	0
ACACCTGA	TCAGGTGT	0	0	0
ACACCTGC	GCAGGTGT	0	0	0
ACACCTGG	CCAGGTGT	0	0	0
ACACCTGT	ACAGGTGT	0	0	0
ACACCTTA	TAAGGTGT	0	0	0
ACACCTTC	GAAGGTGT	0	0	0
ACACCTTG	CAAGGTGT	0	0	0
ACACGAAA	TTTCGTGT	0	0	0
ACACGAAC	GTTCGTGT	0	0	0
ACACGAAG	CTTCGTGT	0	0	0
ACACGAAT	ATTCGTGT	0	0	0
ACACGACA	TGTCGTGT	0	0	0
ACACGACC	GGTCGTGT	0	0	0
ACACGACG	CGTCGTGT	0	0	0
ACACGACT	AGTCGTGT	0	0	0
ACACGAGA	TCTCGTGT	0	0	0
ACACGAGC	GCTCGTGT	0	0	0
ACACGAGG	CCTCGTGT	0	0	0
ACACGAGT	ACTCGTGT	0	0	0
ACACGATA	TATCGTGT	0	0	0
ACACGATC	GATCGTGT	0	0	0
ACACGATG	CATCGTGT	0	0	0
ACACGCAA	TTGCGTGT	0	0	0
ACACGCAC	GTGCGTGT	0	0	0
ACACGCAG	CTGCGTGT	0	0	0
ACACGCAT	ATGCGTGT	0	0	0
ACACGCCA	TGGCGTGT	0	0	0
ACACGCCC	GGGCGTGT	0	0	0
ACACGCCG	CGGCGTGT	0	0	0
ACACGCCT	AGGCGTGT	0	0	0
ACACGCGA	TCGCGTGT	0	0	0
ACACGCGC	GCGCGTGT	0	0	0
ACACGCGG	CCGCGTGT	0	0	0
ACACGCGT	ACGCGTGT	0	0	0
ACACGCTA	TAGCGTGT	0	0	0
ACACGCTC	GAGCGTGT	0	0	0
ACACGCTG	CAGCGTGT	0	0	0
ACACGGAA	TTCCGTGT	0	0	0
ACACGGAC	GTCCGTGT	0	0	0
ACACGGAG	CTCCGTGT	0	0	0
ACACGGAT	ATCCGTGT	0	0	0
ACACGGCA	TGCCGTGT	0	0	0
ACACGGCC	GGCCGTGT	0	0	0
ACACGGCG	CGCCGTGT	0	0	0
ACACGGCT	AGCCGTGT	0	0	0
ACACGGGA	TCCCGTGT	0	0	0
ACACGGGC	GCCCGTGT	0	0	0
ACACGGGG	CCCCGTGT	0	0	0
ACACGGGT	ACCCGTGT	0	0	0
ACACGGTA	TACCGTGT	0	0	0
ACACGGTC	GACCGTGT	0	0	0
ACACGGTG	CACCGTGT	0	0	0
ACACGTAA	TTACGTGT	0	0	0
ACACGTAC	GTACGTGT	0	0	0
ACACGTAG	CTACGTGT	0	0	0
ACACGTAT	ATACGTGT	0	0	0
ACACGTCA	TGACGTGT	0	0	0
ACACGTCC	GGACGTGT	0	0	0
ACACGTCG	CGACGTGT	0	0	0
ACACGTCT	AGACGTGT	0	0	0
ACACGTGA	TCACGTGT	0	0	0
ACACGTGC	GCACGTGT	0	0	0
ACACGTGG	CCACGTGT	0	0	0
ACACGTGT	ACACGTGT	0	0	0
ACACGTTA	TAACGTGT	0	0	0
ACACGTTC	GAACGTGT	0	0	0
ACACGTTG	CAACGTGT	0	0	0
ACACTAAA	TTTAGTGT	0	0	0
ACACTAAC	GTTAGTGT	0	0	0
ACACTAAG	CTTAGTGT	0	0	0
ACACTAAT	ATTAGTGT	0	0	0
ACACTACA	TGTAGTGT	0	0	0
ACACTACC	GGTAGTGT	0	0	0
ACACTACG	CGTAGTGT	0	0	0
ACACTACT	AGTAGTGT	0	0	0
ACACTAGA	TCTAGTGT	0	0	0
ACACTAGC	GCTAGTGT	0	0	0
ACACTAGG	CCTAGTGT	0	0	0
ACACTAGT	ACTAGTGT	0	0	0
ACACTATA	TATAGTGT	0	0	0
ACACTATC	GATAGTGT	0	0	0
ACACTATG	CATAGTGT	0	0	0
ACACTCAA	TTGAGTGT	0	0	0
ACACTCAC	GTGAGTGT	0	0	0
ACACTCAG	CTGAGTGT	0	0	0
ACACTCAT	ATGAGTGT	0	0	0
ACACTCCA	TGGAGTGT	0	0	0
ACACTCCC	GGGAGTGT	0	0	0
ACACTCCG	CGGAGTGT	0	0	0
ACACTCCT	AGGAGTGT	0	0	0
ACACTCGA	TCGAGTGT	0	0	0
ACACTCGC	GCGAGTGT	0	0	0
ACACTCGG	CCGAGTGT	0	0	0
ACACTCGT	ACGAGTGT	0	0	0
ACACTCTA	TAGAGTGT	0	0	0
ACACTCTC	GAGAGTGT	0	0	0
ACACTCTG	CAGAGTGT	0	0	0
ACACTGAA	TTCAGTGT	0	0	0
ACACTGAC	GTCAGTGT	0	0	0
ACACTGAG	CTCAGTGT	0	0	0
ACACTGAT	ATCAGTGT	0	0	0
ACACTGCA	TGCAGTGT	0	0	0
ACACTGCC	GGCAGTGT	0	0	0
ACACTGCG	CGCAGTGT	0	0	0
ACACTGCT	AGCAGTGT	0	0	0
ACACTGGA	TCCAGTGT	0	0	0
ACACTGGC	GCCAGTGT	0	0	0
ACACTGGG	CCCAGTGT	0	0	0
ACACTGGT	ACCAGTGT	0	0	0
ACACTGTA	TACAGTGT	0	0	0
ACACTGTC	GACAGTGT	0	0	0
ACACTGTG	CACAGTGT	0	0	0
ACACTTAA	TTAAGTGT	0	0	0
ACACTTAC	GTAAGTGT	0	0	0
ACACTTAG	CTAAGTGT	0	0	0
ACACTTAT	ATAAGTGT	0	0	0
ACACTTCA	TGAAGTGT	0	0	0
ACACTTCC	GGAAGTGT	0	0	0
ACACTTCG	CGAAGTGT	0	0	0
ACACTTCT	AGAAGTGT	0	0	0
ACACTTGA	TCAAGTGT	0	0	0
ACACTTGC	GCAAGTGT	0	0	0
ACACTTGG	CCAAGTGT	0	0	0
ACACTTTA	TAAAGTGT	0	0	0
ACACTTTC	GAAAGTGT	0	0	0
ACACTTTG	CAAAGTGT	0	0	0
ACAGAAAA	TTTTCTGT	0	0	0
ACAGAAAC	GTTTCTGT	0	0	0
ACAGAAAG	CTTTCTGT	0	0	0
ACAGAAAT	ATTTCTGT	0	0	0
ACAGAACA	TGTTCTGT	0	0	0
ACAGAACC	GGTTCTGT	0	0	0
ACAGAACG	CGTTCTGT	0	0	0
ACAGAACT	AGTTCTGT	0	0	0
ACAGAAGA	TCTTCTGT	0	0	0
ACAGAAGC	GCTTCTGT	0	0	0
ACAGAAGG	CCTTCTGT	0	0	0
ACAGAAGT	ACTTCTGT	0	0	0
ACAGAATA	TATTCTGT	0	0	0
ACAGAATC	GATTCTGT	0	0	0
ACAGAATG	CATTCTGT	0	0	0
ACAGACAA	TTGTCTGT	0	0	0
ACAGACAC	GTGTCTGT	0	0	0
ACAGACAG	CTGTCTGT	0	0	0
ACAGACAT	ATGTCTGT	0	0	0
ACAGACCA	TGGTCTGT	0	0	0
ACAGACCC	GGGTCTGT	0	0	0
ACAGACCG	CGGTCTGT	0	0	0
ACAGACCT	AGGTCTGT	0	0	0
ACAGACGA	TCGTCTGT	0	0	0
ACAGACGC	GCGTCTGT	0	0	0
ACAGACGG	CCGTCTGT	0	0	0
ACAGACGT	ACGTCTGT	0	0	0
ACAGACTA	TAGTCTGT	0	0	0
ACAGACTC	GAGTCTGT	0	0	0
ACAGACTG	CAGTCTGT	0	0	0
ACAGAGAA	TTCTCTGT	0	0	0
ACAGAGAC	GTCTCTGT	0	0	0
ACAGAGAG	CTCTCTGT	0	0	0
ACAGAGAT	ATCTCTGT	0	0	0
ACAGAGCA	TGCTCTGT	0	0	0
ACAGAGCC	GGCTCTGT	0	0	0
ACAGAGCG	CGCTCTGT	0	0	0
ACAGAGCT	AGCTCTGT	0	0	0
ACAGAGGA	TCCTCTGT	0	0	0
ACAGAGGC	GCCTCTGT	0	0	0
ACAGAGGG	CCCTCTGT	0	0	0
ACAGAGGT	ACCTCTGT	0	0	0
ACAGAGTA	TACTCTGT	0	0	0
ACAGAGTC	GACTCTGT	0	0	0
ACAGAGTG	CACTCTGT	0	0	0
ACAGATAA	TTATCTGT	0	0	0
ACAGATAC	GTATCTGT	0	0	0
ACAGATAG	CTATCTGT	0	0	0
ACAGATAT	ATATCTGT	0	0	0
ACAGATCA	TGATCTGT	0	0	0
ACAGATCC	GGATCTGT	0	0	0
ACAGATCG	CGATCTGT	0	0	0
ACAGATCT	AGATCTGT	0	0	0
ACAGATGA	TCATCTGT	0	0	0
ACAGATGC	GCATCTGT	0	0	0
ACAGATGG	CCATCTGT	0	0	0
ACAGATGT	ACATCTGT	0	0	0
ACAGATTA	TAATCTGT	0	0	0
ACAGATTC	GAATCTGT	0	0	0
ACAGATTG	CAATCTGT	0	0	0
ACAGCAAA	TTTGCTGT	0	0	0
ACAGCAAC	GTTGCTGT	0	0	0
ACAGCAAG	CTTGCTGT	0	0	0
ACAGCAAT	ATTGCTGT	0	0	0
ACAGCACA	TGTGCTGT	0	0	0
ACAGCACC	GGTGCTGT	0	0	0
ACAGCACG	CGTGCTGT	0	0	0
ACAGCACT	AGTGCTGT	0	0	0
ACAGCAGA	TCTGCTGT	0	0	0
ACAGCAGC	GCTGCTGT	0	0	0
ACAGCAGG	CCTGCTGT	0	0	0
ACAGCAGT	ACTGCTGT	0	0	0
ACAGCATA	TATGCTGT	0	0	0
ACAGCATC	GATGCTGT	0	0	0
ACAGCATG	CATGCTGT	0	0	0
ACAGCCAA	TTGGCTGT	0	0	0
ACAGCCAC	GTGGCTGT	0	0	0
ACAGCCAG	CTGGCTGT	0	0	0
ACAGCCAT	ATGGCTGT	0	0	0
ACAGCCCA	TGGGCTGT	0	0	0
ACAGCCCC	GGGGCTGT	0	0	0
ACAGCCCG	CGGGCTGT	0	0	0
ACAGCCCT	AGGGCTGT	0	0	0
ACAGCCGA	TCGGCTGT	0	0	0
ACAGCCGC	GCGGCTGT	0	0	0
ACAGCCGG	CCGGCTGT	0	0	0
ACAGCCGT	ACGGCTGT	0	0	0
ACAGCCTA	TAGGCTGT	0	0	0
ACAGCCTC	GAGGCTGT	0	0	0
ACAGCCTG	CAGGCTGT	0	0	0
ACAGCGAA	TTCGCTGT	0	0	0
ACAGCGAC	GTCGCTGT	0	0	0
ACAGCGAG	CTCGCTGT	0	0	0
ACAGCGAT	ATCGCTGT	0	0	0
ACAGCGCA	TGCGCTGT	0	0	0
ACAGCGCC	GGCGCTGT	0	0	0
ACAGCGCG	CGCGCTGT	0	0	0
ACAGCGCT	AGCGCTGT	0	0	0
ACAGCGGA	TCCGCTGT	0	0	0
ACAGCGGC	GCCGCTGT	0	0	0
ACAGCGGG	CCCGCTGT	0	0	0
ACAGCGGT	ACCGCTGT	0	0	0
ACAGCGTA	TACGCTGT	0	0	0
ACAGCGTC	GACGCTGT	0	0	0
ACAGCGTG	CACGCTGT	0	0	0
ACAGCTAA	TTAGCTGT	0	0	0
ACAGCTAC	GTAGCTGT	0	0	0
ACAGCTAG	CTAGCTGT	0	0	0
ACAGCTAT	ATAGCTGT	0	0	0
ACAGCTCA	TGAGCTGT	0	0	0
ACAGCTCC	GGAGCTGT	0	0	0
ACAGCTCG	CGAGCTGT	0	0	0
ACAGCTCT	AGAGCTGT	0	0	0
ACAGCTGA	TCAGCTGT	0	0	0
ACAGCTGC	GCAGCTGT	0	0	0
ACAGCTGG	CCAGCTGT	0	0	0
ACAGCTGT	ACAGCTGT	0	0	0
ACAGCTTA	TAAGCTGT	0	0	0
ACAGCTTC	GAAGCTGT	0	0	0
ACAGCTTG	CAAGCTGT	0	0	0
ACAGGAAA	TTTCCTGT	0	0	0
ACAGGAAC	GTTCCTGT	0	0	0
ACAGGAAG	CTTCCTGT	0	0	0
ACAGGAAT	ATTCCTGT	0	0	0
ACAGGACA	TGTCCTGT	0	0	0
ACAGGACC	GGTCCTGT	0	0	0
ACAGGACG	CGTCCTGT	0	0	0
ACAGGACT	AGTCCTGT	0	0	0
ACAGGAGA	TCTCCTGT	0	0	0
ACAGGAGC	GCTCCTGT	0	0	0
ACAGGAGG	CCTCCTGT	0	0	0
ACAGGAGT	ACTCCTGT	0	0	0
ACAGGATA	TATCCTGT	0	0	0
ACAGGATC	GATCCTGT	0	0	0
ACAGGATG	CATCCTGT	0	0	0
ACAGGCAA	TTGCCTGT	0	0	0
ACAGGCAC	GTGCCTGT	0	0	0
ACAGGCAG	CTGCCTGT	0	0	0
ACAGGCAT	ATGCCTGT	0	0	0
ACAGGCCA	TGGCCTGT	0	0	0
ACAGGCCC	GGGCCTGT	0	0	0
ACAGGCCG	CGGCCTGT	0	0	0
ACAGGCCT	AGGCCTGT	0	0	0
ACAGGCGA	TCGCCTGT	0	0	0
ACAGGCGC	GCGCCTGT	0	0	0
ACAGGCGG	CCGCCTGT	0	0	0
ACAGGCGT	ACGCCTGT	0	0	0
ACAGGCTA	TAGCCTGT	0	0	0
ACAGGCTC	GAGCCTGT	0	0	0
ACAGGCTG	CAGCCTGT	0	0	0
ACAGGGAA	TTCCCTGT	0	0	0
ACAGGGAC	GTCCCTGT	0	0	0
ACAGGGAG	CTCCCTGT	0	0	0
ACAGGGAT	ATCCCTGT	0	0	0
ACAGGGCA	TGCCCTGT	0	0	0
ACAGGGCC	GGCCCTGT	0	0	0
ACAGGGCG	CGCCCTGT	0	0	0
ACAGGGCT	AGCCCTGT	0	0	0
ACAGGGGA	TCCCCTGT	0	0	0
ACAGGGGC	GCCCCTGT	0	0	0
ACAGGGGG	CCCCCTGT	0	0	0
ACAGGGGT	ACCCCTGT	0	0	0
ACAGGGTA	TACCCTGT	0	0	0
ACAGGGTC	GACCCTGT	0	0	0
ACAGGGTG	CACCCTGT	0	0	0
ACAGGTAA	TTACCTGT	0	0	0
ACAGGTAC	GTACCTGT	0	0	0
ACAGGTAG	CTACCTGT	0	0	0
ACAGGTAT	ATACCTGT	0	0	0
ACAGGTCA	TGACCTGT	0	0	0
ACAGGTCC	GGACCTGT	0	0	0
ACAGGTCG	CGACCTGT	0	0	0
ACAGGTCT	AGACCTGT	0	0	0
ACAGGTGA	TCACCTGT	0	0	0
ACAGGTGC	GCACCTGT	0	0	0
ACAGGTGG	CCACCTGT	0	0	0
ACAGGTTA	TAACCTGT	0	0	0
ACAGGTTC	GAACCTGT	0	0	0
ACAGGTTG	CAACCTGT	0	0	0
ACAGTAAA	TTTACTGT	0	0	0
ACAGTAAC	GTTACTGT	0	0	0
ACAGTAAG	CTTACTGT	0	0	0
ACAGTAAT	ATTACTGT	0	0	0
ACAGTACA	TGTACTGT	0	0	0
ACAGTACC	GGTACTGT	0	0	0
ACAGTACG	CGTACTGT	0	0	0
ACAGTACT	AGTACTGT	0	0	0
ACAGTAGA	TCTACTGT	0	0	0
ACAGTAGC	GCTACTGT	0	0	0
ACAGTAGG	CCTACTGT	0	0	0
ACAGTAGT	ACTACTGT	0	0	0
ACAGTATA	TATACTGT	0	0	0
ACAGTATC	GATACTGT	0	0	0
ACAGTATG	CATACTGT	0	0	0
ACAGTCAA	TTGACTGT	0	0	0
ACAGTCAC	GTGACTGT	0	0	0
ACAGTCAG	CTGACTGT	0	0	0
ACAGTCAT	ATGACTGT	0	0	0
ACAGTCCA	TGGACTGT	0	0	0
ACAGTCCC	GGGACTGT	0	0	0
ACAGTCCG	CGGACTGT	0	0	0
ACAGTCCT	AGGACTGT	0	0	0
ACAGTCGA	TCGACTGT	0	0	0
ACAGTCGC	GCGACTGT	0	0	0
ACAGTCGG	CCGACTGT	0	0	0
ACAGTCGT	ACGACTGT	0	0	0
ACAGTCTA	TAGACTGT	0	0	0
ACAGTCTC	GAGACTGT	0	0	0
ACAGTCTG	CAGACTGT	0	0	0
ACAGTGAA	TTCACTGT	0	0	0
ACAGTGAC	GTCACTGT	0	0	0
ACAGTGAG	CTCACTGT	0	0	0
ACAGTGAT	ATCACTGT	0	0	0
ACAGTGCA	TGCACTGT	0	0	0
ACAGTGCC	GGCACTGT	0	0	0
ACAGTGCG	CGCACTGT	0	0	0
ACAGTGCT	AGCACTGT	0	0	0
ACAGTGGA	TCCACTGT	0	0	0
ACAGTGGC	GCCACTGT	0	0	0
ACAGTGGG	CCCACTGT	0	0	0
ACAGTGGT	ACCACTGT	0	0	0
ACAGTGTA	TACACTGT	0	0	0
ACAGTGTC	GACACTGT	0	0	0
ACAGTGTG	CACACTGT	0	0	0
ACAGTTAA	TTAACTGT	0	0	0
ACAGTTAC	GTAACTGT	0	0	0
ACAGTTAG	CTAACTGT	0	0	0
ACAGTTAT	ATAACTGT	0	0	0
ACAGTTCA	TGAACTGT	0	0	0
ACAGTTCC	GGAACTGT	0	0	0
ACAGTTCG	CGAACTGT	0	0	0
ACAGTTCT	AGAACTGT	0	0	0
ACAGTTGA	TCAACTGT	0	0	0
ACAGTTGC	GCAACTGT	0	0	0
ACAGTTGG	CCAACTGT	0	0	0
ACAGTTTA	TAAACTGT	0	0	0
ACAGTTTC	GAAACTGT	0	0	0
ACAGTTTG	CAAACTGT	0	0	0
ACATAAAA	TTTTATGT	0	0	0
ACATAAAC	GTTTATGT	0	0	0
ACATAAAG	CTTTATGT	0	0	0
ACATAAAT	ATTTATGT	0	0	0
ACATAACA	TGTTATGT	0	0	0
ACATAACC	GGTTATGT	0	0	0
ACATAACG	CGTTATGT	0	0	0
ACATAACT	AGTTATGT	0	0	0
ACATAAGA	TCTTATGT	0	0	0
ACATAAGC	GCTTATGT	0	0	0
ACATAAGG	CCTTATGT	0	0	0
ACATAAGT	ACTTATGT	0	0	0
ACATAATA	TATTATGT	0	0	0
ACATAATC	GATTATGT	0	0	0
ACATAATG	CATTATGT	0	0	0
ACATACAA	TTGTATGT	0	0	0
ACATACAC	GTGTATGT	0	0	0
ACATACAG	CTGTATGT	0	0	0
ACATACAT	ATGTATGT	0	0	0
ACATACCA	TGGTATGT	0	0	0
ACATACCC	GGGTATGT	0	0	0
ACATACCG	CGGTATGT	0	0	0
ACATACCT	AGGTATGT	0	0	0
ACATACGA	TCGTATGT	0	0	0
ACATACGC	GCGTATGT	0	0	0
ACATACGG	CCGTATGT	0	0	0
ACATACGT	ACGTATGT	0	0	0
ACATACTA	TAGTATGT	0	0	0
ACATACTC	GAGTATGT	0	0	0
ACATACTG	CAGTATGT	0	0	0
ACATAGAA	TTCTATGT	0	0	0
ACATAGAC	GTCTATGT	0	0	0
ACATAGAG	CTCTATGT	0	0	0
ACATAGAT	ATCTATGT	0	0	0
ACATAGCA	TGCTATGT	0	0	0
ACATAGCC	GGCTATGT	0	0	0
ACATAGCG	CGCTATGT	0	0	0
ACATAGCT	AGCTATGT	0	0	0
ACATAGGA	TCCTATGT	0	0	0
ACATAGGC	GCCTATGT	0	0	0
ACATAGGG	CCCTATGT	0	0	0
ACATAGGT	ACCTATGT	0	0	0
ACATAGTA	TACTATGT	0	0	0
ACATAGTC	GACTATGT	0	0	0
ACATAGTG	CACTATGT	0	0	0
ACATATAA	TTATATGT	0	0	0
ACATATAC	GTATATGT	0	0	0
ACATATAG	CTATATGT	0	0	0
ACATATAT	ATATATGT	0	0	0
ACATATCA	TGATATGT	0	0	0
ACATATCC	GGATATGT	0	0	0
ACATATCG	CGATATGT	0	0	0
ACATATCT	AGATATGT	0	0	0
ACATATGA	TCATATGT	0	0	0
ACATATGC	GCATATGT	0	0	0
ACATATGG	CCATATGT	0	0	0
ACATATGT	ACATATGT	0	0	0
ACATATTA	TAATATGT	0	0	0
ACATATTC	GAATATGT	0	0	0
ACATATTG	CAATATGT	0	0	0
ACATCAAA	TTTGATGT	0	0	0
ACATCAAC	GTTGATGT	0	0	0
ACATCAAG	CTTGATGT	0	0	0
ACATCAAT	ATTGATGT	0	0	0
ACATCACA	TGTGATGT	0	0	0
ACATCACC	GGTGATGT	0	0	0
ACATCACG	CGTGATGT	0	0	0
ACATCACT	AGTGATGT	0	0	0
ACATCAGA	TCTGATGT	0	0	0
ACATCAGC	GCTGATGT	0	0	0
ACATCAGG	CCTGATGT	0	0	0
ACATCAGT	ACTGATGT	0	0	0
ACATCATA	TATGATGT	0	0	0
ACATCATC	GATGATGT	0	0	0
ACATCATG	CATGATGT	0	0	0
ACATCCAA	TTGGATGT	0	0	0
ACATCCAC	GTGGATGT	0	0	0
ACATCCAG	CTGGATGT	0	0	0
ACATCCAT	ATGGATGT	0	0	0
ACATCCCA	TGGGATGT	0	0	0
ACATCCCC	GGGGATGT	0	0	0
ACATCCCG	CGGGATGT	0	0	0
ACATCCCT	AGGGATGT	0	0	0
ACATCCGA	TCGGATGT	0	0	0
ACATCCGC	GCGGATGT	0	0	0
ACATCCGG	CCGGATGT	0	0	0
ACATCCGT	ACGGATGT	0	0	0
ACATCCTA	TAGGATGT	0	0	0
ACATCCTC	GAGGATGT	0	0	0
ACATCCTG	CAGGATGT	0	0	0
ACATCGAA	TTCGATGT	0	0	0
ACATCGAC	GTCGATGT	0	0	0
ACATCGAG	CTCGATGT	0	0	0
ACATCGAT	ATCGATGT	0	0	0
ACATCGCA	TGCGATGT	0	0	0
ACATCGCC	GGCGATGT	0	0	0
ACATCGCG	CGCGATGT	0	0	0
ACATCGCT	AGCGATGT	0	0	0
ACATCGGA	TCCGATGT	0	0	0
ACATCGGC	GCCGATGT	0	0	0
ACATCGGG	CCCGATGT	0	0	0
ACATCGGT	ACCGATGT	0	0	0
ACATCGTA	TACGATGT	0	0	0
ACATCGTC	GACGATGT	0	0	0
ACATCGTG	CACGATGT	0	0	0
ACATCTAA	TTAGATGT	0	0	0
ACATCTAC	GTAGATGT	0	0	0
ACATCTAG	CTAGATGT	0	0	0
ACATCTAT	ATAGATGT	0	0	0
ACATCTCA	TGAGATGT	0	0	0
ACATCTCC	GGAGATGT	0	0	0
ACATCTCG	CGAGATGT	0	0	0
ACATCTCT	AGAGATGT	0	0	0
ACATCTGA	TCAGATGT	0	0	0
ACATCTGC	GCAGATGT	0	0	0
ACATCTGG	CCAGATGT	0	0	0
ACATCTTA	TAAGATGT	0	0	0
ACATCTTC	GAAGATGT	0	0	0
ACATCTTG	CAAGATGT	0	0	0
ACATGAAA	TTTCATGT	0	0	0
ACATGAAC	GTTCATGT	0	0	0
ACATGAAG	CTTCATGT	0	0	0
ACATGAAT	ATTCATGT	0	0	0
ACATGACA	TGTCATGT	0	0	0
ACATGACC	GGTCATGT	0	0	0
ACATGACG	CGTCATGT	0	0	0
ACATGACT	AGTCATGT	0	0	0
ACATGAGA	TCTCATGT	0	0	0
ACATGAGC	GCTCATGT	0	0	0
ACATGAGG	CCTCATGT	0	0	0
ACATGAGT	ACTCATGT	0	0	0
ACATGATA	TATCATGT	0	0	0
ACATGATC	GATCATGT	0	0	0
ACATGATG	CATCATGT	0	0	0
ACATGCAA	TTGCATGT	0	0	0
ACATGCAC	GTGCATGT	0	0	0
ACATGCAG	CTGCATGT	0	0	0
ACATGCAT	ATGCATGT	0	0	0
ACATGCCA	TGGCATGT	0	0	0
ACATGCCC	GGGCATGT	0	0	0
ACATGCCG	CGGCATGT	0	0	0
ACATGCCT	AGGCATGT	0	0	0
ACATGCGA	TCGCATGT	0	0	0
ACATGCGC	GCGCATGT	0	0	0
ACATGCGG	CCGCATGT	0	0	0
ACATGCGT	ACGCATGT	0	0	0
ACATGCTA	TAGCATGT	0	0	0
ACATGCTC	GAGCATGT	0	0	0
ACATGCTG	CAGCATGT	0	0	0
ACATGGAA	TTCCATGT	0	0	0
ACATGGAC	GTCCATGT	0	0	0
ACATGGAG	CTCCATGT	0	0	0
ACATGGAT	ATCCATGT	0	0	0
ACATGGCA	TGCCATGT	0	0	0
ACATGGCC	GGCCATGT	0	0	0
ACATGGCG	CGCCATGT	0	0	0
ACATGGCT	AGCCATGT	0	0	0
ACATGGGA	TCCCATGT	0	0	0
ACATGGGC	GCCCATGT	0	0	0
ACATGGGG	CCCCATGT	0	0	0
ACATGGGT	ACCCATGT	0	0	0
ACATGGTA	TACCATGT	0	0	0
ACATGGTC	GACCATGT	0	0	0
ACATGGTG	CACCATGT	0	0	0
ACATGTAA	TTACATGT	0	0	0
ACATGTAC	GTACATGT	0	0	0
ACATGTAG	CTACATGT	0	0	0
ACATGTAT	ATACATGT	0	0	0
ACATGTCA	TGACATGT	0	0	0
ACATGTCC	GGACATGT	0	0	0
ACATGTCG	CGACATGT	0	0	0
ACATGTCT	AGACATGT	0	0	0
ACATGTGA	TCACATGT	0	0	0
ACATGTGC	GCACATGT	0	0	0
ACATGTGG	CCACATGT	0	0	0
ACATGTTA	TAACATGT	0	0	0
ACATGTTC	GAACATGT	0	0	0
ACATGTTG	CAACATGT	0	0	0
ACATTAAA	TTTAATGT	0	0	0
ACATTAAC	GTTAATGT	0	0	0
ACATTAAG	CTTAATGT	0	0	0
ACATTAAT	ATTAATGT	0	0	0
ACATTACA	TGTAATGT	0	0	0
ACATTACC	GGTAATGT	0	0	0
ACATTACG	CGTAATGT	0	0	0
ACATTACT	AGTAATGT	0	0	0
ACATTAGA	TCTAATGT	0	0	0
ACATTAGC	GCTAATGT	0	0	0
ACATTAGG	CCTAATGT	0	0	0
ACATTAGT	ACTAATGT	0	0	0
ACATTATA	TATAATGT	0	0	0
ACATTATC	GATAATGT	0	0	0
ACATTATG	CATAATGT	0	0	0
ACATTCAA	TTGAATGT	0	0	0
ACATTCAC	GTGAATGT	0	0	0
ACATTCAG	CTGAATGT	0	0	0
ACATTCAT	ATGAATGT	0	0	0
ACATTCCA	TGGAATGT	0	0	0
ACATTCCC	GGGAATGT	0	0	0
ACATTCCG	CGGAATGT	0	0	0
ACATTCCT	AGGAATGT	0	0	0
ACATTCGA	TCGAATGT	0	0	0
ACATTCGC	GCGAATGT	0	0	0
ACATTCGG	CCGAATGT	0	0	0
ACATTCGT	ACGAATGT	0	0	0
ACATTCTA	TAGAATGT	0	0	0
ACATTCTC	GAGAATGT	0	0	0
ACATTCTG	CAGAATGT	0	0	0
ACATTGAA	TTCAATGT	0	0	0
ACATTGAC	GTCAATGT	0	0	0
ACATTGAG	CTCAATGT	0	0	0
ACATTGAT	ATCAATGT	0	0	0
ACATTGCA	TGCAATGT	0	0	0
ACATTGCC	GGCAATGT	0	0	0
ACATTGCG	CGCAATGT	0	0	0
ACATTGCT	AGCAATGT	0	0	0
ACATTGGA	TCCAATGT	0	0	0
ACATTGGC	GCCAATGT	0	0	0
ACATTGGG	CCCAATGT	0	0	0
ACATTGGT	ACCAATGT	0	0	0
ACATTGTA	TACAATGT	0	0	0
ACATTGTC	GACAATGT	0	0	0
ACATTGTG	CACAATGT	0	0	0
ACATTTAA	TTAAATGT	0	0	0
ACATTTAC	GTAAATGT	0	0	0
ACATTTAG	CTAAATGT	0	0	0
ACATTTAT	ATAAATGT	0	0	0
ACATTTCA	TGAAATGT	0	0	0
ACATTTCC	GGAAATGT	0	0	0
ACATTTCG	CGAAATGT	0	0	0
ACATTTCT	AGAAATGT	0	0	0
ACATTTGA	TCAAATGT	0	0	0
ACATTTGC	GCAAATGT	0	0	0
ACATTTGG	CCAAATGT	0	0	0
ACATTTTA	TAAAATGT	0	0	0
ACATTTTC	GAAAATGT	0	0	0
ACATTTTG	CAAAATGT	0	0	0
ACCAAAAA	TTTTTGGT	0	0	0
ACCAAAAC	GTTTTGGT	0	0	0
ACCAAAAG	CTTTTGGT	0	0	0
ACCAAAAT	ATTTTGGT	0	0	0
ACCAAACA	TGTTTGGT	0	0	0
ACCAAACC	GGTTTGGT	0	0	0
ACCAAACG	CGTTTGGT	0	0	0
ACCAAACT	AGTTTGGT	0	0	0
ACCAAAGA	TCTTTGGT	0	0	0
ACCAAAGC	GCTTTGGT	0	0	0
ACCAAAGG	CCTTTGGT	0	0	0
ACCAAAGT	ACTTTGGT	0	0	0
ACCAAATA	TATTTGGT	0	0	0
ACCAAATC	GATTTGGT	0	0	0
ACCAAATG	CATTTGGT	0	0	0
ACCAACAA	TTGTTGGT	0	0	0
ACCAACAC	GTGTTGGT	0	0	0
ACCAACAG	CTGTTGGT	0	0	0
ACCAACAT	ATGTTGGT	0	0	0
ACCAACCA	TGGTTGGT	0	0	0
ACCAACCC	GGGTTGGT	0	0	0
ACCAACCG	CGGTTGGT	0	0	0
ACCAACCT	AGGTTGGT	0	0	0
ACCAACGA	TCGTTGGT	0	0	0
ACCAACGC	GCGTTGGT	0	0	0
ACCAACGG	CCGTTGGT	0	0	0
ACCAACGT	ACGTTGGT	0	0	0
ACCAACTA	TAGTTGGT	0	0	0
ACCAACTC	GAGTTGGT	0	0	0
ACCAACTG	CAGTTGGT	0	0	0
ACCAAGAA	TTCTTGGT	0	0	0
ACCAAGAC	GTCTTGGT	0	0	0
ACCAAGAG	CTCTTGGT	0	0	0
ACCAAGAT	ATCTTGGT	0	0	0
ACCAAGCA	TGCTTGGT	0	0	0
ACCAAGCC	GGCTTGGT	0	0	0
ACCAAGCG	CGCTTGGT	0	0	0
ACCAAGCT	AGCTTGGT	0	0	0
ACCAAGGA	TCCTTGGT	0	0	0
ACCAAGGC	GCCTTGGT	0	0	0
ACCAAGGG	CCCTTGGT	0	0	0
ACCAAGGT	ACCTTGGT	0	0	0
ACCAAGTA	TACTTGGT	0	0	0
ACCAAGTC	GACTTGGT	0	0	0
ACCAAGTG	CACTTGGT	0	0	0
ACCAATAA	TTATTGGT	0	0	0
ACCAATAC	GTATTGGT	0	0	0
ACCAATAG	CTATTGGT	0	0	0
ACCAATAT	ATATTGGT	0	0	0
ACCAATCA	TGATTGGT	0	0	0
ACCAATCC	GGATTGGT	0	0	0
ACCAATCG	CGATTGGT	0	0	0
ACCAATCT	AGATTGGT	0	0	0
ACCAATGA	TCATTGGT	0	0	0
ACCAATGC	GCATTGGT	0	0	0
ACCAATGG	CCATTGGT	0	0	0
ACCAATTA	TAATTGGT	0	0	0
ACCAATTC	GAATTGGT	0	0	0
ACCAATTG	CAATTGGT	0	0	0
ACCACAAA	TTTGTGGT	0	0	0
ACCACAAC	GTTGTGGT	0	0	0
ACCACAAG	CTTGTGGT	0	0	0
ACCACAAT	ATTGTGGT	0	0	0
ACCACACA	TGTGTGGT	0	0	0
ACCACACC	GGTGTGGT	0	0	0
ACCACACG	CGTGTGGT	0	0	0
ACCACACT	AGTGTGGT	0	0	0
ACCACAGA	TCTGTGGT	0	0	0
ACCACAGC	GCTGTGGT	0	0	0
ACCACAGG	CCTGTGGT	0	0	0
ACCACAGT	ACTGTGGT	0	0	0
ACCACATA	TATGTGGT	0	0	0
ACCACATC	GATGTGGT	0	0	0
ACCACATG	CATGTGGT	0	0	0
ACCACCAA	TTGGTGGT	0	0	0
ACCACCAC	GTGGTGGT	0	0	0
ACCACCAG	CTGGTGGT	0	0	0
ACCACCAT	ATGGTGGT	0	0	0
ACCACCCA	TGGGTGGT	0	0	0
ACCACCCC	GGGGTGGT	0	0	0
ACCACCCG	CGGGTGGT	0	0	0
ACCACCCT	AGGGTGGT	0	0	0
ACCACCGA	TCGGTGGT	0	0	0
ACCACCGC	GCGGTGGT	0	0	0
ACCACCGG	CCGGTGGT	0	0	0
ACCACCGT	ACGGTGGT	0	0	0
ACCACCTA	TAGGTGGT	0	0	0
ACCACCTC	GAGGTGGT	0	0	0
ACCACCTG	CAGGTGGT	0	0	0
ACCACGAA	TTCGTGGT	0	0	0
ACCACGAC	GTCGTGGT	0	0	0
ACCACGAG	CTCGTGGT	0	0	0
ACCACGAT	ATCGTGGT	0	0	0
ACCACGCA	TGCGTGGT	0	0	0
ACCACGCC	GGCGTGGT	0	0	0
ACCACGCG	CGCGTGGT	0	0	0
ACCACGCT	AGCGTGGT	0	0	0
ACCACGGA	TCCGTGGT	0	0	0
ACCACGGC	GCCGTGGT	0	0	0
ACCACGGG	CCCGTGGT	0	0	0
ACCACGGT	ACCGTGGT	0	0	0
ACCACGTA	TACGTGGT	0	0	0
ACCACGTC	GACGTGGT	0	0	0
ACCACGTG	CACGTGGT	0	0	0
ACCACTAA	TTAGTGGT	0	0	0
ACCACTAC	GTAGTGGT	0	0	0
ACCACTAG	CTAGTGGT	0	0	0
ACCACTAT	ATAGTGGT	0	0	0
ACCACTCA	TGAGTGGT	0	0	0
ACCACTCC	GGAGTGGT	0	0	0
ACCACTCG	CGAGTGGT	0	0	0
ACCACTCT	AGAGTGGT	0	0	0
ACCACTGA	TCAGTGGT	0	0	0
ACCACTGC	GCAGTGGT	0	0	0
ACCACTGG	CCAGTGGT	0	0	0
ACCACTTA	TAAGTGGT	0	0	0
ACCACTTC	GAAGTGGT	0	0	0
ACCACTTG	CAAGTGGT	0	0	0
ACCAGAAA	TTTCTGGT	0	0	0
ACCAGAAC	GTTCTGGT	0	0	0
ACCAGAAG	CTTCTGGT	0	0	0
ACCAGAAT	ATTCTGGT	0	0	0
ACCAGACA	TGTCTGGT	0	0	0
ACCAGACC	GGTCTGGT	0	0	0
ACCAGACG	CGTCTGGT	0	0	0
ACCAGACT	AGTCTGGT	0	0	0
ACCAGAGA	TCTCTGGT	0	0	0
ACCAGAGC	GCTCTGGT	0	0	0
ACCAGAGG	CCTCTGGT	0	0	0
ACCAGAGT	ACTCTGGT	0	0	0
ACCAGATA	TATCTGGT	0	0	0
ACCAGATC	GATCTGGT	0	0	0
ACCAGATG	CATCTGGT	0	0	0
ACCAGCAA	TTGCTGGT	0	0	0
ACCAGCAC	GTGCTGGT	0	0	0
ACCAGCAG	CTGCTGGT	0	0	0
ACCAGCAT	ATGCTGGT	0	0	0
ACCAGCCA	TGGCTGGT	0	0	0
ACCAGCCC	GGGCTGGT	0	0	0
ACCAGCCG	CGGCTGGT	0	0	0
ACCAGCCT	AGGCTGGT	0	0	0
ACCAGCGA	TCGCTGGT	0	0	0
ACCAGCGC	GCGCTGGT	0	0	0
ACCAGCGG	CCGCTGGT	0	0	0
ACCAGCGT	ACGCTGGT	0	0	0
ACCAGCTA	TAGCTGGT	0	0	0
ACCAGCTC	GAGCTGGT	0	0	0
ACCAGCTG	CAGCTGGT	0	0	0
ACCAGGAA	TTCCTGGT	0	0	0
ACCAGGAC	GTCCTGGT	0	0	0
ACCAGGAG	CTCCTGGT	0	0	0
ACCAGGAT	ATCCTGGT	0	0	0
ACCAGGCA	TGCCTGGT	0	0	0
ACCAGGCC	GGCCTGGT	0	0	0
ACCAGGCG	CGCCTGGT	0	0	0
ACCAGGCT	AGCCTGGT	0	0	0
ACCAGGGA	TCCCTGGT	0	0	0
ACCAGGGC	GCCCTGGT	0	0	0
ACCAGGGG	CCCCTGGT	0	0	0
ACCAGGGT	ACCCTGGT	0	0	0
ACCAGGTA	TACCTGGT	0	0	0
ACCAGGTC	GACCTGGT	0	0	0
ACCAGGTG	CACCTGGT	0	0	0
ACCAGTAA	TTACTGGT	0	0	0
ACCAGTAC	GTACTGGT	0	0	0
ACCAGTAG	CTACTGGT	0	0	0
ACCAGTAT	ATACTGGT	0	0	0
ACCAGTCA	TGACTGGT	0	0	0
ACCAGTCC	GGACTGGT	0	0	0
ACCAGTCG	CGACTGGT	0	0	0
ACCAGTCT	AGACTGGT	0	0	0
ACCAGTGA	TCACTGGT	0	0	0
ACCAGTGC	GCACTGGT	0	0	0
ACCAGTGG	CCACTGGT	0	0	0
ACCAGTTA	TAACTGGT	0	0	0
ACCAGTTC	GAACTGGT	0	0	0
ACCAGTTG	CAACTGGT	0	0	0
ACCATAAA	TTTATGGT	0	0	0
ACCATAAC	GTTATGGT	0	0	0
ACCATAAG	CTTATGGT	0	0	0
ACCATAAT	ATTATGGT	0	0	0
ACCATACA	TGTATGGT	0	0	0
ACCATACC	GGTATGGT	0	0	0
ACCATACG	CGTATGGT	0	0	0
ACCATACT	AGTATGGT	0	0	0
ACCATAGA	TCTATGGT	0	0	0
ACCATAGC	GCTATGGT	0	0	0
ACCATAGG	CCTATGGT	0	0	0
ACCATAGT	ACTATGGT	0	0	0
ACCATATA	TATATGGT	0	0	0
ACCATATC	GATATGGT	0	0	0
ACCATATG	CATATGGT	0	0	0
ACCATCAA	TTGATGGT	0	0	0
ACCATCAC	GTGATGGT	0	0	0
ACCATCAG	CTGATGGT	0	0	0
ACCATCAT	ATGATGGT	0	0	0
ACCATCCA	TGGATGGT	0	0	0
ACCATCCC	GGGATGGT	0	0	0
ACCATCCG	CGGATGGT	0	0	0
ACCATCCT	AGGATGGT	0	0	0
ACCATCGA	TCGATGGT	0	0	0
ACCATCGC	GCGATGGT	0	0	0
ACCATCGG	CCGATGGT	0	0	0
ACCATCGT	ACGATGGT	0	0	0
ACCATCTA	TAGATGGT	0	0	0
ACCATCTC	GAGATGGT	0	0	0
ACCATCTG	CAGATGGT	0	0	0
ACCATGAA	TTCATGGT	0	0	0
ACCATGAC	GTCATGGT	0	0	0
ACCATGAG	CTCATGGT	0	0	0
ACCATGAT	ATCATGGT	0	0	0
ACCATGCA	TGCATGGT	0	0	0
ACCATGCC	GGCATGGT	0	0	0
ACCATGCG	CGCATGGT	0	0	0
ACCATGCT	AGCATGGT	0	0	0
ACCATGGA	TCCATGGT	0	0	0
ACCATGGC	GCCATGGT	0	0	0
ACCATGGG	CCCATGGT	0	0	0
ACCATGGT	ACCATGGT	0	0	0
ACCATGTA	TACATGGT	0	0	0
ACCATGTC	GACATGGT	0	0	0
ACCATGTG	CACATGGT	0	0	0
ACCATTAA	TTAATGGT	0	0	0
ACCATTAC	GTAATGGT	0	0	0
ACCATTAG	CTAATGGT	0	0	0
ACCATTAT	ATAATGGT	0	0	0
ACCATTCA	TGAATGGT	0	0	0
ACCATTCC	GGAATGGT	0	0	0
ACCATTCG	CGAATGGT	0	0	0
ACCATTCT	AGAATGGT	0	0	0
ACCATTGA	TCAATGGT	0	0	0
ACCATTGC	GCAATGGT	0	0	0
ACCATTGG	CCAATGGT	0	0	0
ACCATTTA	TAAATGGT	0	0	0
ACCATTTC	GAAATGGT	0	0	0
ACCATTTG	CAAATGGT	0	0	0
ACCCAAAA	TTTTGGGT	0	0	0
ACCCAAAC	GTTTGGGT	0	0	0
ACCCAAAG	CTTTGGGT	0	0	0
ACCCAAAT	ATTTGGGT	0	0	0
ACCCAACA	TGTTGGGT	0	0	0
ACCCAACC	GGTTGGGT	0	0	0
ACCCAACG	CGTTGGGT	0	0	0
ACCCAACT	AGTTGGGT	0	0	0
ACCCAAGA	TCTTGGGT	0	0	0
ACCCAAGC	GCTTGGGT	0	0	0
ACCCAAGG	CCTTGGGT	0	0	0
ACCCAAGT	ACTTGGGT	0	0	0
ACCCAATA	TATTGGGT	0	0	0
ACCCAATC	GATTGGGT	0	0	0
ACCCAATG	CATTGGGT	0	0	0
ACCCACAA	TTGTGGGT	0	0	0
ACCCACAC	GTGTGGGT	0	0	0
ACCCACAG	CTGTGGGT	0	0	0
ACCCACAT	ATGTGGGT	0	0	0
ACCCACCA	TGGTGGGT	0	0	0
ACCCACCC	GGGTGGGT	0	0	0
ACCCACCG	CGGTGGGT	0	0	0
ACCCACCT	AGGTGGGT	0	0	0
ACCCACGA	TCGTGGGT	0	0	0
ACCCACGC	GCGTGGGT	0	0	0
ACCCACGG	CCGTGGGT	0	0	0
ACCCACGT	ACGTGGGT	0	0	0
ACCCACTA	TAGTGGGT	0	0	0
ACCCACTC	GAGTGGGT	0	0	0
ACCCACTG	CAGTGGGT	0	0	0
ACCCAGAA	TTCTGGGT	0	0	0
ACCCAGAC	GTCTGGGT	0	0	0
ACCCAGAG	CTCTGGGT	0	0	0
ACCCAGAT	ATCTGGGT	0	0	0
ACCCAGCA	TGCTGGGT	0	0	0
ACCCAGCC	GGCTGGGT	0	0	0
ACCCAGCG	CGCTGGGT	0	0	0
ACCCAGCT	AGCTGGGT	0	0	0
ACCCAGGA	TCCTGGGT	0	0	0
ACCCAGGC	GCCTGGGT	0	0	0
ACCCAGGG	CCCTGGGT	0	0	0
ACCCAGGT	ACCTGGGT	0	0	0
ACCCAGTA	TACTGGGT	0	0	0
ACCCAGTC	GACTGGGT	0	0	0
ACCCAGTG	CACTGGGT	0	0	0
ACCCATAA	TTATGGGT	0	0	0
ACCCATAC	GTATGGGT	0	0	0
ACCCATAG	CTATGGGT	0	0	0
ACCCATAT	ATATGGGT	0	0	0
ACCCATCA	TGATGGGT	0	0	0
ACCCATCC	GGATGGGT	0	0	0
ACCCATCG	CGATGGGT	0	0	0
ACCCATCT	AGATGGGT	0	0	0
ACCCATGA	TCATGGGT	0	0	0
ACCCATGC	GCATGGGT	0	0	0
ACCCATGG	CCATGGGT	0	0	0
ACCCATTA	TAATGGGT	0	0	0
ACCCATTC	GAATGGGT	0	0	0
ACCCATTG	CAATGGGT	0	0	0
ACCCCAAA	TTTGGGGT	0	0	0
ACCCCAAC	GTTGGGGT	0	0	0
ACCCCAAG	CTTGGGGT	0	0	0
ACCCCAAT	ATTGGGGT	0	0	0
ACCCCACA	TGTGGGGT	0	0	0
ACCCCACC	GGTGGGGT	0	0	0
ACCCCACG	CGTGGGGT	0	0	0
ACCCCACT	AGTGGGGT	0	0	0
ACCCCAGA	TCTGGGGT	0	0	0
ACCCCAGC	GCTGGGGT	0	0	0
ACCCCAGG	CCTGGGGT	0	0	0
ACCCCAGT	ACTGGGGT	0	0	0
ACCCCATA	TATGGGGT	0	0	0
ACCCCATC	GATGGGGT	0	0	0
ACCCCATG	CATGGGGT	0	0	0
ACCCCCAA	TTGGGGGT	0	0	0
ACCCCCAC	GTGGGGGT	0	0	0
ACCCCCAG	CTGGGGGT	0	0	0
ACCCCCAT	ATGGGGGT	0	0	0
ACCCCCCA	TGGGGGGT	0	0	0
ACCCCCCC	GGGGGGGT	0	0	0
ACCCCCCG	CGGGGGGT	0	0	0
ACCCCCCT	AGGGGGGT	0	0	0
ACCCCCGA	TCGGGGGT	0	0	0
ACCCCCGC	GCGGGGGT	0	0	0
ACCCCCGG	CCGGGGGT	0	0	0
ACCCCCGT	ACGGGGGT	0	0	0
ACCCCCTA	TAGGGGGT	0	0	0
ACCCCCTC	GAGGGGGT	0	0	0
ACCCCCTG	CAGGGGGT	0	0	0
ACCCCGAA	TTCGGGGT	0	0	0
ACCCCGAC	GTCGGGGT	0	0	0
ACCCCGAG	CTCGGGGT	0	0	0
ACCCCGAT	ATCGGGGT	0	0	0
ACCCCGCA	TGCGGGGT	0	0	0
ACCCCGCC	GGCGGGGT	0	0	0
ACCCCGCG	CGCGGGGT	0	0	0
ACCCCGCT	AGCGGGGT	0	0	0
ACCCCGGA	TCCGGGGT	0	0	0
ACCCCGGC	GCCGGGGT	0	0	0
ACCCCGGG	CCCGGGGT	0	0	0
ACCCCGGT	ACCGGGGT	0	0	0
ACCCCGTA	TACGGGGT	0	0	0
ACCCCGTC	GACGGGGT	0	0	0
ACCCCGTG	CACGGGGT	0	0	0
ACCCCTAA	TTAGGGGT	0	0	0
ACCCCTAC	GTAGGGGT	0	0	0
ACCCCTAG	CTAGGGGT	0	0	0
ACCCCTAT	ATAGGGGT	0	0	0
ACCCCTCA	TGAGGGGT	0	0	0
ACCCCTCC	GGAGGGGT	0	0	0
ACCCCTCG	CGAGGGGT	0	0	0
ACCCCTCT	AGAGGGGT	0	0	0
ACCCCTGA	TCAGGGGT	0	0	0
ACCCCTGC	GCAGGGGT	0	0	0
ACCCCTGG	CCAGGGGT	0	0	0
ACCCCTTA	TAAGGGGT	0	0	0
ACCCCTTC	GAAGGGGT	0	0	0
ACCCCTTG	CAAGGGGT	0	0	0
ACCCGAAA	TTTCGGGT	0	0	0
ACCCGAAC	GTTCGGGT	0	0	0
ACCCGAAG	CTTCGGGT	0	0	0
ACCCGAAT	ATTCGGGT	0	0	0
ACCCGACA	TGTCGGGT	0	0	0
ACCCGACC	GGTCGGGT	0	0	0
ACCCGACG	CGTCGGGT	0	0	0
ACCCGACT	AGTCGGGT	0	0	0
ACCCGAGA	TCTCGGGT	0	0	0
ACCCGAGC	GCTCGGGT	0	0	0
ACCCGAGG	CCTCGGGT	0	0	0
ACCCGAGT	ACTCGGGT	0	0	0
ACCCGATA	TATCGGGT	0	0	0
ACCCGATC	GATCGGGT	0	0	0
ACCCGATG	CATCGGGT	0	0	0
ACCCGCAA	TTGCGGGT	0	0	0
ACCCGCAC	GTGCGGGT	0	0	0
ACCCGCAG	CTGCGGGT	0	0	0
ACCCGCAT	ATGCGGGT	0	0	0
ACCCGCCA	TGGCGGGT	0	0	0
ACCCGCCC	GGGCGGGT	0	0	0
ACCCGCCG	CGGCGGGT	0	0	0
ACCCGCCT	AGGCGGGT	0	0	0
ACCCGCGA	TCGCGGGT	0	0	0
ACCCGCGC	GCGCGGGT	0	0	0
ACCCGCGG	CCGCGGGT	0	0	0
ACCCGCGT	ACGCGGGT	0	0	0
ACCCGCTA	TAGCGGGT	0	0	0
ACCCGCTC	GAGCGGGT	0	0	0
ACCCGCTG	CAGCGGGT	0	0	0
ACCCGGAA	TTCCGGGT	0	0	0
ACCCGGAC	GTCCGGGT	0	0	0
ACCCGGAG	CTCCGGGT	0	0	0
ACCCGGAT	ATCCGGGT	0	0	0
ACCCGGCA	TGCCGGGT	0	0	0
ACCCGGCC	GGCCGGGT	0	0	0
ACCCGGCG	CGCCGGGT	0	0	0
ACCCGGCT	AGCCGGGT	0	0	0
ACCCGGGA	TCCCGGGT	0	0	0
ACCCGGGC	GCCCGGGT	0	0	0
ACCCGGGG	CCCCGGGT	0	0	0
ACCCGGGT	ACCCGGGT	0	0	0
ACCCGGTA	TACCGGGT	0	0	0
ACCCGGTC	GACCGGGT	0	0	0
ACCCGGTG	CACCGGGT	0	0	0
ACCCGTAA	TTACGGGT	0	0	0
ACCCGTAC	GTACGGGT	0	0	0
ACCCGTAG	CTACGGGT	0	0	0
ACCCGTAT	ATACGGGT	0	0	0
ACCCGTCA	TGACGGGT	0	0	0
ACCCGTCC	GGACGGGT	0	0	0
ACCCGTCG	CGACGGGT	0	0	0
ACCCGTCT	AGACGGGT	0	0	0
ACCCGTGA	TCACGGGT	0	0	0
ACCCGTGC	GCACGGGT	0	0	0
ACCCGTGG	CCACGGGT	0	0	0
ACCCGTTA	TAACGGGT	0	0	0
ACCCGTTC	GAACGGGT	0	0	0
ACCCGTTG	CAACGGGT	0	0	0
ACCCTAAA	TTTAGGGT	0	0	0
ACCCTAAC	GTTAGGGT	0	0	0
ACCCTAAG	CTTAGGGT	0	0	0
ACCCTAAT	ATTAGGGT	0	0	0
ACCCTACA	TGTAGGGT	0	0	0
ACCCTACC	GGTAGGGT	0	0	0
ACCCTACG	CGTAGGGT	0	0	0
ACCCTACT	AGTAGGGT	0	0	0
ACCCTAGA	TCTAGGGT	0	0	0
ACCCTAGC	GCTAGGGT	0	0	0
ACCCTAGG	CCTAGGGT	0	0	0
ACCCTAGT	ACTAGGGT	0	0	0
ACCCTATA	TATAGGGT	0	0	0
ACCCTATC	GATAGGGT	0	0	0
ACCCTATG	CATAGGGT	0	0	0
ACCCTCAA	TTGAGGGT	0	0	0
ACCCTCAC	GTGAGGGT	0	0	0
ACCCTCAG	CTGAGGGT	0	0	0
ACCCTCAT	ATGAGGGT	0	0	0
ACCCTCCA	TGGAGGGT	0	0	0
ACCCTCCC	GGGAGGGT	0	0	0
ACCCTCCG	CGGAGGGT	0	0	0
ACCCTCCT	AGGAGGGT	0	0	0
ACCCTCGA	TCGAGGGT	0	0	0
ACCCTCGC	GCGAGGGT	0	0	0
ACCCTCGG	CCGAGGGT	0	0	0
ACCCTCGT	ACGAGGGT	0	0	0
ACCCTCTA	TAGAGGGT	0	0	0
ACCCTCTC	GAGAGGGT	0	0	0
ACCCTCTG	CAGAGGGT	0	0	0
ACCCTGAA	TTCAGGGT	0	0	0
ACCCTGAC	GTCAGGGT	0	0	0
ACCCTGAG	CTCAGGGT	0	0	0
ACCCTGAT	ATCAGGGT	0	0	0
ACCCTGCA	TGCAGGGT	0	0	0
ACCCTGCC	GGCAGGGT	0	0	0
ACCCTGCG	CGCAGGGT	0	0	0
ACCCTGCT	AGCAGGGT	0	0	0
ACCCTGGA	TCCAGGGT	0	0	0
ACCCTGGC	GCCAGGGT	0	0	0
ACCCTGGG	CCCAGGGT	0	0	0
ACCCTGTA	TACAGGGT	0	0	0
ACCCTGTC	GACAGGGT	0	0	0
ACCCTGTG	CACAGGGT	0	0	0
ACCCTTAA	TTAAGGGT	0	0	0
ACCCTTAC	GTAAGGGT	0	0	0
ACCCTTAG	CTAAGGGT	0	0	0
ACCCTTAT	ATAAGGGT	0	0	0
ACCCTTCA	TGAAGGGT	0	0	0
ACCCTTCC	GGAAGGGT	0	0	0
ACCCTTCG	CGAAGGGT	0	0	0
ACCCTTCT	AGAAGGGT	0	0	0
ACCCTTGA	TCAAGGGT	0	0	0
ACCCTTGC	GCAAGGGT	0	0	0
ACCCTTGG	CCAAGGGT	0	0	0
ACCCTTTA	TAAAGGGT	0	0	0
ACCCTTTC	GAAAGGGT	0	0	0
ACCCTTTG	CAAAGGGT	0	0	0
ACCGAAAA	TTTTCGGT	0	0	0
ACCGAAAC	GTTTCGGT	0	0	0
ACCGAAAG	CTTTCGGT	0	0	0
ACCGAAAT	ATTTCGGT	0	0	0
ACCGAACA	TGTTCGGT	0	0	0
ACCGAACC	GGTTCGGT	0	0	0
ACCGAACG	CGTTCGGT	0	0	0
ACCGAACT	AGTTCGGT	0	0	0
ACCGAAGA	TCTTCGGT	0	0	0
ACCGAAGC	GCTTCGGT	0	0	0
ACCGAAGG	CCTTCGGT	0	0	0
ACCGAAGT	ACTTCGGT	0	0	0
ACCGAATA	TATTCGGT	0	0	0
ACCGAATC	GATTCGGT	0	0	0
ACCGAATG	CATTCGGT	0	0	0
ACCGACAA	TTGTCGGT	0	0	0
ACCGACAC	GTGTCGGT	0	0	0
ACCGACAG	CTGTCGGT	0	0	0
ACCGACAT	ATGTCGGT	0	0	0
ACCGACCA	TGGTCGGT	0	0	0
ACCGACCC	GGGTCGGT	0	0	0
ACCGACCG	CGGTCGGT	0	0	0
ACCGACCT	AGGTCGGT	0	0	0
ACCGACGA	TCGTCGGT	0	0	0
ACCGACGC	GCGTCGGT	0	0	0
ACCGACGG	CCGTCGGT	0	0	0
ACCGACGT	ACGTCGGT	0	0	0
ACCGACTA	TAGTCGGT	0	0	0
ACCGACTC	GAGTCGGT	0	0	0
ACCGACTG	CAGTCGGT	0	0	0
ACCGAGAA	TTCTCGGT	0	0	0
ACCGAGAC	GTCTCGGT	0	0	0
ACCGAGAG	CTCTCGGT	0	0	0
ACCGAGAT	ATCTCGGT	0	0	0
ACCGAGCA	TGCTCGGT	0	0	0
ACCGAGCC	GGCTCGGT	0	0	0
ACCGAGCG	CGCTCGGT	0	0	0
ACCGAGCT	AGCTCGGT	0	0	0
ACCGAGGA	TCCTCGGT	0	0	0
ACCGAGGC	GCCTCGGT	0	0	0
ACCGAGGG	CCCTCGGT	0	0	0
ACCGAGGT	ACCTCGGT	0	0	0
ACCGAGTA	TACTCGGT	0	0	0
ACCGAGTC	GACTCGGT	0	0	0
ACCGAGTG	CACTCGGT	0	0	0
ACCGATAA	TTATCGGT	0	0	0
ACCGATAC	GTATCGGT	0	0	0
ACCGATAG	CTATCGGT	0	0	0
ACCGATAT	ATATCGGT	0	0	0
ACCGATCA	TGATCGGT	0	0	0
ACCGATCC	GGATCGGT	0	0	0
ACCGATCG	CGATCGGT	0	0	0
ACCGATCT	AGATCGGT	0	0	0
ACCGATGA	TCATCGGT	0	0	0
ACCGATGC	GCATCGGT	0	0	0
ACCGATGG	CCATCGGT	0	0	0
ACCGATTA	TAATCGGT	0	0	0
ACCGATTC	GAATCGGT	0	0	0
ACCGATTG	CAATCGGT	0	0	0
ACCGCAAA	TTTGCGGT	0	0	0
ACCGCAAC	GTTGCGGT	0	0	0
ACCGCAAG	CTTGCGGT	0	0	0
ACCGCAAT	ATTGCGGT	0	0	0
ACCGCACA	TGTGCGGT	0	0	0
ACCGCACC	GGTGCGGT	0	0	0
ACCGCACG	CGTGCGGT	0	0	0
ACCGCACT	AGTGCGGT	0	0	0
ACCGCAGA	TCTGCGGT	0	0	0
ACCGCAGC	GCTGCGGT	0	0	0
ACCGCAGG	CCTGCGGT	0	0	0
ACCGCAGT	ACTGCGGT	0	0	0
ACCGCATA	TATGCGGT	0	0	0
ACCGCATC	GATGCGGT	0	0	0
ACCGCATG	CATGCGGT	0	0	0
ACCGCCAA	TTGGCGGT	0	0	0
ACCGCCAC	GTGGCGGT	0	0	0
ACCGCCAG	CTGGCGGT	0	0	0
ACCGCCAT	ATGGCGGT	0	0	0
ACCGCCCA	TGGGCGGT	0	0	0
ACCGCCCC	GGGGCGGT	0	0	0
ACCGCCCG	CGGGCGGT	0	0	0
ACCGCCCT	AGGGCGGT	0	0	0
ACCGCCGA	TCGGCGGT	0	0	0
ACCGCCGC	GCGGCGGT	0	0	0
ACCGCCGG	CCGGCGGT	0	0	0
ACCGCCGT	ACGGCGGT	0	0	0
ACCGCCTA	TAGGCGGT	0	0	0
ACCGCCTC	GAGGCGGT	0	0	0
ACCGCCTG	CAGGCGGT	0	0	0
ACCGCGAA	TTCGCGGT	0	0	0
ACCGCGAC	GTCGCGGT	0	0	0
ACCGCGAG	CTCGCGGT	0	0	0
ACCGCGAT	ATCGCGGT	0	0	0
ACCGCGCA	TGCGCGGT	0	0	0
ACCGCGCC	GGCGCGGT	0	0	0
ACCGCGCG	CGCGCGGT	0	0	0
ACCGCGCT	AGCGCGGT	0	0	0
ACCGCGGA	TCCGCGGT	0	0	0
ACCGCGGC	GCCGCGGT	0	0	0
ACCGCGGG	CCCGCGGT	0	0	0
ACCGCGGT	ACCGCGGT	0	0	0
ACCGCGTA	TACGCGGT	0	0	0
ACCGCGTC	GACGCGGT	0	0	0
ACCGCGTG	CACGCGGT	0	0	0
ACCGCTAA	TTAGCGGT	0	0	0
ACCGCTAC	GTAGCGGT	0	0	0
ACCGCTAG	CTAGCGGT	0	0	0
ACCGCTAT	ATAGCGGT	0	0	0
ACCGCTCA	TGAGCGGT	0	0	0
ACCGCTCC	GGAGCGGT	0	0	0
ACCGCTCG	CGAGCGGT	0	0	0
ACCGCTCT	AGAGCGGT	0	0	0
ACCGCTGA	TCAGCGGT	0	0	0
ACCGCTGC	GCAGCGGT	0	0	0
ACCGCTGG	CCAGCGGT	0	0	0
ACCGCTTA	TAAGCGGT	0	0	0
ACCGCTTC	GAAGCGGT	0	0	0
ACCGCTTG	CAAGCGGT	0	0	0
ACCGGAAA	TTTCCGGT	0	0	0
ACCGGAAC	GTTCCGGT	0	0	0
ACCGGAAG	CTTCCGGT	0	0	0
ACCGGAAT	ATTCCGGT	0	0	0
ACCGGACA	TGTCCGGT	0	0	0
ACCGGACC	GGTCCGGT	0	0	0
ACCGGACG	CGTCCGGT	0	0	0
ACCGGACT	AGTCCGGT	0	0	0
ACCGGAGA	TCTCCGGT	0	0	0
ACCGGAGC	GCTCCGGT	0	0	0
ACCGGAGG	CCTCCGGT	0	0	0
ACCGGAGT	ACTCCGGT	0	0	0
ACCGGATA	TATCCGGT	0	0	0
ACCGGATC	GATCCGGT	0	0	0
ACCGGATG	CATCCGGT	0	0	0
ACCGGCAA	TTGCCGGT	0	0	0
ACCGGCAC	GTGCCGGT	0	0	0
ACCGGCAG	CTGCCGGT	0	0	0
ACCGGCAT	ATGCCGGT	0	0	0
ACCGGCCA	TGGCCGGT	0	0	0
ACCGGCCC	GGGCCGGT	0	0	0
ACCGGCCG	CGGCCGGT	0	0	0
ACCGGCCT	AGGCCGGT	0	0	0
ACCGGCGA	TCGCCGGT	0	0	0
ACCGGCGC	GCGCCGGT	0	0	0
ACCGGCGG	CCGCCGGT	0	0	0
ACCGGCGT	ACGCCGGT	0	0	0
ACCGGCTA	TAGCCGGT	0	0	0
ACCGGCTC	GAGCCGGT	0	0	0
ACCGGCTG	CAGCCGGT	0	0	0
ACCGGGAA	TTCCCGGT	0	0	0
ACCGGGAC	GTCCCGGT	0	0	0
ACCGGGAG	CTCCCGGT	0	0	0
ACCGGGAT	ATCCCGGT	0	0	0
ACCGGGCA	TGCCCGGT	0	0	0
ACCGGGCC	GGCCCGGT	0	0	0
ACCGGGCG	CGCCCGGT	0	0	0
ACCGGGCT	AGCCCGGT	0	0	0
ACCGGGGA	TCCCCGGT	0	0	0
ACCGGGGC	GCCCCGGT	0	0	0
ACCGGGGG	CCCCCGGT	0	0	0
ACCGGGTA	TACCCGGT	0	0	0
ACCGGGTC	GACCCGGT	0	0	0
ACCGGGTG	CACCCGGT	0	0	0
ACCGGTAA	TTACCGGT	0	0	0
ACCGGTAC	GTACCGGT	0	0	0
ACCGGTAG	CTACCGGT	0	0	0
ACCGGTAT	ATACCGGT	0	0	0
ACCGGTCA	TGACCGGT	0	0	0
ACCGGTCC	GGACCGGT	0	0	0
ACCGGTCG	CGACCGGT	0	0	0
ACCGGTCT	AGACCGGT	0	0	0
ACCGGTGA	TCACCGGT	0	0	0
ACCGGTGC	GCACCGGT	0	0	0
ACCGGTGG	CCACCGGT	0	0	0
ACCGGTTA	TAACCGGT	0	0	0
ACCGGTTC	GAACCGGT	0	0	0
ACCGGTTG	CAACCGGT	0	0	0
ACCGTAAA	TTTACGGT	0	0	0
ACCGTAAC	GTTACGGT	0	0	0
ACCGTAAG	CTTACGGT	0	0	0
ACCGTAAT	ATTACGGT	0	0	0
ACCGTACA	TGTACGGT	0	0	0
ACCGTACC	GGTACGGT	0	0	0
ACCGTACG	CGTACGGT	0	0	0
ACCGTACT	AGTACGGT	0	0	0
ACCGTAGA	TCTACGGT	0	0	0
ACCGTAGC	GCTACGGT	0	0	0
ACCGTAGG	CCTACGGT	0	0	0
ACCGTAGT	ACTACGGT	0	0	0
ACCGTATA	TATACGGT	0	0	0
ACCGTATC	GATACGGT	0	0	0
ACCGTATG	CATACGGT	0	0	0
ACCGTCAA	TTGACGGT	0	0	0
ACCGTCAC	GTGACGGT	0	0	0
ACCGTCAG	CTGACGGT	0	0	0
ACCGTCAT	ATGACGGT	0	0	0
ACCGTCCA	TGGACGGT	0	0	0
ACCGTCCC	GGGACGGT	0	0	0
ACCGTCCG	CGGACGGT	0	0	0
ACCGTCCT	AGGACGGT	0	0	0
ACCGTCGA	TCGACGGT	0	0	0
ACCGTCGC	GCGACGGT	0	0	0
ACCGTCGG	CCGACGGT	0	0	0
ACCGTCGT	ACGACGGT	0	0	0
ACCGTCTA	TAGACGGT	0	0	0
ACCGTCTC	GAGACGGT	0	0	0
ACCGTCTG	CAGACGGT	0	0	0
ACCGTGAA	TTCACGGT	0	0	0
ACCGTGAC	GTCACGGT	0	0	0
ACCGTGAG	CTCACGGT	0	0	0
ACCGTGAT	ATCACGGT	0	0	0
ACCGTGCA	TGCACGGT	0	0	0
ACCGTGCC	GGCACGGT	0	0	0
ACCGTGCG	CGCACGGT	0	0	0
ACCGTGCT	AGCACGGT	0	0	0
ACCGTGGA	TCCACGGT	0	0	0
ACCGTGGC	GCCACGGT	0	0	0
ACCGTGGG	CCCACGGT	0	0	0
ACCGTGTA	TACACGGT	0	0	0
ACCGTGTC	GACACGGT	0	0	0
ACCGTGTG	CACACGGT	0	0	0
ACCGTTAA	TTAACGGT	0	0	0
ACCGTTAC	GTAACGGT	0	0	0
ACCGTTAG	CTAACGGT	0	0	0
ACCGTTAT	ATAACGGT	0	0	0
ACCGTTCA	TGAACGGT	0	0	0
ACCGTTCC	GGAACGGT	0	0	0
ACCGTTCG	CGAACGGT	0	0	0
ACCGTTCT	AGAACGGT	0	0	0
ACCGTTGA	TCAACGGT	0	0	0
ACCGTTGC	GCAACGGT	0	0	0
ACCGTTGG	CCAACGGT	0	0	0
ACCGTTTA	TAAACGGT	0	0	0
ACCGTTTC	GAAACGGT	0	0	0
ACCGTTTG	CAAACGGT	0	0	0
ACCTAAAA	TTTTAGGT	0	0	0
ACCTAAAC	GTTTAGGT	0	0	0
ACCTAAAG	CTTTAGGT	0	0	0
ACCTAAAT	ATTTAGGT	0	0	0
ACCTAACA	TGTTAGGT	0	0	0
ACCTAACC	GGTTAGGT	0	0	0
ACCTAACG	CGTTAGGT	0	0	0
ACCTAACT	AGTTAGGT	0	0	0
ACCTAAGA	TCTTAGGT	0	0	0
ACCTAAGC	GCTTAGGT	0	0	0
ACCTAAGG	CCTTAGGT	0	0	0
ACCTAAGT	ACTTAGGT	0	0	0
ACCTAATA	TATTAGGT	0	0	0
ACCTAATC	GATTAGGT	0	0	0
ACCTAATG	CATTAGGT	0	0	0
ACCTACAA	TTGTAGGT	0	0	0
ACCTACAC	GTGTAGGT	0	0	0
ACCTACAG	CTGTAGGT	0	0	0
ACCTACAT	ATGTAGGT	0	0	0
ACCTACCA	TGGTAGGT	0	0	0
ACCTACCC	GGGTAGGT	0	0	0
ACCTACCG	CGGTAGGT	0	0	0
ACCTACCT	AGGTAGGT	0	0	0
ACCTACGA	TCGTAGGT	0	0	0
ACCTACGC	GCGTAGGT	0	0	0
ACCTACGG	CCGTAGGT	0	0	0
ACCTACGT	ACGTAGGT	0	0	0
ACCTACTA	TAGTAGGT	0	0	0
ACCTACTC	GAGTAGGT	0	0	0
ACCTACTG	CAGTAGGT	0	0	0
ACCTAGAA	TTCTAGGT	0	0	0
ACCTAGAC	GTCTAGGT	0	0	0
ACCTAGAG	CTCTAGGT	0	0	0
ACCTAGAT	ATCTAGGT	0	0	0
ACCTAGCA	TGCTAGGT	0	0	0
ACCTAGCC	GGCTAGGT	0	0	0
ACCTAGCG	CGCTAGGT	0	0	0
ACCTAGCT	AGCTAGGT	0	0	0
ACCTAGGA	TCCTAGGT	0	0	0
ACCTAGGC	GCCTAGGT	0	0	0
ACCTAGGG	CCCTAGGT	0	0	0
ACCTAGGT	ACCTAGGT	0	0	0
ACCTAGTA	TACTAGGT	0	0	0
ACCTAGTC	GACTAGGT	0	0	0
ACCTAGTG	CACTAGGT	0	0	0
ACCTATAA	TTATAGGT	0	0	0
ACCTATAC	GTATAGGT	0	0	0
ACCTATAG	CTATAGGT	0	0	0
ACCTATAT	ATATAGGT	0	0	0
ACCTATCA	TGATAGGT	0	0	0
ACCTATCC	GGATAGGT	0	0	0
ACCTATCG	CGATAGGT	0	0	0
ACCTATCT	AGATAGGT	0	0	0
ACCTATGA	TCATAGGT	0	0	0
ACCTATGC	GCATAGGT	0	0	0
ACCTATGG	CCATAGGT	0	0	0
ACCTATTA	TAATAGGT	0	0	0
ACCTATTC	GAATAGGT	0	0	0
ACCTATTG	CAATAGGT	0	0	0
ACCTCAAA	TTTGAGGT	0	0	0
ACCTCAAC	GTTGAGGT	0	0	0
ACCTCAAG	CTTGAGGT	0	0	0
ACCTCAAT	ATTGAGGT	0	0	0
ACCTCACA	TGTGAGGT	0	0	0
ACCTCACC	GGTGAGGT	0	0	0
ACCTCACG	CGTGAGGT	0	0	0
ACCTCACT	AGTGAGGT	0	0	0
ACCTCAGA	TCTGAGGT	0	0	0
ACCTCAGC	GCTGAGGT	0	0	0
ACCTCAGG	CCTGAGGT	0	0	0
ACCTCAGT	ACTGAGGT	0	0	0
ACCTCATA	TATGAGGT	0	0	0
ACCTCATC	GATGAGGT	0	0	0
ACCTCATG	CATGAGGT	0	0	0
ACCTCCAA	TTGGAGGT	0	0	0
ACCTCCAC	GTGGAGGT	0	0	0
ACCTCCAG	CTGGAGGT	0	0	0
ACCTCCAT	ATGGAGGT	0	0	0
ACCTCCCA	TGGGAGGT	0	0	0
ACCTCCCC	GGGGAGGT	0	0	0
ACCTCCCG	CGGGAGGT	0	0	0
ACCTCCCT	AGGGAGGT	0	0	0
ACCTCCGA	TCGGAGGT	0	0	0
ACCTCCGC	GCGGAGGT	0	0	0
ACCTCCGG	CCGGAGGT	0	0	0
ACCTCCGT	ACGGAGGT	0	0	0
ACCTCCTA	TAGGAGGT	0	0	0
ACCTCCTC	GAGGAGGT	0	0	0
ACCTCCTG	CAGGAGGT	0	0	0
ACCTCGAA	TTCGAGGT	0	0	0
ACCTCGAC	GTCGAGGT	0	0	0
ACCTCGAG	CTCGAGGT	0	0	0
ACCTCGAT	ATCGAGGT	0	0	0
ACCTCGCA	TGCGAGGT	0	0	0
ACCTCGCC	GGCGAGGT	0	0	0
ACCTCGCG	CGCGAGGT	0	0	0
ACCTCGCT	AGCGAGGT	0	0	0
ACCTCGGA	TCCGAGGT	0	0	0
ACCTCGGC	GCCGAGGT	0	0	0
ACCTCGGG	CCCGAGGT	0	0	0
ACCTCGTA	TACGAGGT	0	0	0
ACCTCGTC	GACGAGGT	0	0	0
ACCTCGTG	CACGAGGT	0	0	0
ACCTCTAA	TTAGAGGT	0	0	0
ACCTCTAC	GTAGAGGT	0	0	0
ACCTCTAG	CTAGAGGT	0	0	0
ACCTCTAT	ATAGAGGT	0	0	0
ACCTCTCA	TGAGAGGT	0	0	0
ACCTCTCC	GGAGAGGT	0	0	0
ACCTCTCG	CGAGAGGT	0	0	0
ACCTCTCT	AGAGAGGT	0	0	0
ACCTCTGA	TCAGAGGT	0	0	0
ACCTCTGC	GCAGAGGT	0	0	0
ACCTCTGG	CCAGAGGT	0	0	0
ACCTCTTA	TAAGAGGT	0	0	0
ACCTCTTC	GAAGAGGT	0	0	0
ACCTCTTG	CAAGAGGT	0	0	0
ACCTGAAA	TTTCAGGT	0	0	0
ACCTGAAC	GTTCAGGT	0	0	0
ACCTGAAG	CTTCAGGT	0	0	0
ACCTGAAT	ATTCAGGT	0	0	0
ACCTGACA	TGTCAGGT	0	0	0
ACCTGACC	GGTCAGGT	0	0	0
ACCTGACG	CGTCAGGT	0	0	0
ACCTGACT	AGTCAGGT	0	0	0
ACCTGAGA	TCTCAGGT	0	0	0
ACCTGAGC	GCTCAGGT	0	0	0
ACCTGAGG	CCTCAGGT	0	0	0
ACCTGAGT	ACTCAGGT	0	0	0
ACCTGATA	TATCAGGT	0	0	0
ACCTGATC	GATCAGGT	0	0	0
ACCTGATG	CATCAGGT	0	0	0
ACCTGCAA	TTGCAGGT	0	0	0
ACCTGCAC	GTGCAGGT	0	0	0
ACCTGCAG	CTGCAGGT	0	0	0
ACCTGCAT	ATGCAGGT	0	0	0
ACCTGCCA	TGGCAGGT	0	0	0
ACCTGCCC	GGGCAGGT	0	0	0
ACCTGCCG	CGGCAGGT	0	0	0
ACCTGCCT	AGGCAGGT	0	0	0
ACCTGCGA	TCGCAGGT	0	0	0
ACCTGCGC	GCGCAGGT	0	0	0
ACCTGCGG	CCGCAGGT	0	0	0
ACCTGCGT	ACGCAGGT	0	0	0
ACCTGCTA	TAGCAGGT	0	0	0
ACCTGCTC	GAGCAGGT	0	0	0
ACCTGCTG	CAGCAGGT	0	0	0
ACCTGGAA	TTCCAGGT	0	0	0
ACCTGGAC	GTCCAGGT	0	0	0
ACCTGGAG	CTCCAGGT	0	0	0
ACCTGGAT	ATCCAGGT	0	0	0
ACCTGGCA	TGCCAGGT	0	0	0
ACCTGGCC	GGCCAGGT	0	0	0
ACCTGGCG	CGCCAGGT	0	0	0
ACCTGGCT	AGCCAGGT	0	0	0
ACCTGGGA	TCCCAGGT	0	0	0
ACCTGGGC	GCCCAGGT	0	0	0
ACCTGGGG	CCCCAGGT	0	0	0
ACCTGGTA	TACCAGGT	0	0	0
ACCTGGTC	GACCAGGT	0	0	0
ACCTGGTG	CACCAGGT	0	0	0
ACCTGTAA	TTACAGGT	0	0	0
ACCTGTAC	GTACAGGT	0	0	0
ACCTGTAG	CTACAGGT	0	0	0
ACCTGTAT	ATACAGGT	0	0	0
ACCTGTCA	TGACAGGT	0	0	0
ACCTGTCC	GGACAGGT	0	0	0
ACCTGTCG	CGACAGGT	0	0	0
ACCTGTCT	AGACAGGT	0	0	0
ACCTGTGA	TCACAGGT	0	0	0
ACCTGTGC	GCACAGGT	0	0	0
ACCTGTGG	CCACAGGT	0	0	0
ACCTGTTA	TAACAGGT	0	0	0
ACCTGTTC	GAACAGGT	0	0	0
ACCTGTTG	CAACAGGT	0	0	0
ACCTTAAA	TTTAAGGT	0	0	0
ACCTTAAC	GTTAAGGT	0	0	0
ACCTTAAG	CTTAAGGT	0	0	0
ACCTTAAT	ATTAAGGT	0	0	0
ACCTTACA	TGTAAGGT	0	0	0
ACCTTACC	GGTAAGGT	0	0	0
ACCTTACG	CGTAAGGT	0	0	0
ACCTTACT	AGTAAGGT	0	0	0
ACCTTAGA	TCTAAGGT	0	0	0
ACCTTAGC	GCTAAGGT	0	0	0
ACCTTAGG	CCTAAGGT	0	0	0
ACCTTAGT	ACTAAGGT	0	0	0
ACCTTATA	TATAAGGT	0	0	0
ACCTTATC	GATAAGGT	0	0	0
ACCTTATG	CATAAGGT	0	0	0
ACCTTCAA	TTGAAGGT	0	0	0
ACCTTCAC	GTGAAGGT	0	0	0
ACCTTCAG	CTGAAGGT	0	0	0
ACCTTCAT	ATGAAGGT	0	0	0
ACCTTCCA	TGGAAGGT	0	0	0
ACCTTCCC	GGGAAGGT	0	0	0
ACCTTCCG	CGGAAGGT	0	0	0
ACCTTCCT	AGGAAGGT	0	0	0
ACCTTCGA	TCGAAGGT	0	0	0
ACCTTCGC	GCGAAGGT	0	0	0
ACCTTCGG	CCGAAGGT	0	0	0
ACCTTCGT	ACGAAGGT	0	0	0
ACCTTCTA	TAGAAGGT	0	0	0
ACCTTCTC	GAGAAGGT	0	0	0
ACCTTCTG	CAGAAGGT	0	0	0
ACCTTGAA	TTCAAGGT	0	0	0
ACCTTGAC	GTCAAGGT	0	0	0
ACCTTGAG	CTCAAGGT	0	0	0
ACCTTGAT	ATCAAGGT	0	0	0
ACCTTGCA	TGCAAGGT	0	0	0
ACCTTGCC	GGCAAGGT	0	0	0
ACCTTGCG	CGCAAGGT	0	0	0
ACCTTGCT	AGCAAGGT	0	0	0
ACCTTGGA	TCCAAGGT	0	0	0
ACCTTGGC	GCCAAGGT	0	0	0
ACCTTGGG	CCCAAGGT	0	0	0
ACCTTGTA	TACAAGGT	0	0	0
ACCTTGTC	GACAAGGT	0	0	0
ACCTTGTG	CACAAGGT	0	0	0
ACCTTTAA	TTAAAGGT	0	0	0
ACCTTTAC	GTAAAGGT	0	0	0
ACCTTTAG	CTAAAGGT	0	0	0
ACCTTTAT	ATAAAGGT	0	0	0
ACCTTTCA	TGAAAGGT	0	0	0
ACCTTTCC	GGAAAGGT	0	0	0
ACCTTTCG	CGAAAGGT	0	0	0
ACCTTTCT	AGAAAGGT	0	0	0
ACCTTTGA	TCAAAGGT	0	0	0
ACCTTTGC	GCAAAGGT	0	0	0
ACCTTTGG	CCAAAGGT	0	0	0
ACCTTTTA	TAAAAGGT	0	0	0
ACCTTTTC	GAAAAGGT	0	0	0
ACCTTTTG	CAAAAGGT	0	0	0
ACGAAAAA	TTTTTCGT	0	0	0
ACGAAAAC	GTTTTCGT	0	0	0
ACGAAAAG	CTTTTCGT	0	0	0
ACGAAAAT	ATTTTCGT	0	0	0
ACGAAACA	TGTTTCGT	0	0	0
ACGAAACC	GGTTTCGT	0	0	0
ACGAAACG	CGTTTCGT	0	0	0
ACGAAACT	AGTTTCGT	0	0	0
ACGAAAGA	TCTTTCGT	0	0	0
ACGAAAGC	GCTTTCGT	0	0	0
ACGAAAGG	CCTTTCGT	0	0	0
ACGAAAGT	ACTTTCGT	0	0	0
ACGAAATA	TATTTCGT	0	0	0
ACGAAATC	GATTTCGT	0	0	0
ACGAAATG	CATTTCGT	0	0	0
ACGAACAA	TTGTTCGT	0	0	0
ACGAACAC	GTGTTCGT	0	0	0
ACGAACAG	CTGTTCGT	0	0	0
ACGAACAT	ATGTTCGT	0	0	0
ACGAACCA	TGGTTCGT	0	0	0
ACGAACCC	GGGTTCGT	0	0	0
ACGAACCG	CGGTTCGT	0	0	0
ACGAACCT	AGGTTCGT	0	0	0
ACGAACGA	TCGTTCGT	0	0	0
ACGAACGC	GCGTTCGT	0	0	0
ACGAACGG	CCGTTCGT	0	0	0
ACGAACGT	ACGTTCGT	0	0	0
ACGAACTA	TAGTTCGT	0	0	0
ACGAACTC	GAGTTCGT	0	0	0
ACGAACTG	CAGTTCGT	0	0	0
ACGAAGAA	TTCTTCGT	0	0	0
ACGAAGAC	GTCTTCGT	0	0	0
ACGAAGAG	CTCTTCGT	0	0	0
ACGAAGAT	ATCTTCGT	0	0	0
ACGAAGCA	TGCTTCGT	0	0	0
ACGAAGCC	GGCTTCGT	0	0	0
ACGAAGCG	CGCTTCGT	0	0	0
ACGAAGCT	AGCTTCGT	0	0	0
ACGAAGGA	TCCTTCGT	0	0	0
ACGAAGGC	GCCTTCGT	0	0	0
ACGAAGGG	CCCTTCGT	0	0	0
ACGAAGTA	TACTTCGT	0	0	0
ACGAAGTC	GACTTCGT	0	0	0
ACGAAGTG	CACTTCGT	0	0	0
ACGAATAA	TTATTCGT	0	0	0
ACGAATAC	GTATTCGT	0	0	0
ACGAATAG	CTATTCGT	0	0	0
ACGAATAT	ATATTCGT	0	0	0
ACGAATCA	TGATTCGT	0	0	0
ACGAATCC	GGATTCGT	0	0	0
ACGAATCG	CGATTCGT	0	0	0
ACGAATCT	AGATTCGT	0	0	0
ACGAATGA	TCATTCGT	0	0	0
ACGAATGC	GCATTCGT	0	0	0
ACGAATGG	CCATTCGT	0	0	0
ACGAATTA	TAATTCGT	0	0	0
ACGAATTC	GAATTCGT	0	0	0
ACGAATTG	CAATTCGT	0	0	0
ACGACAAA	TTTGTCGT	0	0	0
ACGACAAC	GTTGTCGT	0	0	0
ACGACAAG	CTTGTCGT	0	0	0
ACGACAAT	ATTGTCGT	0	0	0
ACGACACA	TGTGTCGT	0	0	0
ACGACACC	GGTGTCGT	0	0	0
ACGACACG	CGTGTCGT	0	0	0
ACGACACT	AGTGTCGT	0	0	0
ACGACAGA	TCTGTCGT	0	0	0
ACGACAGC	GCTGTCGT	0	0	0
ACGACAGG	CCTGTCGT	0	0	0
ACGACAGT	ACTGTCGT	0	0	0
ACGACATA	TATGTCGT	0	0	0
ACGACATC	GATGTCGT	0	0	0
ACGACATG	CATGTCGT	0	0	0
ACGACCAA	TTGGTCGT	0	0	0
ACGACCAC	GTGGTCGT	0	0	0
ACGACCAG	CTGGTCGT	0	0	0
ACGACCAT	ATGGTCGT	0	0	0
ACGACCCA	TGGGTCGT	0	0	0
ACGACCCC	GGGGTCGT	0	0	0
ACGACCCG	CGGGTCGT	0	0	0
ACGACCCT	AGGGTCGT	0	0	0
ACGACCGA	TCGGTCGT	0	0	0
ACGACCGC	GCGGTCGT	0	0	0
ACGACCGG	CCGGTCGT	0	0	0
ACGACCGT	ACGGTCGT	0	0	0
ACGACCTA	TAGGTCGT	0	0	0
ACGACCTC	GAGGTCGT	0	0	0
ACGACCTG	CAGGTCGT	0	0	0
ACGACGAA	TTCGTCGT	0	0	0
ACGACGAC	GTCGTCGT	0	0	0
ACGACGAG	CTCGTCGT	0	0	0
ACGACGAT	ATCGTCGT	0	0	0
ACGACGCA	TGCGTCGT	0	0	0
ACGACGCC	GGCGTCGT	0	0	0
ACGACGCG	CGCGTCGT	0	0	0
ACGACGCT	AGCGTCGT	0	0	0
ACGACGGA	TCCGTCGT	0	0	0
ACGACGGC	GCCGTCGT	0	0	0
ACGACGGG	CCCGTCGT	0	0	0
ACGACGTA	TACGTCGT	0	0	0
ACGACGTC	GACGTCGT	0	0	0
ACGACGTG	CACGTCGT	0	0	0
ACGACTAA	TTAGTCGT	0	0	0
ACGACTAC	GTAGTCGT	0	0	0
ACGACTAG	CTAGTCGT	0	0	0
ACGACTAT	ATAGTCGT	0	0	0
ACGACTCA	TGAGTCGT	0	0	0
ACGACTCC	GGAGTCGT	0	0	0
ACGACTCG	CGAGTCGT	0	0	0
ACGACTCT	AGAGTCGT	0	0	0
ACGACTGA	TCAGTCGT	0	0	0
ACGACTGC	GCAGTCGT	0	0	0
ACGACTGG	CCAGTCGT	0	0	0
ACGACTTA	TAAGTCGT	0	0	0
ACGACTTC	GAAGTCGT	0	0	0
ACGACTTG	CAAGTCGT	0	0	0
ACGAGAAA	TTTCTCGT	0	0	0
ACGAGAAC	GTTCTCGT	0	0	0
ACGAGAAG	CTTCTCGT	0	0	0
ACGAGAAT	ATTCTCGT	0	0	0
ACGAGACA	TGTCTCGT	0	0	0
ACGAGACC	GGTCTCGT	0	0	0
ACGAGACG	CGTCTCGT	0	0	0
ACGAGACT	AGTCTCGT	0	0	0
ACGAGAGA	TCTCTCGT	0	0	0
ACGAGAGC	GCTCTCGT	0	0	0
ACGAGAGG	CCTCTCGT	0	0	0
ACGAGAGT	ACTCTCGT	0	0	0
ACGAGATA	TATCTCGT	0	0	0
ACGAGATC	GATCTCGT	0	0	0
ACGAGATG	CATCTCGT	0	0	0
ACGAGCAA	TTGCTCGT	0	0	0
ACGAGCAC	GTGCTCGT	0	0	0
ACGAGCAG	CTGCTCGT	0	0	0
ACGAGCAT	ATGCTCGT	0	0	0
ACGAGCCA	TGGCTCGT	0	0	0
ACGAGCCC	GGGCTCGT	0	0	0
ACGAGCCG	CGGCTCGT	0	0	0
ACGAGCCT	AGGCTCGT	0	0	0
ACGAGCGA	TCGCTCGT	0	0	0
ACGAGCGC	GCGCTCGT	0	0	0
ACGAGCGG	CCGCTCGT	0	0	0
ACGAGCGT	ACGCTCGT	0	0	0
ACGAGCTA	TAGCTCGT	0	0	0
ACGAGCTC	GAGCTCGT	0	0	0
ACGAGCTG	CAGCTCGT	0	0	0
ACGAGGAA	TTCCTCGT	0	0	0
ACGAGGAC	GTCCTCGT	0	0	0
ACGAGGAG	CTCCTCGT	0	0	0
ACGAGGAT	ATCCTCGT	0	0	0
ACGAGGCA	TGCCTCGT	0	0	0
ACGAGGCC	GGCCTCGT	0	0	0
ACGAGGCG	CGCCTCGT	0	0	0
ACGAGGCT	AGCCTCGT	0	0	0
ACGAGGGA	TCCCTCGT	0	0	0
ACGAGGGC	GCCCTCGT	0	0	0
ACGAGGGG	CCCCTCGT	0	0	0
ACGAGGTA	TACCTCGT	0	0	0
ACGAGGTC	GACCTCGT	0	0	0
ACGAGGTG	CACCTCGT	0	0	0
ACGAGTAA	TTACTCGT	0	0	0
ACGAGTAC	GTACTCGT	0	0	0
ACGAGTAG	CTACTCGT	0	0	0
ACGAGTAT	ATACTCGT	0	0	0
ACGAGTCA	TGACTCGT	0	0	0
ACGAGTCC	GGACTCGT	0	0	0
ACGAGTCG	CGACTCGT	0	0	0
ACGAGTCT	AGACTCGT	0	0	0
ACGAGTGA	TCACTCGT	0	0	0
ACGAGTGC	GCACTCGT	0	0	0
ACGAGTGG	CCACTCGT	0	0	0
ACGAGTTA	TAACTCGT	0	0	0
ACGAGTTC	GAACTCGT	0	0	0
ACGAGTTG	CAACTCGT	0	0	0
ACGATAAA	TTTATCGT	0	0	0
ACGATAAC	GTTATCGT	0	0	0
ACGATAAG	CTTATCGT	0	0	0
ACGATAAT	ATTATCGT	0	0	0
ACGATACA	TGTATCGT	0	0	0
ACGATACC	GGTATCGT	0	0	0
ACGATACG	CGTATCGT	0	0	0
ACGATACT	AGTATCGT	0	0	0
ACGATAGA	TCTATCGT	0	0	0
ACGATAGC	GCTATCGT	0	0	0
ACGATAGG	CCTATCGT	0	0	0
ACGATAGT	ACTATCGT	0	0	0
ACGATATA	TATATCGT	0	0	0
ACGATATC	GATATCGT	0	0	0
ACGATATG	CATATCGT	0	0	0
ACGATCAA	TTGATCGT	0	0	0
ACGATCAC	GTGATCGT	0	0	0
ACGATCAG	CTGATCGT	0	0	0
ACGATCAT	ATGATCGT	0	0	0
ACGATCCA	TGGATCGT	0	0	0
ACGATCCC	GGGATCGT	0	0	0
ACGATCCG	CGGATCGT	0	0	0
ACGATCCT	AGGATCGT	0	0	0
ACGATCGA	TCGATCGT	0	0	0
ACGATCGC	GCGATCGT	0	0	0
ACGATCGG	CCGATCGT	0	0	0
ACGATCGT	ACGATCGT	0	0	0
ACGATCTA	TAGATCGT	0	0	0
ACGATCTC	GAGATCGT	0	0	0
ACGATCTG	CAGATCGT	0	0	0
ACGATGAA	TTCATCGT	0	0	0
ACGATGAC	GTCATCGT	0	0	0
ACGATGAG	CTCATCGT	0	0	0
ACGATGAT	ATCATCGT	0	0	0
ACGATGCA	TGCATCGT	0	0	0
ACGATGCC	GGCATCGT	0	0	0
ACGATGCG	CGCATCGT	0	0	0
ACGATGCT	AGCATCGT	0	0	0
ACGATGGA	TCCATCGT	0	0	0
ACGATGGC	GCCATCGT	0	0	0
ACGATGGG	CCCATCGT	0	0	0
ACGATGTA	TACATCGT	0	0	0
ACGATGTC	GACATCGT	0	0	0
ACGATGTG	CACATCGT	0	0	0
ACGATTAA	TTAATCGT	0	0	0
ACGATTAC	GTAATCGT	0	0	0
ACGATTAG	CTAATCGT	0	0	0
ACGATTAT	ATAATCGT	0	0	0
ACGATTCA	TGAATCGT	0	0	0
ACGATTCC	GGAATCGT	0	0	0
ACGATTCG	CGAATCGT	0	0	0
ACGATTCT	AGAATCGT	0	0	0
ACGATTGA	TCAATCGT	0	0	0
ACGATTGC	GCAATCGT	0	0	0
ACGATTGG	CCAATCGT	0	0	0
ACGATTTA	TAAATCGT	0	0	0
ACGATTTC	GAAATCGT	0	0	0
ACGATTTG	CAAATCGT	0	0	0
ACGCAAAA	TTTTGCGT	0	0	0
ACGCAAAC	GTTTGCGT	0	0	0
ACGCAAAG	CTTTGCGT	0	0	0
ACGCAAAT	ATTTGCGT	0	0	0
ACGCAACA	TGTTGCGT	0	0	0
ACGCAACC	GGTTGCGT	0	0	0
ACGCAACG	CGTTGCGT	0	0	0
ACGCAACT	AGTTGCGT	0	0	0
ACGCAAGA	TCTTGCGT	0	0	0
ACGCAAGC	GCTTGCGT	0	0	0
ACGCAAGG	CCTTGCGT	0	0	0
ACGCAAGT	ACTTGCGT	0	0	0
ACGCAATA	TATTGCGT	0	0	0
ACGCAATC	GATTGCGT	0	0	0
ACGCAATG	CATTGCGT	0	0	0
ACGCACAA	TTGTGCGT	0	0	0
ACGCACAC	GTGTGCGT	0	0	0
ACGCACAG	CTGTGCGT	0	0	0
ACGCACAT	ATGTGCGT	0	0	0
ACGCACCA	TGGTGCGT	0	0	0
ACGCACCC	GGGTGCGT	0	0	0
ACGCACCG	CGGTGCGT	0	0	0
ACGCACCT	AGGTGCGT	0	0	0
ACGCACGA	TCGTGCGT	0	0	0
ACGCACGC	GCGTGCGT	0	0	0
ACGCACGG	CCGTGCGT	0	0	0
ACGCACGT	ACGTGCGT	0	0	0
ACGCACTA	TAGTGCGT	0	0	0
ACGCACTC	GAGTGCGT	0	0	0
ACGCACTG	CAGTGCGT	0	0	0
ACGCAGAA	TTCTGCGT	0	0	0
ACGCAGAC	GTCTGCGT	0	0	0
ACGCAGAG	CTCTGCGT	0	0	0
ACGCAGAT	ATCTGCGT	0	0	0
ACGCAGCA	TGCTGCGT	0	0	0
ACGCAGCC	GGCTGCGT	0	0	0
ACGCAGCG	CGCTGCGT	0	0	0
ACGCAGCT	AGCTGCGT	0	0	0
ACGCAGGA	TCCTGCGT	0	0	0
ACGCAGGC	GCCTGCGT	0	0	0
ACGCAGGG	CCCTGCGT	0	0	0
ACGCAGTA	TACTGCGT	0	0	0
ACGCAGTC	GACTGCGT	0	0	0
ACGCAGTG	CACTGCGT	0	0	0
ACGCATAA	TTATGCGT	0	0	0
ACGCATAC	GTATGCGT	0	0	0
ACGCATAG	CTATGCGT	0	0	0
ACGCATAT	ATATGCGT	0	0	0
ACGCATCA	TGATGCGT	0	0	0
ACGCATCC	GGATGCGT	0	0	0
ACGCATCG	CGATGCGT	0	0	0
ACGCATCT	AGATGCGT	0	0	0
ACGCATGA	TCATGCGT	0	0	0
ACGCATGC	GCATGCGT	0	0	0
ACGCATGG	CCATGCGT	0	0	0
ACGCATTA	TAATGCGT	0	0	0
ACGCATTC	GAATGCGT	0	0	0
ACGCATTG	CAATGCGT	0	0	0
ACGCCAAA	TTTGGCGT	0	0	0
ACGCCAAC	GTTGGCGT	0	0	0
ACGCCAAG	CTTGGCGT	0	0	0
ACGCCAAT	ATTGGCGT	0	0	0
ACGCCACA	TGTGGCGT	0	0	0
ACGCCACC	GGTGGCGT	0	0	0
ACGCCACG	CGTGGCGT	0	0	0
ACGCCACT	AGTGGCGT	0	0	0
ACGCCAGA	TCTGGCGT	0	0	0
ACGCCAGC	GCTGGCGT	0	0	0
ACGCCAGG	CCTGGCGT	0	0	0
ACGCCAGT	ACTGGCGT	0	0	0
ACGCCATA	TATGGCGT	0	0	0
ACGCCATC	GATGGCGT	0	0	0
ACGCCATG	CATGGCGT	0	0	0
ACGCCCAA	TTGGGCGT	0	0	0
ACGCCCAC	GTGGGCGT	0	0	0
ACGCCCAG	CTGGGCGT	0	0	0
ACGCCCAT	ATGGGCGT	0	0	0
ACGCCCCA	TGGGGCGT	0	0	0
ACGCCCCC	GGGGGCGT	0	0	0
ACGCCCCG	CGGGGCGT	0	0	0
ACGCCCCT	AGGGGCGT	0	0	0
ACGCCCGA	TCGGGCGT	0	0	0
ACGCCCGC	GCGGGCGT	0	0	0
ACGCCCGG	CCGGGCGT	0	0	0
ACGCCCGT	ACGGGCGT	0	0	0
ACGCCCTA	TAGGGCGT	0	0	0
ACGCCCTC	GAGGGCGT	0	0	0
ACGCCCTG	CAGGGCGT	0	0	0
ACGCCGAA	TTCGGCGT	0	0	0
ACGCCGAC	GTCGGCGT	0	0	0
ACGCCGAG	CTCGGCGT	0	0	0
ACGCCGAT	ATCGGCGT	0	0	0
ACGCCGCA	TGCGGCGT	0	0	0
ACGCCGCC	GGCGGCGT	0	0	0
ACGCCGCG	CGCGGCGT	0	0	0
ACGCCGCT	AGCGGCGT	0	0	0
ACGCCGGA	TCCGGCGT	0	0	0
ACGCCGGC	GCCGGCGT	0	0	0
ACGCCGGG	CCCGGCGT	0	0	0
ACGCCGTA	TACGGCGT	0	0	0
ACGCCGTC	GACGGCGT	0	0	0
ACGCCGTG	CACGGCGT	0	0	0
ACGCCTAA	TTAGGCGT	0	0	0
ACGCCTAC	GTAGGCGT	0	0	0
ACGCCTAG	CTAGGCGT	0	0	0
ACGCCTAT	ATAGGCGT	0	0	0
ACGCCTCA	TGAGGCGT	0	0	0
ACGCCTCC	GGAGGCGT	0	0	0
ACGCCTCG	CGAGGCGT	0	0	0
ACGCCTCT	AGAGGCGT	0	0	0
ACGCCTGA	TCAGGCGT	0	0	0
ACGCCTGC	GCAGGCGT	0	0	0
ACGCCTGG	CCAGGCGT	0	0	0
ACGCCTTA	TAAGGCGT	0	0	0
ACGCCTTC	GAAGGCGT	0	0	0
ACGCCTTG	CAAGGCGT	0	0	0
ACGCGAAA	TTTCGCGT	0	0	0
ACGCGAAC	GTTCGCGT	0	0	0
ACGCGAAG	CTTCGCGT	0	0	0
ACGCGAAT	ATTCGCGT	0	0	0
ACGCGACA	TGTCGCGT	0	0	0
ACGCGACC	GGTCGCGT	0	0	0
ACGCGACG	CGTCGCGT	0	0	0
ACGCGACT	AGTCGCGT	0	0	0
ACGCGAGA	TCTCGCGT	0	0	0
ACGCGAGC	GCTCGCGT	0	0	0
ACGCGAGG	CCTCGCGT	0	0	0
ACGCGAGT	ACTCGCGT	0	0	0
ACGCGATA	TATCGCGT	0	0	0
ACGCGATC	GATCGCGT	0	0	0
ACGCGATG	CATCGCGT	0	0	0
ACGCGCAA	TTGCGCGT	0	0	0
ACGCGCAC	GTGCGCGT	0	0	0
ACGCGCAG	CTGCGCGT	0	0	0
ACGCGCAT	ATGCGCGT	0	0	0
ACGCGCCA	TGGCGCGT	0	0	0
ACGCGCCC	GGGCGCGT	0	0	0
ACGCGCCG	CGGCGCGT	0	0	0
ACGCGCCT	AGGCGCGT	0	0	0
ACGCGCGA	TCGCGCGT	0	0	0
ACGCGCGC	GCGCGCGT	0	0	0
ACGCGCGG	CCGCGCGT	0	0	0
ACGCGCGT	ACGCGCGT	0	0	0
ACGCGCTA	TAGCGCGT	0	0	0
ACGCGCTC	GAGCGCGT	0	0	0
ACGCGCTG	CAGCGCGT	0	0	0
ACGCGGAA	TTCCGCGT	0	0	0
ACGCGGAC	GTCCGCGT	0	0	0
ACGCGGAG	CTCCGCGT	0	0	0
ACGCGGAT	ATCCGCGT	0	0	0
ACGCGGCA	TGCCGCGT	0	0	0
ACGCGGCC	GGCCGCGT	0	0	0
ACGCGGCG	CGCCGCGT	0	0	0
ACGCGGCT	AGCCGCGT	0	0	0
ACGCGGGA	TCCCGCGT	0	0	0
ACGCGGGC	GCCCGCGT	0	0	0
ACGCGGGG	CCCCGCGT	0	0	0
ACGCGGTA	TACCGCGT	0	0	0
ACGCGGTC	GACCGCGT	0	0	0
ACGCGGTG	CACCGCGT	0	0	0
ACGCGTAA	TTACGCGT	0	0	0
ACGCGTAC	GTACGCGT	0	0	0
ACGCGTAG	CTACGCGT	0	0	0
ACGCGTAT	ATACGCGT	0	0	0
ACGCGTCA	TGACGCGT	0	0	0
ACGCGTCC	GGACGCGT	0	0	0
ACGCGTCG	CGACGCGT	0	0	0
ACGCGTCT	AGACGCGT	0	0	0
ACGCGTGA	TCACGCGT	0	0	0
ACGCGTGC	GCACGCGT	0	0	0
ACGCGTGG	CCACGCGT	0	0	0
ACGCGTTA	TAACGCGT	0	0	0
ACGCGTTC	GAACGCGT	0	0	0
ACGCGTTG	CAACGCGT	0	0	0
ACGCTAAA	TTTAGCGT	0	0	0
ACGCTAAC	GTTAGCGT	0	0	0
ACGCTAAG	CTTAGCGT	0	0	0
ACGCTAAT	ATTAGCGT	0	0	0
ACGCTACA	TGTAGCGT	0	0	0
ACGCTACC	GGTAGCGT	0	0	0
ACGCTACG	CGTAGCGT	0	0	0
ACGCTACT	AGTAGCGT	0	0	0
ACGCTAGA	TCTAGCGT	0	0	0
ACGCTAGC	GCTAGCGT	0	0	0
ACGCTAGG	CCTAGCGT	0	0	0
ACGCTAGT	ACTAGCGT	0	0	0
ACGCTATA	TATAGCGT	0	0	0
ACGCTATC	GATAGCGT	0	0	0
ACGCTATG	CATAGCGT	0	0	0
ACGCTCAA	TTGAGCGT	0	0	0
ACGCTCAC	GTGAGCGT	0	0	0
ACGCTCAG	CTGAGCGT	0	0	0
ACGCTCAT	ATGAGCGT	0	0	0
ACGCTCCA	TGGAGCGT	0	0	0
ACGCTCCC	GGGAGCGT	0	0	0
ACGCTCCG	CGGAGCGT	0	0	0
ACGCTCCT	AGGAGCGT	0	0	0
ACGCTCGA	TCGAGCGT	0	0	0
ACGCTCGC	GCGAGCGT	0	0	0
ACGCTCGG	CCGAGCGT	0	0	0
ACGCTCTA	TAGAGCGT	0	0	0
ACGCTCTC	GAGAGCGT	0	0	0
ACGCTCTG	CAGAGCGT	0	0	0
ACGCTGAA	TTCAGCGT	0	0	0
ACGCTGAC	GTCAGCGT	0	0	0
ACGCTGAG	CTCAGCGT	0	0	0
ACGCTGAT	ATCAGCGT	0	0	0
ACGCTGCA	TGCAGCGT	0	0	0
ACGCTGCC	GGCAGCGT	0	0	0
ACGCTGCG	CGCAGCGT	0	0	0
ACGCTGCT	AGCAGCGT	0	0	0
ACGCTGGA	TCCAGCGT	0	0	0
ACGCTGGC	GCCAGCGT	0	0	0
ACGCTGGG	CCCAGCGT	0	0	0
ACGCTGTA	TACAGCGT	0	0	0
ACGCTGTC	GACAGCGT	0	0	0
ACGCTGTG	CACAGCGT	0	0	0
ACGCTTAA	TTAAGCGT	0	0	0
ACGCTTAC	GTAAGCGT	0	0	0
ACGCTTAG	CTAAGCGT	0	0	0
ACGCTTAT	ATAAGCGT	0	0	0
ACGCTTCA	TGAAGCGT	0	0	0
ACGCTTCC	GGAAGCGT	0	0	0
ACGCTTCG	CGAAGCGT	0	0	0
ACGCTTCT	AGAAGCGT	0	0	0
ACGCTTGA	TCAAGCGT	0	0	0
ACGCTTGC	GCAAGCGT	0	0	0
ACGCTTGG	CCAAGCGT	0	0	0
ACGCTTTA	TAAAGCGT	0	0	0
ACGCTTTC	GAAAGCGT	0	0	0
ACGCTTTG	CAAAGCGT	0	0	0
ACGGAAAA	TTTTCCGT	0	0	0
ACGGAAAC	GTTTCCGT	0	0	0
ACGGAAAG	CTTTCCGT	0	0	0
ACGGAAAT	ATTTCCGT	0	0	0
ACGGAACA	TGTTCCGT	0	0	0
ACGGAACC	GGTTCCGT	0	0	0
ACGGAACG	CGTTCCGT	0	0	0
ACGGAACT	AGTTCCGT	0	0	0
ACGGAAGA	TCTTCCGT	0	0	0
ACGGAAGC	GCTTCCGT	0	0	0
ACGGAAGG	CCTTCCGT	0	0	0
ACGGAAGT	ACTTCCGT	0	0	0
ACGGAATA	TATTCCGT	0	0	0
ACGGAATC	GATTCCGT	0	0	0
ACGGAATG	CATTCCGT	0	0	0
ACGGACAA	TTGTCCGT	0	0	0
ACGGACAC	GTGTCCGT	0	0	0
ACGGACAG	CTGTCCGT	0	0	0
ACGGACAT	ATGTCCGT	0	0	0
ACGGACCA	TGGTCCGT	0	0	0
ACGGACCC	GGGTCCGT	0	0	0
ACGGACCG	CGGTCCGT	0	0	0
ACGGACCT	AGGTCCGT	0	0	0
ACGGACGA	TCGTCCGT	0	0	0
ACGGACGC	GCGTCCGT	0	0	0
ACGGACGG	CCGTCCGT	0	0	0
ACGGACGT	ACGTCCGT	0	0	0
ACGGACTA	TAGTCCGT	0	0	0
ACGGACTC	GAGTCCGT	0	0	0
ACGGACTG	CAGTCCGT	0	0	0
ACGGAGAA	TTCTCCGT	0	0	0
ACGGAGAC	GTCTCCGT	0	0	0
ACGGAGAG	CTCTCCGT	0	0	0
ACGGAGAT	ATCTCCGT	0	0	0
ACGGAGCA	TGCTCCGT	0	0	0
ACGGAGCC	GGCTCCGT	0	0	0
ACGGAGCG	CGCTCCGT	0	0	0
ACGGAGCT	AGCTCCGT	0	0	0
ACGGAGGA	TCCTCCGT	0	0	0
ACGGAGGC	GCCTCCGT	0	0	0
ACGGAGGG	CCCTCCGT	0	0	0
ACGGAGTA	TACTCCGT	0	0	0
ACGGAGTC	GACTCCGT	0	0	0
ACGGAGTG	CACTCCGT	0	0	0
ACGGATAA	TTATCCGT	0	0	0
ACGGATAC	GTATCCGT	0	0	0
ACGGATAG	CTATCCGT	0	0	0
ACGGATAT	ATATCCGT	0	0	0
ACGGATCA	TGATCCGT	0	0	0
ACGGATCC	GGATCCGT	0	0	0
ACGGATCG	CGATCCGT	0	0	0
ACGGATCT	AGATCCGT	0	0	0
ACGGATGA	TCATCCGT	0	0	0
ACGGATGC	GCATCCGT	0	0	0
ACGGATGG	CCATCCGT	0	0	0
ACGGATTA	TAATCCGT	0	0	0
ACGGATTC	GAATCCGT	0	0	0
ACGGATTG	CAATCCGT	0	0	0
ACGGCAAA	TTTGCCGT	0	0	0
ACGGCAAC	GTTGCCGT	0	0	0
ACGGCAAG	CTTGCCGT	0	0	0
ACGGCAAT	ATTGCCGT	0	0	0
ACGGCACA	TGTGCCGT	0	0	0
ACGGCACC	GGTGCCGT	0	0	0
ACGGCACG	CGTGCCGT	0	0	0
ACGGCACT	AGTGCCGT	0	0	0
ACGGCAGA	TCTGCCGT	0	0	0
ACGGCAGC	GCTGCCGT	0	0	0
ACGGCAGG	CCTGCCGT	0	0	0
ACGGCAGT	ACTGCCGT	0	0	0
ACGGCATA	TATGCCGT	0	0	0
ACGGCATC	GATGCCGT	0	0	0
ACGGCATG	CATGCCGT	0	0	0
ACGGCCAA	TTGGCCGT	0	0	0
ACGGCCAC	GTGGCCGT	0	0	0
ACGGCCAG	CTGGCCGT	0	0	0
ACGGCCAT	ATGGCCGT	0	0	0
ACGGCCCA	TGGGCCGT	0	0	0
ACGGCCCC	GGGGCCGT	0	0	0
ACGGCCCG	CGGGCCGT	0	0	0
ACGGCCCT	AGGGCCGT	0	0	0
ACGGCCGA	TCGGCCGT	0	0	0
ACGGCCGC	GCGGCCGT	0	0	0
ACGGCCGG	CCGGCCGT	0	0	0
ACGGCCGT	ACGGCCGT	0	0	0
ACGGCCTA	TAGGCCGT	0	0	0
ACGGCCTC	GAGGCCGT	0	0	0
ACGGCCTG	CAGGCCGT	0	0	0
ACGGCGAA	TTCGCCGT	0	0	0
ACGGCGAC	GTCGCCGT	0	0	0
ACGGCGAG	CTCGCCGT	0	0	0
ACGGCGAT	ATCGCCGT	0	0	0
ACGGCGCA	TGCGCCGT	0	0	0
ACGGCGCC	GGCGCCGT	0	0	0
ACGGCGCG	CGCGCCGT	0	0	0
ACGGCGCT	AGCGCCGT	0	0	0
ACGGCGGA	TCCGCCGT	0	0	0
ACGGCGGC	GCCGCCGT	0	0	0
ACGGCGGG	CCCGCCGT	0	0	0
ACGGCGTA	TACGCCGT	0	0	0
ACGGCGTC	GACGCCGT	0	0	0
ACGGCGTG	CACGCCGT	0	0	0
ACGGCTAA	TTAGCCGT	0	0	0
ACGGCTAC	GTAGCCGT	0	0	0
ACGGCTAG	CTAGCCGT	0	0	0
ACGGCTAT	ATAGCCGT	0	0	0
ACGGCTCA	TGAGCCGT	0	0	0
ACGGCTCC	GGAGCCGT	0	0	0
ACGGCTCG	CGAGCCGT	0	0	0
ACGGCTCT	AGAGCCGT	0	0	0
ACGGCTGA	TCAGCCGT	0	0	0
ACGGCTGC	GCAGCCGT	0	0	0
ACGGCTGG	CCAGCCGT	0	0	0
ACGGCTTA	TAAGCCGT	0	0	0
ACGGCTTC	GAAGCCGT	0	0	0
ACGGCTTG	CAAGCCGT	0	0	0
ACGGGAAA	TTTCCCGT	0	0	0
ACGGGAAC	GTTCCCGT	0	0	0
ACGGGAAG	CTTCCCGT	0	0	0
ACGGGAAT	ATTCCCGT	0	0	0
ACGGGACA	TGTCCCGT	0	0	0
ACGGGACC	GGTCCCGT	0	0	0
ACGGGACG	CGTCCCGT	0	0	0
ACGGGACT	AGTCCCGT	0	0	0
ACGGGAGA	TCTCCCGT	0	0	0
ACGGGAGC	GCTCCCGT	0	0	0
ACGGGAGG	CCTCCCGT	0	0	0
ACGGGAGT	ACTCCCGT	0	0	0
ACGGGATA	TATCCCGT	0	0	0
ACGGGATC	GATCCCGT	0	0	0
ACGGGATG	CATCCCGT	0	0	0
ACGGGCAA	TTGCCCGT	0	0	0
ACGGGCAC	GTGCCCGT	0	0	0
ACGGGCAG	CTGCCCGT	0	0	0
ACGGGCAT	ATGCCCGT	0	0	0
ACGGGCCA	TGGCCCGT	0	0	0
ACGGGCCC	GGGCCCGT	0	0	0
ACGGGCCG	CGGCCCGT	0	0	0
ACGGGCCT	AGGCCCGT	0	0	0
ACGGGCGA	TCGCCCGT	0	0	0
ACGGGCGC	GCGCCCGT	0	0	0
ACGGGCGG	CCGCCCGT	0	0	0
ACGGGCTA	TAGCCCGT	0	0	0
ACGGGCTC	GAGCCCGT	0	0	0
ACGGGCTG	CAGCCCGT	0	0	0
ACGGGGAA	TTCCCCGT	0	0	0
ACGGGGAC	GTCCCCGT	0	0	0
ACGGGGAG	CTCCCCGT	0	0	0
ACGGGGAT	ATCCCCGT	0	0	0
ACGGGGCA	TGCCCCGT	0	0	0
ACGGGGCC	GGCCCCGT	0	0	0
ACGGGGCG	CGCCCCGT	0	0	0
ACGGGGCT	AGCCCCGT	0	0	0
ACGGGGGA	TCCCCCGT	0	0	0
ACGGGGGC	GCCCCCGT	0	0	0
ACGGGGGG	CCCCCCGT	0	0	0
ACGGGGTA	TACCCCGT	0	0	0
ACGGGGTC	GACCCCGT	0	0	0
ACGGGGTG	CACCCCGT	0	0	0
ACGGGTAA	TTACCCGT	0	0	0
ACGGGTAC	GTACCCGT	0	0	0
ACGGGTAG	CTACCCGT	0	0	0
ACGGGTAT	ATACCCGT	0	0	0
ACGGGTCA	TGACCCGT	0	0	0
ACGGGTCC	GGACCCGT	0	0	0
ACGGGTCG	CGACCCGT	0	0	0
ACGGGTCT	AGACCCGT	0	0	0
ACGGGTGA	TCACCCGT	0	0	0
ACGGGTGC	GCACCCGT	0	0	0
ACGGGTGG	CCACCCGT	0	0	0
ACGGGTTA	TAACCCGT	0	0	0
ACGGGTTC	GAACCCGT	0	0	0
ACGGGTTG	CAACCCGT	0	0	0
ACGGTAAA	TTTACCGT	0	0	0
ACGGTAAC	GTTACCGT	0	0	0
ACGGTAAG	CTTACCGT	0	0	0
ACGGTAAT	ATTACCGT	0	0	0
ACGGTACA	TGTACCGT	0	0	0
ACGGTACC	GGTACCGT	0	0	0
ACGGTACG	CGTACCGT	0	0	0
ACGGTACT	AGTACCGT	0	0	0
ACGGTAGA	TCTACCGT	0	0	0
ACGGTAGC	GCTACCGT	0	0	0
ACGGTAGG	CCTACCGT	0	0	0
ACGGTAGT	ACTACCGT	0	0	0
ACGGTATA	TATACCGT	0	0	0
ACGGTATC	GATACCGT	0	0	0
ACGGTATG	CATACCGT	0	0	0
ACGGTCAA	TTGACCGT	0	0	0
ACGGTCAC	GTGACCGT	0	0	0
ACGGTCAG	CTGACCGT	0	0	0
ACGGTCAT	ATGACCGT	0	0	0
ACGGTCCA	TGGACCGT	0	0	0
ACGGTCCC	GGGACCGT	0	0	0
ACGGTCCG	CGGACCGT	0	0	0
ACGGTCCT	AGGACCGT	0	0	0
ACGGTCGA	TCGACCGT	0	0	0
ACGGTCGC	GCGACCGT	0	0	0
ACGGTCGG	CCGACCGT	0	0	0
ACGGTCTA	TAGACCGT	0	0	0
ACGGTCTC	GAGACCGT	0	0	0
ACGGTCTG	CAGACCGT	0	0	0
ACGGTGAA	TTCACCGT	0	0	0
ACGGTGAC	GTCACCGT	0	0	0
ACGGTGAG	CTCACCGT	0	0	0
ACGGTGAT	ATCACCGT	0	0	0
ACGGTGCA	TGCACCGT	0	0	0
ACGGTGCC	GGCACCGT	0	0	0
ACGGTGCG	CGCACCGT	0	0	0
ACGGTGCT	AGCACCGT	0	0	0
ACGGTGGA	TCCACCGT	0	0	0
ACGGTGGC	GCCACCGT	0	0	0
ACGGTGGG	CCCACCGT	0	0	0
ACGGTGTA	TACACCGT	0	0	0
ACGGTGTC	GACACCGT	0	0	0
ACGGTGTG	CACACCGT	0	0	0
ACGGTTAA	TTAACCGT	0	0	0
ACGGTTAC	GTAACCGT	0	0	0
ACGGTTAG	CTAACCGT	0	0	0
ACGGTTAT	ATAACCGT	0	0	0
ACGGTTCA	TGAACCGT	0	0	0
ACGGTTCC	GGAACCGT	0	0	0
ACGGTTCG	CGAACCGT	0	0	0
ACGGTTCT	AGAACCGT	0	0	0
ACGGTTGA	TCAACCGT	0	0	0
ACGGTTGC	GCAACCGT	0	0	0
ACGGTTGG	CCAACCGT	0	0	0
ACGGTTTA	TAAACCGT	0	0	0
ACGGTTTC	GAAACCGT	0	0	0
ACGGTTTG	CAAACCGT	0	0	0
ACGTAAAA	TTTTACGT	0	0	0
ACGTAAAC	GTTTACGT	0	0	0
ACGTAAAG	CTTTACGT	0	0	0
ACGTAAAT	ATTTACGT	0	0	0
ACGTAACA	TGTTACGT	0	0	0
ACGTAACC	GGTTACGT	0	0	0
ACGTAACG	CGTTACGT	0	0	0
ACGTAACT	AGTTACGT	0	0	0
ACGTAAGA	TCTTACGT	0	0	0
ACGTAAGC	GCTTACGT	0	0	0
ACGTAAGG	CCTTACGT	0	0	0
ACGTAAGT	ACTTACGT	0	0	0
ACGTAATA	TATTACGT	0	0	0
ACGTAATC	GATTACGT	0	0	0
ACGTAATG	CATTACGT	0	0	0
ACGTACAA	TTGTACGT	0	0	0
ACGTACAC	GTGTACGT	0	0	0
ACGTACAG	CTGTACGT	0	0	0
ACGTACAT	ATGTACGT	0	0	0
ACGTACCA	TGGTACGT	0	0	0
ACGTACCC	GGGTACGT	0	0	0
ACGTACCG	CGGTACGT	0	0	0
ACGTACCT	AGGTACGT	0	0	0
ACGTACGA	TCGTACGT	0	0	0
ACGTACGC	GCGTACGT	0	0	0
ACGTACGG	CCGTACGT	0	0	0
ACGTACGT	ACGTACGT	0	0	0
ACGTACTA	TAGTACGT	0	0	0
ACGTACTC	GAGTACGT	0	0	0
ACGTACTG	CAGTACGT	0	0	0
ACGTAGAA	TTCTACGT	0	0	0
ACGTAGAC	GTCTACGT	0	0	0
ACGTAGAG	CTCTACGT	0	0	0
ACGTAGAT	ATCTACGT	0	0	0
ACGTAGCA	TGCTACGT	0	0	0
ACGTAGCC	GGCTACGT	0	0	0
ACGTAGCG	CGCTACGT	0	0	0
ACGTAGCT	AGCTACGT	0	0	0
ACGTAGGA	TCCTACGT	0	0	0
ACGTAGGC	GCCTACGT	0	0	0
ACGTAGGG	CCCTACGT	0	0	0
ACGTAGTA	TACTACGT	0	0	0
ACGTAGTC	GACTACGT	0	0	0
ACGTAGTG	CACTACGT	0	0	0
ACGTATAA	TTATACGT	0	0	0
ACGTATAC	GTATACGT	0	0	0
ACGTATAG	CTATACGT	0	0	0
ACGTATAT	ATATACGT	0	0	0
ACGTATCA	TGATACGT	0	0	0
ACGTATCC	GGATACGT	0	0	0
ACGTATCG	CGATACGT	0	0	0
ACGTATCT	AGATACGT	0	0	0
ACGTATGA	TCATACGT	0	0	0
ACGTATGC	GCATACGT	0	0	0
ACGTATGG	CCATACGT	0	0	0
ACGTATTA	TAATACGT	0	0	0
ACGTATTC	GAATACGT	0	0	0
ACGTATTG	CAATACGT	0	0	0
ACGTCAAA	TTTGACGT	0	0	0
ACGTCAAC	GTTGACGT	0	0	0
ACGTCAAG	CTTGACGT	0	0	0
ACGTCAAT	ATTGACGT	0	0	0
ACGTCACA	TGTGACGT	0	0	0
ACGTCACC	GGTGACGT	0	0	0
ACGTCACG	CGTGACGT	0	0	0
ACGTCACT	AGTGACGT	0	0	0
ACGTCAGA	TCTGACGT	0	0	0
ACGTCAGC	GCTGACGT	0	0	0
ACGTCAGG	CCTGACGT	0	0	0
ACGTCAGT	ACTGACGT	0	0	0
ACGTCATA	TATGACGT	0	0	0
ACGTCATC	GATGACGT	0	0	0
ACGTCATG	CATGACGT	0	0	0
ACGTCCAA	TTGGACGT	0	0	0
ACGTCCAC	GTGGACGT	0	0	0
ACGTCCAG	CTGGACGT	0	0	0
ACGTCCAT	ATGGACGT	0	0	0
ACGTCCCA	TGGGACGT	0	0	0
ACGTCCCC	GGGGACGT	0	0	0
ACGTCCCG	CGGGACGT	0	0	0
ACGTCCCT	AGGGACGT	0	0	0
ACGTCCGA	TCGGACGT	0	0	0
ACGTCCGC	GCGGACGT	0	0	0
ACGTCCGG	CCGGACGT	0	0	0
ACGTCCTA	TAGGACGT	0	0	0
ACGTCCTC	GAGGACGT	0	0	0
ACGTCCTG	CAGGACGT	0	0	0
ACGTCGAA	TTCGACGT	0	0	0
ACGTCGAC	GTCGACGT	0	0	0
ACGTCGAG	CTCGACGT	0	0	0
ACGTCGAT	ATCGACGT	0	0	0
ACGTCGCA	TGCGACGT	0	0	0
ACGTCGCC	GGCGACGT	0	0	0
ACGTCGCG	CGCGACGT	0	0	0
ACGTCGCT	AGCGACGT	0	0	0
ACGTCGGA	TCCGACGT	0	0	0
ACGTCGGC	GCCGACGT	0	0	0
ACGTCGGG	CCCGACGT	0	0	0
ACGTCGTA	TACGACGT	0	0	0
ACGTCGTC	GACGACGT	0	0	0
ACGTCGTG	CACGACGT	0	0	0
ACGTCTAA	TTAGACGT	0	0	0
ACGTCTAC	GTAGACGT	0	0	0
ACGTCTAG	CTAGACGT	0	0	0
ACGTCTAT	ATAGACGT	0	0	0
ACGTCTCA	TGAGACGT	0	0	0
ACGTCTCC	GGAGACGT	0	0	0
ACGTCTCG	CGAGACGT	0	0	0
ACGTCTCT	AGAGACGT	0	0	0
ACGTCTGA	TCAGACGT	0	0	0
ACGTCTGC	GCAGACGT	0	0	0
ACGTCTGG	CCAGACGT	0	0	0
ACGTCTTA	TAAGACGT	0	0	0
ACGTCTTC	GAAGACGT	0	0	0
ACGTCTTG	CAAGACGT	0	0	0
ACGTGAAA	TTTCACGT	0	0	0
ACGTGAAC	GTTCACGT	0	0	0
ACGTGAAG	CTTCACGT	0	0	0
ACGTGAAT	ATTCACGT	0	0	0
ACGTGACA	TGTCACGT	0	0	0
ACGTGACC	GGTCACGT	0	0	0
ACGTGACG	CGTCACGT	0	0	0
ACGTGACT	AGTCACGT	0	0	0
ACGTGAGA	TCTCACGT	0	0	0
ACGTGAGC	GCTCACGT	0	0	0
ACGTGAGG	CCTCACGT	0	0	0
ACGTGAGT	ACTCACGT	0	0	0
ACGTGATA	TATCACGT	0	0	0
ACGTGATC	GATCACGT	0	0	0
ACGTGATG	CATCACGT	0	0	0
ACGTGCAA	TTGCACGT	0	0	0
ACGTGCAC	GTGCACGT	0	0	0
ACGTGCAG	CTGCACGT	0	0	0
ACGTGCAT	ATGCACGT	0	0	0
ACGTGCCA	TGGCACGT	0	0	0
ACGTGCCC	GGGCACGT	0	0	0
ACGTGCCG	CGGCACGT	0	0	0
ACGTGCCT	AGGCACGT	0	0	0
ACGTGCGA	TCGCACGT	0	0	0
ACGTGCGC	GCGCACGT	0	0	0
ACGTGCGG	CCGCACGT	0	0	0
ACGTGCTA	TAGCACGT	0	0	0
ACGTGCTC	GAGCACGT	0	0	0
ACGTGCTG	CAGCACGT	0	0	0
ACGTGGAA	TTCCACGT	0	0	0
ACGTGGAC	GTCCACGT	0	0	0
ACGTGGAG	CTCCACGT	0	0	0
ACGTGGAT	ATCCACGT	0	0	0
ACGTGGCA	TGCCACGT	0	0	0
ACGTGGCC	GGCCACGT	0	0	0
ACGTGGCG	CGCCACGT	0	0	0
ACGTGGCT	AGCCACGT	0	0	0
ACGTGGGA	TCCCACGT	0	0	0
ACGTGGGC	GCCCACGT	0	0	0
ACGTGGGG	CCCCACGT	0	0	0
ACGTGGTA	TACCACGT	0	0	0
ACGTGGTC	GACCACGT	0	0	0
ACGTGGTG	CACCACGT	0	0	0
ACGTGTAA	TTACACGT	0	0	0
ACGTGTAC	GTACACGT	0	0	0
ACGTGTAG	CTACACGT	0	0	0
ACGTGTAT	ATACACGT	0	0	0
ACGTGTCA	TGACACGT	0	0	0
ACGTGTCC	GGACACGT	0	0	0
ACGTGTCG	CGACACGT	0	0	0
ACGTGTCT	AGACACGT	0	0	0
ACGTGTGA	TCACACGT	0	0	0
ACGTGTGC	GCACACGT	0	0	0
ACGTGTGG	CCACACGT	0	0	0
ACGTGTTA	TAACACGT	0	0	0
ACGTGTTC	GAACACGT	0	0	0
ACGTGTTG	CAACACGT	0	0	0
ACGTTAAA	TTTAACGT	0	0	0
ACGTTAAC	GTTAACGT	0	0	0
ACGTTAAG	CTTAACGT	0	0	0
ACGTTAAT	ATTAACGT	0	0	0
ACGTTACA	TGTAACGT	0	0	0
ACGTTACC	GGTAACGT	0	0	0
ACGTTACG	CGTAACGT	0	0	0
ACGTTACT	AGTAACGT	0	0	0
ACGTTAGA	TCTAACGT	0	0	0
ACGTTAGC	GCTAACGT	0	0	0
ACGTTAGG	CCTAACGT	0	0	0
ACGTTAGT	ACTAACGT	0	0	0
ACGTTATA	TATAACGT	0	0	0
ACGTTATC	GATAACGT	0	0	0
ACGTTATG	CATAACGT	0	0	0
ACGTTCAA	TTGAACGT	0	0	0
ACGTTCAC	GTGAACGT	0	0	0
ACGTTCAG	CTGAACGT	0	0	0
ACGTTCAT	ATGAACGT	0	0	0
ACGTTCCA	TGGAACGT	0	0	0
ACGTTCCC	GGGAACGT	0	0	0
ACGTTCCG	CGGAACGT	0	0	0
ACGTTCCT	AGGAACGT	0	0	0
ACGTTCGA	TCGAACGT	0	0	0
ACGTTCGC	GCGAACGT	0	0	0
ACGTTCGG	CCGAACGT	0	0	0
ACGTTCTA	TAGAACGT	0	0	0
ACGTTCTC	GAGAACGT	0	0	0
ACGTTCTG	CAGAACGT	0	0	0
ACGTTGAA	TTCAACGT	0	0	0
ACGTTGAC	GTCAACGT	0	0	0
ACGTTGAG	CTCAACGT	0	0	0
ACGTTGAT	ATCAACGT	0	0	0
ACGTTGCA	TGCAACGT	0	0	0
ACGTTGCC	GGCAACGT	0	0	0
ACGTTGCG	CGCAACGT	0	0	0
ACGTTGCT	AGCAACGT	0	0	0
ACGTTGGA	TCCAACGT	0	0	0
ACGTTGGC	GCCAACGT	0	0	0
ACGTTGGG	CCCAACGT	0	0	0
ACGTTGTA	TACAACGT	0	0	0
ACGTTGTC	GACAACGT	0	0	0
ACGTTGTG	CACAACGT	0	0	0
ACGTTTAA	TTAAACGT	0	0	0
ACGTTTAC	GTAAACGT	0	0	0
ACGTTTAG	CTAAACGT	0	0	0
ACGTTTAT	ATAAACGT	0	0	0
ACGTTTCA	TGAAACGT	0	0	0
ACGTTTCC	GGAAACGT	0	0	0
ACGTTTCG	CGAAACGT	0	0	0
ACGTTTCT	AGAAACGT	0	0	0
ACGTTTGA	TCAAACGT	0	0	0
ACGTTTGC	GCAAACGT	0	0	0
ACGTTTGG	CCAAACGT	0	0	0
ACGTTTTA	TAAAACGT	0	0	0
ACGTTTTC	GAAAACGT	0	0	0
ACGTTTTG	CAAAACGT	0	0	0
ACTAAAAA	TTTTTAGT	0	0	0
ACTAAAAC	GTTTTAGT	0	0	0
ACTAAAAG	CTTTTAGT	0	0	0
ACTAAAAT	ATTTTAGT	0	0	0
ACTAAACA	TGTTTAGT	0	0	0
ACTAAACC	GGTTTAGT	0	0	0
ACTAAACG	CGTTTAGT	0	0	0
ACTAAACT	AGTTTAGT	0	0	0
ACTAAAGA	TCTTTAGT	0	0	0
ACTAAAGC	GCTTTAGT	0	0	0
ACTAAAGG	CCTTTAGT	0	0	0
ACTAAAGT	ACTTTAGT	0	0	0
ACTAAATA	TATTTAGT	0	0	0
ACTAAATC	GATTTAGT	0	0	0
ACTAAATG	CATTTAGT	0	0	0
ACTAACAA	TTGTTAGT	0	0	0
ACTAACAC	GTGTTAGT	0	0	0
ACTAACAG	CTGTTAGT	0	0	0
ACTAACAT	ATGTTAGT	0	0	0
ACTAACCA	TGGTTAGT	0	0	0
ACTAACCC	GGGTTAGT	0	0	0
ACTAACCG	CGGTTAGT	0	0	0
ACTAACCT	AGGTTAGT	0	0	0
ACTAACGA	TCGTTAGT	0	0	0
ACTAACGC	GCGTTAGT	0	0	0
ACTAACGG	CCGTTAGT	0	0	0
ACTAACTA	TAGTTAGT	0	0	0
ACTAACTC	GAGTTAGT	0	0	0
ACTAACTG	CAGTTAGT	0	0	0
ACTAAGAA	TTCTTAGT	0	0	0
ACTAAGAC	GTCTTAGT	0	0	0
ACTAAGAG	CTCTTAGT	0	0	0
ACTAAGAT	ATCTTAGT	0	0	0
ACTAAGCA	TGCTTAGT	0	0	0
ACTAAGCC	GGCTTAGT	0	0	0
ACTAAGCG	CGCTTAGT	0	0	0
ACTAAGCT	AGCTTAGT	0	0	0
ACTAAGGA	TCCTTAGT	0	0	0
ACTAAGGC	GCCTTAGT	0	0	0
ACTAAGGG	CCCTTAGT	0	0	0
ACTAAGTA	TACTTAGT	0	0	0
ACTAAGTC	GACTTAGT	0	0	0
ACTAAGTG	CACTTAGT	0	0	0
ACTAATAA	TTATTAGT	0	0	0
ACTAATAC	GTATTAGT	0	0	0
ACTAATAG	CTATTAGT	0	0	0
ACTAATAT	ATATTAGT	0	0	0
ACTAATCA	TGATTAGT	0	0	0
ACTAATCC	GGATTAGT	0	0	0
ACTAATCG	CGATTAGT	0	0	0
ACTAATCT	AGATTAGT	0	0	0
ACTAATGA	TCATTAGT	0	0	0
ACTAATGC	GCATTAGT	0	0	0
ACTAATGG	CCATTAGT	0	0	0
ACTAATTA	TAATTAGT	0	0	0
ACTAATTC	GAATTAGT	0	0	0
ACTAATTG	CAATTAGT	0	0	0
ACTACAAA	TTTGTAGT	0	0	0
ACTACAAC	GTTGTAGT	0	0	0
ACTACAAG	CTTGTAGT	0	0	0
ACTACAAT	ATTGTAGT	0	0	0
ACTACACA	TGTGTAGT	0	0	0
ACTACACC	GGTGTAGT	0	0	0
ACTACACG	CGTGTAGT	0	0	0
ACTACACT	AGTGTAGT	0	0	0
ACTACAGA	TCTGTAGT	0	0	0
ACTACAGC	GCTGTAGT	0	0	0
ACTACAGG	CCTGTAGT	0	0	0
ACTACAGT	ACTGTAGT	0	0	0
ACTACATA	TATGTAGT	0	0	0
ACTACATC	GATGTAGT	0	0	0
ACTACATG	CATGTAGT	0	0	0
ACTACCAA	TTGGTAGT	0	0	0
ACTACCAC	GTGGTAGT	0	0	0
ACTACCAG	CTGGTAGT	0	0	0
ACTACCAT	ATGGTAGT	0	0	0
ACTACCCA	TGGGTAGT	0	0	0
ACTACCCC	GGGGTAGT	0	0	0
ACTACCCG	CGGGTAGT	0	0	0
ACTACCCT	AGGGTAGT	0	0	0
ACTACCGA	TCGGTAGT	0	0	0
ACTACCGC	GCGGTAGT	0	0	0
ACTACCGG	CCGGTAGT	0	0	0
ACTACCTA	TAGGTAGT	0	0	0
ACTACCTC	GAGGTAGT	0	0	0
ACTACCTG	CAGGTAGT	0	0	0
ACTACGAA	TTCGTAGT	0	0	0
ACTACGAC	GTCGTAGT	0	0	0
ACTACGAG	CTCGTAGT	0	0	0
ACTACGAT	ATCGTAGT	0	0	0
ACTACGCA	TGCGTAGT	0	0	0
ACTACGCC	GGCGTAGT	0	0	0
ACTACGCG	CGCGTAGT	0	0	0
ACTACGCT	AGCGTAGT	0	0	0
ACTACGGA	TCCGTAGT	0	0	0
ACTACGGC	GCCGTAGT	0	0	0
ACTACGGG	CCCGTAGT	0	0	0
ACTACGTA	TACGTAGT	0	0	0
ACTACGTC	GACGTAGT	0	0	0
ACTACGTG	CACGTAGT	0	0	0
ACTACTAA	TTAGTAGT	0	0	0
ACTACTAC	GTAGTAGT	0	0	0
ACTACTAG	CTAGTAGT	0	0	0
ACTACTAT	ATAGTAGT	0	0	0
ACTACTCA	TGAGTAGT	0	0	0
ACTACTCC	GGAGTAGT	0	0	0
ACTACTCG	CGAGTAGT	0	0	0
ACTACTCT	AGAGTAGT	0	0	0
ACTACTGA	TCAGTAGT	0	0	0
ACTACTGC	GCAGTAGT	0	0	0
ACTACTGG	CCAGTAGT	0	0	0
ACTACTTA	TAAGTAGT	0	0	0
ACTACTTC	GAAGTAGT	0	0	0
ACTACTTG	CAAGTAGT	0	0	0
ACTAGAAA	TTTCTAGT	0	0	0
ACTAGAAC	GTTCTAGT	0	0	0
ACTAGAAG	CTTCTAGT	0	0	0
ACTAGAAT	ATTCTAGT	0	0	0
ACTAGACA	TGTCTAGT	0	0	0
ACTAGACC	GGTCTAGT	0	0	0
ACTAGACG	CGTCTAGT	0	0	0
ACTAGACT	AGTCTAGT	0	0	0
ACTAGAGA	TCTCTAGT	0	0	0
ACTAGAGC	GCTCTAGT	0	0	0
ACTAGAGG	CCTCTAGT	0	0	0
ACTAGAGT	ACTCTAGT	0	0	0
ACTAGATA	TATCTAGT	0	0	0
ACTAGATC	GATCTAGT	0	0	0
ACTAGATG	CATCTAGT	0	0	0
ACTAGCAA	TTGCTAGT	0	0	0
ACTAGCAC	GTGCTAGT	0	0	0
ACTAGCAG	CTGCTAGT	0	0	0
ACTAGCAT	ATGCTAGT	0	0	0
ACTAGCCA	TGGCTAGT	0	0	0
ACTAGCCC	GGGCTAGT	0	0	0
ACTAGCCG	CGGCTAGT	0	0	0
ACTAGCCT	AGGCTAGT	0	0	0
ACTAGCGA	TCGCTAGT	0	0	0
ACTAGCGC	GCGCTAGT	0	0	0
ACTAGCGG	CCGCTAGT	0	0	0
ACTAGCTA	TAGCTAGT	0	0	0
ACTAGCTC	GAGCTAGT	0	0	0
ACTAGCTG	CAGCTAGT	0	0	0
ACTAGGAA	TTCCTAGT	0	0	0
ACTAGGAC	GTCCTAGT	0	0	0
ACTAGGAG	CTCCTAGT	0	0	0
ACTAGGAT	ATCCTAGT	0	0	0
ACTAGGCA	TGCCTAGT	0	0	0
ACTAGGCC	GGCCTAGT	0	0	0
ACTAGGCG	CGCCTAGT	0	0	0
ACTAGGCT	AGCCTAGT	0	0	0
ACTAGGGA	TCCCTAGT	0	0	0
ACTAGGGC	GCCCTAGT	0	0	0
ACTAGGGG	CCCCTAGT	0	0	0
ACTAGGTA	TACCTAGT	0	0	0
ACTAGGTC	GACCTAGT	0	0	0
ACTAGGTG	CACCTAGT	0	0	0
ACTAGTAA	TTACTAGT	0	0	0
ACTAGTAC	GTACTAGT	0	0	0
ACTAGTAG	CTACTAGT	0	0	0
ACTAGTAT	ATACTAGT	0	0	0
ACTAGTCA	TGACTAGT	0	0	0
ACTAGTCC	GGACTAGT	0	0	0
ACTAGTCG	CGACTAGT	0	0	0
ACTAGTCT	AGACTAGT	0	0	0
ACTAGTGA	TCACTAGT	0	0	0
ACTAGTGC	GCACTAGT	0	0	0
ACTAGTGG	CCACTAGT	0	0	0
ACTAGTTA	TAACTAGT	0	0	0
ACTAGTTC	GAACTAGT	0	0	0
ACTAGTTG	CAACTAGT	0	0	0
ACTATAAA	TTTATAGT	0	0	0
ACTATAAC	GTTATAGT	0	0	0
ACTATAAG	CTTATAGT	0	0	0
ACTATAAT	ATTATAGT	0	0	0
ACTATACA	TGTATAGT	0	0	0
ACTATACC	GGTATAGT	0	0	0
ACTATACG	CGTATAGT	0	0	0
ACTATACT	AGTATAGT	0	0	0
ACTATAGA	TCTATAGT	0	0	0
ACTATAGC	GCTATAGT	0	0	0
ACTATAGG	CCTATAGT	0	0	0
ACTATAGT	ACTATAGT	0	0	0
ACTATATA	TATATAGT	0	0	0
ACTATATC	GATATAGT	0	0	0
ACTATATG	CATATAGT	0	0	0
ACTATCAA	TTGATAGT	0	0	0
ACTATCAC	GTGATAGT	0	0	0
ACTATCAG	CTGATAGT	0	0	0
ACTATCAT	ATGATAGT	0	0	0
ACTATCCA	TGGATAGT	0	0	0
ACTATCCC	GGGATAGT	0	0	0
ACTATCCG	CGGATAGT	0	0	0
ACTATCCT	AGGATAGT	0	0	0
ACTATCGA	TCGATAGT	0	0	0
ACTATCGC	GCGATAGT	0	0	0
ACTATCGG	CCGATAGT	0	0	0
ACTATCTA	TAGATAGT	0	0	0
ACTATCTC	GAGATAGT	0	0	0
ACTATCTG	CAGATAGT	0	0	0
ACTATGAA	TTCATAGT	0	0	0
ACTATGAC	GTCATAGT	0	0	0
ACTATGAG	CTCATAGT	0	0	0
ACTATGAT	ATCATAGT	0	0	0
ACTATGCA	TGCATAGT	0	0	0
ACTATGCC	GGCATAGT	0	0	0
ACTATGCG	CGCATAGT	0	0	0
ACTATGCT	AGCATAGT	0	0	0
ACTATGGA	TCCATAGT	0	0	0
ACTATGGC	GCCATAGT	0	0	0
ACTATGGG	CCCATAGT	0	0	0
ACTATGTA	TACATAGT	0	0	0
ACTATGTC	GACATAGT	0	0	0
ACTATGTG	CACATAGT	0	0	0
ACTATTAA	TTAATAGT	0	0	0
ACTATTAC	GTAATAGT	0	0	0
ACTATTAG	CTAATAGT	0	0	0
ACTATTAT	ATAATAGT	0	0	0
ACTATTCA	TGAATAGT	0	0	0
ACTATTCC	GGAATAGT	0	0	0
ACTATTCG	CGAATAGT	0	0	0
ACTATTCT	AGAATAGT	0	0	0
ACTATTGA	TCAATAGT	0	0	0
ACTATTGC	GCAATAGT	0	0	0
ACTATTGG	CCAATAGT	0	0	0
ACTATTTA	TAAATAGT	0	0	0
ACTATTTC	GAAATAGT	0	0	0
ACTATTTG	CAAATAGT	0	0	0
ACTCAAAA	TTTTGAGT	0	0	0
ACTCAAAC	GTTTGAGT	0	0	0
ACTCAAAG	CTTTGAGT	0	0	0
ACTCAAAT	ATTTGAGT	0	0	0
ACTCAACA	TGTTGAGT	0	0	0
ACTCAACC	GGTTGAGT	0	0	0
ACTCAACG	CGTTGAGT	0	0	0
ACTCAACT	AGTTGAGT	0	0	0
ACTCAAGA	TCTTGAGT	0	0	0
ACTCAAGC	GCTTGAGT	0	0	0
ACTCAAGG	CCTTGAGT	0	0	0
ACTCAAGT	ACTTGAGT	0	0	0
ACTCAATA	TATTGAGT	0	0	0
ACTCAATC	GATTGAGT	0	0	0
ACTCAATG	CATTGAGT	0	0	0
ACTCACAA	TTGTGAGT	0	0	0
ACTCACAC	GTGTGAGT	0	0	0
ACTCACAG	CTGTGAGT	0	0	0
ACTCACAT	ATGTGAGT	0	0	0
ACTCACCA	TGGTGAGT	0	0	0
ACTCACCC	GGGTGAGT	0	0	0
ACTCACCG	CGGTGAGT	0	0	0
ACTCACCT	AGGTGAGT	0	0	0
ACTCACGA	TCGTGAGT	0	0	0
ACTCACGC	GCGTGAGT	0	0	0
ACTCACGG	CCGTGAGT	0	0	0
ACTCACTA	TAGTGAGT	0	0	0
ACTCACTC	GAGTGAGT	0	0	0
ACTCACTG	CAGTGAGT	0	0	0
ACTCAGAA	TTCTGAGT	0	0	0
ACTCAGAC	GTCTGAGT	0	0	0
ACTCAGAG	CTCTGAGT	0	0	0
ACTCAGAT	ATCTGAGT	0	0	0
ACTCAGCA	TGCTGAGT	0	0	0
ACTCAGCC	GGCTGAGT	0	0	0
ACTCAGCG	CGCTGAGT	0	0	0
ACTCAGCT	AGCTGAGT	0	0	0
ACTCAGGA	TCCTGAGT	0	0	0
ACTCAGGC	GCCTGAGT	0	0	0
ACTCAGGG	CCCTGAGT	0	0	0
ACTCAGTA	TACTGAGT	0	0	0
ACTCAGTC	GACTGAGT	0	0	0
ACTCAGTG	CACTGAGT	0	0	0
ACTCATAA	TTATGAGT	0	0	0
ACTCATAC	GTATGAGT	0	0	0
ACTCATAG	CTATGAGT	0	0	0
ACTCATAT	ATATGAGT	0	0	0
ACTCATCA	TGATGAGT	0	0	0
ACTCATCC	GGATGAGT	0	0	0
ACTCATCG	CGATGAGT	0	0	0
ACTCATCT	AGATGAGT	0	0	0
ACTCATGA	TCATGAGT	0	0	0
ACTCATGC	GCATGAGT	0	0	0
ACTCATGG	CCATGAGT	0	0	0
ACTCATTA	TAATGAGT	0	0	0
ACTCATTC	GAATGAGT	0	0	0
ACTCATTG	CAATGAGT	0	0	0
ACTCCAAA	TTTGGAGT	0	0	0
ACTCCAAC	GTTGGAGT	0	0	0
ACTCCAAG	CTTGGAGT	0	0	0
ACTCCAAT	ATTGGAGT	0	0	0
ACTCCACA	TGTGGAGT	0	0	0
ACTCCACC	GGTGGAGT	0	0	0
ACTCCACG	CGTGGAGT	0	0	0
ACTCCACT	AGTGGAGT	0	0	0
ACTCCAGA	TCTGGAGT	0	0	0
ACTCCAGC	GCTGGAGT	0	0	0
ACTCCAGG	CCTGGAGT	0	0	0
ACTCCAGT	ACTGGAGT	0	0	0
ACTCCATA	TATGGAGT	0	0	0
ACTCCATC	GATGGAGT	0	0	0
ACTCCATG	CATGGAGT	0	0	0
ACTCCCAA	TTGGGAGT	0	0	0
ACTCCCAC	GTGGGAGT	0	0	0
ACTCCCAG	CTGGGAGT	0	0	0
ACTCCCAT	ATGGGAGT	0	0	0
ACTCCCCA	TGGGGAGT	0	0	0
ACTCCCCC	GGGGGAGT	0	0	0
ACTCCCCG	CGGGGAGT	0	0	0
ACTCCCCT	AGGGGAGT	0	0	0
ACTCCCGA	TCGGGAGT	0	0	0
ACTCCCGC	GCGGGAGT	0	0	0
ACTCCCGG	CCGGGAGT	0	0	0
ACTCCCTA	TAGGGAGT	0	0	0
ACTCCCTC	GAGGGAGT	0	0	0
ACTCCCTG	CAGGGAGT	0	0	0
ACTCCGAA	TTCGGAGT	0	0	0
ACTCCGAC	GTCGGAGT	0	0	0
ACTCCGAG	CTCGGAGT	0	0	0
ACTCCGAT	ATCGGAGT	0	0	0
ACTCCGCA	TGCGGAGT	0	0	0
ACTCCGCC	GGCGGAGT	0	0	0
ACTCCGCG	CGCGGAGT	0	0	0
ACTCCGCT	AGCGGAGT	0	0	0
ACTCCGGA	TCCGGAGT	0	0	0
ACTCCGGC	GCCGGAGT	0	0	0
ACTCCGGG	CCCGGAGT	0	0	0
ACTCCGTA	TACGGAGT	0	0	0
ACTCCGTC	GACGGAGT	0	0	0
ACTCCGTG	CACGGAGT	0	0	0
ACTCCTAA	TTAGGAGT	0	0	0
ACTCCTAC	GTAGGAGT	0	0	0
ACTCCTAG	CTAGGAGT	0	0	0
ACTCCTAT	ATAGGAGT	0	0	0
ACTCCTCA	TGAGGAGT	0	0	0
ACTCCTCC	GGAGGAGT	0	0	0
ACTCCTCG	CGAGGAGT	0	0	0
ACTCCTCT	AGAGGAGT	0	0	0
ACTCCTGA	TCAGGAGT	0	0	0
ACTCCTGC	GCAGGAGT	0	0	0
ACTCCTGG	CCAGGAGT	0	0	0
ACTCCTTA	TAAGGAGT	0	0	0
ACTCCTTC	GAAGGAGT	0	0	0
ACTCCTTG	CAAGGAGT	0	0	0
ACTCGAAA	TTTCGAGT	0	0	0
ACTCGAAC	GTTCGAGT	0	0	0
ACTCGAAG	CTTCGAGT	0	0	0
ACTCGAAT	ATTCGAGT	0	0	0
ACTCGACA	TGTCGAGT	0	0	0
ACTCGACC	GGTCGAGT	0	0	0
ACTCGACG	CGTCGAGT	0	0	0
ACTCGACT	AGTCGAGT	0	0	0
ACTCGAGA	TCTCGAGT	0	0	0
ACTCGAGC	GCTCGAGT	0	0	0
ACTCGAGG	CCTCGAGT	0	0	0
ACTCGAGT	ACTCGAGT	0	0	0
ACTCGATA	TATCGAGT	0	0	0
ACTCGATC	GATCGAGT	0	0	0
ACTCGATG	CATCGAGT	0	0	0
ACTCGCAA	TTGCGAGT	0	0	0
ACTCGCAC	GTGCGAGT	0	0	0
ACTCGCAG	CTGCGAGT	0	0	0
ACTCGCAT	ATGCGAGT	0	0	0
ACTCGCCA	TGGCGAGT	0	0	0
ACTCGCCC	GGGCGAGT	0	0	0
ACTCGCCG	CGGCGAGT	0	0	0
ACTCGCCT	AGGCGAGT	0	0	0
ACTCGCGA	TCGCGAGT	0	0	0
ACTCGCGC	GCGCGAGT	0	0	0
ACTCGCGG	CCGCGAGT	0	0	0
ACTCGCTA	TAGCGAGT	0	0	0
ACTCGCTC	GAGCGAGT	0	0	0
ACTCGCTG	CAGCGAGT	0	0	0
ACTCGGAA	TTCCGAGT	0	0	0
ACTCGGAC	GTCCGAGT	0	0	0
ACTCGGAG	CTCCGAGT	0	0	0
ACTCGGAT	ATCCGAGT	0	0	0
ACTCGGCA	TGCCGAGT	0	0	0
ACTCGGCC	GGCCGAGT	0	0	0
ACTCGGCG	CGCCGAGT	0	0	0
ACTCGGCT	AGCCGAGT	0	0	0
ACTCGGGA	TCCCGAGT	0	0	0
ACTCGGGC	GCCCGAGT	0	0	0
ACTCGGGG	CCCCGAGT	0	0	0
ACTCGGTA	TACCGAGT	0	0	0
ACTCGGTC	GACCGAGT	0	0	0
ACTCGGTG	CACCGAGT	0	0	0
ACTCGTAA	TTACGAGT	0	0	0
ACTCGTAC	GTACGAGT	0	0	0
ACTCGTAG	CTACGAGT	0	0	0
ACTCGTAT	ATACGAGT	0	0	0
ACTCGTCA	TGACGAGT	0	0	0
ACTCGTCC	GGACGAGT	0	0	0
ACTCGTCG	CGACGAGT	0	0	0
ACTCGTCT	AGACGAGT	0	0	0
ACTCGTGA	TCACGAGT	0	0	0
ACTCGTGC	GCACGAGT	0	0	0
ACTCGTGG	CCACGAGT	0	0	0
ACTCGTTA	TAACGAGT	0	0	0
ACTCGTTC	GAACGAGT	0	0	0
ACTCGTTG	CAACGAGT	0	0	0
ACTCTAAA	TTTAGAGT	0	0	0
ACTCTAAC	GTTAGAGT	0	0	0
ACTCTAAG	CTTAGAGT	0	0	0
ACTCTAAT	ATTAGAGT	0	0	0
ACTCTACA	TGTAGAGT	0	0	0
ACTCTACC	GGTAGAGT	0	0	0
ACTCTACG	CGTAGAGT	0	0	0
ACTCTACT	AGTAGAGT	0	0	0
ACTCTAGA	TCTAGAGT	0	0	0
ACTCTAGC	GCTAGAGT	0	0	0
ACTCTAGG	CCTAGAGT	0	0	0
ACTCTATA	TATAGAGT	0	0	0
ACTCTATC	GATAGAGT	0	0	0
ACTCTATG	CATAGAGT	0	0	0
ACTCTCAA	TTGAGAGT	0	0	0
ACTCTCAC	GTGAGAGT	0	0	0
ACTCTCAG	CTGAGAGT	0	0	0
ACTCTCAT	ATGAGAGT	0	0	0
ACTCTCCA	TGGAGAGT	0	0	0
ACTCTCCC	GGGAGAGT	0	0	0
ACTCTCCG	CGGAGAGT	0	0	0
ACTCTCCT	AGGAGAGT	0	0	0
ACTCTCGA	TCGAGAGT	0	0	0
ACTCTCGC	GCGAGAGT	0	0	0
ACTCTCGG	CCGAGAGT	0	0	0
ACTCTCTA	TAGAGAGT	0	0	0
ACTCTCTC	GAGAGAGT	0	0	0
ACTCTCTG	CAGAGAGT	0	0	0
ACTCTGAA	TTCAGAGT	0	0	0
ACTCTGAC	GTCAGAGT	0	0	0
ACTCTGAG	CTCAGAGT	0	0	0
ACTCTGAT	ATCAGAGT	0	0	0
ACTCTGCA	TGCAGAGT	0	0	0
ACTCTGCC	GGCAGAGT	0	0	0
ACTCTGCG	CGCAGAGT	0	0	0
ACTCTGCT	AGCAGAGT	0	0	0
ACTCTGGA	TCCAGAGT	0	0	0
ACTCTGGC	GCCAGAGT	0	0	0
ACTCTGGG	CCCAGAGT	0	0	0
ACTCTGTA	TACAGAGT	0	0	0
ACTCTGTC	GACAGAGT	0	0	0
ACTCTGTG	CACAGAGT	0	0	0
ACTCTTAA	TTAAGAGT	0	0	0
ACTCTTAC	GTAAGAGT	0	0	0
ACTCTTAG	CTAAGAGT	0	0	0
ACTCTTAT	ATAAGAGT	0	0	0
ACTCTTCA	TGAAGAGT	0	0	0
ACTCTTCC	GGAAGAGT	0	0	0
ACTCTTCG	CGAAGAGT	0	0	0
ACTCTTCT	AGAAGAGT	0	0	0
ACTCTTGA	TCAAGAGT	0	0	0
ACTCTTGC	GCAAGAGT	0	0	0
ACTCTTGG	CCAAGAGT	0	0	0
ACTCTTTA	TAAAGAGT	0	0	0
ACTCTTTC	GAAAGAGT	0	0	0
ACTCTTTG	CAAAGAGT	0	0	0
ACTGAAAA	TTTTCAGT	0	0	0
ACTGAAAC	GTTTCAGT	0	0	0
ACTGAAAG	CTTTCAGT	0	0	0
ACTGAAAT	ATTTCAGT	0	0	0
ACTGAACA	TGTTCAGT	0	0	0
ACTGAACC	GGTTCAGT	0	0	0
ACTGAACG	CGTTCAGT	0	0	0
ACTGAACT	AGTTCAGT	0	0	0
ACTGAAGA	TCTTCAGT	0	0	0
ACTGAAGC	GCTTCAGT	0	0	0
ACTGAAGG	CCTTCAGT	0	0	0
ACTGAAGT	ACTTCAGT	0	0	0
ACTGAATA	TATTCAGT	0	0	0
ACTGAATC	GATTCAGT	0	0	0
ACTGAATG	CATTCAGT	0	0	0
ACTGACAA	TTGTCAGT	0	0	0
ACTGACAC	GTGTCAGT	0	0	0
ACTGACAG	CTGTCAGT	0	0	0
ACTGACAT	ATGTCAGT	0	0	0
ACTGACCA	TGGTCAGT	0	0	0
ACTGACCC	GGGTCAGT	0	0	0
ACTGACCG	CGGTCAGT	0	0	0
ACTGACCT	AGGTCAGT	0	0	0
ACTGACGA	TCGTCAGT	0	0	0
ACTGACGC	GCGTCAGT	0	0	0
ACTGACGG	CCGTCAGT	0	0	0
ACTGACTA	TAGTCAGT	0	0	0
ACTGACTC	GAGTCAGT	0	0	0
ACTGACTG	CAGTCAGT	0	0	0
ACTGAGAA	TTCTCAGT	0	0	0
ACTGAGAC	GTCTCAGT	0	0	0
ACTGAGAG	CTCTCAGT	0	0	0
ACTGAGAT	ATCTCAGT	0	0	0
ACTGAGCA	TGCTCAGT	0	0	0
ACTGAGCC	GGCTCAGT	0	0	0
ACTGAGCG	CGCTCAGT	0	0	0
ACTGAGCT	AGCTCAGT	0	0	0
ACTGAGGA	TCCTCAGT	0	0	0
ACTGAGGC	GCCTCAGT	0	0	0
ACTGAGGG	CCCTCAGT	0	0	0
ACTGAGTA	TACTCAGT	0	0	0
ACTGAGTC	GACTCAGT	0	0	0
ACTGAGTG	CACTCAGT	0	0	0
ACTGATAA	TTATCAGT	0	0	0
ACTGATAC	GTATCAGT	0	0	0
ACTGATAG	CTATCAGT	0	0	0
ACTGATAT	ATATCAGT	0	0	0
ACTGATCA	TGATCAGT	0	0	0
ACTGATCC	GGATCAGT	0	0	0
ACTGATCG	CGATCAGT	0	0	0
ACTGATCT	AGATCAGT	0	0	0
ACTGATGA	TCATCAGT	0	0	0
ACTGATGC	GCATCAGT	0	0	0
ACTGATGG	CCATCAGT	0	0	0
ACTGATTA	TAATCAGT	0	0	0
ACTGATTC	GAATCAGT	0	0	0
ACTGATTG	CAATCAGT	0	0	0
ACTGCAAA	TTTGCAGT	0	0	0
ACTGCAAC	GTTGCAGT	0	0	0
ACTGCAAG	CTTGCAGT	0	0	0
ACTGCAAT	ATTGCAGT	0	0	0
ACTGCACA	TGTGCAGT	0	0	0
ACTGCACC	GGTGCAGT	0	0	0
ACTGCACG	CGTGCAGT	0	0	0
ACTGCACT	AGTGCAGT	0	0	0
ACTGCAGA	TCTGCAGT	0	0	0
ACTGCAGC	GCTGCAGT	0	0	0
ACTGCAGG	CCTGCAGT	0	0	0
ACTGCAGT	ACTGCAGT	0	0	0
ACTGCATA	TATGCAGT	0	0	0
ACTGCATC	GATGCAGT	0	0	0
ACTGCATG	CATGCAGT	0	0	0
ACTGCCAA	TTGGCAGT	0	0	0
ACTGCCAC	GTGGCAGT	0	0	0
ACTGCCAG	CTGGCAGT	0	0	0
ACTGCCAT	ATGGCAGT	0	0	0
ACTGCCCA	TGGGCAGT	0	0	0
ACTGCCCC	GGGGCAGT	0	0	0
ACTGCCCG	CGGGCAGT	0	0	0
ACTGCCCT	AGGGCAGT	0	0	0
ACTGCCGA	TCGGCAGT	0	0	0
ACTGCCGC	GCGGCAGT	0	0	0
ACTGCCGG	CCGGCAGT	0	0	0
ACTGCCTA	TAGGCAGT	0	0	0
ACTGCCTC	GAGGCAGT	0	0	0
ACTGCCTG	CAGGCAGT	0	0	0
ACTGCGAA	TTCGCAGT	0	0	0
ACTGCGAC	GTCGCAGT	0	0	0
ACTGCGAG	CTCGCAGT	0	0	0
ACTGCGAT	ATCGCAGT	0	0	0
ACTGCGCA	TGCGCAGT	0	0	0
ACTGCGCC	GGCGCAGT	0	0	0
ACTGCGCG	CGCGCAGT	0	0	0
ACTGCGCT	AGCGCAGT	0	0	0
ACTGCGGA	TCCGCAGT	0	0	0
ACTGCGGC	GCCGCAGT	0	0	0
ACTGCGGG	CCCGCAGT	0	0	0
ACTGCGTA	TACGCAGT	0	0	0
ACTGCGTC	GACGCAGT	0	0	0
ACTGCGTG	CACGCAGT	0	0	0
ACTGCTAA	TTAGCAGT	0	0	0
ACTGCTAC	GTAGCAGT	0	0	0
ACTGCTAG	CTAGCAGT	0	0	0
ACTGCTAT	ATAGCAGT	0	0	0
ACTGCTCA	TGAGCAGT	0	0	0
ACTGCTCC	GGAGCAGT	0	0	0
ACTGCTCG	CGAGCAGT	0	0	0
ACTGCTCT	AGAGCAGT	0	0	0
ACTGCTGA	TCAGCAGT	0	0	0
ACTGCTGC	GCAGCAGT	0	0	0
ACTGCTGG	CCAGCAGT	0	0	0
ACTGCTTA	TAAGCAGT	0	0	0
ACTGCTTC	GAAGCAGT	0	0	0
ACTGCTTG	CAAGCAGT	0	0	0
ACTGGAAA	TTTCCAGT	0	0	0
ACTGGAAC	GTTCCAGT	0	0	0
ACTGGAAG	CTTCCAGT	0	0	0
ACTGGAAT	ATTCCAGT	0	0	0
ACTGGACA	TGTCCAGT	0	0	0
ACTGGACC	GGTCCAGT	0	0	0
ACTGGACG	CGTCCAGT	0	0	0
ACTGGACT	AGTCCAGT	0	0	0
ACTGGAGA	TCTCCAGT	0	0	0
ACTGGAGC	GCTCCAGT	0	0	0
ACTGGAGG	CCTCCAGT	0	0	0
ACTGGATA	TATCCAGT	0	0	0
ACTGGATC	GATCCAGT	0	0	0
ACTGGATG	CATCCAGT	0	0	0
ACTGGCAA	TTGCCAGT	0	0	0
ACTGGCAC	GTGCCAGT	0	0	0
ACTGGCAG	CTGCCAGT	0	0	0
ACTGGCAT	ATGCCAGT	0	0	0
ACTGGCCA	TGGCCAGT	0	0	0
ACTGGCCC	GGGCCAGT	0	0	0
ACTGGCCG	CGGCCAGT	0	0	0
ACTGGCCT	AGGCCAGT	0	0	0
ACTGGCGA	TCGCCAGT	0	0	0
ACTGGCGC	GCGCCAGT	0	0	0
ACTGGCGG	CCGCCAGT	0	0	0
ACTGGCTA	TAGCCAGT	0	0	0
ACTGGCTC	GAGCCAGT	0	0	0
ACTGGCTG	CAGCCAGT	0	0	0
ACTGGGAA	TTCCCAGT	0	0	0
ACTGGGAC	GTCCCAGT	0	0	0
ACTGGGAG	CTCCCAGT	0	0	0
ACTGGGAT	ATCCCAGT	0	0	0
ACTGGGCA	TGCCCAGT	0	0	0
ACTGGGCC	GGCCCAGT	0	0	0
ACTGGGCG	CGCCCAGT	0	0	0
ACTGGGCT	AGCCCAGT	0	0	0
ACTGGGGA	TCCCCAGT	0	0	0
ACTGGGGC	GCCCCAGT	0	0	0
ACTGGGGG	CCCCCAGT	0	0	0
ACTGGGTA	TACCCAGT	0	0	0
ACTGGGTC	GACCCAGT	0	0	0
ACTGGGTG	CACCCAGT	0	0	0
ACTGGTAA	TTACCAGT	0	0	0
ACTGGTAC	GTACCAGT	0	0	0
ACTGGTAG	CTACCAGT	0	0	0
ACTGGTAT	ATACCAGT	0	0	0
ACTGGTCA	TGACCAGT	0	0	0
ACTGGTCC	GGACCAGT	0	0	0
ACTGGTCG	CGACCAGT	0	0	0
ACTGGTCT	AGACCAGT	0	0	0
ACTGGTGA	TCACCAGT	0	0	0
ACTGGTGC	GCACCAGT	0	0	0
ACTGGTGG	CCACCAGT	0	0	0
ACTGGTTA	TAACCAGT	0	0	0
ACTGGTTC	GAACCAGT	0	0	0
ACTGGTTG	CAACCAGT	0	0	0
ACTGTAAA	TTTACAGT	0	0	0
ACTGTAAC	GTTACAGT	0	0	0
ACTGTAAG	CTTACAGT	0	0	0
ACTGTAAT	ATTACAGT	0	0	0
ACTGTACA	TGTACAGT	0	0	0
ACTGTACC	GGTACAGT	0	0	0
ACTGTACG	CGTACAGT	0	0	0
ACTGTACT	AGTACAGT	0	0	0
ACTGTAGA	TCTACAGT	0	0	0
ACTGTAGC	GCTACAGT	0	0	0
ACTGTAGG	CCTACAGT	0	0	0
ACTGTATA	TATACAGT	0	0	0
ACTGTATC	GATACAGT	0	0	0
ACTGTATG	CATACAGT	0	0	0
ACTGTCAA	TTGACAGT	0	0	0
ACTGTCAC	GTGACAGT	0	0	0
ACTGTCAG	CTGACAGT	0	0	0
ACTGTCAT	ATGACAGT	0	0	0
ACTGTCCA	TGGACAGT	0	0	0
ACTGTCCC	GGGACAGT	0	0	0
ACTGTCCG	CGGACAGT	0	0	0
ACTGTCCT	AGGACAGT	0	0	0
ACTGTCGA	TCGACAGT	0	0	0
ACTGTCGC	GCGACAGT	0	0	0
ACTGTCGG	CCGACAGT	0	0	0
ACTGTCTA	TAGACAGT	0	0	0
ACTGTCTC	GAGACAGT	0	0	0
ACTGTCTG	CAGACAGT	0	0	0
ACTGTGAA	TTCACAGT	0	0	0
ACTGTGAC	GTCACAGT	0	0	0
ACTGTGAG	CTCACAGT	0	0	0
ACTGTGAT	ATCACAGT	0	0	0
ACTGTGCA	TGCACAGT	0	0	0
ACTGTGCC	GGCACAGT	0	0	0
ACTGTGCG	CGCACAGT	0	0	0
ACTGTGCT	AGCACAGT	0	0	0
ACTGTGGA	TCCACAGT	0	0	0
ACTGTGGC	GCCACAGT	0	0	0
ACTGTGGG	CCCACAGT	0	0	0
ACTGTGTA	TACACAGT	0	0	0
ACTGTGTC	GACACAGT	0	0	0
ACTGTGTG	CACACAGT	0	0	0
ACTGTTAA	TTAACAGT	0	0	0
ACTGTTAC	GTAACAGT	0	0	0
ACTGTTAG	CTAACAGT	0	0	0
ACTGTTAT	ATAACAGT	0	0	0
ACTGTTCA	TGAACAGT	0	0	0
ACTGTTCC	GGAACAGT	0	0	0
ACTGTTCG	CGAACAGT	0	0	0
ACTGTTCT	AGAACAGT	0	0	0
ACTGTTGA	TCAACAGT	0	0	0
ACTGTTGC	GCAACAGT	0	0	0
ACTGTTGG	CCAACAGT	0	0	0
ACTGTTTA	TAAACAGT	0	0	0
ACTGTTTC	GAAACAGT	0	0	0
ACTGTTTG	CAAACAGT	0	0	0
ACTTAAAA	TTTTAAGT	0	0	0
ACTTAAAC	GTTTAAGT	0	0	0
ACTTAAAG	CTTTAAGT	0	0	0
ACTTAAAT	ATTTAAGT	0	0	0
ACTTAACA	TGTTAAGT	0	0	0
ACTTAACC	GGTTAAGT	0	0	0
ACTTAACG	CGTTAAGT	0	0	0
ACTTAACT	AGTTAAGT	0	0	0
ACTTAAGA	TCTTAAGT	0	0	0
ACTTAAGC	GCTTAAGT	0	0	0
ACTTAAGG	CCTTAAGT	0	0	0
ACTTAAGT	ACTTAAGT	0	0	0
ACTTAATA	TATTAAGT	0	0	0
ACTTAATC	GATTAAGT	0	0	0
ACTTAATG	CATTAAGT	0	0	0
ACTTACAA	TTGTAAGT	0	0	0
ACTTACAC	GTGTAAGT	0	0	0
ACTTACAG	CTGTAAGT	0	0	0
ACTTACAT	ATGTAAGT	0	0	0
ACTTACCA	TGGTAAGT	0	0	0
ACTTACCC	GGGTAAGT	0	0	0
ACTTACCG	CGGTAAGT	0	0	0
ACTTACCT	AGGTAAGT	0	0	0
ACTTACGA	TCGTAAGT	0	0	0
ACTTACGC	GCGTAAGT	0	0	0
ACTTACGG	CCGTAAGT	0	0	0
ACTTACTA	TAGTAAGT	0	0	0
ACTTACTC	GAGTAAGT	0	0	0
ACTTACTG	CAGTAAGT	0	0	0
ACTTAGAA	TTCTAAGT	0	0	0
ACTTAGAC	GTCTAAGT	0	0	0
ACTTAGAG	CTCTAAGT	0	0	0
ACTTAGAT	ATCTAAGT	0	0	0
ACTTAGCA	TGCTAAGT	0	0	0
ACTTAGCC	GGCTAAGT	0	0	0
ACTTAGCG	CGCTAAGT	0	0	0
ACTTAGCT	AGCTAAGT	0	0	0
ACTTAGGA	TCCTAAGT	0	0	0
ACTTAGGC	GCCTAAGT	0	0	0
ACTTAGGG	CCCTAAGT	0	0	0
ACTTAGTA	TACTAAGT	0	0	0
ACTTAGTC	GACTAAGT	0	0	0
ACTTAGTG	CACTAAGT	0	0	0
ACTTATAA	TTATAAGT	0	0	0
ACTTATAC	GTATAAGT	0	0	0
ACTTATAG	CTATAAGT	0	0	0
ACTTATAT	ATATAAGT	0	0	0
ACTTATCA	TGATAAGT	0	0	0
ACTTATCC	GGATAAGT	0	0	0
ACTTATCG	CGATAAGT	0	0	0
ACTTATCT	AGATAAGT	0	0	0
ACTTATGA	TCATAAGT	0	0	0
ACTTATGC	GCATAAGT	0	0	0
ACTTATGG	CCATAAGT	0	0	0
ACTTATTA	TAATAAGT	0	0	0
ACTTATTC	GAATAAGT	0	0	0
ACTTATTG	CAATAAGT	0	0	0
ACTTCAAA	TTTGAAGT	0	0	0
ACTTCAAC	GTTGAAGT	0	0	0
ACTTCAAG	CTTGAAGT	0	0	0
ACTTCAAT	ATTGAAGT	0	0	0
ACTTCACA	TGTGAAGT	0	0	0
ACTTCACC	GGTGAAGT	0	0	0
ACTTCACG	CGTGAAGT	0	0	0
ACTTCACT	AGTGAAGT	0	0	0
ACTTCAGA	TCTGAAGT	0	0	0
ACTTCAGC	GCTGAAGT	0	0	0
ACTTCAGG	CCTGAAGT	0	0	0
ACTTCATA	TATGAAGT	0	0	0
ACTTCATC	GATGAAGT	0	0	0
ACTTCATG	CATGAAGT	0	0	0
ACTTCCAA	TTGGAAGT	0	0	0
ACTTCCAC	GTGGAAGT	0	0	0
ACTTCCAG	CTGGAAGT	0	0	0
ACTTCCAT	ATGGAAGT	0	0	0
ACTTCCCA	TGGGAAGT	0	0	0
ACTTCCCC	GGGGAAGT	0	0	0
ACTTCCCG	CGGGAAGT	0	0	0
ACTTCCCT	AGGGAAGT	0	0	0
ACTTCCGA	TCGGAAGT	0	0	0
ACTTCCGC	GCGGAAGT	0	0	0
ACTTCCGG	CCGGAAGT	0	0	0
ACTTCCTA	TAGGAAGT	0	0	0
ACTTCCTC	GAGGAAGT	0	0	0
ACTTCCTG	CAGGAAGT	0	0	0
ACTTCGAA	TTCGAAGT	0	0	0
ACTTCGAC	GTCGAAGT	0	0	0
ACTTCGAG	CTCGAAGT	0	0	0
ACTTCGAT	ATCGAAGT	0	0	0
ACTTCGCA	TGCGAAGT	0	0	0
ACTTCGCC	GGCGAAGT	0	0	0
ACTTCGCG	CGCGAAGT	0	0	0
ACTTCGCT	AGCGAAGT	0	0	0
ACTTCGGA	TCCGAAGT	0	0	0
ACTTCGGC	GCCGAAGT	0	0	0
ACTTCGGG	CCCGAAGT	0	0	0
ACTTCGTA	TACGAAGT	0	0	0
ACTTCGTC	GACGAAGT	0	0	0
ACTTCGTG	CACGAAGT	0	0	0
ACTTCTAA	TTAGAAGT	0	0	0
ACTTCTAC	GTAGAAGT	0	0	0
ACTTCTAG	CTAGAAGT	0	0	0
ACTTCTAT	ATAGAAGT	0	0	0
ACTTCTCA	TGAGAAGT	0	0	0
ACTTCTCC	GGAGAAGT	0	0	0
ACTTCTCG	CGAGAAGT	0	0	0
ACTTCTCT	AGAGAAGT	0	0	0
ACTTCTGA	TCAGAAGT	0	0	0
ACTTCTGC	GCAGAAGT	0	0	0
ACTTCTGG	CCAGAAGT	0	0	0
ACTTCTTA	TAAGAAGT	0	0	0
ACTTCTTC	GAAGAAGT	0	0	0
ACTTCTTG	CAAGAAGT	0	0	0
ACTTGAAA	TTTCAAGT	0	0	0
ACTTGAAC	GTTCAAGT	0	0	0
ACTTGAAG	CTTCAAGT	0	0	0
ACTTGAAT	ATTCAAGT	0	0	0
ACTTGACA	TGTCAAGT	0	0	0
ACTTGACC	GGTCAAGT	0	0	0
ACTTGACG	CGTCAAGT	0	0	0
ACTTGACT	AGTCAAGT	0	0	0
ACTTGAGA	TCTCAAGT	0	0	0
ACTTGAGC	GCTCAAGT	0	0	0
ACTTGAGG	CCTCAAGT	0	0	0
ACTTGATA	TATCAAGT	0	0	0
ACTTGATC	GATCAAGT	0	0	0
ACTTGATG	CATCAAGT	0	0	0
ACTTGCAA	TTGCAAGT	0	0	0
ACTTGCAC	GTGCAAGT	0	0	0
ACTTGCAG	CTGCAAGT	0	0	0
ACTTGCAT	ATGCAAGT	0	0	0
ACTTGCCA	TGGCAAGT	0	0	0
ACTTGCCC	GGGCAAGT	0	0	0
ACTTGCCG	CGGCAAGT	0	0	0
ACTTGCCT	AGGCAAGT	0	0	0
ACTTGCGA	TCGCAAGT	0	0	0
ACTTGCGC	GCGCAAGT	0	0	0
ACTTGCGG	CCGCAAGT	0	0	0
ACTTGCTA	TAGCAAGT	0	0	0
ACTTGCTC	GAGCAAGT	0	0	0
ACTTGCTG	CAGCAAGT	0	0	0
ACTTGGAA	TTCCAAGT	0	0	0
ACTTGGAC	GTCCAAGT	0	0	0
ACTTGGAG	CTCCAAGT	0	0	0
ACTTGGAT	ATCCAAGT	0	0	0
ACTTGGCA	TGCCAAGT	0	0	0
ACTTGGCC	GGCCAAGT	0	0	0
ACTTGGCG	CGCCAAGT	0	0	0
ACTTGGCT	AGCCAAGT	0	0	0
ACTTGGGA	TCCCAAGT	0	0	0
ACTTGGGC	GCCCAAGT	0	0	0
ACTTGGGG	CCCCAAGT	0	0	0
ACTTGGTA	TACCAAGT	0	0	0
ACTTGGTC	GACCAAGT	0	0	0
ACTTGGTG	CACCAAGT	0	0	0
ACTTGTAA	TTACAAGT	0	0	0
ACTTGTAC	GTACAAGT	0	0	0
ACTTGTAG	CTACAAGT	0	0	0
ACTTGTAT	ATACAAGT	0	0	0
ACTTGTCA	TGACAAGT	0	0	0
ACTTGTCC	GGACAAGT	0	0	0
ACTTGTCG	CGACAAGT	0	0	0
ACTTGTCT	AGACAAGT	0	0	0
ACTTGTGA	TCACAAGT	0	0	0
ACTTGTGC	GCACAAGT	0	0	0
ACTTGTGG	CCACAAGT	0	0	0
ACTTGTTA	TAACAAGT	0	0	0
ACTTGTTC	GAACAAGT	0	0	0
ACTTGTTG	CAACAAGT	0	0	0
ACTTTAAA	TTTAAAGT	0	0	0
ACTTTAAC	GTTAAAGT	0	0	0
ACTTTAAG	CTTAAAGT	0	0	0
ACTTTAAT	ATTAAAGT	0	0	0
ACTTTACA	TGTAAAGT	0	0	0
ACTTTACC	GGTAAAGT	0	0	0
ACTTTACG	CGTAAAGT	0	0	0
ACTTTACT	AGTAAAGT	0	0	0
ACTTTAGA	TCTAAAGT	0	0	0
ACTTTAGC	GCTAAAGT	0	0	0
ACTTTAGG	CCTAAAGT	0	0	0
ACTTTATA	TATAAAGT	0	0	0
ACTTTATC	GATAAAGT	0	0	0
ACTTTATG	CATAAAGT	0	0	0
ACTTTCAA	TTGAAAGT	0	0	0
ACTTTCAC	GTGAAAGT	0	0	0
ACTTTCAG	CTGAAAGT	0	0	0
ACTTTCAT	ATGAAAGT	0	0	0
ACTTTCCA	TGGAAAGT	0	0	0
ACTTTCCC	GGGAAAGT	0	0	0
ACTTTCCG	CGGAAAGT	0	0	0
ACTTTCCT	AGGAAAGT	0	0	0
ACTTTCGA	TCGAAAGT	0	0	0
ACTTTCGC	GCGAAAGT	0	0	0
ACTTTCGG	CCGAAAGT	0	0	0
ACTTTCTA	TAGAAAGT	0	0	0
ACTTTCTC	GAGAAAGT	0	0	0
ACTTTCTG	CAGAAAGT	0	0	0
ACTTTGAA	TTCAAAGT	0	0	0
ACTTTGAC	GTCAAAGT	0	0	0
ACTTTGAG	CTCAAAGT	0	0	0
ACTTTGAT	ATCAAAGT	0	0	0
ACTTTGCA	TGCAAAGT	0	0	0
ACTTTGCC	GGCAAAGT	0	0	0
ACTTTGCG	CGCAAAGT	0	0	0
ACTTTGCT	AGCAAAGT	0	0	0
ACTTTGGA	TCCAAAGT	0	0	0
ACTTTGGC	GCCAAAGT	0	0	0
ACTTTGGG	CCCAAAGT	0	0	0
ACTTTGTA	TACAAAGT	0	0	0
ACTTTGTC	GACAAAGT	0	0	0
ACTTTGTG	CACAAAGT	0	0	0
ACTTTTAA	TTAAAAGT	0	0	0
ACTTTTAC	GTAAAAGT	0	0	0
ACTTTTAG	CTAAAAGT	0	0	0
ACTTTTAT	ATAAAAGT	0	0	0
ACTTTTCA	TGAAAAGT	0	0	0
ACTTTTCC	GGAAAAGT	0	0	0
ACTTTTCG	CGAAAAGT	0	0	0
ACTTTTCT	AGAAAAGT	0	0	0
ACTTTTGA	TCAAAAGT	0	0	0
ACTTTTGC	GCAAAAGT	0	0	0
ACTTTTGG	CCAAAAGT	0	0	0
ACTTTTTA	TAAAAAGT	0	0	0
ACTTTTTC	GAAAAAGT	0	0	0
ACTTTTTG	CAAAAAGT	0	0	0
AGAAAAAA	TTTTTTCT	0	0	0
AGAAAAAC	GTTTTTCT	0	0	0
AGAAAAAG	CTTTTTCT	0	0	0
AGAAAAAT	ATTTTTCT	0	0	0
AGAAAACA	TGTTTTCT	0	0	0
AGAAAACC	GGTTTTCT	0	0	0
AGAAAACG	CGTTTTCT	0	0	0
AGAAAACT	AGTTTTCT	0	0	0
AGAAAAGA	TCTTTTCT	0	0	0
AGAAAAGC	GCTTTTCT	0	0	0
AGAAAAGG	CCTTTTCT	0	0	0
AGAAAATA	TATTTTCT	0	0	0
AGAAAATC	GATTTTCT	0	0	0
AGAAAATG	CATTTTCT	0	0	0
AGAAACAA	TTGTTTCT	0	0	0
AGAAACAC	GTGTTTCT	0	0	0
AGAAACAG	CTGTTTCT	0	0	0
AGAAACAT	ATGTTTCT	0	0	0
AGAAACCA	TGGTTTCT	0	0	0
AGAAACCC	GGGTTTCT	0	0	0
AGAAACCG	CGGTTTCT	0	0	0
AGAAACCT	AGGTTTCT	0	0	0
AGAAACGA	TCGTTTCT	0	0	0
AGAAACGC	GCGTTTCT	0	0	0
AGAAACGG	CCGTTTCT	0	0	0
AGAAACTA	TAGTTTCT	0	0	0
AGAAACTC	GAGTTTCT	0	0	0
AGAAACTG	CAGTTTCT	0	0	0
AGAAAGAA	TTCTTTCT	0	0	0
AGAAAGAC	GTCTTTCT	0	0	0
AGAAAGAG	CTCTTTCT	0	0	0
AGAAAGAT	ATCTTTCT	0	0	0
AGAAAGCA	TGCTTTCT	0	0	0
AGAAAGCC	GGCTTTCT	0	0	0
AGAAAGCG	CGCTTTCT	0	0	0
AGAAAGCT	AGCTTTCT	0	0	0
AGAAAGGA	TCCTTTCT	0	0	0
AGAAAGGC	GCCTTTCT	0	0	0
AGAAAGGG	CCCTTTCT	0	0	0
AGAAAGTA	TACTTTCT	0	0	0
AGAAAGTC	GACTTTCT	0	0	0
AGAAAGTG	CACTTTCT	0	0	0
AGAAATAA	TTATTTCT	0	0	0
AGAAATAC	GTATTTCT	0	0	0
AGAAATAG	CTATTTCT	0	0	0
AGAAATAT	ATATTTCT	0	0	0
AGAAATCA	TGATTTCT	0	0	0
AGAAATCC	GGATTTCT	0	0	0
AGAAATCG	CGATTTCT	0	0	0
AGAAATCT	AGATTTCT	0	0	0
AGAAATGA	TCATTTCT	0	0	0
AGAAATGC	GCATTTCT	0	0	0
AGAAATGG	CCATTTCT	0	0	0
AGAAATTA	TAATTTCT	0	0	0
AGAAATTC	GAATTTCT	0	0	0
AGAAATTG	CAATTTCT	0	0	0
AGAACAAA	TTTGTTCT	0	0	0
AGAACAAC	GTTGTTCT	0	0	0
AGAACAAG	CTTGTTCT	0	0	0
AGAACAAT	ATTGTTCT	0	0	0
AGAACACA	TGTGTTCT	0	0	0
AGAACACC	GGTGTTCT	0	0	0
AGAACACG	CGTGTTCT	0	0	0
AGAACACT	AGTGTTCT	0	0	0
AGAACAGA	TCTGTTCT	0	0	0
AGAACAGC	GCTGTTCT	0	0	0
AGAACAGG	CCTGTTCT	0	0	0
AGAACATA	TATGTTCT	0	0	0
AGAACATC	GATGTTCT	0	0	0
AGAACATG	CATGTTCT	0	0	0
AGAACCAA	TTGGTTCT	0	0	0
AGAACCAC	GTGGTTCT	0	0	0
AGAACCAG	CTGGTTCT	0	0	0
AGAACCAT	ATGGTTCT	0	0	0
AGAACCCA	TGGGTTCT	0	0	0
AGAACCCC	GGGGTTCT	0	0	0
AGAACCCG	CGGGTTCT	0	0	0
AGAACCCT	AGGGTTCT	0	0	0
AGAACCGA	TCGGTTCT	0	0	0
AGAACCGC	GCGGTTCT	0	0	0
AGAACCGG	CCGGTTCT	0	0	0
AGAACCTA	TAGGTTCT	0	0	0
AGAACCTC	GAGGTTCT	0	0	0
AGAACCTG	CAGGTTCT	0	0	0
AGAACGAA	TTCGTTCT	0	0	0
AGAACGAC	GTCGTTCT	0	0	0
AGAACGAG	CTCGTTCT	0	0	0
AGAACGAT	ATCGTTCT	0	0	0
AGAACGCA	TGCGTTCT	0	0	0
AGAACGCC	GGCGTTCT	0	0	0
AGAACGCG	CGCGTTCT	0	0	0
AGAACGCT	AGCGTTCT	0	0	0
AGAACGGA	TCCGTTCT	0	0	0
AGAACGGC	GCCGTTCT	0	0	0
AGAACGGG	CCCGTTCT	0	0	0
AGAACGTA	TACGTTCT	0	0	0
AGAACGTC	GACGTTCT	0	0	0
AGAACGTG	CACGTTCT	0	0	0
AGAACTAA	TTAGTTCT	0	0	0
AGAACTAC	GTAGTTCT	0	0	0
AGAACTAG	CTAGTTCT	0	0	0
AGAACTAT	ATAGTTCT	0	0	0
AGAACTCA	TGAGTTCT	0	0	0
AGAACTCC	GGAGTTCT	0	0	0
AGAACTCG	CGAGTTCT	0	0	0
AGAACTCT	AGAGTTCT	0	0	0
AGAACTGA	TCAGTTCT	0	0	0
AGAACTGC	GCAGTTCT	0	0	0
AGAACTGG	CCAGTTCT	0	0	0
AGAACTTA	TAAGTTCT	0	0	0
AGAACTTC	GAAGTTCT	0	0	0
AGAACTTG	CAAGTTCT	0	0	0
AGAAGAAA	TTTCTTCT	0	0	0
AGAAGAAC	GTTCTTCT	0	0	0
AGAAGAAG	CTTCTTCT	0	0	0
AGAAGAAT	ATTCTTCT	0	0	0
AGAAGACA	TGTCTTCT	0	0	0
AGAAGACC	GGTCTTCT	0	0	0
AGAAGACG	CGTCTTCT	0	0	0
AGAAGACT	AGTCTTCT	0	0	0
AGAAGAGA	TCTCTTCT	0	0	0
AGAAGAGC	GCTCTTCT	0	0	0
AGAAGAGG	CCTCTTCT	0	0	0
AGAAGATA	TATCTTCT	0	0	0
AGAAGATC	GATCTTCT	0	0	0
AGAAGATG	CATCTTCT	0	0	0
AGAAGCAA	TTGCTTCT	0	0	0
AGAAGCAC	GTGCTTCT	0	0	0
AGAAGCAG	CTGCTTCT	0	0	0
AGAAGCAT	ATGCTTCT	0	0	0
AGAAGCCA	TGGCTTCT	0	0	0
AGAAGCCC	GGGCTTCT	0	0	0
AGAAGCCG	CGGCTTCT	0	0	0
AGAAGCCT	AGGCTTCT	0	0	0
AGAAGCGA	TCGCTTCT	0	0	0
AGAAGCGC	GCGCTTCT	0	0	0
AGAAGCGG	CCGCTTCT	0	0	0
AGAAGCTA	TAGCTTCT	0	0	0
AGAAGCTC	GAGCTTCT	0	0	0
AGAAGCTG	CAGCTTCT	0	0	0
AGAAGGAA	TTCCTTCT	0	0	0
AGAAGGAC	GTCCTTCT	0	0	0
AGAAGGAG	CTCCTTCT	0	0	0
AGAAGGAT	ATCCTTCT	0	0	0
AGAAGGCA	TGCCTTCT	0	0	0
AGAAGGCC	GGCCTTCT	0	0	0
AGAAGGCG	CGCCTTCT	0	0	0
AGAAGGCT	AGCCTTCT	0	0	0
AGAAGGGA	TCCCTTCT	0	0	0
AGAAGGGC	GCCCTTCT	0	0	0
AGAAGGGG	CCCCTTCT	0	0	0
AGAAGGTA	TACCTTCT	0	0	0
AGAAGGTC	GACCTTCT	0	0	0
AGAAGGTG	CACCTTCT	0	0	0
AGAAGTAA	TTACTTCT	0	0	0
AGAAGTAC	GTACTTCT	0	0	0
AGAAGTAG	CTACTTCT	0	0	0
AGAAGTAT	ATACTTCT	0	0	0
AGAAGTCA	TGACTTCT	0	0	0
AGAAGTCC	GGACTTCT	0	0	0
AGAAGTCG	CGACTTCT	0	0	0
AGAAGTCT	AGACTTCT	0	0	0
AGAAGTGA	TCACTTCT	0	0	0
AGAAGTGC	GCACTTCT	0	0	0
AGAAGTGG	CCACTTCT	0	0	0
AGAAGTTA	TAACTTCT	0	0	0
AGAAGTTC	GAACTTCT	0	0	0
AGAAGTTG	CAACTTCT	0	0	0
AGAATAAA	TTTATTCT	0	0	0
AGAATAAC	GTTATTCT	0	0	0
AGAATAAG	CTTATTCT	0	0	0
AGAATAAT	ATTATTCT	0	0	0
AGAATACA	TGTATTCT	0	0	0
AGAATACC	GGTATTCT	0	0	0
AGAATACG	CGTATTCT	0	0	0
AGAATACT	AGTATTCT	0	0	0
AGAATAGA	TCTATTCT	0	0	0
AGAATAGC	GCTATTCT	0	0	0
AGAATAGG	CCTATTCT	0	0	0
AGAATATA	TATATTCT	0	0	0
AGAATATC	GATATTCT	0	0	0
AGAATATG	CATATTCT	0	0	0
AGAATCAA	TTGATTCT	0	0	0
AGAATCAC	GTGATTCT	0	0	0
AGAATCAG	CTGATTCT	0	0	0
AGAATCAT	ATGATTCT	0	0	0
AGAATCCA	TGGATTCT	0	0	0
AGAATCCC	GGGATTCT	0	0	0
AGAATCCG	CGGATTCT	0	0	0
AGAATCCT	AGGATTCT	0	0	0
AGAATCGA	TCGATTCT	0	0	0
AGAATCGC	GCGATTCT	0	0	0
AGAATCGG	CCGATTCT	0	0	0
AGAATCTA	TAGATTCT	0	0	0
AGAATCTC	GAGATTCT	0	0	0
AGAATCTG	CAGATTCT	0	0	0
AGAATGAA	TTCATTCT	0	0	0
AGAATGAC	GTCATTCT	0	0	0
AGAATGAG	CTCATTCT	0	0	0
AGAATGAT	ATCATTCT	0	0	0
AGAATGCA	TGCATTCT	0	0	0
AGAATGCC	GGCATTCT	0	0	0
AGAATGCG	CGCATTCT	0	0	0
AGAATGCT	AGCATTCT	0	0	0
AGAATGGA	TCCATTCT	0	0	0
AGAATGGC	GCCATTCT	0	0	0
AGAATGGG	CCCATTCT	0	0	0
AGAATGTA	TACATTCT	0	0	0
AGAATGTC	GACATTCT	0	0	0
AGAATGTG	CACATTCT	0	0	0
AGAATTAA	TTAATTCT	0	0	0
AGAATTAC	GTAATTCT	0	0	0
AGAATTAG	CTAATTCT	0	0	0
AGAATTAT	ATAATTCT	0	0	0
AGAATTCA	TGAATTCT	0	0	0
AGAATTCC	GGAATTCT	0	0	0
AGAATTCG	CGAATTCT	0	0	0
AGAATTCT	AGAATTCT	0	0	0
AGAATTGA	TCAATTCT	0	0	0
AGAATTGC	GCAATTCT	0	0	0
AGAATTGG	CCAATTCT	0	0	0
AGAATTTA	TAAATTCT	0	0	0
AGAATTTC	GAAATTCT	0	0	0
AGAATTTG	CAAATTCT	0	0	0
AGACAAAA	TTTTGTCT	0	0	0
AGACAAAC	GTTTGTCT	0	0	0
AGACAAAG	CTTTGTCT	0	0	0
AGACAAAT	ATTTGTCT	0	0	0
AGACAACA	TGTTGTCT	0	0	0
AGACAACC	GGTTGTCT	0	0	0
AGACAACG	CGTTGTCT	0	0	0
AGACAACT	AGTTGTCT	0	0	0
AGACAAGA	TCTTGTCT	0	0	0
AGACAAGC	GCTTGTCT	0	0	0
AGACAAGG	CCTTGTCT	0	0	0
AGACAATA	TATTGTCT	0	0	0
AGACAATC	GATTGTCT	0	0	0
AGACAATG	CATTGTCT	0	0	0
AGACACAA	TTGTGTCT	0	0	0
AGACACAC	GTGTGTCT	0	0	0
AGACACAG	CTGTGTCT	0	0	0
AGACACAT	ATGTGTCT	0	0	0
AGACACCA	TGGTGTCT	0	0	0
AGACACCC	GGGTGTCT	0	0	0
AGACACCG	CGGTGTCT	0	0	0
AGACACCT	AGGTGTCT	0	0	0
AGACACGA	TCGTGTCT	0	0	0
AGACACGC	GCGTGTCT	0	0	0
AGACACGG	CCGTGTCT	0	0	0
AGACACTA	TAGTGTCT	0	0	0
AGACACTC	GAGTGTCT	0	0	0
AGACACTG	CAGTGTCT	0	0	0
AGACAGAA	TTCTGTCT	0	0	0
AGACAGAC	GTCTGTCT	0	0	0
AGACAGAG	CTCTGTCT	0	0	0
AGACAGAT	ATCTGTCT	0	0	0
AGACAGCA	TGCTGTCT	0	0	0
AGACAGCC	GGCTGTCT	0	0	0
AGACAGCG	CGCTGTCT	0	0	0
AGACAGCT	AGCTGTCT	0	0	0
AGACAGGA	TCCTGTCT	0	0	0
AGACAGGC	GCCTGTCT	0	0	0
AGACAGGG	CCCTGTCT	0	0	0
AGACAGTA	TACTGTCT	0	0	0
AGACAGTC	GACTGTCT	0	0	0
AGACAGTG	CACTGTCT	0	0	0
AGACATAA	TTATGTCT	0	0	0
AGACATAC	GTATGTCT	0	0	0
AGACATAG	CTATGTCT	0	0	0
AGACATAT	ATATGTCT	0	0	0
AGACATCA	TGATGTCT	0	0	0
AGACATCC	GGATGTCT	0	0	0
AGACATCG	CGATGTCT	0	0	0
AGACATCT	AGATGTCT	0	0	0
AGACATGA	TCATGTCT	0	0	0
AGACATGC	GCATGTCT	0	0	0
AGACATGG	CCATGTCT	0	0	0
AGACATTA	TAATGTCT	0	0	0
AGACATTC	GAATGTCT	0	0	0
AGACATTG	CAATGTCT	0	0	0
AGACCAAA	TTTGGTCT	0	0	0
AGACCAAC	GTTGGTCT	0	0	0
AGACCAAG	CTTGGTCT	0	0	0
AGACCAAT	ATTGGTCT	0	0	0
AGACCACA	TGTGGTCT	0	0	0
AGACCACC	GGTGGTCT	0	0	0
AGACCACG	CGTGGTCT	0	0	0
AGACCACT	AGTGGTCT	0	0	0
AGACCAGA	TCTGGTCT	0	0	0
AGACCAGC	GCTGGTCT	0	0	0
AGACCAGG	CCTGGTCT	0	0	0
AGACCATA	TATGGTCT	0	0	0
AGACCATC	GATGGTCT	0	0	0
AGACCATG	CATGGTCT	0	0	0
AGACCCAA	TTGGGTCT	0	0	0
AGACCCAC	GTGGGTCT	0	0	0
AGACCCAG	CTGGGTCT	0	0	0
AGACCCAT	ATGGGTCT	0	0	0
AGACCCCA	TGGGGTCT	0	0	0
AGACCCCC	GGGGGTCT	0	0	0
AGACCCCG	CGGGGTCT	0	0	0
AGACCCCT	AGGGGTCT	0	0	0
AGACCCGA	TCGGGTCT	0	0	0
AGACCCGC	GCGGGTCT	0	0	0
AGACCCGG	CCGGGTCT	0	0	0
AGACCCTA	TAGGGTCT	0	0	0
AGACCCTC	GAGGGTCT	0	0	0
AGACCCTG	CAGGGTCT	0	0	0
AGACCGAA	TTCGGTCT	0	0	0
AGACCGAC	GTCGGTCT	0	0	0
AGACCGAG	CTCGGTCT	0	0	0
AGACCGAT	ATCGGTCT	0	0	0
AGACCGCA	TGCGGTCT	0	0	0
AGACCGCC	GGCGGTCT	0	0	0
AGACCGCG	CGCGGTCT	0	0	0
AGACCGCT	AGCGGTCT	0	0	0
AGACCGGA	TCCGGTCT	0	0	0
AGACCGGC	GCCGGTCT	0	0	0
AGACCGGG	CCCGGTCT	0	0	0
AGACCGTA	TACGGTCT	0	0	0
AGACCGTC	GACGGTCT	0	0	0
AGACCGTG	CACGGTCT	0	0	0
AGACCTAA	TTAGGTCT	0	0	0
AGACCTAC	GTAGGTCT	0	0	0
AGACCTAG	CTAGGTCT	0	0	0
AGACCTAT	ATAGGTCT	0	0	0
AGACCTCA	TGAGGTCT	0	0	0
AGACCTCC	GGAGGTCT	0	0	0
AGACCTCG	CGAGGTCT	0	0	0
AGACCTCT	AGAGGTCT	0	0	0
AGACCTGA	TCAGGTCT	0	0	0
AGACCTGC	GCAGGTCT	0	0	0
AGACCTGG	CCAGGTCT	0	0	0
AGACCTTA	TAAGGTCT	0	0	0
AGACCTTC	GAAGGTCT	0	0	0
AGACCTTG	CAAGGTCT	0	0	0
AGACGAAA	TTTCGTCT	0	0	0
AGACGAAC	GTTCGTCT	0	0	0
AGACGAAG	CTTCGTCT	0	0	0
AGACGAAT	ATTCGTCT	0	0	0
AGACGACA	TGTCGTCT	0	0	0
AGACGACC	GGTCGTCT	0	0	0
AGACGACG	CGTCGTCT	0	0	0
AGACGACT	AGTCGTCT	0	0	0
AGACGAGA	TCTCGTCT	0	0	0
AGACGAGC	GCTCGTCT	0	0	0
AGACGAGG	CCTCGTCT	0	0	0
AGACGATA	TATCGTCT	0	0	0
AGACGATC	GATCGTCT	0	0	0
AGACGATG	CATCGTCT	0	0	0
AGACGCAA	TTGCGTCT	0	0	0
AGACGCAC	GTGCGTCT	0	0	0
AGACGCAG	CTGCGTCT	0	0	0
AGACGCAT	ATGCGTCT	0	0	0
AGACGCCA	TGGCGTCT	0	0	0
AGACGCCC	GGGCGTCT	0	0	0
AGACGCCG	CGGCGTCT	0	0	0
AGACGCCT	AGGCGTCT	0	0	0
AGACGCGA	TCGCGTCT	0	0	0
AGACGCGC	GCGCGTCT	0	0	0
AGACGCGG	CCGCGTCT	0	0	0
AGACGCTA	TAGCGTCT	0	0	0
AGACGCTC	GAGCGTCT	0	0	0
AGACGCTG	CAGCGTCT	0	0	0
AGACGGAA	TTCCGTCT	0	0	0
AGACGGAC	GTCCGTCT	0	0	0
AGACGGAG	CTCCGTCT	0	0	0
AGACGGAT	ATCCGTCT	0	0	0
AGACGGCA	TGCCGTCT	0	0	0
AGACGGCC	GGCCGTCT	0	0	0
AGACGGCG	CGCCGTCT	0	0	0
AGACGGCT	AGCCGTCT	0	0	0
AGACGGGA	TCCCGTCT	0	0	0
AGACGGGC	GCCCGTCT	0	0	0
AGACGGGG	CCCCGTCT	0	0	0
AGACGGTA	TACCGTCT	0	0	0
AGACGGTC	GACCGTCT	0	0	0
AGACGGTG	CACCGTCT	0	0	0
AGACGTAA	TTACGTCT	0	0	0
AGACGTAC	GTACGTCT	0	0	0
AGACGTAG	CTACGTCT	0	0	0
AGACGTAT	ATACGTCT	0	0	0
AGACGTCA	TGACGTCT	0	0	0
AGACGTCC	GGACGTCT	0	0	0
AGACGTCG	CGACGTCT	0	0	0
AGACGTCT	AGACGTCT	0	0	0
AGACGTGA	TCACGTCT	0	0	0
AGACGTGC	GCACGTCT	0	0	0
AGACGTGG	CCACGTCT	0	0	0
AGACGTTA	TAACGTCT	0	0	0
AGACGTTC	GAACGTCT	0	0	0
AGACGTTG	CAACGTCT	0	0	0
AGACTAAA	TTTAGTCT	0	0	0
AGACTAAC	GTTAGTCT	0	0	0
AGACTAAG	CTTAGTCT	0	0	0
AGACTAAT	ATTAGTCT	0	0	0
AGACTACA	TGTAGTCT	0	0	0
AGACTACC	GGTAGTCT	0	0	0
AGACTACG	CGTAGTCT	0	0	0
AGACTACT	AGTAGTCT	0	0	0
AGACTAGA	TCTAGTCT	0	0	0
AGACTAGC	GCTAGTCT	0	0	0
AGACTAGG	CCTAGTCT	0	0	0
AGACTATA	TATAGTCT	0	0	0
AGACTATC	GATAGTCT	0	0	0
AGACTATG	CATAGTCT	0	0	0
AGACTCAA	TTGAGTCT	0	0	0
AGACTCAC	GTGAGTCT	0	0	0
AGACTCAG	CTGAGTCT	0	0	0
AGACTCAT	ATGAGTCT	0	0	0
AGACTCCA	TGGAGTCT	0	0	0
AGACTCCC	GGGAGTCT	0	0	0
AGACTCCG	CGGAGTCT	0	0	0
AGACTCCT	AGGAGTCT	0	0	0
AGACTCGA	TCGAGTCT	0	0	0
AGACTCGC	GCGAGTCT	0	0	0
AGACTCGG	CCGAGTCT	0	0	0
AGACTCTA	TAGAGTCT	0	0	0
AGACTCTC	GAGAGTCT	0	0	0
AGACTCTG	CAGAGTCT	0	0	0
AGACTGAA	TTCAGTCT	0	0	0
AGACTGAC	GTCAGTCT	0	0	0
AGACTGAG	CTCAGTCT	0	0	0
AGACTGAT	ATCAGTCT	0	0	0
AGACTGCA	TGCAGTCT	0	0	0
AGACTGCC	GGCAGTCT	0	0	0
AGACTGCG	CGCAGTCT	0	0	0
AGACTGCT	AGCAGTCT	0	0	0
AGACTGGA	TCCAGTCT	0	0	0
AGACTGGC	GCCAGTCT	0	0	0
AGACTGGG	CCCAGTCT	0	0	0
AGACTGTA	TACAGTCT	0	0	0
AGACTGTC	GACAGTCT	0	0	0
AGACTGTG	CACAGTCT	0	0	0
AGACTTAA	TTAAGTCT	0	0	0
AGACTTAC	GTAAGTCT	0	0	0
AGACTTAG	CTAAGTCT	0	0	0
AGACTTAT	ATAAGTCT	0	0	0
AGACTTCA	TGAAGTCT	0	0	0
AGACTTCC	GGAAGTCT	0	0	0
AGACTTCG	CGAAGTCT	0	0	0
AGACTTGA	TCAAGTCT	0	0	0
AGACTTGC	GCAAGTCT	0	0	0
AGACTTGG	CCAAGTCT	0	0	0
AGACTTTA	TAAAGTCT	0	0	0
AGACTTTC	GAAAGTCT	0	0	0
AGACTTTG	CAAAGTCT	0	0	0
AGAGAAAA	TTTTCTCT	0	0	0
AGAGAAAC	GTTTCTCT	0	0	0
AGAGAAAG	CTTTCTCT	0	0	0
AGAGAAAT	ATTTCTCT	0	0	0
AGAGAACA	TGTTCTCT	0	0	0
AGAGAACC	GGTTCTCT	0	0	0
AGAGAACG	CGTTCTCT	0	0	0
AGAGAACT	AGTTCTCT	0	0	0
AGAGAAGA	TCTTCTCT	0	0	0
AGAGAAGC	GCTTCTCT	0	0	0
AGAGAAGG	CCTTCTCT	0	0	0
AGAGAATA	TATTCTCT	0	0	0
AGAGAATC	GATTCTCT	0	0	0
AGAGAATG	CATTCTCT	0	0	0
AGAGACAA	TTGTCTCT	0	0	0
AGAGACAC	GTGTCTCT	0	0	0
AGAGACAG	CTGTCTCT	0	0	0
AGAGACAT	ATGTCTCT	0	0	0
AGAGACCA	TGGTCTCT	0	0	0
AGAGACCC	GGGTCTCT	0	0	0
AGAGACCG	CGGTCTCT	0	0	0
AGAGACCT	AGGTCTCT	0	0	0
AGAGACGA	TCGTCTCT	0	0	0
AGAGACGC	GCGTCTCT	0	0	0
AGAGACGG	CCGTCTCT	0	0	0
AGAGACTA	TAGTCTCT	0	0	0
AGAGACTC	GAGTCTCT	0	0	0
AGAGACTG	CAGTCTCT	0	0	0
AGAGAGAA	TTCTCTCT	0	0	0
AGAGAGAC	GTCTCTCT	0	0	0
AGAGAGAG	CTCTCTCT	0	0	0
AGAGAGAT	ATCTCTCT	0	0	0
AGAGAGCA	TGCTCTCT	0	0	0
AGAGAGCC	GGCTCTCT	0	0	0
AGAGAGCG	CGCTCTCT	0	0	0
AGAGAGCT	AGCTCTCT	0	0	0
AGAGAGGA	TCCTCTCT	0	0	0
AGAGAGGC	GCCTCTCT	0	0	0
AGAGAGGG	CCCTCTCT	0	0	0
AGAGAGTA	TACTCTCT	0	0	0
AGAGAGTC	GACTCTCT	0	0	0
AGAGAGTG	CACTCTCT	0	0	0
AGAGATAA	TTATCTCT	0	0	0
AGAGATAC	GTATCTCT	0	0	0
AGAGATAG	CTATCTCT	0	0	0
AGAGATAT	ATATCTCT	0	0	0
AGAGATCA	TGATCTCT	0	0	0
AGAGATCC	GGATCTCT	0	0	0
AGAGATCG	CGATCTCT	0	0	0
AGAGATCT	AGATCTCT	0	0	0
AGAGATGA	TCATCTCT	0	0	0
AGAGATGC	GCATCTCT	0	0	0
AGAGATGG	CCATCTCT	0	0	0
AGAGATTA	TAATCTCT	0	0	0
AGAGATTC	GAATCTCT	0	0	0
AGAGATTG	CAATCTCT	0	0	0
AGAGCAAA	TTTGCTCT	0	0	0
AGAGCAAC	GTTGCTCT	0	0	0
AGAGCAAG	CTTGCTCT	0	0	0
AGAGCAAT	ATTGCTCT	0	0	0
AGAGCACA	TGTGCTCT	0	0	0
AGAGCACC	GGTGCTCT	0	0	0
AGAGCACG	CGTGCTCT	0	0	0
AGAGCACT	AGTGCTCT	0	0	0
AGAGCAGA	TCTGCTCT	0	0	0
AGAGCAGC	GCTGCTCT	0	0	0
AGAGCAGG	CCTGCTCT	0	0	0
AGAGCATA	TATGCTCT	0	0	0
AGAGCATC	GATGCTCT	0	0	0
AGAGCATG	CATGCTCT	0	0	0
AGAGCCAA	TTGGCTCT	0	0	0
AGAGCCAC	GTGGCTCT	0	0	0
AGAGCCAG	CTGGCTCT	0	0	0
AGAGCCAT	ATGGCTCT	0	0	0
AGAGCCCA	TGGGCTCT	0	0	0
AGAGCCCC	GGGGCTCT	0	0	0
AGAGCCCG	CGGGCTCT	0	0	0
AGAGCCCT	AGGGCTCT	0	0	0
AGAGCCGA	TCGGCTCT	0	0	0
AGAGCCGC	GCGGCTCT	0	0	0
AGAGCCGG	CCGGCTCT	0	0	0
AGAGCCTA	TAGGCTCT	0	0	0
AGAGCCTC	GAGGCTCT	0	0	0
AGAGCCTG	CAGGCTCT	0	0	0
AGAGCGAA	TTCGCTCT	0	0	0
AGAGCGAC	GTCGCTCT	0	0	0
AGAGCGAG	CTCGCTCT	0	0	0
AGAGCGAT	ATCGCTCT	0	0	0
AGAGCGCA	TGCGCTCT	0	0	0
AGAGCGCC	GGCGCTCT	0	0	0
AGAGCGCG	CGCGCTCT	0	0	0
AGAGCGCT	AGCGCTCT	0	0	0
AGAGCGGA	TCCGCTCT	0	0	0
AGAGCGGC	GCCGCTCT	0	0	0
AGAGCGGG	CCCGCTCT	0	0	0
AGAGCGTA	TACGCTCT	0	0	0
AGAGCGTC	GACGCTCT	0	0	0
AGAGCGTG	CACGCTCT	0	0	0
AGAGCTAA	TTAGCTCT	0	0	0
AGAGCTAC	GTAGCTCT	0	0	0
AGAGCTAG	CTAGCTCT	0	0	0
AGAGCTAT	ATAGCTCT	0	0	0
AGAGCTCA	TGAGCTCT	0	0	0
AGAGCTCC	GGAGCTCT	0	0	0
AGAGCTCG	CGAGCTCT	0	0	0
AGAGCTCT	AGAGCTCT	0	0	0
AGAGCTGA	TCAGCTCT	0	0	0
AGAGCTGC	GCAGCTCT	0	0	0
AGAGCTGG	CCAGCTCT	0	0	0
AGAGCTTA	TAAGCTCT	0	0	0
AGAGCTTC	GAAGCTCT	0	0	0
AGAGCTTG	CAAGCTCT	0	0	0
AGAGGAAA	TTTCCTCT	0	0	0
AGAGGAAC	GTTCCTCT	0	0	0
AGAGGAAG	CTTCCTCT	0	0	0
AGAGGAAT	ATTCCTCT	0	0	0
AGAGGACA	TGTCCTCT	0	0	0
AGAGGACC	GGTCCTCT	0	0	0
AGAGGACG	CGTCCTCT	0	0	0
AGAGGACT	AGTCCTCT	0	0	0
AGAGGAGA	TCTCCTCT	0	0	0
AGAGGAGC	GCTCCTCT	0	0	0
AGAGGAGG	CCTCCTCT	0	0	0
AGAGGATA	TATCCTCT	0	0	0
AGAGGATC	GATCCTCT	0	0	0
AGAGGATG	CATCCTCT	0	0	0
AGAGGCAA	TTGCCTCT	0	0	0
AGAGGCAC	GTGCCTCT	0	0	0
AGAGGCAG	CTGCCTCT	0	0	0
AGAGGCAT	ATGCCTCT	0	0	0
AGAGGCCA	TGGCCTCT	0	0	0
AGAGGCCC	GGGCCTCT	0	0	0
AGAGGCCG	CGGCCTCT	0	0	0
AGAGGCCT	AGGCCTCT	0	0	0
AGAGGCGA	TCGCCTCT	0	0	0
AGAGGCGC	GCGCCTCT	0	0	0
AGAGGCGG	CCGCCTCT	0	0	0
AGAGGCTA	TAGCCTCT	0	0	0
AGAGGCTC	GAGCCTCT	0	0	0
AGAGGCTG	CAGCCTCT	0	0	0
AGAGGGAA	TTCCCTCT	0	0	0
AGAGGGAC	GTCCCTCT	0	0	0
AGAGGGAG	CTCCCTCT	0	0	0
AGAGGGAT	ATCCCTCT	0	0	0
AGAGGGCA	TGCCCTCT	0	0	0
AGAGGGCC	GGCCCTCT	0	0	0
AGAGGGCG	CGCCCTCT	0	0	0
AGAGGGCT	AGCCCTCT	0	0	0
AGAGGGGA	TCCCCTCT	0	0	0
AGAGGGGC	GCCCCTCT	0	0	0
AGAGGGGG	CCCCCTCT	0	0	0
AGAGGGTA	TACCCTCT	0	0	0
AGAGGGTC	GACCCTCT	0	0	0
AGAGGGTG	CACCCTCT	0	0	0
AGAGGTAA	TTACCTCT	0	0	0
AGAGGTAC	GTACCTCT	0	0	0
AGAGGTAG	CTACCTCT	0	0	0
AGAGGTAT	ATACCTCT	0	0	0
AGAGGTCA	TGACCTCT	0	0	0
AGAGGTCC	GGACCTCT	0	0	0
AGAGGTCG	CGACCTCT	0	0	0
AGAGGTGA	TCACCTCT	0	0	0
AGAGGTGC	GCACCTCT	0	0	0
AGAGGTGG	CCACCTCT	0	0	0
AGAGGTTA	TAACCTCT	0	0	0
AGAGGTTC	GAACCTCT	0	0	0
AGAGGTTG	CAACCTCT	0	0	0
AGAGTAAA	TTTACTCT	0	0	0
AGAGTAAC	GTTACTCT	0	0	0
AGAGTAAG	CTTACTCT	0	0	0
AGAGTAAT	ATTACTCT	0	0	0
AGAGTACA	TGTACTCT	0	0	0
AGAGTACC	GGTACTCT	0	0	0
AGAGTACG	CGTACTCT	0	0	0
AGAGTACT	AGTACTCT	0	0	0
AGAGTAGA	TCTACTCT	0	0	0
AGAGTAGC	GCTACTCT	0	0	0
AGAGTAGG	CCTACTCT	0	0	0
AGAGTATA	TATACTCT	0	0	0
AGAGTATC	GATACTCT	0	0	0
AGAGTATG	CATACTCT	0	0	0
AGAGTCAA	TTGACTCT	0	0	0
AGAGTCAC	GTGACTCT	0	0	0
AGAGTCAG	CTGACTCT	0	0	0
AGAGTCAT	ATGACTCT	0	0	0
AGAGTCCA	TGGACTCT	0	0	0
AGAGTCCC	GGGACTCT	0	0	0
AGAGTCCG	CGGACTCT	0	0	0
AGAGTCCT	AGGACTCT	0	0	0
AGAGTCGA	TCGACTCT	0	0	0
AGAGTCGC	GCGACTCT	0	0	0
AGAGTCGG	CCGACTCT	0	0	0
AGAGTCTA	TAGACTCT	0	0	0
AGAGTCTC	GAGACTCT	0	0	0
AGAGTCTG	CAGACTCT	0	0	0
AGAGTGAA	TTCACTCT	0	0	0
AGAGTGAC	GTCACTCT	0	0	0
AGAGTGAG	CTCACTCT	0	0	0
AGAGTGAT	ATCACTCT	0	0	0
AGAGTGCA	TGCACTCT	0	0	0
AGAGTGCC	GGCACTCT	0	0	0
AGAGTGCG	CGCACTCT	0	0	0
AGAGTGCT	AGCACTCT	0	0	0
AGAGTGGA	TCCACTCT	0	0	0
AGAGTGGC	GCCACTCT	0	0	0
AGAGTGGG	CCCACTCT	0	0	0
AGAGTGTA	TACACTCT	0	0	0
AGAGTGTC	GACACTCT	0	0	0
AGAGTGTG	CACACTCT	0	0	0
AGAGTTAA	TTAACTCT	0	0	0
AGAGTTAC	GTAACTCT	0	0	0
AGAGTTAG	CTAACTCT	0	0	0
AGAGTTAT	ATAACTCT	0	0	0
AGAGTTCA	TGAACTCT	0	0	0
AGAGTTCC	GGAACTCT	0	0	0
AGAGTTCG	CGAACTCT	0	0	0
AGAGTTGA	TCAACTCT	0	0	0
AGAGTTGC	GCAACTCT	0	0	0
AGAGTTGG	CCAACTCT	0	0	0
AGAGTTTA	TAAACTCT	0	0	0
AGAGTTTC	GAAACTCT	0	0	0
AGAGTTTG	CAAACTCT	0	0	0
AGATAAAA	TTTTATCT	0	0	0
AGATAAAC	GTTTATCT	0	0	0
AGATAAAG	CTTTATCT	0	0	0
AGATAAAT	ATTTATCT	0	0	0
AGATAACA	TGTTATCT	0	0	0
AGATAACC	GGTTATCT	0	0	0
AGATAACG	CGTTATCT	0	0	0
AGATAACT	AGTTATCT	0	0	0
AGATAAGA	TCTTATCT	0	0	0
AGATAAGC	GCTTATCT	0	0	0
AGATAAGG	CCTTATCT	0	0	0
AGATAATA	TATTATCT	0	0	0
AGATAATC	GATTATCT	0	0	0
AGATAATG	CATTATCT	0	0	0
AGATACAA	TTGTATCT	0	0	0
AGATACAC	GTGTATCT	0	0	0
AGATACAG	CTGTATCT	0	0	0
AGATACAT	ATGTATCT	0	0	0
AGATACCA	TGGTATCT	0	0	0
AGATACCC	GGGTATCT	0	0	0
AGATACCG	CGGTATCT	0	0	0
AGATACCT	AGGTATCT	0	0	0
AGATACGA	TCGTATCT	0	0	0
AGATACGC	GCGTATCT	0	0	0
AGATACGG	CCGTATCT	0	0	0
AGATACTA	TAGTATCT	0	0	0
AGATACTC	GAGTATCT	0	0	0
AGATACTG	CAGTATCT	0	0	0
AGATAGAA	TTCTATCT	0	0	0
AGATAGAC	GTCTATCT	0	0	0
AGATAGAG	CTCTATCT	0	0	0
AGATAGAT	ATCTATCT	0	0	0
AGATAGCA	TGCTATCT	0	0	0
AGATAGCC	GGCTATCT	0	0	0
AGATAGCG	CGCTATCT	0	0	0
AGATAGCT	AGCTATCT	0	0	0
AGATAGGA	TCCTATCT	0	0	0
AGATAGGC	GCCTATCT	0	0	0
AGATAGGG	CCCTATCT	0	0	0
AGATAGTA	TACTATCT	0	0	0
AGATAGTC	GACTATCT	0	0	0
AGATAGTG	CACTATCT	0	0	0
AGATATAA	TTATATCT	0	0	0
AGATATAC	GTATATCT	0	0	0
AGATATAG	CTATATCT	0	0	0
AGATATAT	ATATATCT	0	0	0
AGATATCA	TGATATCT	0	0	0
AGATATCC	GGATATCT	0	0	0
AGATATCG	CGATATCT	0	0	0
AGATATCT	AGATATCT	0	0	0
AGATATGA	TCATATCT	0	0	0
AGATATGC	GCATATCT	0	0	0
AGATATGG	CCATATCT	0	0	0
AGATATTA	TAATATCT	0	0	0
AGATATTC	GAATATCT	0	0	0
AGATATTG	CAATATCT	0	0	0
AGATCAAA	TTTGATCT	0	0	0
AGATCAAC	GTTGATCT	0	0	0
AGATCAAG	CTTGATCT	0	0	0
AGATCAAT	ATTGATCT	0	0	0
AGATCACA	TGTGATCT	0	0	0
AGATCACC	GGTGATCT	0	0	0
AGATCACG	CGTGATCT	0	0	0
AGATCACT	AGTGATCT	0	0	0
AGATCAGA	TCTGATCT	0	0	0
AGATCAGC	GCTGATCT	0	0	0
AGATCAGG	CCTGATCT	0	0	0
AGATCATA	TATGATCT	0	0	0
AGATCATC	GATGATCT	0	0	0
AGATCATG	CATGATCT	0	0	0
AGATCCAA	TTGGATCT	0	0	0
AGATCCAC	GTGGATCT	0	0	0
AGATCCAG	CTGGATCT	0	0	0
AGATCCAT	ATGGATCT	0	0	0
AGATCCCA	TGGGATCT	0	0	0
AGATCCCC	GGGGATCT	0	0	0
AGATCCCG	CGGGATCT	0	0	0
AGATCCCT	AGGGATCT	0	0	0
AGATCCGA	TCGGATCT	0	0	0
AGATCCGC	GCGGATCT	0	0	0
AGATCCGG	CCGGATCT	0	0	0
AGATCCTA	TAGGATCT	0	0	0
AGATCCTC	GAGGATCT	0	0	0
AGATCCTG	CAGGATCT	0	0	0
AGATCGAA	TTCGATCT	0	0	0
AGATCGAC	GTCGATCT	0	0	0
AGATCGAG	CTCGATCT	0	0	0
AGATCGAT	ATCGATCT	0	0	0
AGATCGCA	TGCGATCT	0	0	0
AGATCGCC	GGCGATCT	0	0	0
AGATCGCG	CGCGATCT	0	0	0
AGATCGCT	AGCGATCT	0	0	0
AGATCGGA	TCCGATCT	0	0	0
AGATCGGC	GCCGATCT	0	0	0
AGATCGGG	CCCGATCT	0	0	0
AGATCGTA	TACGATCT	0	0	0
AGATCGTC	GACGATCT	0	0	0
AGATCGTG	CACGATCT	0	0	0
AGATCTAA	TTAGATCT	0	0	0
AGATCTAC	GTAGATCT	0	0	0
AGATCTAG	CTAGATCT	0	0	0
AGATCTAT	ATAGATCT	0	0	0
AGATCTCA	TGAGATCT	0	0	0
AGATCTCC	GGAGATCT	0	0	0
AGATCTCG	CGAGATCT	0	0	0
AGATCTGA	TCAGATCT	0	0	0
AGATCTGC	GCAGATCT	0	0	0
AGATCTGG	CCAGATCT	0	0	0
AGATCTTA	TAAGATCT	0	0	0
AGATCTTC	GAAGATCT	0	0	0
AGATCTTG	CAAGATCT	0	0	0
AGATGAAA	TTTCATCT	0	0	0
AGATGAAC	GTTCATCT	0	0	0
AGATGAAG	CTTCATCT	0	0	0
AGATGAAT	ATTCATCT	0	0	0
AGATGACA	TGTCATCT	0	0	0
AGATGACC	GGTCATCT	0	0	0
AGATGACG	CGTCATCT	0	0	0
AGATGACT	AGTCATCT	0	0	0
AGATGAGA	TCTCATCT	0	0	0
AGATGAGC	GCTCATCT	0	0	0
AGATGAGG	CCTCATCT	0	0	0
AGATGATA	TATCATCT	0	0	0
AGATGATC	GATCATCT	0	0	0
AGATGATG	CATCATCT	0	0	0
AGATGCAA	TTGCATCT	0	0	0
AGATGCAC	GTGCATCT	0	0	0
AGATGCAG	CTGCATCT	0	0	0
AGATGCAT	ATGCATCT	0	0	0
AGATGCCA	TGGCATCT	0	0	0
AGATGCCC	GGGCATCT	0	0	0
AGATGCCG	CGGCATCT	0	0	0
AGATGCCT	AGGCATCT	0	0	0
AGATGCGA	TCGCATCT	0	0	0
AGATGCGC	GCGCATCT	0	0	0
AGATGCGG	CCGCATCT	0	0	0
AGATGCTA	TAGCATCT	0	0	0
AGATGCTC	GAGCATCT	0	0	0
AGATGCTG	CAGCATCT	0	0	0
AGATGGAA	TTCCATCT	0	0	0
AGATGGAC	GTCCATCT	0	0	0
AGATGGAG	CTCCATCT	0	0	0
AGATGGAT	ATCCATCT	0	0	0
AGATGGCA	TGCCATCT	0	0	0
AGATGGCC	GGCCATCT	0	0	0
AGATGGCG	CGCCATCT	0	0	0
AGATGGCT	AGCCATCT	0	0	0
AGATGGGA	TCCCATCT	0	0	0
AGATGGGC	GCCCATCT	0	0	0
AGATGGGG	CCCCATCT	0	0	0
AGATGGTA	TACCATCT	0	0	0
AGATGGTC	GACCATCT	0	0	0
AGATGGTG	CACCATCT	0	0	0
AGATGTAA	TTACATCT	0	0	0
AGATGTAC	GTACATCT	0	0	0
AGATGTAG	CTACATCT	0	0	0
AGATGTAT	ATACATCT	0	0	0
AGATGTCA	TGACATCT	0	0	0
AGATGTCC	GGACATCT	0	0	0
AGATGTCG	CGACATCT	0	0	0
AGATGTGA	TCACATCT	0	0	0
AGATGTGC	GCACATCT	0	0	0
AGATGTGG	CCACATCT	0	0	0
AGATGTTA	TAACATCT	0	0	0
AGATGTTC	GAACATCT	0	0	0
AGATGTTG	CAACATCT	0	0	0
AGATTAAA	TTTAATCT	0	0	0
AGATTAAC	GTTAATCT	0	0	0
AGATTAAG	CTTAATCT	0	0	0
AGATTAAT	ATTAATCT	0	0	0
AGATTACA	TGTAATCT	0	0	0
AGATTACC	GGTAATCT	0	0	0
AGATTACG	CGTAATCT	0	0	0
AGATTACT	AGTAATCT	0	0	0
AGATTAGA	TCTAATCT	0	0	0
AGATTAGC	GCTAATCT	0	0	0
AGATTAGG	CCTAATCT	0	0	0
AGATTATA	TATAATCT	0	0	0
AGATTATC	GATAATCT	0	0	0
AGATTATG	CATAATCT	0	0	0
AGATTCAA	TTGAATCT	0	0	0
AGATTCAC	GTGAATCT	0	0	0
AGATTCAG	CTGAATCT	0	0	0
AGATTCAT	ATGAATCT	0	0	0
AGATTCCA	TGGAATCT	0	0	0
AGATTCCC	GGGAATCT	0	0	0
AGATTCCG	CGGAATCT	0	0	0
AGATTCCT	AGGAATCT	0	0	0
AGATTCGA	TCGAATCT	0	0	0
AGATTCGC	GCGAATCT	0	0	0
AGATTCGG	CCGAATCT	0	0	0
AGATTCTA	TAGAATCT	0	0	0
AGATTCTC	GAGAATCT	0	0	0
AGATTCTG	CAGAATCT	0	0	0
AGATTGAA	TTCAATCT	0	0	0
AGATTGAC	GTCAATCT	0	0	0
AGATTGAG	CTCAATCT	0	0	0
AGATTGAT	ATCAATCT	0	0	0
AGATTGCA	TGCAATCT	0	0	0
AGATTGCC	GGCAATCT	0	0	0
AGATTGCG	CGCAATCT	0	0	0
AGATTGCT	AGCAATCT	0	0	0
AGATTGGA	TCCAATCT	0	0	0
AGATTGGC	GCCAATCT	0	0	0
AGATTGGG	CCCAATCT	0	0	0
AGATTGTA	TACAATCT	0	0	0
AGATTGTC	GACAATCT	0	0	0
AGATTGTG	CACAATCT	0	0	0
AGATTTAA	TTAAATCT	0	0	0
AGATTTAC	GTAAATCT	0	0	0
AGATTTAG	CTAAATCT	0	0	0
AGATTTAT	ATAAATCT	0	0	0
AGATTTCA	TGAAATCT	0	0	0
AGATTTCC	GGAAATCT	0	0	0
AGATTTCG	CGAAATCT	0	0	0
AGATTTGA	TCAAATCT	0	0	0
AGATTTGC	GCAAATCT	0	0	0
AGATTTGG	CCAAATCT	0	0	0
AGATTTTA	TAAAATCT	0	0	0
AGATTTTC	GAAAATCT	0	0	0
AGATTTTG	CAAAATCT	0	0	0
AGCAAAAA	TTTTTGCT	0	0	0
AGCAAAAC	GTTTTGCT	0	0	0
AGCAAAAG	CTTTTGCT	0	0	0
AGCAAAAT	ATTTTGCT	0	0	0
AGCAAACA	TGTTTGCT	0	0	0
AGCAAACC	GGTTTGCT	0	0	0
AGCAAACG	CGTTTGCT	0	0	0
AGCAAACT	AGTTTGCT	0	0	0
AGCAAAGA	TCTTTGCT	0	0	0
AGCAAAGC	GCTTTGCT	0	0	0
AGCAAAGG	CCTTTGCT	0	0	0
AGCAAATA	TATTTGCT	0	0	0
AGCAAATC	GATTTGCT	0	0	0
AGCAAATG	CATTTGCT	0	0	0
AGCAACAA	TTGTTGCT	0	0	0
AGCAACAC	GTGTTGCT	0	0	0
AGCAACAG	CTGTTGCT	0	0	0
AGCAACAT	ATGTTGCT	0	0	0
AGCAACCA	TGGTTGCT	0	0	0
AGCAACCC	GGGTTGCT	0	0	0
AGCAACCG	CGGTTGCT	0	0	0
AGCAACCT	AGGTTGCT	0	0	0
AGCAACGA	TCGTTGCT	0	0	0
AGCAACGC	GCGTTGCT	0	0	0
AGCAACGG	CCGTTGCT	0	0	0
AGCAACTA	TAGTTGCT	0	0	0
AGCAACTC	GAGTTGCT	0	0	0
AGCAACTG	CAGTTGCT	0	0	0
AGCAAGAA	TTCTTGCT	0	0	0
AGCAAGAC	GTCTTGCT	0	0	0
AGCAAGAG	CTCTTGCT	0	0	0
AGCAAGAT	ATCTTGCT	0	0	0
AGCAAGCA	TGCTTGCT	0	0	0
AGCAAGCC	GGCTTGCT	0	0	0
AGCAAGCG	CGCTTGCT	0	0	0
AGCAAGCT	AGCTTGCT	0	0	0
AGCAAGGA	TCCTTGCT	0	0	0
AGCAAGGC	GCCTTGCT	0	0	0
AGCAAGGG	CCCTTGCT	0	0	0
AGCAAGTA	TACTTGCT	0	0	0
AGCAAGTC	GACTTGCT	0	0	0
AGCAAGTG	CACTTGCT	0	0	0
AGCAATAA	TTATTGCT	0	0	0
AGCAATAC	GTATTGCT	0	0	0
AGCAATAG	CTATTGCT	0	0	0
AGCAATAT	ATATTGCT	0	0	0
AGCAATCA	TGATTGCT	0	0	0
AGCAATCC	GGATTGCT	0	0	0
AGCAATCG	CGATTGCT	0	0	0
AGCAATGA	TCATTGCT	0	0	0
AGCAATGC	GCATTGCT	0	0	0
AGCAATGG	CCATTGCT	0	0	0
AGCAATTA	TAATTGCT	0	0	0
AGCAATTC	GAATTGCT	0	0	0
AGCAATTG	CAATTGCT	0	0	0
AGCACAAA	TTTGTGCT	0	0	0
AGCACAAC	GTTGTGCT	0	0	0
AGCACAAG	CTTGTGCT	0	0	0
AGCACAAT	ATTGTGCT	0	0	0
AGCACACA	TGTGTGCT	0	0	0
AGCACACC	GGTGTGCT	0	0	0
AGCACACG	CGTGTGCT	0	0	0
AGCACACT	AGTGTGCT	0	0	0
AGCACAGA	TCTGTGCT	0	0	0
AGCACAGC	GCTGTGCT	0	0	0
AGCACAGG	CCTGTGCT	0	0	0
AGCACATA	TATGTGCT	0	0	0
AGCACATC	GATGTGCT	0	0	0
AGCACATG	CATGTGCT	0	0	0
AGCACCAA	TTGGTGCT	0	0	0
AGCACCAC	GTGGTGCT	0	0	0
AGCACCAG	CTGGTGCT	0	0	0
AGCACCAT	ATGGTGCT	0	0	0
AGCACCCA	TGGGTGCT	0	0	0
AGCACCCC	GGGGTGCT	0	0	0
AGCACCCG	CGGGTGCT	0	0	0
AGCACCCT	AGGGTGCT	0	0	0
AGCACCGA	TCGGTGCT	0	0	0
AGCACCGC	GCGGTGCT	0	0	0
AGCACCGG	CCGGTGCT	0	0	0
AGCACCTA	TAGGTGCT	0	0	0
AGCACCTC	GAGGTGCT	0	0	0
AGCACCTG	CAGGTGCT	0	0	0
AGCACGAA	TTCGTGCT	0	0	0
AGCACGAC	GTCGTGCT	0	0	0
AGCACGAG	CTCGTGCT	0	0	0
AGCACGAT	ATCGTGCT	0	0	0
AGCACGCA	TGCGTGCT	0	0	0
AGCACGCC	GGCGTGCT	0	0	0
AGCACGCG	CGCGTGCT	0	0	0
AGCACGCT	AGCGTGCT	0	0	0
AGCACGGA	TCCGTGCT	0	0	0
AGCACGGC	GCCGTGCT	0	0	0
AGCACGGG	CCCGTGCT	0	0	0
AGCACGTA	TACGTGCT	0	0	0
AGCACGTC	GACGTGCT	0	0	0
AGCACGTG	CACGTGCT	0	0	0
AGCACTAA	TTAGTGCT	0	0	0
AGCACTAC	GTAGTGCT	0	0	0
AGCACTAG	CTAGTGCT	0	0	0
AGCACTAT	ATAGTGCT	0	0	0
AGCACTCA	TGAGTGCT	0	0	0
AGCACTCC	GGAGTGCT	0	0	0
AGCACTCG	CGAGTGCT	0	0	0
AGCACTGA	TCAGTGCT	0	0	0
AGCACTGC	GCAGTGCT	0	0	0
AGCACTGG	CCAGTGCT	0	0	0
AGCACTTA	TAAGTGCT	0	0	0
AGCACTTC	GAAGTGCT	0	0	0
AGCACTTG	CAAGTGCT	0	0	0
AGCAGAAA	TTTCTGCT	0	0	0
AGCAGAAC	GTTCTGCT	0	0	0
AGCAGAAG	CTTCTGCT	0	0	0
AGCAGAAT	ATTCTGCT	0	0	0
AGCAGACA	TGTCTGCT	0	0	0
AGCAGACC	GGTCTGCT	0	0	0
AGCAGACG	CGTCTGCT	0	0	0
AGCAGACT	AGTCTGCT	0	0	0
AGCAGAGA	TCTCTGCT	0	0	0
AGCAGAGC	GCTCTGCT	0	0	0
AGCAGAGG	CCTCTGCT	0	0	0
AGCAGATA	TATCTGCT	0	0	0
AGCAGATC	GATCTGCT	0	0	0
AGCAGATG	CATCTGCT	0	0	0
AGCAGCAA	TTGCTGCT	0	0	0
AGCAGCAC	GTGCTGCT	0	0	0
AGCAGCAG	CTGCTGCT	0	0	0
AGCAGCAT	ATGCTGCT	0	0	0
AGCAGCCA	TGGCTGCT	0	0	0
AGCAGCCC	GGGCTGCT	0	0	0
AGCAGCCG	CGGCTGCT	0	0	0
AGCAGCCT	AGGCTGCT	0	0	0
AGCAGCGA	TCGCTGCT	0	0	0
AGCAGCGC	GCGCTGCT	0	0	0
AGCAGCGG	CCGCTGCT	0	0	0
AGCAGCTA	TAGCTGCT	0	0	0
AGCAGCTC	GAGCTGCT	0	0	0
AGCAGCTG	CAGCTGCT	0	0	0
AGCAGGAA	TTCCTGCT	0	0	0
AGCAGGAC	GTCCTGCT	0	0	0
AGCAGGAG	CTCCTGCT	0	0	0
AGCAGGAT	ATCCTGCT	0	0	0
AGCAGGCA	TGCCTGCT	0	0	0
AGCAGGCC	GGCCTGCT	0	0	0
AGCAGGCG	CGCCTGCT	0	0	0
AGCAGGCT	AGCCTGCT	0	0	0
AGCAGGGA	TCCCTGCT	0	0	0
AGCAGGGC	GCCCTGCT	0	0	0
AGCAGGGG	CCCCTGCT	0	0	0
AGCAGGTA	TACCTGCT	0	0	0
AGCAGGTC	GACCTGCT	0	0	0
AGCAGGTG	CACCTGCT	0	0	0
AGCAGTAA	TTACTGCT	0	0	0
AGCAGTAC	GTACTGCT	0	0	0
AGCAGTAG	CTACTGCT	0	0	0
AGCAGTAT	ATACTGCT	0	0	0
AGCAGTCA	TGACTGCT	0	0	0
AGCAGTCC	GGACTGCT	0	0	0
AGCAGTCG	CGACTGCT	0	0	0
AGCAGTGA	TCACTGCT	0	0	0
AGCAGTGC	GCACTGCT	0	0	0
AGCAGTGG	CCACTGCT	0	0	0
AGCAGTTA	TAACTGCT	0	0	0
AGCAGTTC	GAACTGCT	0	0	0
AGCAGTTG	CAACTGCT	0	0	0
AGCATAAA	TTTATGCT	0	0	0
AGCATAAC	GTTATGCT	0	0	0
AGCATAAG	CTTATGCT	0	0	0
AGCATAAT	ATTATGCT	0	0	0
AGCATACA	TGTATGCT	0	0	0
AGCATACC	GGTATGCT	0	0	0
AGCATACG	CGTATGCT	0	0	0
AGCATACT	AGTATGCT	0	0	0
AGCATAGA	TCTATGCT	0	0	0
AGCATAGC	GCTATGCT	0	0	0
AGCATAGG	CCTATGCT	0	0	0
AGCATATA	TATATGCT	0	0	0
AGCATATC	GATATGCT	0	0	0
AGCATATG	CATATGCT	0	0	0
AGCATCAA	TTGATGCT	0	0	0
AGCATCAC	GTGATGCT	0	0	0
AGCATCAG	CTGATGCT	0	0	0
AGCATCAT	ATGATGCT	0	0	0
AGCATCCA	TGGATGCT	0	0	0
AGCATCCC	GGGATGCT	0	0	0
AGCATCCG	CGGATGCT	0	0	0
AGCATCCT	AGGATGCT	0	0	0
AGCATCGA	TCGATGCT	0	0	0
AGCATCGC	GCGATGCT	0	0	0
AGCATCGG	CCGATGCT	0	0	0
AGCATCTA	TAGATGCT	0	0	0
AGCATCTC	GAGATGCT	0	0	0
AGCATCTG	CAGATGCT	0	0	0
AGCATGAA	TTCATGCT	0	0	0
AGCATGAC	GTCATGCT	0	0	0
AGCATGAG	CTCATGCT	0	0	0
AGCATGAT	ATCATGCT	0	0	0
AGCATGCA	TGCATGCT	0	0	0
AGCATGCC	GGCATGCT	0	0	0
AGCATGCG	CGCATGCT	0	0	0
AGCATGCT	AGCATGCT	0	0	0
AGCATGGA	TCCATGCT	0	0	0
AGCATGGC	GCCATGCT	0	0	0
AGCATGGG	CCCATGCT	0	0	0
AGCATGTA	TACATGCT	0	0	0
AGCATGTC	GACATGCT	0	0	0
AGCATGTG	CACATGCT	0	0	0
AGCATTAA	TTAATGCT	0	0	0
AGCATTAC	GTAATGCT	0	0	0
AGCATTAG	CTAATGCT	0	0	0
AGCATTAT	ATAATGCT	0	0	0
AGCATTCA	TGAATGCT	0	0	0
AGCATTCC	GGAATGCT	0	0	0
AGCATTCG	CGAATGCT	0	0	0
AGCATTGA	TCAATGCT	0	0	0
AGCATTGC	GCAATGCT	0	0	0
AGCATTGG	CCAATGCT	0	0	0
AGCATTTA	TAAATGCT	0	0	0
AGCATTTC	GAAATGCT	0	0	0
AGCATTTG	CAAATGCT	0	0	0
AGCCAAAA	TTTTGGCT	0	0	0
AGCCAAAC	GTTTGGCT	0	0	0
AGCCAAAG	CTTTGGCT	0	0	0
AGCCAAAT	ATTTGGCT	0	0	0
AGCCAACA	TGTTGGCT	0	0	0
AGCCAACC	GGTTGGCT	0	0	0
AGCCAACG	CGTTGGCT	0	0	0
AGCCAACT	AGTTGGCT	0	0	0
AGCCAAGA	TCTTGGCT	0	0	0
AGCCAAGC	GCTTGGCT	0	0	0
AGCCAAGG	CCTTGGCT	0	0	0
AGCCAATA	TATTGGCT	0	0	0
AGCCAATC	GATTGGCT	0	0	0
AGCCAATG	CATTGGCT	0	0	0
AGCCACAA	TTGTGGCT	0	0	0
AGCCACAC	GTGTGGCT	0	0	0
AGCCACAG	CTGTGGCT	0	0	0
AGCCACAT	ATGTGGCT	0	0	0
AGCCACCA	TGGTGGCT	0	0	0
AGCCACCC	GGGTGGCT	0	0	0
AGCCACCG	CGGTGGCT	0	0	0
AGCCACCT	AGGTGGCT	0	0	0
AGCCACGA	TCGTGGCT	0	0	0
AGCCACGC	GCGTGGCT	0	0	0
AGCCACGG	CCGTGGCT	0	0	0
AGCCACTA	TAGTGGCT	0	0	0
AGCCACTC	GAGTGGCT	0	0	0
AGCCACTG	CAGTGGCT	0	0	0
AGCCAGAA	TTCTGGCT	0	0	0
AGCCAGAC	GTCTGGCT	0	0	0
AGCCAGAG	CTCTGGCT	0	0	0
AGCCAGAT	ATCTGGCT	0	0	0
AGCCAGCA	TGCTGGCT	0	0	0
AGCCAGCC	GGCTGGCT	0	0	0
AGCCAGCG	CGCTGGCT	0	0	0
AGCCAGCT	AGCTGGCT	0	0	0
AGCCAGGA	TCCTGGCT	0	0	0
AGCCAGGC	GCCTGGCT	0	0	0
AGCCAGGG	CCCTGGCT	0	0	0
AGCCAGTA	TACTGGCT	0	0	0
AGCCAGTC	GACTGGCT	0	0	0
AGCCAGTG	CACTGGCT	0	0	0
AGCCATAA	TTATGGCT	0	0	0
AGCCATAC	GTATGGCT	0	0	0
AGCCATAG	CTATGGCT	0	0	0
AGCCATAT	ATATGGCT	0	0	0
AGCCATCA	TGATGGCT	0	0	0
AGCCATCC	GGATGGCT	0	0	0
AGCCATCG	CGATGGCT	0	0	0
AGCCATGA	TCATGGCT	0	0	0
AGCCATGC	GCATGGCT	0	0	0
AGCCATGG	CCATGGCT	0	0	0
AGCCATTA	TAATGGCT	0	0	0
AGCCATTC	GAATGGCT	0	0	0
AGCCATTG	CAATGGCT	0	0	0
AGCCCAAA	TTTGGGCT	0	0	0
AGCCCAAC	GTTGGGCT	0	0	0
AGCCCAAG	CTTGGGCT	0	0	0
AGCCCAAT	ATTGGGCT	0	0	0
AGCCCACA	TGTGGGCT	0	0	0
AGCCCACC	GGTGGGCT	0	0	0
AGCCCACG	CGTGGGCT	0	0	0
AGCCCACT	AGTGGGCT	0	0	0
AGCCCAGA	TCTGGGCT	0	0	0
AGCCCAGC	GCTGGGCT	0	0	0
AGCCCAGG	CCTGGGCT	0	0	0
AGCCCATA	TATGGGCT	0	0	0
AGCCCATC	GATGGGCT	0	0	0
AGCCCATG	CATGGGCT	0	0	0
AGCCCCAA	TTGGGGCT	0	0	0
AGCCCCAC	GTGGGGCT	0	0	0
AGCCCCAG	CTGGGGCT	0	0	0
AGCCCCAT	ATGGGGCT	0	0	0
AGCCCCCA	TGGGGGCT	0	0	0
AGCCCCCC	GGGGGGCT	0	0	0
AGCCCCCG	CGGGGGCT	0	0	0
AGCCCCCT	AGGGGGCT	0	0	0
AGCCCCGA	TCGGGGCT	0	0	0
AGCCCCGC	GCGGGGCT	0	0	0
AGCCCCGG	CCGGGGCT	0	0	0
AGCCCCTA	TAGGGGCT	0	0	0
AGCCCCTC	GAGGGGCT	0	0	0
AGCCCCTG	CAGGGGCT	0	0	0
AGCCCGAA	TTCGGGCT	0	0	0
AGCCCGAC	GTCGGGCT	0	0	0
AGCCCGAG	CTCGGGCT	0	0	0
AGCCCGAT	ATCGGGCT	0	0	0
AGCCCGCA	TGCGGGCT	0	0	0
AGCCCGCC	GGCGGGCT	0	0	0
AGCCCGCG	CGCGGGCT	0	0	0
AGCCCGCT	AGCGGGCT	0	0	0
AGCCCGGA	TCCGGGCT	0	0	0
AGCCCGGC	GCCGGGCT	0	0	0
AGCCCGGG	CCCGGGCT	0	0	0
AGCCCGTA	TACGGGCT	0	0	0
AGCCCGTC	GACGGGCT	0	0	0
AGCCCGTG	CACGGGCT	0	0	0
AGCCCTAA	TTAGGGCT	0	0	0
AGCCCTAC	GTAGGGCT	0	0	0
AGCCCTAG	CTAGGGCT	0	0	0
AGCCCTAT	ATAGGGCT	0	0	0
AGCCCTCA	TGAGGGCT	0	0	0
AGCCCTCC	GGAGGGCT	0	0	0
AGCCCTCG	CGAGGGCT	0	0	0
AGCCCTGA	TCAGGGCT	0	0	0
AGCCCTGC	GCAGGGCT	0	0	0
AGCCCTGG	CCAGGGCT	0	0	0
AGCCCTTA	TAAGGGCT	0	0	0
AGCCCTTC	GAAGGGCT	0	0	0
AGCCCTTG	CAAGGGCT	0	0	0
AGCCGAAA	TTTCGGCT	0	0	0
AGCCGAAC	GTTCGGCT	0	0	0
AGCCGAAG	CTTCGGCT	0	0	0
AGCCGAAT	ATTCGGCT	0	0	0
AGCCGACA	TGTCGGCT	0	0	0
AGCCGACC	GGTCGGCT	0	0	0
AGCCGACG	CGTCGGCT	0	0	0
AGCCGACT	AGTCGGCT	0	0	0
AGCCGAGA	TCTCGGCT	0	0	0
AGCCGAGC	GCTCGGCT	0	0	0
AGCCGAGG	CCTCGGCT	0	0	0
AGCCGATA	TATCGGCT	0	0	0
AGCCGATC	GATCGGCT	0	0	0
AGCCGATG	CATCGGCT	0	0	0
AGCCGCAA	TTGCGGCT	0	0	0
AGCCGCAC	GTGCGGCT	0	0	0
AGCCGCAG	CTGCGGCT	0	0	0
AGCCGCAT	ATGCGGCT	0	0	0
AGCCGCCA	TGGCGGCT	0	0	0
AGCCGCCC	GGGCGGCT	0	0	0
AGCCGCCG	CGGCGGCT	0	0	0
AGCCGCCT	AGGCGGCT	0	0	0
AGCCGCGA	TCGCGGCT	0	0	0
AGCCGCGC	GCGCGGCT	0	0	0
AGCCGCGG	CCGCGGCT	0	0	0
AGCCGCTA	TAGCGGCT	0	0	0
AGCCGCTC	GAGCGGCT	0	0	0
AGCCGCTG	CAGCGGCT	0	0	0
AGCCGGAA	TTCCGGCT	0	0	0
AGCCGGAC	GTCCGGCT	0	0	0
AGCCGGAG	CTCCGGCT	0	0	0
AGCCGGAT	ATCCGGCT	0	0	0
AGCCGGCA	TGCCGGCT	0	0	0
AGCCGGCC	GGCCGGCT	0	0	0
AGCCGGCG	CGCCGGCT	0	0	0
AGCCGGCT	AGCCGGCT	0	0	0
AGCCGGGA	TCCCGGCT	0	0	0
AGCCGGGC	GCCCGGCT	0	0	0
AGCCGGGG	CCCCGGCT	0	0	0
AGCCGGTA	TACCGGCT	0	0	0
AGCCGGTC	GACCGGCT	0	0	0
AGCCGGTG	CACCGGCT	0	0	0
AGCCGTAA	TTACGGCT	0	0	0
AGCCGTAC	GTACGGCT	0	0	0
AGCCGTAG	CTACGGCT	0	0	0
AGCCGTAT	ATACGGCT	0	0	0
AGCCGTCA	TGACGGCT	0	0	0
AGCCGTCC	GGACGGCT	0	0	0
AGCCGTCG	CGACGGCT	0	0	0
AGCCGTGA	TCACGGCT	0	0	0
AGCCGTGC	GCACGGCT	0	0	0
AGCCGTGG	CCACGGCT	0	0	0
AGCCGTTA	TAACGGCT	0	0	0
AGCCGTTC	GAACGGCT	0	0	0
AGCCGTTG	CAACGGCT	0	0	0
AGCCTAAA	TTTAGGCT	0	0	0
AGCCTAAC	GTTAGGCT	0	0	0
AGCCTAAG	CTTAGGCT	0	0	0
AGCCTAAT	ATTAGGCT	0	0	0
AGCCTACA	TGTAGGCT	0	0	0
AGCCTACC	GGTAGGCT	0	0	0
AGCCTACG	CGTAGGCT	0	0	0
AGCCTACT	AGTAGGCT	0	0	0
AGCCTAGA	TCTAGGCT	0	0	0
AGCCTAGC	GCTAGGCT	0	0	0
AGCCTAGG	CCTAGGCT	0	0	0
AGCCTATA	TATAGGCT	0	0	0
AGCCTATC	GATAGGCT	0	0	0
AGCCTATG	CATAGGCT	0	0	0
AGCCTCAA	TTGAGGCT	0	0	0
AGCCTCAC	GTGAGGCT	0	0	0
AGCCTCAG	CTGAGGCT	0	0	0
AGCCTCAT	ATGAGGCT	0	0	0
AGCCTCCA	TGGAGGCT	0	0	0
AGCCTCCC	GGGAGGCT	0	0	0
AGCCTCCG	CGGAGGCT	0	0	0
AGCCTCCT	AGGAGGCT	0	0	0
AGCCTCGA	TCGAGGCT	0	0	0
AGCCTCGC	GCGAGGCT	0	0	0
AGCCTCGG	CCGAGGCT	0	0	0
AGCCTCTA	TAGAGGCT	0	0	0
AGCCTCTC	GAGAGGCT	0	0	0
AGCCTCTG	CAGAGGCT	0	0	0
AGCCTGAA	TTCAGGCT	0	0	0
AGCCTGAC	GTCAGGCT	0	0	0
AGCCTGAG	CTCAGGCT	0	0	0
AGCCTGAT	ATCAGGCT	0	0	0
AGCCTGCA	TGCAGGCT	0	0	0
AGCCTGCC	GGCAGGCT	0	0	0
AGCCTGCG	CGCAGGCT	0	0	0
AGCCTGGA	TCCAGGCT	0	0	0
AGCCTGGC	GCCAGGCT	0	0	0
AGCCTGGG	CCCAGGCT	0	0	0
AGCCTGTA	TACAGGCT	0	0	0
AGCCTGTC	GACAGGCT	0	0	0
AGCCTGTG	CACAGGCT	0	0	0
AGCCTTAA	TTAAGGCT	0	0	0
AGCCTTAC	GTAAGGCT	0	0	0
AGCCTTAG	CTAAGGCT	0	0	0
AGCCTTAT	ATAAGGCT	0	0	0
AGCCTTCA	TGAAGGCT	0	0	0
AGCCTTCC	GGAAGGCT	0	0	0
AGCCTTCG	CGAAGGCT	0	0	0
AGCCTTGA	TCAAGGCT	0	0	0
AGCCTTGC	GCAAGGCT	0	0	0
AGCCTTGG	CCAAGGCT	0	0	0
AGCCTTTA	TAAAGGCT	0	0	0
AGCCTTTC	GAAAGGCT	0	0	0
AGCCTTTG	CAAAGGCT	0	0	0
AGCGAAAA	TTTTCGCT	0	0	0
AGCGAAAC	GTTTCGCT	0	0	0
AGCGAAAG	CTTTCGCT	0	0	0
AGCGAAAT	ATTTCGCT	0	0	0
AGCGAACA	TGTTCGCT	0	0	0
AGCGAACC	GGTTCGCT	0	0	0
AGCGAACG	CGTTCGCT	0	0	0
AGCGAACT	AGTTCGCT	0	0	0
AGCGAAGA	TCTTCGCT	0	0	0
AGCGAAGC	GCTTCGCT	0	0	0
AGCGAAGG	CCTTCGCT	0	0	0
AGCGAATA	TATTCGCT	0	0	0
AGCGAATC	GATTCGCT	0	0	0
AGCGAATG	CATTCGCT	0	0	0
AGCGACAA	TTGTCGCT	0	0	0
AGCGACAC	GTGTCGCT	0	0	0
AGCGACAG	CTGTCGCT	0	0	0
AGCGACAT	ATGTCGCT	0	0	0
AGCGACCA	TGGTCGCT	0	0	0
AGCGACCC	GGGTCGCT	0	0	0
AGCGACCG	CGGTCGCT	0	0	0
AGCGACCT	AGGTCGCT	0	0	0
AGCGACGA	TCGTCGCT	0	0	0
AGCGACGC	GCGTCGCT	0	0	0
AGCGACGG	CCGTCGCT	0	0	0
AGCGACTA	TAGTCGCT	0	0	0
AGCGACTC	GAGTCGCT	0	0	0
AGCGACTG	CAGTCGCT	0	0	0
AGCGAGAA	TTCTCGCT	0	0	0
AGCGAGAC	GTCTCGCT	0	0	0
AGCGAGAG	CTCTCGCT	0	0	0
AGCGAGAT	ATCTCGCT	0	0	0
AGCGAGCA	TGCTCGCT	0	0	0
AGCGAGCC	GGCTCGCT	0	0	0
AGCGAGCG	CGCTCGCT	0	0	0
AGCGAGCT	AGCTCGCT	0	0	0
AGCGAGGA	TCCTCGCT	0	0	0
AGCGAGGC	GCCTCGCT	0	0	0
AGCGAGGG	CCCTCGCT	0	0	0
AGCGAGTA	TACTCGCT	0	0	0
AGCGAGTC	GACTCGCT	0	0	0
AGCGAGTG	CACTCGCT	0	0	0
AGCGATAA	TTATCGCT	0	0	0
AGCGATAC	GTATCGCT	0	0	0
AGCGATAG	CTATCGCT	0	0	0
AGCGATAT	ATATCGCT	0	0	0
AGCGATCA	TGATCGCT	0	0	0
AGCGATCC	GGATCGCT	0	0	0
AGCGATCG	CGATCGCT	0	0	0
AGCGATGA	TCATCGCT	0	0	0
AGCGATGC	GCATCGCT	0	0	0
AGCGATGG	CCATCGCT	0	0	0
AGCGATTA	TAATCGCT	0	0	0
AGCGATTC	GAATCGCT	0	0	0
AGCGATTG	CAATCGCT	0	0	0
AGCGCAAA	TTTGCGCT	0	0	0
AGCGCAAC	GTTGCGCT	0	0	0
AGCGCAAG	CTTGCGCT	0	0	0
AGCGCAAT	ATTGCGCT	0	0	0
AGCGCACA	TGTGCGCT	0	0	0
AGCGCACC	GGTGCGCT	0	0	0
AGCGCACG	CGTGCGCT	0	0	0
AGCGCACT	AGTGCGCT	0	0	0
AGCGCAGA	TCTGCGCT	0	0	0
AGCGCAGC	GCTGCGCT	0	0	0
AGCGCAGG	CCTGCGCT	0	0	0
AGCGCATA	TATGCGCT	0	0	0
AGCGCATC	GATGCGCT	0	0	0
AGCGCATG	CATGCGCT	0	0	0
AGCGCCAA	TTGGCGCT	0	0	0
AGCGCCAC	GTGGCGCT	0	0	0
AGCGCCAG	CTGGCGCT	0	0	0
AGCGCCAT	ATGGCGCT	0	0	0
AGCGCCCA	TGGGCGCT	0	0	0
AGCGCCCC	GGGGCGCT	0	0	0
AGCGCCCG	CGGGCGCT	0	0	0
AGCGCCCT	AGGGCGCT	0	0	0
AGCGCCGA	TCGGCGCT	0	0	0
AGCGCCGC	GCGGCGCT	0	0	0
AGCGCCGG	CCGGCGCT	0	0	0
AGCGCCTA	TAGGCGCT	0	0	0
AGCGCCTC	GAGGCGCT	0	0	0
AGCGCCTG	CAGGCGCT	0	0	0
AGCGCGAA	TTCGCGCT	0	0	0
AGCGCGAC	GTCGCGCT	0	0	0
AGCGCGAG	CTCGCGCT	0	0	0
AGCGCGAT	ATCGCGCT	0	0	0
AGCGCGCA	TGCGCGCT	0	0	0
AGCGCGCC	GGCGCGCT	0	0	0
AGCGCGCG	CGCGCGCT	0	0	0
AGCGCGCT	AGCGCGCT	0	0	0
AGCGCGGA	TCCGCGCT	0	0	0
AGCGCGGC	GCCGCGCT	0	0	0
AGCGCGGG	CCCGCGCT	0	0	0
AGCGCGTA	TACGCGCT	0	0	0
AGCGCGTC	GACGCGCT	0	0	0
AGCGCGTG	CACGCGCT	0	0	0
AGCGCTAA	TTAGCGCT	0	0	0
AGCGCTAC	GTAGCGCT	0	0	0
AGCGCTAG	CTAGCGCT	0	0	0
AGCGCTAT	ATAGCGCT	0	0	0
AGCGCTCA	TGAGCGCT	0	0	0
AGCGCTCC	GGAGCGCT	0	0	0
AGCGCTCG	CGAGCGCT	0	0	0
AGCGCTGA	TCAGCGCT	0	0	0
AGCGCTGC	GCAGCGCT	0	0	0
AGCGCTGG	CCAGCGCT	0	0	0
AGCGCTTA	TAAGCGCT	0	0	0
AGCGCTTC	GAAGCGCT	0	0	0
AGCGCTTG	CAAGCGCT	0	0	0
AGCGGAAA	TTTCCGCT	0	0	0
AGCGGAAC	GTTCCGCT	0	0	0
AGCGGAAG	CTTCCGCT	0	0	0
AGCGGAAT	ATTCCGCT	0	0	0
AGCGGACA	TGTCCGCT	0	0	0
AGCGGACC	GGTCCGCT	0	0	0
AGCGGACG	CGTCCGCT	0	0	0
AGCGGACT	AGTCCGCT	0	0	0
AGCGGAGA	TCTCCGCT	0	0	0
AGCGGAGC	GCTCCGCT	0	0	0
AGCGGAGG	CCTCCGCT	0	0	0
AGCGGATA	TATCCGCT	0	0	0
AGCGGATC	GATCCGCT	0	0	0
AGCGGATG	CATCCGCT	0	0	0
AGCGGCAA	TTGCCGCT	0	0	0
AGCGGCAC	GTGCCGCT	0	0	0
AGCGGCAG	CTGCCGCT	0	0	0
AGCGGCAT	ATGCCGCT	0	0	0
AGCGGCCA	TGGCCGCT	0	0	0
AGCGGCCC	GGGCCGCT	0	0	0
AGCGGCCG	CGGCCGCT	0	0	0
AGCGGCCT	AGGCCGCT	0	0	0
AGCGGCGA	TCGCCGCT	0	0	0
AGCGGCGC	GCGCCGCT	0	0	0
AGCGGCGG	CCGCCGCT	0	0	0
AGCGGCTA	TAGCCGCT	0	0	0
AGCGGCTC	GAGCCGCT	0	0	0
AGCGGCTG	CAGCCGCT	0	0	0
AGCGGGAA	TTCCCGCT	0	0	0
AGCGGGAC	GTCCCGCT	0	0	0
AGCGGGAG	CTCCCGCT	0	0	0
AGCGGGAT	ATCCCGCT	0	0	0
AGCGGGCA	TGCCCGCT	0	0	0
AGCGGGCC	GGCCCGCT	0	0	0
AGCGGGCG	CGCCCGCT	0	0	0
AGCGGGGA	TCCCCGCT	0	0	0
AGCGGGGC	GCCCCGCT	0	0	0
AGCGGGGG	CCCCCGCT	0	0	0
AGCGGGTA	TACCCGCT	0	0	0
AGCGGGTC	GACCCGCT	0	0	0
AGCGGGTG	CACCCGCT	0	0	0
AGCGGTAA	TTACCGCT	0	0	0
AGCGGTAC	GTACCGCT	0	0	0
AGCGGTAG	CTACCGCT	0	0	0
AGCGGTAT	ATACCGCT	0	0	0
AGCGGTCA	TGACCGCT	0	0	0
AGCGGTCC	GGACCGCT	0	0	0
AGCGGTCG	CGACCGCT	0	0	0
AGCGGTGA	TCACCGCT	0	0	0
AGCGGTGC	GCACCGCT	0	0	0
AGCGGTGG	CCACCGCT	0	0	0
AGCGGTTA	TAACCGCT	0	0	0
AGCGGTTC	GAACCGCT	0	0	0
AGCGGTTG	CAACCGCT	0	0	0
AGCGTAAA	TTTACGCT	0	0	0
AGCGTAAC	GTTACGCT	0	0	0
AGCGTAAG	CTTACGCT	0	0	0
AGCGTAAT	ATTACGCT	0	0	0
AGCGTACA	TGTACGCT	0	0	0
AGCGTACC	GGTACGCT	0	0	0
AGCGTACG	CGTACGCT	0	0	0
AGCGTACT	AGTACGCT	0	0	0
AGCGTAGA	TCTACGCT	0	0	0
AGCGTAGC	GCTACGCT	0	0	0
AGCGTAGG	CCTACGCT	0	0	0
AGCGTATA	TATACGCT	0	0	0
AGCGTATC	GATACGCT	0	0	0
AGCGTATG	CATACGCT	0	0	0
AGCGTCAA	TTGACGCT	0	0	0
AGCGTCAC	GTGACGCT	0	0	0
AGCGTCAG	CTGACGCT	0	0	0
AGCGTCAT	ATGACGCT	0	0	0
AGCGTCCA	TGGACGCT	0	0	0
AGCGTCCC	GGGACGCT	0	0	0
AGCGTCCG	CGGACGCT	0	0	0
AGCGTCCT	AGGACGCT	0	0	0
AGCGTCGA	TCGACGCT	0	0	0
AGCGTCGC	GCGACGCT	0	0	0
AGCGTCGG	CCGACGCT	0	0	0
AGCGTCTA	TAGACGCT	0	0	0
AGCGTCTC	GAGACGCT	0	0	0
AGCGTCTG	CAGACGCT	0	0	0
AGCGTGAA	TTCACGCT	0	0	0
AGCGTGAC	GTCACGCT	0	0	0
AGCGTGAG	CTCACGCT	0	0	0
AGCGTGAT	ATCACGCT	0	0	0
AGCGTGCA	TGCACGCT	0	0	0
AGCGTGCC	GGCACGCT	0	0	0
AGCGTGCG	CGCACGCT	0	0	0
AGCGTGGA	TCCACGCT	0	0	0
AGCGTGGC	GCCACGCT	0	0	0
AGCGTGGG	CCCACGCT	0	0	0
AGCGTGTA	TACACGCT	0	0	0
AGCGTGTC	GACACGCT	0	0	0
AGCGTGTG	CACACGCT	0	0	0
AGCGTTAA	TTAACGCT	0	0	0
AGCGTTAC	GTAACGCT	0	0	0
AGCGTTAG	CTAACGCT	0	0	0
AGCGTTAT	ATAACGCT	0	0	0
AGCGTTCA	TGAACGCT	0	0	0
AGCGTTCC	GGAACGCT	0	0	0
AGCGTTCG	CGAACGCT	0	0	0
AGCGTTGA	TCAACGCT	0	0	0
AGCGTTGC	GCAACGCT	0	0	0
AGCGTTGG	CCAACGCT	0	0	0
AGCGTTTA	TAAACGCT	0	0	0
AGCGTTTC	GAAACGCT	0	0	0
AGCGTTTG	CAAACGCT	0	0	0
AGCTAAAA	TTTTAGCT	0	0	0
AGCTAAAC	GTTTAGCT	0	0	0
AGCTAAAG	CTTTAGCT	0	0	0
AGCTAAAT	ATTTAGCT	0	0	0
AGCTAACA	TGTTAGCT	0	0	0
AGCTAACC	GGTTAGCT	0	0	0
AGCTAACG	CGTTAGCT	0	0	0
AGCTAACT	AGTTAGCT	0	0	0
AGCTAAGA	TCTTAGCT	0	0	0
AGCTAAGC	GCTTAGCT	0	0	0
AGCTAAGG	CCTTAGCT	0	0	0
AGCTAATA	TATTAGCT	0	0	0
AGCTAATC	GATTAGCT	0	0	0
AGCTAATG	CATTAGCT	0	0	0
AGCTACAA	TTGTAGCT	0	0	0
AGCTACAC	GTGTAGCT	0	0	0
AGCTACAG	CTGTAGCT	0	0	0
AGCTACAT	ATGTAGCT	0	0	0
AGCTACCA	TGGTAGCT	0	0	0
AGCTACCC	GGGTAGCT	0	0	0
AGCTACCG	CGGTAGCT	0	0	0
AGCTACCT	AGGTAGCT	0	0	0
AGCTACGA	TCGTAGCT	0	0	0
AGCTACGC	GCGTAGCT	0	0	0
AGCTACGG	CCGTAGCT	0	0	0
AGCTACTA	TAGTAGCT	0	0	0
AGCTACTC	GAGTAGCT	0	0	0
AGCTACTG	CAGTAGCT	0	0	0
AGCTAGAA	TTCTAGCT	0	0	0
AGCTAGAC	GTCTAGCT	0	0	0
AGCTAGAG	CTCTAGCT	0	0	0
AGCTAGAT	ATCTAGCT	0	0	0
AGCTAGCA	TGCTAGCT	0	0	0
AGCTAGCC	GGCTAGCT	0	0	0
AGCTAGCG	CGCTAGCT	0	0	0
AGCTAGCT	AGCTAGCT	0	0	0
AGCTAGGA	TCCTAGCT	0	0	0
AGCTAGGC	GCCTAGCT	0	0	0
AGCTAGGG	CCCTAGCT	0	0	0
AGCTAGTA	TACTAGCT	0	0	0
AGCTAGTC	GACTAGCT	0	0	0
AGCTAGTG	CACTAGCT	0	0	0
AGCTATAA	TTATAGCT	0	0	0
AGCTATAC	GTATAGCT	0	0	0
AGCTATAG	CTATAGCT	0	0	0
AGCTATAT	ATATAGCT	0	0	0
AGCTATCA	TGATAGCT	0	0	0
AGCTATCC	GGATAGCT	0	0	0
AGCTATCG	CGATAGCT	0	0	0
AGCTATGA	TCATAGCT	0	0	0
AGCTATGC	GCATAGCT	0	0	0
AGCTATGG	CCATAGCT	0	0	0
AGCTATTA	TAATAGCT	0	0	0
AGCTATTC	GAATAGCT	0	0	0
AGCTATTG	CAATAGCT	0	0	0
AGCTCAAA	TTTGAGCT	0	0	0
AGCTCAAC	GTTGAGCT	0	0	0
AGCTCAAG	CTTGAGCT	0	0	0
AGCTCAAT	ATTGAGCT	0	0	0
AGCTCACA	TGTGAGCT	0	0	0
AGCTCACC	GGTGAGCT	0	0	0
AGCTCACG	CGTGAGCT	0	0	0
AGCTCACT	AGTGAGCT	0	0	0
AGCTCAGA	TCTGAGCT	0	0	0
AGCTCAGC	GCTGAGCT	0	0	0
AGCTCAGG	CCTGAGCT	0	0	0
AGCTCATA	TATGAGCT	0	0	0
AGCTCATC	GATGAGCT	0	0	0
AGCTCATG	CATGAGCT	0	0	0
AGCTCCAA	TTGGAGCT	0	0	0
AGCTCCAC	GTGGAGCT	0	0	0
AGCTCCAG	CTGGAGCT	0	0	0
AGCTCCAT	ATGGAGCT	0	0	0
AGCTCCCA	TGGGAGCT	0	0	0
AGCTCCCC	GGGGAGCT	0	0	0
AGCTCCCG	CGGGAGCT	0	0	0
AGCTCCCT	AGGGAGCT	0	0	0
AGCTCCGA	TCGGAGCT	0	0	0
AGCTCCGC	GCGGAGCT	0	0	0
AGCTCCGG	CCGGAGCT	0	0	0
AGCTCCTA	TAGGAGCT	0	0	0
AGCTCCTC	GAGGAGCT	0	0	0
AGCTCCTG	CAGGAGCT	0	0	0
AGCTCGAA	TTCGAGCT	0	0	0
AGCTCGAC	GTCGAGCT	0	0	0
AGCTCGAG	CTCGAGCT	0	0	0
AGCTCGAT	ATCGAGCT	0	0	0
AGCTCGCA	TGCGAGCT	0	0	0
AGCTCGCC	GGCGAGCT	0	0	0
AGCTCGCG	CGCGAGCT	0	0	0
AGCTCGGA	TCCGAGCT	0	0	0
AGCTCGGC	GCCGAGCT	0	0	0
AGCTCGGG	CCCGAGCT	0	0	0
AGCTCGTA	TACGAGCT	0	0	0
AGCTCGTC	GACGAGCT	0	0	0
AGCTCGTG	CACGAGCT	0	0	0
AGCTCTAA	TTAGAGCT	0	0	0
AGCTCTAC	GTAGAGCT	0	0	0
AGCTCTAG	CTAGAGCT	0	0	0
AGCTCTAT	ATAGAGCT	0	0	0
AGCTCTCA	TGAGAGCT	0	0	0
AGCTCTCC	GGAGAGCT	0	0	0
AGCTCTCG	CGAGAGCT	0	0	0
AGCTCTGA	TCAGAGCT	0	0	0
AGCTCTGC	GCAGAGCT	0	0	0
AGCTCTGG	CCAGAGCT	0	0	0
AGCTCTTA	TAAGAGCT	0	0	0
AGCTCTTC	GAAGAGCT	0	0	0
AGCTCTTG	CAAGAGCT	0	0	0
AGCTGAAA	TTTCAGCT	0	0	0
AGCTGAAC	GTTCAGCT	0	0	0
AGCTGAAG	CTTCAGCT	0	0	0
AGCTGAAT	ATTCAGCT	0	0	0
AGCTGACA	TGTCAGCT	0	0	0
AGCTGACC	GGTCAGCT	0	0	0
AGCTGACG	CGTCAGCT	0	0	0
AGCTGACT	AGTCAGCT	0	0	0
AGCTGAGA	TCTCAGCT	0	0	0
AGCTGAGC	GCTCAGCT	0	0	0
AGCTGAGG	CCTCAGCT	0	0	0
AGCTGATA	TATCAGCT	0	0	0
AGCTGATC	GATCAGCT	0	0	0
AGCTGATG	CATCAGCT	0	0	0
AGCTGCAA	TTGCAGCT	0	0	0
AGCTGCAC	GTGCAGCT	0	0	0
AGCTGCAG	CTGCAGCT	0	0	0
AGCTGCAT	ATGCAGCT	0	0	0
AGCTGCCA	TGGCAGCT	0	0	0
AGCTGCCC	GGGCAGCT	0	0	0
AGCTGCCG	CGGCAGCT	0	0	0
AGCTGCCT	AGGCAGCT	0	0	0
AGCTGCGA	TCGCAGCT	0	0	0
AGCTGCGC	GCGCAGCT	0	0	0
AGCTGCGG	CCGCAGCT	0	0	0
AGCTGCTA	TAGCAGCT	0	0	0
AGCTGCTC	GAGCAGCT	0	0	0
AGCTGCTG	CAGCAGCT	0	0	0
AGCTGGAA	TTCCAGCT	0	0	0
AGCTGGAC	GTCCAGCT	0	0	0
AGCTGGAG	CTCCAGCT	0	0	0
AGCTGGAT	ATCCAGCT	0	0	0
AGCTGGCA	TGCCAGCT	0	0	0
AGCTGGCC	GGCCAGCT	0	0	0
AGCTGGCG	CGCCAGCT	0	0	0
AGCTGGGA	TCCCAGCT	0	0	0
AGCTGGGC	GCCCAGCT	0	0	0
AGCTGGGG	CCCCAGCT	0	0	0
AGCTGGTA	TACCAGCT	0	0	0
AGCTGGTC	GACCAGCT	0	0	0
AGCTGGTG	CACCAGCT	0	0	0
AGCTGTAA	TTACAGCT	0	0	0
AGCTGTAC	GTACAGCT	0	0	0
AGCTGTAG	CTACAGCT	0	0	0
AGCTGTAT	ATACAGCT	0	0	0
AGCTGTCA	TGACAGCT	0	0	0
AGCTGTCC	GGACAGCT	0	0	0
AGCTGTCG	CGACAGCT	0	0	0
AGCTGTGA	TCACAGCT	0	0	0
AGCTGTGC	GCACAGCT	0	0	0
AGCTGTGG	CCACAGCT	0	0	0
AGCTGTTA	TAACAGCT	0	0	0
AGCTGTTC	GAACAGCT	0	0	0
AGCTGTTG	CAACAGCT	0	0	0
AGCTTAAA	TTTAAGCT	0	0	0
AGCTTAAC	GTTAAGCT	0	0	0
AGCTTAAG	CTTAAGCT	0	0	0
AGCTTAAT	ATTAAGCT	0	0	0
AGCTTACA	TGTAAGCT	0	0	0
AGCTTACC	GGTAAGCT	0	0	0
AGCTTACG	CGTAAGCT	0	0	0
AGCTTACT	AGTAAGCT	0	0	0
AGCTTAGA	TCTAAGCT	0	0	0
AGCTTAGC	GCTAAGCT	0	0	0
AGCTTAGG	CCTAAGCT	0	0	0
AGCTTATA	TATAAGCT	0	0	0
AGCTTATC	GATAAGCT	0	0	0
AGCTTATG	CATAAGCT	0	0	0
AGCTTCAA	TTGAAGCT	0	0	0
AGCTTCAC	GTGAAGCT	0	0	0
AGCTTCAG	CTGAAGCT	0	0	0
AGCTTCAT	ATGAAGCT	0	0	0
AGCTTCCA	TGGAAGCT	0	0	0
AGCTTCCC	GGGAAGCT	0	0	0
AGCTTCCG	CGGAAGCT	0	0	0
AGCTTCCT	AGGAAGCT	0	0	0
AGCTTCGA	TCGAAGCT	0	0	0
AGCTTCGC	GCGAAGCT	0	0	0
AGCTTCGG	CCGAAGCT	0	0	0
AGCTTCTA	TAGAAGCT	0	0	0
AGCTTCTC	GAGAAGCT	0	0	0
AGCTTCTG	CAGAAGCT	0	0	0
AGCTTGAA	TTCAAGCT	0	0	0
AGCTTGAC	GTCAAGCT	0	0	0
AGCTTGAG	CTCAAGCT	0	0	0
AGCTTGAT	ATCAAGCT	0	0	0
AGCTTGCA	TGCAAGCT	0	0	0
AGCTTGCC	GGCAAGCT	0	0	0
AGCTTGCG	CGCAAGCT	0	0	0
AGCTTGGA	TCCAAGCT	0	0	0
AGCTTGGC	GCCAAGCT	0	0	0
AGCTTGGG	CCCAAGCT	0	0	0
AGCTTGTA	TACAAGCT	0	0	0
AGCTTGTC	GACAAGCT	0	0	0
AGCTTGTG	CACAAGCT	0	0	0
AGCTTTAA	TTAAAGCT	0	0	0
AGCTTTAC	GTAAAGCT	0	0	0
AGCTTTAG	CTAAAGCT	0	0	0
AGCTTTAT	ATAAAGCT	0	0	0
AGCTTTCA	TGAAAGCT	0	0	0
AGCTTTCC	GGAAAGCT	0	0	0
AGCTTTCG	CGAAAGCT	0	0	0
AGCTTTGA	TCAAAGCT	0	0	0
AGCTTTGC	GCAAAGCT	0	0	0
AGCTTTGG	CCAAAGCT	0	0	0
AGCTTTTA	TAAAAGCT	0	0	0
AGCTTTTC	GAAAAGCT	0	0	0
AGCTTTTG	CAAAAGCT	0	0	0
AGGAAAAA	TTTTTCCT	0	0	0
AGGAAAAC	GTTTTCCT	0	0	0
AGGAAAAG	CTTTTCCT	0	0	0
AGGAAAAT	ATTTTCCT	0	0	0
AGGAAACA	TGTTTCCT	0	0	0
AGGAAACC	GGTTTCCT	0	0	0
AGGAAACG	CGTTTCCT	0	0	0
AGGAAACT	AGTTTCCT	0	0	0
AGGAAAGA	TCTTTCCT	0	0	0
AGGAAAGC	GCTTTCCT	0	0	0
AGGAAAGG	CCTTTCCT	0	0	0
AGGAAATA	TATTTCCT	0	0	0
AGGAAATC	GATTTCCT	0	0	0
AGGAAATG	CATTTCCT	0	0	0
AGGAACAA	TTGTTCCT	0	0	0
AGGAACAC	GTGTTCCT	0	0	0
AGGAACAG	CTGTTCCT	0	0	0
AGGAACAT	ATGTTCCT	0	0	0
AGGAACCA	TGGTTCCT	0	0	0
AGGAACCC	GGGTTCCT	0	0	0
AGGAACCG	CGGTTCCT	0	0	0
AGGAACCT	AGGTTCCT	0	0	0
AGGAACGA	TCGTTCCT	0	0	0
AGGAACGC	GCGTTCCT	0	0	0
AGGAACGG	CCGTTCCT	0	0	0
AGGAACTA	TAGTTCCT	0	0	0
AGGAACTC	GAGTTCCT	0	0	0
AGGAACTG	CAGTTCCT	0	0	0
AGGAAGAA	TTCTTCCT	0	0	0
AGGAAGAC	GTCTTCCT	0	0	0
AGGAAGAG	CTCTTCCT	0	0	0
AGGAAGAT	ATCTTCCT	0	0	0
AGGAAGCA	TGCTTCCT	0	0	0
AGGAAGCC	GGCTTCCT	0	0	0
AGGAAGCG	CGCTTCCT	0	0	0
AGGAAGGA	TCCTTCCT	0	0	0
AGGAAGGC	GCCTTCCT	0	0	0
AGGAAGGG	CCCTTCCT	0	0	0
AGGAAGTA	TACTTCCT	0	0	0
AGGAAGTC	GACTTCCT	0	0	0
AGGAAGTG	CACTTCCT	0	0	0
AGGAATAA	TTATTCCT	0	0	0
AGGAATAC	GTATTCCT	0	0	0
AGGAATAG	CTATTCCT	0	0	0
AGGAATAT	ATATTCCT	0	0	0
AGGAATCA	TGATTCCT	0	0	0
AGGAATCC	GGATTCCT	0	0	0
AGGAATCG	CGATTCCT	0	0	0
AGGAATGA	TCATTCCT	0	0	0
AGGAATGC	GCATTCCT	0	0	0
AGGAATGG	CCATTCCT	0	0	0
AGGAATTA	TAATTCCT	0	0	0
AGGAATTC	GAATTCCT	0	0	0
AGGAATTG	CAATTCCT	0	0	0
AGGACAAA	TTTGTCCT	0	0	0
AGGACAAC	GTTGTCCT	0	0	0
AGGACAAG	CTTGTCCT	0	0	0
AGGACAAT	ATTGTCCT	0	0	0
AGGACACA	TGTGTCCT	0	0	0
AGGACACC	GGTGTCCT	0	0	0
AGGACACG	CGTGTCCT	0	0	0
AGGACACT	AGTGTCCT	0	0	0
AGGACAGA	TCTGTCCT	0	0	0
AGGACAGC	GCTGTCCT	0	0	0
AGGACAGG	CCTGTCCT	0	0	0
AGGACATA	TATGTCCT	0	0	0
AGGACATC	GATGTCCT	0	0	0
AGGACATG	CATGTCCT	0	0	0
AGGACCAA	TTGGTCCT	0	0	0
AGGACCAC	GTGGTCCT	0	0	0
AGGACCAG	CTGGTCCT	0	0	0
AGGACCAT	ATGGTCCT	0	0	0
AGGACCCA	TGGGTCCT	0	0	0
AGGACCCC	GGGGTCCT	0	0	0
AGGACCCG	CGGGTCCT	0	0	0
AGGACCCT	AGGGTCCT	0	0	0
AGGACCGA	TCGGTCCT	0	0	0
AGGACCGC	GCGGTCCT	0	0	0
AGGACCGG	CCGGTCCT	0	0	0
AGGACCTA	TAGGTCCT	0	0	0
AGGACCTC	GAGGTCCT	0	0	0
AGGACCTG	CAGGTCCT	0	0	0
AGGACGAA	TTCGTCCT	0	0	0
AGGACGAC	GTCGTCCT	0	0	0
AGGACGAG	CTCGTCCT	0	0	0
AGGACGAT	ATCGTCCT	0	0	0
AGGACGCA	TGCGTCCT	0	0	0
AGGACGCC	GGCGTCCT	0	0	0
AGGACGCG	CGCGTCCT	0	0	0
AGGACGGA	TCCGTCCT	0	0	0
AGGACGGC	GCCGTCCT	0	0	0
AGGACGGG	CCCGTCCT	0	0	0
AGGACGTA	TACGTCCT	0	0	0
AGGACGTC	GACGTCCT	0	0	0
AGGACGTG	CACGTCCT	0	0	0
AGGACTAA	TTAGTCCT	0	0	0
AGGACTAC	GTAGTCCT	0	0	0
AGGACTAG	CTAGTCCT	0	0	0
AGGACTAT	ATAGTCCT	0	0	0
AGGACTCA	TGAGTCCT	0	0	0
AGGACTCC	GGAGTCCT	0	0	0
AGGACTCG	CGAGTCCT	0	0	0
AGGACTGA	TCAGTCCT	0	0	0
AGGACTGC	GCAGTCCT	0	0	0
AGGACTGG	CCAGTCCT	0	0	0
AGGACTTA	TAAGTCCT	0	0	0
AGGACTTC	GAAGTCCT	0	0	0
AGGACTTG	CAAGTCCT	0	0	0
AGGAGAAA	TTTCTCCT	0	0	0
AGGAGAAC	GTTCTCCT	0	0	0
AGGAGAAG	CTTCTCCT	0	0	0
AGGAGAAT	ATTCTCCT	0	0	0
AGGAGACA	TGTCTCCT	0	0	0
AGGAGACC	GGTCTCCT	0	0	0
AGGAGACG	CGTCTCCT	0	0	0
AGGAGACT	AGTCTCCT	0	0	0
AGGAGAGA	TCTCTCCT	0	0	0
AGGAGAGC	GCTCTCCT	0	0	0
AGGAGAGG	CCTCTCCT	0	0	0
AGGAGATA	TATCTCCT	0	0	0
AGGAGATC	GATCTCCT	0	0	0
AGGAGATG	CATCTCCT	0	0	0
AGGAGCAA	TTGCTCCT	0	0	0
AGGAGCAC	GTGCTCCT	0	0	0
AGGAGCAG	CTGCTCCT	0	0	0
AGGAGCAT	ATGCTCCT	0	0	0
AGGAGCCA	TGGCTCCT	0	0	0
AGGAGCCC	GGGCTCCT	0	0	0
AGGAGCCG	CGGCTCCT	0	0	0
AGGAGCCT	AGGCTCCT	0	0	0
AGGAGCGA	TCGCTCCT	0	0	0
AGGAGCGC	GCGCTCCT	0	0	0
AGGAGCGG	CCGCTCCT	0	0	0
AGGAGCTA	TAGCTCCT	0	0	0
AGGAGCTC	GAGCTCCT	0	0	0
AGGAGCTG	CAGCTCCT	0	0	0
AGGAGGAA	TTCCTCCT	0	0	0
AGGAGGAC	GTCCTCCT	0	0	0
AGGAGGAG	CTCCTCCT	0	0	0
AGGAGGAT	ATCCTCCT	0	0	0
AGGAGGCA	TGCCTCCT	0	0	0
AGGAGGCC	GGCCTCCT	0	0	0
AGGAGGCG	CGCCTCCT	0	0	0
AGGAGGGA	TCCCTCCT	0	0	0
AGGAGGGC	GCCCTCCT	0	0	0
AGGAGGGG	CCCCTCCT	0	0	0
AGGAGGTA	TACCTCCT	0	0	0
AGGAGGTC	GACCTCCT	0	0	0
AGGAGGTG	CACCTCCT	0	0	0
AGGAGTAA	TTACTCCT	0	0	0
AGGAGTAC	GTACTCCT	0	0	0
AGGAGTAG	CTACTCCT	0	0	0
AGGAGTAT	ATACTCCT	0	0	0
AGGAGTCA	TGACTCCT	0	0	0
AGGAGTCC	GGACTCCT	0	0	0
AGGAGTCG	CGACTCCT	0	0	0
AGGAGTGA	TCACTCCT	0	0	0
AGGAGTGC	GCACTCCT	0	0	0
AGGAGTGG	CCACTCCT	0	0	0
AGGAGTTA	TAACTCCT	0	0	0
AGGAGTTC	GAACTCCT	0	0	0
AGGAGTTG	CAACTCCT	0	0	0
AGGATAAA	TTTATCCT	0	0	0
AGGATAAC	GTTATCCT	0	0	0
AGGATAAG	CTTATCCT	0	0	0
AGGATAAT	ATTATCCT	0	0	0
AGGATACA	TGTATCCT	0	0	0
AGGATACC	GGTATCCT	0	0	0
AGGATACG	CGTATCCT	0	0	0
AGGATACT	AGTATCCT	0	0	0
AGGATAGA	TCTATCCT	0	0	0
AGGATAGC	GCTATCCT	0	0	0
AGGATAGG	CCTATCCT	0	0	0
AGGATATA	TATATCCT	0	0	0
AGGATATC	GATATCCT	0	0	0
AGGATATG	CATATCCT	0	0	0
AGGATCAA	TTGATCCT	0	0	0
AGGATCAC	GTGATCCT	0	0	0
AGGATCAG	CTGATCCT	0	0	0
AGGATCAT	ATGATCCT	0	0	0
AGGATCCA	TGGATCCT	0	0	0
AGGATCCC	GGGATCCT	0	0	0
AGGATCCG	CGGATCCT	0	0	0
AGGATCCT	AGGATCCT	0	0	0
AGGATCGA	TCGATCCT	0	0	0
AGGATCGC	GCGATCCT	0	0	0
AGGATCGG	CCGATCCT	0	0	0
AGGATCTA	TAGATCCT	0	0	0
AGGATCTC	GAGATCCT	0	0	0
AGGATCTG	CAGATCCT	0	0	0
AGGATGAA	TTCATCCT	0	0	0
AGGATGAC	GTCATCCT	0	0	0
AGGATGAG	CTCATCCT	0	0	0
AGGATGAT	ATCATCCT	0	0	0
AGGATGCA	TGCATCCT	0	0	0
AGGATGCC	GGCATCCT	0	0	0
AGGATGCG	CGCATCCT	0	0	0
AGGATGGA	TCCATCCT	0	0	0
AGGATGGC	GCCATCCT	0	0	0
AGGATGGG	CCCATCCT	0	0	0
AGGATGTA	TACATCCT	0	0	0
AGGATGTC	GACATCCT	0	0	0
AGGATGTG	CACATCCT	0	0	0
AGGATTAA	TTAATCCT	0	0	0
AGGATTAC	GTAATCCT	0	0	0
AGGATTAG	CTAATCCT	0	0	0
AGGATTAT	ATAATCCT	0	0	0
AGGATTCA	TGAATCCT	0	0	0
AGGATTCC	GGAATCCT	0	0	0
AGGATTCG	CGAATCCT	0	0	0
AGGATTGA	TCAATCCT	0	0	0
AGGATTGC	GCAATCCT	0	0	0
AGGATTGG	CCAATCCT	0	0	0
AGGATTTA	TAAATCCT	0	0	0
AGGATTTC	GAAATCCT	0	0	0
AGGATTTG	CAAATCCT	0	0	0
AGGCAAAA	TTTTGCCT	0	0	0
AGGCAAAC	GTTTGCCT	0	0	0
AGGCAAAG	CTTTGCCT	0	0	0
AGGCAAAT	ATTTGCCT	0	0	0
AGGCAACA	TGTTGCCT	0	0	0
AGGCAACC	GGTTGCCT	0	0	0
AGGCAACG	CGTTGCCT	0	0	0
AGGCAACT	AGTTGCCT	0	0	0
AGGCAAGA	TCTTGCCT	0	0	0
AGGCAAGC	GCTTGCCT	0	0	0
AGGCAAGG	CCTTGCCT	0	0	0
AGGCAATA	TATTGCCT	0	0	0
AGGCAATC	GATTGCCT	0	0	0
AGGCAATG	CATTGCCT	0	0	0
AGGCACAA	TTGTGCCT	0	0	0
AGGCACAC	GTGTGCCT	0	0	0
AGGCACAG	CTGTGCCT	0	0	0
AGGCACAT	ATGTGCCT	0	0	0
AGGCACCA	TGGTGCCT	0	0	0
AGGCACCC	GGGTGCCT	0	0	0
AGGCACCG	CGGTGCCT	0	0	0
AGGCACCT	AGGTGCCT	0	0	0
AGGCACGA	TCGTGCCT	0	0	0
AGGCACGC	GCGTGCCT	0	0	0
AGGCACGG	CCGTGCCT	0	0	0
AGGCACTA	TAGTGCCT	0	0	0
AGGCACTC	GAGTGCCT	0	0	0
AGGCACTG	CAGTGCCT	0	0	0
AGGCAGAA	TTCTGCCT	0	0	0
AGGCAGAC	GTCTGCCT	0	0	0
AGGCAGAG	CTCTGCCT	0	0	0
AGGCAGAT	ATCTGCCT	0	0	0
AGGCAGCA	TGCTGCCT	0	0	0
AGGCAGCC	GGCTGCCT	0	0	0
AGGCAGCG	CGCTGCCT	0	0	0
AGGCAGGA	TCCTGCCT	0	0	0
AGGCAGGC	GCCTGCCT	0	0	0
AGGCAGGG	CCCTGCCT	0	0	0
AGGCAGTA	TACTGCCT	0	0	0
AGGCAGTC	GACTGCCT	0	0	0
AGGCAGTG	CACTGCCT	0	0	0
AGGCATAA	TTATGCCT	0	0	0
AGGCATAC	GTATGCCT	0	0	0
AGGCATAG	CTATGCCT	0	0	0
AGGCATAT	ATATGCCT	0	0	0
AGGCATCA	TGATGCCT	0	0	0
AGGCATCC	GGATGCCT	0	0	0
AGGCATCG	CGATGCCT	0	0	0
AGGCATGA	TCATGCCT	0	0	0
AGGCATGC	GCATGCCT	0	0	0
AGGCATGG	CCATGCCT	0	0	0
AGGCATTA	TAATGCCT	0	0	0
AGGCATTC	GAATGCCT	0	0	0
AGGCATTG	CAATGCCT	0	0	0
AGGCCAAA	TTTGGCCT	0	0	0
AGGCCAAC	GTTGGCCT	0	0	0
AGGCCAAG	CTTGGCCT	0	0	0
AGGCCAAT	ATTGGCCT	0	0	0
AGGCCACA	TGTGGCCT	0	0	0
AGGCCACC	GGTGGCCT	0	0	0
AGGCCACG	CGTGGCCT	0	0	0
AGGCCACT	AGTGGCCT	0	0	0
AGGCCAGA	TCTGGCCT	0	0	0
AGGCCAGC	GCTGGCCT	0	0	0
AGGCCAGG	CCTGGCCT	0	0	0
AGGCCATA	TATGGCCT	0	0	0
AGGCCATC	GATGGCCT	0	0	0
AGGCCATG	CATGGCCT	0	0	0
AGGCCCAA	TTGGGCCT	0	0	0
AGGCCCAC	GTGGGCCT	0	0	0
AGGCCCAG	CTGGGCCT	0	0	0
AGGCCCAT	ATGGGCCT	0	0	0
AGGCCCCA	TGGGGCCT	0	0	0
AGGCCCCC	GGGGGCCT	0	0	0
AGGCCCCG	CGGGGCCT	0	0	0
AGGCCCCT	AGGGGCCT	0	0	0
AGGCCCGA	TCGGGCCT	0	0	0
AGGCCCGC	GCGGGCCT	0	0	0
AGGCCCGG	CCGGGCCT	0	0	0
AGGCCCTA	TAGGGCCT	0	0	0
AGGCCCTC	GAGGGCCT	0	0	0
AGGCCCTG	CAGGGCCT	0	0	0
AGGCCGAA	TTCGGCCT	0	0	0
AGGCCGAC	GTCGGCCT	0	0	0
AGGCCGAG	CTCGGCCT	0	0	0
AGGCCGAT	ATCGGCCT	0	0	0
AGGCCGCA	TGCGGCCT	0	0	0
AGGCCGCC	GGCGGCCT	0	0	0
AGGCCGCG	CGCGGCCT	0	0	0
AGGCCGGA	TCCGGCCT	0	0	0
AGGCCGGC	GCCGGCCT	0	0	0
AGGCCGGG	CCCGGCCT	0	0	0
AGGCCGTA	TACGGCCT	0	0	0
AGGCCGTC	GACGGCCT	0	0	0
AGGCCGTG	CACGGCCT	0	0	0
AGGCCTAA	TTAGGCCT	0	0	0
AGGCCTAC	GTAGGCCT	0	0	0
AGGCCTAG	CTAGGCCT	0	0	0
AGGCCTAT	ATAGGCCT	0	0	0
AGGCCTCA	TGAGGCCT	0	0	0
AGGCCTCC	GGAGGCCT	0	0	0
AGGCCTCG	CGAGGCCT	0	0	0
AGGCCTGA	TCAGGCCT	0	0	0
AGGCCTGC	GCAGGCCT	0	0	0
AGGCCTGG	CCAGGCCT	0	0	0
AGGCCTTA	TAAGGCCT	0	0	0
AGGCCTTC	GAAGGCCT	0	0	0
AGGCCTTG	CAAGGCCT	0	0	0
AGGCGAAA	TTTCGCCT	0	0	0
AGGCGAAC	GTTCGCCT	0	0	0
AGGCGAAG	CTTCGCCT	0	0	0
AGGCGAAT	ATTCGCCT	0	0	0
AGGCGACA	TGTCGCCT	0	0	0
AGGCGACC	GGTCGCCT	0	0	0
AGGCGACG	CGTCGCCT	0	0	0
AGGCGACT	AGTCGCCT	0	0	0
AGGCGAGA	TCTCGCCT	0	0	0
AGGCGAGC	GCTCGCCT	0	0	0
AGGCGAGG	CCTCGCCT	0	0	0
AGGCGATA	TATCGCCT	0	0	0
AGGCGATC	GATCGCCT	0	0	0
AGGCGATG	CATCGCCT	0	0	0
AGGCGCAA	TTGCGCCT	0	0	0
AGGCGCAC	GTGCGCCT	0	0	0
AGGCGCAG	CTGCGCCT	0	0	0
AGGCGCAT	ATGCGCCT	0	0	0
AGGCGCCA	TGGCGCCT	0	0	0
AGGCGCCC	GGGCGCCT	0	0	0
AGGCGCCG	CGGCGCCT	0	0	0
AGGCGCCT	AGGCGCCT	0	0	0
AGGCGCGA	TCGCGCCT	0	0	0
AGGCGCGC	GCGCGCCT	0	0	0
AGGCGCGG	CCGCGCCT	0	0	0
AGGCGCTA	TAGCGCCT	0	0	0
AGGCGCTC	GAGCGCCT	0	0	0
AGGCGCTG	CAGCGCCT	0	0	0
AGGCGGAA	TTCCGCCT	0	0	0
AGGCGGAC	GTCCGCCT	0	0	0
AGGCGGAG	CTCCGCCT	0	0	0
AGGCGGAT	ATCCGCCT	0	0	0
AGGCGGCA	TGCCGCCT	0	0	0
AGGCGGCC	GGCCGCCT	0	0	0
AGGCGGCG	CGCCGCCT	0	0	0
AGGCGGGA	TCCCGCCT	0	0	0
AGGCGGGC	GCCCGCCT	0	0	0
AGGCGGGG	CCCCGCCT	0	0	0
AGGCGGTA	TACCGCCT	0	0	0
AGGCGGTC	GACCGCCT	0	0	0
AGGCGGTG	CACCGCCT	0	0	0
AGGCGTAA	TTACGCCT	0	0	0
AGGCGTAC	GTACGCCT	0	0	0
AGGCGTAG	CTACGCCT	0	0	0
AGGCGTAT	ATACGCCT	0	0	0
AGGCGTCA	TGACGCCT	0	0	0
AGGCGTCC	GGACGCCT	0	0	0
AGGCGTCG	CGACGCCT	0	0	0
AGGCGTGA	TCACGCCT	0	0	0
AGGCGTGC	GCACGCCT	0	0	0
AGGCGTGG	CCACGCCT	0	0	0
AGGCGTTA	TAACGCCT	0	0	0
AGGCGTTC	GAACGCCT	0	0	0
AGGCGTTG	CAACGCCT	0	0	0
AGGCTAAA	TTTAGCCT	0	0	0
AGGCTAAC	GTTAGCCT	0	0	0
AGGCTAAG	CTTAGCCT	0	0	0
AGGCTAAT	ATTAGCCT	0	0	0
AGGCTACA	TGTAGCCT	0	0	0
AGGCTACC	GGTAGCCT	0	0	0
AGGCTACG	CGTAGCCT	0	0	0
AGGCTACT	AGTAGCCT	0	0	0
AGGCTAGA	TCTAGCCT	0	0	0
AGGCTAGC	GCTAGCCT	0	0	0
AGGCTAGG	CCTAGCCT	0	0	0
AGGCTATA	TATAGCCT	0	0	0
AGGCTATC	GATAGCCT	0	0	0
AGGCTATG	CATAGCCT	0	0	0
AGGCTCAA	TTGAGCCT	0	0	0
AGGCTCAC	GTGAGCCT	0	0	0
AGGCTCAG	CTGAGCCT	0	0	0
AGGCTCAT	ATGAGCCT	0	0	0
AGGCTCCA	TGGAGCCT	0	0	0
AGGCTCCC	GGGAGCCT	0	0	0
AGGCTCCG	CGGAGCCT	0	0	0
AGGCTCGA	TCGAGCCT	0	0	0
AGGCTCGC	GCGAGCCT	0	0	0
AGGCTCGG	CCGAGCCT	0	0	0
AGGCTCTA	TAGAGCCT	0	0	0
AGGCTCTC	GAGAGCCT	0	0	0
AGGCTCTG	CAGAGCCT	0	0	0
AGGCTGAA	TTCAGCCT	0	0	0
AGGCTGAC	GTCAGCCT	0	0	0
AGGCTGAG	CTCAGCCT	0	0	0
AGGCTGAT	ATCAGCCT	0	0	0
AGGCTGCA	TGCAGCCT	0	0	0
AGGCTGCC	GGCAGCCT	0	0	0
AGGCTGCG	CGCAGCCT	0	0	0
AGGCTGGA	TCCAGCCT	0	0	0
AGGCTGGC	GCCAGCCT	0	0	0
AGGCTGGG	CCCAGCCT	0	0	0
AGGCTGTA	TACAGCCT	0	0	0
AGGCTGTC	GACAGCCT	0	0	0
AGGCTGTG	CACAGCCT	0	0	0
AGGCTTAA	TTAAGCCT	0	0	0
AGGCTTAC	GTAAGCCT	0	0	0
AGGCTTAG	CTAAGCCT	0	0	0
AGGCTTAT	ATAAGCCT	0	0	0
AGGCTTCA	TGAAGCCT	0	0	0
AGGCTTCC	GGAAGCCT	0	0	0
AGGCTTCG	CGAAGCCT	0	0	0
AGGCTTGA	TCAAGCCT	0	0	0
AGGCTTGC	GCAAGCCT	0	0	0
AGGCTTGG	CCAAGCCT	0	0	0
AGGCTTTA	TAAAGCCT	0	0	0
AGGCTTTC	GAAAGCCT	0	0	0
AGGCTTTG	CAAAGCCT	0	0	0
AGGGAAAA	TTTTCCCT	0	0	0
AGGGAAAC	GTTTCCCT	0	0	0
AGGGAAAG	CTTTCCCT	0	0	0
AGGGAAAT	ATTTCCCT	0	0	0
AGGGAACA	TGTTCCCT	0	0	0
AGGGAACC	GGTTCCCT	0	0	0
AGGGAACG	CGTTCCCT	0	0	0
AGGGAACT	AGTTCCCT	0	0	0
AGGGAAGA	TCTTCCCT	0	0	0
AGGGAAGC	GCTTCCCT	0	0	0
AGGGAAGG	CCTTCCCT	0	0	0
AGGGAATA	TATTCCCT	0	0	0
AGGGAATC	GATTCCCT	0	0	0
AGGGAATG	CATTCCCT	0	0	0
AGGGACAA	TTGTCCCT	0	0	0
AGGGACAC	GTGTCCCT	0	0	0
AGGGACAG	CTGTCCCT	0	0	0
AGGGACAT	ATGTCCCT	0	0	0
AGGGACCA	TGGTCCCT	0	0	0
AGGGACCC	GGGTCCCT	0	0	0
AGGGACCG	CGGTCCCT	0	0	0
AGGGACCT	AGGTCCCT	0	0	0
AGGGACGA	TCGTCCCT	0	0	0
AGGGACGC	GCGTCCCT	0	0	0
AGGGACGG	CCGTCCCT	0	0	0
AGGGACTA	TAGTCCCT	0	0	0
AGGGACTC	GAGTCCCT	0	0	0
AGGGACTG	CAGTCCCT	0	0	0
AGGGAGAA	TTCTCCCT	0	0	0
AGGGAGAC	GTCTCCCT	0	0	0
AGGGAGAG	CTCTCCCT	0	0	0
AGGGAGAT	ATCTCCCT	0	0	0
AGGGAGCA	TGCTCCCT	0	0	0
AGGGAGCC	GGCTCCCT	0	0	0
AGGGAGCG	CGCTCCCT	0	0	0
AGGGAGGA	TCCTCCCT	0	0	0
AGGGAGGC	GCCTCCCT	0	0	0
AGGGAGGG	CCCTCCCT	0	0	0
AGGGAGTA	TACTCCCT	0	0	0
AGGGAGTC	GACTCCCT	0	0	0
AGGGAGTG	CACTCCCT	0	0	0
AGGGATAA	TTATCCCT	0	0	0
AGGGATAC	GTATCCCT	0	0	0
AGGGATAG	CTATCCCT	0	0	0
AGGGATAT	ATATCCCT	0	0	0
AGGGATCA	TGATCCCT	0	0	0
AGGGATCC	GGATCCCT	0	0	0
AGGGATCG	CGATCCCT	0	0	0
AGGGATGA	TCATCCCT	0	0	0
AGGGATGC	GCATCCCT	0	0	0
AGGGATGG	CCATCCCT	0	0	0
AGGGATTA	TAATCCCT	0	0	0
AGGGATTC	GAATCCCT	0	0	0
AGGGATTG	CAATCCCT	0	0	0
AGGGCAAA	TTTGCCCT	0	0	0
AGGGCAAC	GTTGCCCT	0	0	0
AGGGCAAG	CTTGCCCT	0	0	0
AGGGCAAT	ATTGCCCT	0	0	0
AGGGCACA	TGTGCCCT	0	0	0
AGGGCACC	GGTGCCCT	0	0	0
AGGGCACG	CGTGCCCT	0	0	0
AGGGCACT	AGTGCCCT	0	0	0
AGGGCAGA	TCTGCCCT	0	0	0
AGGGCAGC	GCTGCCCT	0	0	0
AGGGCAGG	CCTGCCCT	0	0	0
AGGGCATA	TATGCCCT	0	0	0
AGGGCATC	GATGCCCT	0	0	0
AGGGCATG	CATGCCCT	0	0	0
AGGGCCAA	TTGGCCCT	0	0	0
AGGGCCAC	GTGGCCCT	0	0	0
AGGGCCAG	CTGGCCCT	0	0	0
AGGGCCAT	ATGGCCCT	0	0	0
AGGGCCCA	TGGGCCCT	0	0	0
AGGGCCCC	GGGGCCCT	0	0	0
AGGGCCCG	CGGGCCCT	0	0	0
AGGGCCCT	AGGGCCCT	0	0	0
AGGGCCGA	TCGGCCCT	0	0	0
AGGGCCGC	GCGGCCCT	0	0	0
AGGGCCGG	CCGGCCCT	0	0	0
AGGGCCTA	TAGGCCCT	0	0	0
AGGGCCTC	GAGGCCCT	0	0	0
AGGGCCTG	CAGGCCCT	0	0	0
AGGGCGAA	TTCGCCCT	0	0	0
AGGGCGAC	GTCGCCCT	0	0	0
AGGGCGAG	CTCGCCCT	0	0	0
AGGGCGAT	ATCGCCCT	0	0	0
AGGGCGCA	TGCGCCCT	0	0	0
AGGGCGCC	GGCGCCCT	0	0	0
AGGGCGCG	CGCGCCCT	0	0	0
AGGGCGGA	TCCGCCCT	0	0	0
AGGGCGGC	GCCGCCCT	0	0	0
AGGGCGGG	CCCGCCCT	0	0	0
AGGGCGTA	TACGCCCT	0	0	0
AGGGCGTC	GACGCCCT	0	0	0
AGGGCGTG	CACGCCCT	0	0	0
AGGGCTAA	TTAGCCCT	0	0	0
AGGGCTAC	GTAGCCCT	0	0	0
AGGGCTAG	CTAGCCCT	0	0	0
AGGGCTAT	ATAGCCCT	0	0	0
AGGGCTCA	TGAGCCCT	0	0	0
AGGGCTCC	GGAGCCCT	0	0	0
AGGGCTCG	CGAGCCCT	0	0	0
AGGGCTGA	TCAGCCCT	0	0	0
AGGGCTGC	GCAGCCCT	0	0	0
AGGGCTGG	CCAGCCCT	0	0	0
AGGGCTTA	TAAGCCCT	0	0	0
AGGGCTTC	GAAGCCCT	0	0	0
AGGGCTTG	CAAGCCCT	0	0	0
AGGGGAAA	TTTCCCCT	0	0	0
AGGGGAAC	GTTCCCCT	0	0	0
AGGGGAAG	CTTCCCCT	0	0	0
AGGGGAAT	ATTCCCCT	0	0	0
AGGGGACA	TGTCCCCT	0	0	0
AGGGGACC	GGTCCCCT	0	0	0
AGGGGACG	CGTCCCCT	0	0	0
AGGGGACT	AGTCCCCT	0	0	0
AGGGGAGA	TCTCCCCT	0	0	0
AGGGGAGC	GCTCCCCT	0	0	0
AGGGGAGG	CCTCCCCT	0	0	0
AGGGGATA	TATCCCCT	0	0	0
AGGGGATC	GATCCCCT	0	0	0
AGGGGATG	CATCCCCT	0	0	0
AGGGGCAA	TTGCCCCT	0	0	0
AGGGGCAC	GTGCCCCT	0	0	0
AGGGGCAG	CTGCCCCT	0	0	0
AGGGGCAT	ATGCCCCT	0	0	0
AGGGGCCA	TGGCCCCT	0	0	0
AGGGGCCC	GGGCCCCT	0	0	0
AGGGGCCG	CGGCCCCT	0	0	0
AGGGGCGA	TCGCCCCT	0	0	0
AGGGGCGC	GCGCCCCT	0	0	0
AGGGGCGG	CCGCCCCT	0	0	0
AGGGGCTA	TAGCCCCT	0	0	0
AGGGGCTC	GAGCCCCT	0	0	0
AGGGGCTG	CAGCCCCT	0	0	0
AGGGGGAA	TTCCCCCT	0	0	0
AGGGGGAC	GTCCCCCT	0	0	0
AGGGGGAG	CTCCCCCT	0	0	0
AGGGGGAT	ATCCCCCT	0	0	0
AGGGGGCA	TGCCCCCT	0	0	0
AGGGGGCC	GGCCCCCT	0	0	0
AGGGGGCG	CGCCCCCT	0	0	0
AGGGGGGA	TCCCCCCT	0	0	0
AGGGGGGC	GCCCCCCT	0	0	0
AGGGGGGG	CCCCCCCT	0	0	0
AGGGGGTA	TACCCCCT	0	0	0
AGGGGGTC	GACCCCCT	0	0	0
AGGGGGTG	CACCCCCT	0	0	0
AGGGGTAA	TTACCCCT	0	0	0
AGGGGTAC	GTACCCCT	0	0	0
AGGGGTAG	CTACCCCT	0	0	0
AGGGGTAT	ATACCCCT	0	0	0
AGGGGTCA	TGACCCCT	0	0	0
AGGGGTCC	GGACCCCT	0	0	0
AGGGGTCG	CGACCCCT	0	0	0
AGGGGTGA	TCACCCCT	0	0	0
AGGGGTGC	GCACCCCT	0	0	0
AGGGGTGG	CCACCCCT	0	0	0
AGGGGTTA	TAACCCCT	0	0	0
AGGGGTTC	GAACCCCT	0	0	0
AGGGGTTG	CAACCCCT	0	0	0
AGGGTAAA	TTTACCCT	0	0	0
AGGGTAAC	GTTACCCT	0	0	0
AGGGTAAG	CTTACCCT	0	0	0
AGGGTAAT	ATTACCCT	0	0	0
AGGGTACA	TGTACCCT	0	0	0
AGGGTACC	GGTACCCT	0	0	0
AGGGTACG	CGTACCCT	0	0	0
AGGGTACT	AGTACCCT	0	0	0
AGGGTAGA	TCTACCCT	0	0	0
AGGGTAGC	GCTACCCT	0	0	0
AGGGTAGG	CCTACCCT	0	0	0
AGGGTATA	TATACCCT	0	0	0
AGGGTATC	GATACCCT	0	0	0
AGGGTATG	CATACCCT	0	0	0
AGGGTCAA	TTGACCCT	0	0	0
AGGGTCAC	GTGACCCT	0	0	0
AGGGTCAG	CTGACCCT	0	0	0
AGGGTCAT	ATGACCCT	0	0	0
AGGGTCCA	TGGACCCT	0	0	0
AGGGTCCC	GGGACCCT	0	0	0
AGGGTCCG	CGGACCCT	0	0	0
AGGGTCGA	TCGACCCT	0	0	0
AGGGTCGC	GCGACCCT	0	0	0
AGGGTCGG	CCGACCCT	0	0	0
AGGGTCTA	TAGACCCT	0	0	0
AGGGTCTC	GAGACCCT	0	0	0
AGGGTCTG	CAGACCCT	0	0	0
AGGGTGAA	TTCACCCT	0	0	0
AGGGTGAC	GTCACCCT	0	0	0
AGGGTGAG	CTCACCCT	0	0	0
AGGGTGAT	ATCACCCT	0	0	0
AGGGTGCA	TGCACCCT	0	0	0
AGGGTGCC	GGCACCCT	0	0	0
AGGGTGCG	CGCACCCT	0	0	0
AGGGTGGA	TCCACCCT	0	0	0
AGGGTGGC	GCCACCCT	0	0	0
AGGGTGGG	CCCACCCT	0	0	0
AGGGTGTA	TACACCCT	0	0	0
AGGGTGTC	GACACCCT	0	0	0
AGGGTGTG	CACACCCT	0	0	0
AGGGTTAA	TTAACCCT	0	0	0
AGGGTTAC	GTAACCCT	0	0	0
AGGGTTAG	CTAACCCT	0	0	0
AGGGTTAT	ATAACCCT	0	0	0
AGGGTTCA	TGAACCCT	0	0	0
AGGGTTCC	GGAACCCT	0	0	0
AGGGTTCG	CGAACCCT	0	0	0
AGGGTTGA	TCAACCCT	0	0	0
AGGGTTGC	GCAACCCT	0	0	0
AGGGTTGG	CCAACCCT	0	0	0
AGGGTTTA	TAAACCCT	0	0	0
AGGGTTTC	GAAACCCT	0	0	0
AGGGTTTG	CAAACCCT	0	0	0
AGGTAAAA	TTTTACCT	0	0	0
AGGTAAAC	GTTTACCT	0	0	0
AGGTAAAG	CTTTACCT	0	0	0
AGGTAAAT	ATTTACCT	0	0	0
AGGTAACA	TGTTACCT	0	0	0
AGGTAACC	GGTTACCT	0	0	0
AGGTAACG	CGTTACCT	0	0	0
AGGTAACT	AGTTACCT	0	0	0
AGGTAAGA	TCTTACCT	0	0	0
AGGTAAGC	GCTTACCT	0	0	0
AGGTAAGG	CCTTACCT	0	0	0
AGGTAATA	TATTACCT	0	0	0
AGGTAATC	GATTACCT	0	0	0
AGGTAATG	CATTACCT	0	0	0
AGGTACAA	TTGTACCT	0	0	0
AGGTACAC	GTGTACCT	0	0	0
AGGTACAG	CTGTACCT	0	0	0
AGGTACAT	ATGTACCT	0	0	0
AGGTACCA	TGGTACCT	0	0	0
AGGTACCC	GGGTACCT	0	0	0
AGGTACCG	CGGTACCT	0	0	0
AGGTACCT	AGGTACCT	0	0	0
AGGTACGA	TCGTACCT	0	0	0
AGGTACGC	GCGTACCT	0	0	0
AGGTACGG	CCGTACCT	0	0	0
AGGTACTA	TAGTACCT	0	0	0
AGGTACTC	GAGTACCT	0	0	0
AGGTACTG	CAGTACCT	0	0	0
AGGTAGAA	TTCTACCT	0	0	0
AGGTAGAC	GTCTACCT	0	0	0
AGGTAGAG	CTCTACCT	0	0	0
AGGTAGAT	ATCTACCT	0	0	0
AGGTAGCA	TGCTACCT	0	0	0
AGGTAGCC	GGCTACCT	0	0	0
AGGTAGCG	CGCTACCT	0	0	0
AGGTAGGA	TCCTACCT	0	0	0
AGGTAGGC	GCCTACCT	0	0	0
AGGTAGGG	CCCTACCT	0	0	0
AGGTAGTA	TACTACCT	0	0	0
AGGTAGTC	GACTACCT	0	0	0
AGGTAGTG	CACTACCT	0	0	0
AGGTATAA	TTATACCT	0	0	0
AGGTATAC	GTATACCT	0	0	0
AGGTATAG	CTATACCT	0	0	0
AGGTATAT	ATATACCT	0	0	0
AGGTATCA	TGATACCT	0	0	0
AGGTATCC	GGATACCT	0	0	0
AGGTATCG	CGATACCT	0	0	0
AGGTATGA	TCATACCT	0	0	0
AGGTATGC	GCATACCT	0	0	0
AGGTATGG	CCATACCT	0	0	0
AGGTATTA	TAATACCT	0	0	0
AGGTATTC	GAATACCT	0	0	0
AGGTATTG	CAATACCT	0	0	0
AGGTCAAA	TTTGACCT	0	0	0
AGGTCAAC	GTTGACCT	0	0	0
AGGTCAAG	CTTGACCT	0	0	0
AGGTCAAT	ATTGACCT	0	0	0
AGGTCACA	TGTGACCT	0	0	0
AGGTCACC	GGTGACCT	0	0	0
AGGTCACG	CGTGACCT	0	0	0
AGGTCACT	AGTGACCT	0	0	0
AGGTCAGA	TCTGACCT	0	0	0
AGGTCAGC	GCTGACCT	0	0	0
AGGTCAGG	CCTGACCT	0	0	0
AGGTCATA	TATGACCT	0	0	0
AGGTCATC	GATGACCT	0	0	0
AGGTCATG	CATGACCT	0	0	0
AGGTCCAA	TTGGACCT	0	0	0
AGGTCCAC	GTGGACCT	0	0	0
AGGTCCAG	CTGGACCT	0	0	0
AGGTCCAT	ATGGACCT	0	0	0
AGGTCCCA	TGGGACCT	0	0	0
AGGTCCCC	GGGGACCT	0	0	0
AGGTCCCG	CGGGACCT	0	0	0
AGGTCCGA	TCGGACCT	0	0	0
AGGTCCGC	GCGGACCT	0	0	0
AGGTCCGG	CCGGACCT	0	0	0
AGGTCCTA	TAGGACCT	0	0	0
AGGTCCTC	GAGGACCT	0	0	0
AGGTCCTG	CAGGACCT	0	0	0
AGGTCGAA	TTCGACCT	0	0	0
AGGTCGAC	GTCGACCT	0	0	0
AGGTCGAG	CTCGACCT	0	0	0
AGGTCGAT	ATCGACCT	0	0	0
AGGTCGCA	TGCGACCT	0	0	0
AGGTCGCC	GGCGACCT	0	0	0
AGGTCGCG	CGCGACCT	0	0	0
AGGTCGGA	TCCGACCT	0	0	0
AGGTCGGC	GCCGACCT	0	0	0
AGGTCGGG	CCCGACCT	0	0	0
AGGTCGTA	TACGACCT	0	0	0
AGGTCGTC	GACGACCT	0	0	0
AGGTCGTG	CACGACCT	0	0	0
AGGTCTAA	TTAGACCT	0	0	0
AGGTCTAC	GTAGACCT	0	0	0
AGGTCTAG	CTAGACCT	0	0	0
AGGTCTAT	ATAGACCT	0	0	0
AGGTCTCA	TGAGACCT	0	0	0
AGGTCTCC	GGAGACCT	0	0	0
AGGTCTCG	CGAGACCT	0	0	0
AGGTCTGA	TCAGACCT	0	0	0
AGGTCTGC	GCAGACCT	0	0	0
AGGTCTGG	CCAGACCT	0	0	0
AGGTCTTA	TAAGACCT	0	0	0
AGGTCTTC	GAAGACCT	0	0	0
AGGTCTTG	CAAGACCT	0	0	0
AGGTGAAA	TTTCACCT	0	0	0
AGGTGAAC	GTTCACCT	0	0	0
AGGTGAAG	CTTCACCT	0	0	0
AGGTGAAT	ATTCACCT	0	0	0
AGGTGACA	TGTCACCT	0	0	0
AGGTGACC	GGTCACCT	0	0	0
AGGTGACG	CGTCACCT	0	0	0
AGGTGACT	AGTCACCT	0	0	0
AGGTGAGA	TCTCACCT	0	0	0
AGGTGAGC	GCTCACCT	0	0	0
AGGTGAGG	CCTCACCT	0	0	0
AGGTGATA	TATCACCT	0	0	0
AGGTGATC	GATCACCT	0	0	0
AGGTGATG	CATCACCT	0	0	0
AGGTGCAA	TTGCACCT	0	0	0
AGGTGCAC	GTGCACCT	0	0	0
AGGTGCAG	CTGCACCT	0	0	0
AGGTGCAT	ATGCACCT	0	0	0
AGGTGCCA	TGGCACCT	0	0	0
AGGTGCCC	GGGCACCT	0	0	0
AGGTGCCG	CGGCACCT	0	0	0
AGGTGCGA	TCGCACCT	0	0	0
AGGTGCGC	GCGCACCT	0	0	0
AGGTGCGG	CCGCACCT	0	0	0
AGGTGCTA	TAGCACCT	0	0	0
AGGTGCTC	GAGCACCT	0	0	0
AGGTGCTG	CAGCACCT	0	0	0
AGGTGGAA	TTCCACCT	0	0	0
AGGTGGAC	GTCCACCT	0	0	0
AGGTGGAG	CTCCACCT	0	0	0
AGGTGGAT	ATCCACCT	0	0	0
AGGTGGCA	TGCCACCT	0	0	0
AGGTGGCC	GGCCACCT	0	0	0
AGGTGGCG	CGCCACCT	0	0	0
AGGTGGGA	TCCCACCT	0	0	0
AGGTGGGC	GCCCACCT	0	0	0
AGGTGGGG	CCCCACCT	0	0	0
AGGTGGTA	TACCACCT	0	0	0
AGGTGGTC	GACCACCT	0	0	0
AGGTGGTG	CACCACCT	0	0	0
AGGTGTAA	TTACACCT	0	0	0
AGGTGTAC	GTACACCT	0	0	0
AGGTGTAG	CTACACCT	0	0	0
AGGTGTAT	ATACACCT	0	0	0
AGGTGTCA	TGACACCT	0	0	0
AGGTGTCC	GGACACCT	0	0	0
AGGTGTCG	CGACACCT	0	0	0
AGGTGTGA	TCACACCT	0	0	0
AGGTGTGC	GCACACCT	0	0	0
AGGTGTGG	CCACACCT	0	0	0
AGGTGTTA	TAACACCT	0	0	0
AGGTGTTC	GAACACCT	0	0	0
AGGTGTTG	CAACACCT	0	0	0
AGGTTAAA	TTTAACCT	0	0	0
AGGTTAAC	GTTAACCT	0	0	0
AGGTTAAG	CTTAACCT	0	0	0
AGGTTAAT	ATTAACCT	0	0	0
AGGTTACA	TGTAACCT	0	0	0
AGGTTACC	GGTAACCT	0	0	0
AGGTTACG	CGTAACCT	0	0	0
AGGTTACT	AGTAACCT	0	0	0
AGGTTAGA	TCTAACCT	0	0	0
AGGTTAGC	GCTAACCT	0	0	0
AGGTTAGG	CCTAACCT	0	0	0
AGGTTATA	TATAACCT	0	0	0
AGGTTATC	GATAACCT	0	0	0
AGGTTATG	CATAACCT	0	0	0
AGGTTCAA	TTGAACCT	0	0	0
AGGTTCAC	GTGAACCT	0	0	0
AGGTTCAG	CTGAACCT	0	0	0
AGGTTCAT	ATGAACCT	0	0	0
AGGTTCCA	TGGAACCT	0	0	0
AGGTTCCC	GGGAACCT	0	0	0
AGGTTCCG	CGGAACCT	0	0	0
AGGTTCGA	TCGAACCT	0	0	0
AGGTTCGC	GCGAACCT	0	0	0
AGGTTCGG	CCGAACCT	0	0	0
AGGTTCTA	TAGAACCT	0	0	0
AGGTTCTC	GAGAACCT	0	0	0
AGGTTCTG	CAGAACCT	0	0	0
AGGTTGAA	TTCAACCT	0	0	0
AGGTTGAC	GTCAACCT	0	0	0
AGGTTGAG	CTCAACCT	0	0	0
AGGTTGAT	ATCAACCT	0	0	0
AGGTTGCA	TGCAACCT	0	0	0
AGGTTGCC	GGCAACCT	0	0	0
AGGTTGCG	CGCAACCT	0	0	0
AGGTTGGA	TCCAACCT	0	0	0
AGGTTGGC	GCCAACCT	0	0	0
AGGTTGGG	CCCAACCT	0	0	0
AGGTTGTA	TACAACCT	0	0	0
AGGTTGTC	GACAACCT	0	0	0
AGGTTGTG	CACAACCT	0	0	0
AGGTTTAA	TTAAACCT	0	0	0
AGGTTTAC	GTAAACCT	0	0	0
AGGTTTAG	CTAAACCT	0	0	0
AGGTTTAT	ATAAACCT	0	0	0
AGGTTTCA	TGAAACCT	0	0	0
AGGTTTCC	GGAAACCT	0	0	0
AGGTTTCG	CGAAACCT	0	0	0
AGGTTTGA	TCAAACCT	0	0	0
AGGTTTGC	GCAAACCT	0	0	0
AGGTTTGG	CCAAACCT	0	0	0
AGGTTTTA	TAAAACCT	0	0	0
AGGTTTTC	GAAAACCT	0	0	0
AGGTTTTG	CAAAACCT	0	0	0
AGTAAAAA	TTTTTACT	0	0	0
AGTAAAAC	GTTTTACT	0	0	0
AGTAAAAG	CTTTTACT	0	0	0
AGTAAAAT	ATTTTACT	0	0	0
AGTAAACA	TGTTTACT	0	0	0
AGTAAACC	GGTTTACT	0	0	0
AGTAAACG	CGTTTACT	0	0	0
AGTAAACT	AGTTTACT	0	0	0
AGTAAAGA	TCTTTACT	0	0	0
AGTAAAGC	GCTTTACT	0	0	0
AGTAAAGG	CCTTTACT	0	0	0
AGTAAATA	TATTTACT	0	0	0
AGTAAATC	GATTTACT	0	0	0
AGTAAATG	CATTTACT	0	0	0
AGTAACAA	TTGTTACT	0	0	0
AGTAACAC	GTGTTACT	0	0	0
AGTAACAG	CTGTTACT	0	0	0
AGTAACAT	ATGTTACT	0	0	0
AGTAACCA	TGGTTACT	0	0	0
AGTAACCC	GGGTTACT	0	0	0
AGTAACCG	CGGTTACT	0	0	0
AGTAACGA	TCGTTACT	0	0	0
AGTAACGC	GCGTTACT	0	0	0
AGTAACGG	CCGTTACT	0	0	0
AGTAACTA	TAGTTACT	0	0	0
AGTAACTC	GAGTTACT	0	0	0
AGTAACTG	CAGTTACT	0	0	0
AGTAAGAA	TTCTTACT	0	0	0
AGTAAGAC	GTCTTACT	0	0	0
AGTAAGAG	CTCTTACT	0	0	0
AGTAAGAT	ATCTTACT	0	0	0
AGTAAGCA	TGCTTACT	0	0	0
AGTAAGCC	GGCTTACT	0	0	0
AGTAAGCG	CGCTTACT	0	0	0
AGTAAGGA	TCCTTACT	0	0	0
AGTAAGGC	GCCTTACT	0	0	0
AGTAAGGG	CCCTTACT	0	0	0
AGTAAGTA	TACTTACT	0	0	0
AGTAAGTC	GACTTACT	0	0	0
AGTAAGTG	CACTTACT	0	0	0
AGTAATAA	TTATTACT	0	0	0
AGTAATAC	GTATTACT	0	0	0
AGTAATAG	CTATTACT	0	0	0
AGTAATAT	ATATTACT	0	0	0
AGTAATCA	TGATTACT	0	0	0
AGTAATCC	GGATTACT	0	0	0
AGTAATCG	CGATTACT	0	0	0
AGTAATGA	TCATTACT	0	0	0
AGTAATGC	GCATTACT	0	0	0
AGTAATGG	CCATTACT	0	0	0
AGTAATTA	TAATTACT	0	0	0
AGTAATTC	GAATTACT	0	0	0
AGTAATTG	CAATTACT	0	0	0
AGTACAAA	TTTGTACT	0	0	0
AGTACAAC	GTTGTACT	0	0	0
AGTACAAG	CTTGTACT	0	0	0
AGTACAAT	ATTGTACT	0	0	0
AGTACACA	TGTGTACT	0	0	0
AGTACACC	GGTGTACT	0	0	0
AGTACACG	CGTGTACT	0	0	0
AGTACACT	AGTGTACT	0	0	0
AGTACAGA	TCTGTACT	0	0	0
AGTACAGC	GCTGTACT	0	0	0
AGTACAGG	CCTGTACT	0	0	0
AGTACATA	TATGTACT	0	0	0
AGTACATC	GATGTACT	0	0	0
AGTACATG	CATGTACT	0	0	0
AGTACCAA	TTGGTACT	0	0	0
AGTACCAC	GTGGTACT	0	0	0
AGTACCAG	CTGGTACT	0	0	0
AGTACCAT	ATGGTACT	0	0	0
AGTACCCA	TGGGTACT	0	0	0
AGTACCCC	GGGGTACT	0	0	0
AGTACCCG	CGGGTACT	0	0	0
AGTACCGA	TCGGTACT	0	0	0
AGTACCGC	GCGGTACT	0	0	0
AGTACCGG	CCGGTACT	0	0	0
AGTACCTA	TAGGTACT	0	0	0
AGTACCTC	GAGGTACT	0	0	0
AGTACCTG	CAGGTACT	0	0	0
AGTACGAA	TTCGTACT	0	0	0
AGTACGAC	GTCGTACT	0	0	0
AGTACGAG	CTCGTACT	0	0	0
AGTACGAT	ATCGTACT	0	0	0
AGTACGCA	TGCGTACT	0	0	0
AGTACGCC	GGCGTACT	0	0	0
AGTACGCG	CGCGTACT	0	0	0
AGTACGGA	TCCGTACT	0	0	0
AGTACGGC	GCCGTACT	0	0	0
AGTACGGG	CCCGTACT	0	0	0
AGTACGTA	TACGTACT	0	0	0
AGTACGTC	GACGTACT	0	0	0
AGTACGTG	CACGTACT	0	0	0
AGTACTAA	TTAGTACT	0	0	0
AGTACTAC	GTAGTACT	0	0	0
AGTACTAG	CTAGTACT	0	0	0
AGTACTAT	ATAGTACT	0	0	0
AGTACTCA	TGAGTACT	0	0	0
AGTACTCC	GGAGTACT	0	0	0
AGTACTCG	CGAGTACT	0	0	0
AGTACTGA	TCAGTACT	0	0	0
AGTACTGC	GCAGTACT	0	0	0
AGTACTGG	CCAGTACT	0	0	0
AGTACTTA	TAAGTACT	0	0	0
AGTACTTC	GAAGTACT	0	0	0
AGTACTTG	CAAGTACT	0	0	0
AGTAGAAA	TTTCTACT	0	0	0
AGTAGAAC	GTTCTACT	0	0	0
AGTAGAAG	CTTCTACT	0	0	0
AGTAGAAT	ATTCTACT	0	0	0
AGTAGACA	TGTCTACT	0	0	0
AGTAGACC	GGTCTACT	0	0	0
AGTAGACG	CGTCTACT	0	0	0
AGTAGACT	AGTCTACT	0	0	0
AGTAGAGA	TCTCTACT	0	0	0
AGTAGAGC	GCTCTACT	0	0	0
AGTAGAGG	CCTCTACT	0	0	0
AGTAGATA	TATCTACT	0	0	0
AGTAGATC	GATCTACT	0	0	0
AGTAGATG	CATCTACT	0	0	0
AGTAGCAA	TTGCTACT	0	0	0
AGTAGCAC	GTGCTACT	0	0	0
AGTAGCAG	CTGCTACT	0	0	0
AGTAGCAT	ATGCTACT	0	0	0
AGTAGCCA	TGGCTACT	0	0	0
AGTAGCCC	GGGCTACT	0	0	0
AGTAGCCG	CGGCTACT	0	0	0
AGTAGCGA	TCGCTACT	0	0	0
AGTAGCGC	GCGCTACT	0	0	0
AGTAGCGG	CCGCTACT	0	0	0
AGTAGCTA	TAGCTACT	0	0	0
AGTAGCTC	GAGCTACT	0	0	0
AGTAGCTG	CAGCTACT	0	0	0
AGTAGGAA	TTCCTACT	0	0	0
AGTAGGAC	GTCCTACT	0	0	0
AGTAGGAG	CTCCTACT	0	0	0
AGTAGGAT	ATCCTACT	0	0	0
AGTAGGCA	TGCCTACT	0	0	0
AGTAGGCC	GGCCTACT	0	0	0
AGTAGGCG	CGCCTACT	0	0	0
AGTAGGGA	TCCCTACT	0	0	0
AGTAGGGC	GCCCTACT	0	0	0
AGTAGGGG	CCCCTACT	0	0	0
AGTAGGTA	TACCTACT	0	0	0
AGTAGGTC	GACCTACT	0	0	0
AGTAGGTG	CACCTACT	0	0	0
AGTAGTAA	TTACTACT	0	0	0
AGTAGTAC	GTACTACT	0	0	0
AGTAGTAG	CTACTACT	0	0	0
AGTAGTAT	ATACTACT	0	0	0
AGTAGTCA	TGACTACT	0	0	0
AGTAGTCC	GGACTACT	0	0	0
AGTAGTCG	CGACTACT	0	0	0
AGTAGTGA	TCACTACT	0	0	0
AGTAGTGC	GCACTACT	0	0	0
AGTAGTGG	CCACTACT	0	0	0
AGTAGTTA	TAACTACT	0	0	0
AGTAGTTC	GAACTACT	0	0	0
AGTAGTTG	CAACTACT	0	0	0
AGTATAAA	TTTATACT	0	0	0
AGTATAAC	GTTATACT	0	0	0
AGTATAAG	CTTATACT	0	0	0
AGTATAAT	ATTATACT	0	0	0
AGTATACA	TGTATACT	0	0	0
AGTATACC	GGTATACT	0	0	0
AGTATACG	CGTATACT	0	0	0
AGTATACT	AGTATACT	0	0	0
AGTATAGA	TCTATACT	0	0	0
AGTATAGC	GCTATACT	0	0	0
AGTATAGG	CCTATACT	0	0	0
AGTATATA	TATATACT	0	0	0
AGTATATC	GATATACT	0	0	0
AGTATATG	CATATACT	0	0	0
AGTATCAA	TTGATACT	0	0	0
AGTATCAC	GTGATACT	0	0	0
AGTATCAG	CTGATACT	0	0	0
AGTATCAT	ATGATACT	0	0	0
AGTATCCA	TGGATACT	0	0	0
AGTATCCC	GGGATACT	0	0	0
AGTATCCG	CGGATACT	0	0	0
AGTATCGA	TCGATACT	0	0	0
AGTATCGC	GCGATACT	0	0	0
AGTATCGG	CCGATACT	0	0	0
AGTATCTA	TAGATACT	0	0	0
AGTATCTC	GAGATACT	0	0	0
AGTATCTG	CAGATACT	0	0	0
AGTATGAA	TTCATACT	0	0	0
AGTATGAC	GTCATACT	0	0	0
AGTATGAG	CTCATACT	0	0	0
AGTATGAT	ATCATACT	0	0	0
AGTATGCA	TGCATACT	0	0	0
AGTATGCC	GGCATACT	0	0	0
AGTATGCG	CGCATACT	0	0	0
AGTATGGA	TCCATACT	0	0	0
AGTATGGC	GCCATACT	0	0	0
AGTATGGG	CCCATACT	0	0	0
AGTATGTA	TACATACT	0	0	0
AGTATGTC	GACATACT	0	0	0
AGTATGTG	CACATACT	0	0	0
AGTATTAA	TTAATACT	0	0	0
AGTATTAC	GTAATACT	0	0	0
AGTATTAG	CTAATACT	0	0	0
AGTATTAT	ATAATACT	0	0	0
AGTATTCA	TGAATACT	0	0	0
AGTATTCC	GGAATACT	0	0	0
AGTATTCG	CGAATACT	0	0	0
AGTATTGA	TCAATACT	0	0	0
AGTATTGC	GCAATACT	0	0	0
AGTATTGG	CCAATACT	0	0	0
AGTATTTA	TAAATACT	0	0	0
AGTATTTC	GAAATACT	0	0	0
AGTATTTG	CAAATACT	0	0	0
AGTCAAAA	TTTTGACT	0	0	0
AGTCAAAC	GTTTGACT	0	0	0
AGTCAAAG	CTTTGACT	0	0	0
AGTCAAAT	ATTTGACT	0	0	0
AGTCAACA	TGTTGACT	0	0	0
AGTCAACC	GGTTGACT	0	0	0
AGTCAACG	CGTTGACT	0	0	0
AGTCAACT	AGTTGACT	0	0	0
AGTCAAGA	TCTTGACT	0	0	0
AGTCAAGC	GCTTGACT	0	0	0
AGTCAAGG	CCTTGACT	0	0	0
AGTCAATA	TATTGACT	0	0	0
AGTCAATC	GATTGACT	0	0	0
AGTCAATG	CATTGACT	0	0	0
AGTCACAA	TTGTGACT	0	0	0
AGTCACAC	GTGTGACT	0	0	0
AGTCACAG	CTGTGACT	0	0	0
AGTCACAT	ATGTGACT	0	0	0
AGTCACCA	TGGTGACT	0	0	0
AGTCACCC	GGGTGACT	0	0	0
AGTCACCG	CGGTGACT	0	0	0
AGTCACGA	TCGTGACT	0	0	0
AGTCACGC	GCGTGACT	0	0	0
AGTCACGG	CCGTGACT	0	0	0
AGTCACTA	TAGTGACT	0	0	0
AGTCACTC	GAGTGACT	0	0	0
AGTCACTG	CAGTGACT	0	0	0
AGTCAGAA	TTCTGACT	0	0	0
AGTCAGAC	GTCTGACT	0	0	0
AGTCAGAG	CTCTGACT	0	0	0
AGTCAGAT	ATCTGACT	0	0	0
AGTCAGCA	TGCTGACT	0	0	0
AGTCAGCC	GGCTGACT	0	0	0
AGTCAGCG	CGCTGACT	0	0	0
AGTCAGGA	TCCTGACT	0	0	0
AGTCAGGC	GCCTGACT	0	0	0
AGTCAGGG	CCCTGACT	0	0	0
AGTCAGTA	TACTGACT	0	0	0
AGTCAGTC	GACTGACT	0	0	0
AGTCAGTG	CACTGACT	0	0	0
AGTCATAA	TTATGACT	0	0	0
AGTCATAC	GTATGACT	0	0	0
AGTCATAG	CTATGACT	0	0	0
AGTCATAT	ATATGACT	0	0	0
AGTCATCA	TGATGACT	0	0	0
AGTCATCC	GGATGACT	0	0	0
AGTCATCG	CGATGACT	0	0	0
AGTCATGA	TCATGACT	0	0	0
AGTCATGC	GCATGACT	0	0	0
AGTCATGG	CCATGACT	0	0	0
AGTCATTA	TAATGACT	0	0	0
AGTCATTC	GAATGACT	0	0	0
AGTCATTG	CAATGACT	0	0	0
AGTCCAAA	TTTGGACT	0	0	0
AGTCCAAC	GTTGGACT	0	0	0
AGTCCAAG	CTTGGACT	0	0	0
AGTCCAAT	ATTGGACT	0	0	0
AGTCCACA	TGTGGACT	0	0	0
AGTCCACC	GGTGGACT	0	0	0
AGTCCACG	CGTGGACT	0	0	0
AGTCCACT	AGTGGACT	0	0	0
AGTCCAGA	TCTGGACT	0	0	0
AGTCCAGC	GCTGGACT	0	0	0
AGTCCAGG	CCTGGACT	0	0	0
AGTCCATA	TATGGACT	0	0	0
AGTCCATC	GATGGACT	0	0	0
AGTCCATG	CATGGACT	0	0	0
AGTCCCAA	TTGGGACT	0	0	0
AGTCCCAC	GTGGGACT	0	0	0
AGTCCCAG	CTGGGACT	0	0	0
AGTCCCAT	ATGGGACT	0	0	0
AGTCCCCA	TGGGGACT	0	0	0
AGTCCCCC	GGGGGACT	0	0	0
AGTCCCCG	CGGGGACT	0	0	0
AGTCCCGA	TCGGGACT	0	0	0
AGTCCCGC	GCGGGACT	0	0	0
AGTCCCGG	CCGGGACT	0	0	0
AGTCCCTA	TAGGGACT	0	0	0
AGTCCCTC	GAGGGACT	0	0	0
AGTCCCTG	CAGGGACT	0	0	0
AGTCCGAA	TTCGGACT	0	0	0
AGTCCGAC	GTCGGACT	0	0	0
AGTCCGAG	CTCGGACT	0	0	0
AGTCCGAT	ATCGGACT	0	0	0
AGTCCGCA	TGCGGACT	0	0	0
AGTCCGCC	GGCGGACT	0	0	0
AGTCCGCG	CGCGGACT	0	0	0
AGTCCGGA	TCCGGACT	0	0	0
AGTCCGGC	GCCGGACT	0	0	0
AGTCCGGG	CCCGGACT	0	0	0
AGTCCGTA	TACGGACT	0	0	0
AGTCCGTC	GACGGACT	0	0	0
AGTCCGTG	CACGGACT	0	0	0
AGTCCTAA	TTAGGACT	0	0	0
AGTCCTAC	GTAGGACT	0	0	0
AGTCCTAG	CTAGGACT	0	0	0
AGTCCTAT	ATAGGACT	0	0	0
AGTCCTCA	TGAGGACT	0	0	0
AGTCCTCC	GGAGGACT	0	0	0
AGTCCTCG	CGAGGACT	0	0	0
AGTCCTGA	TCAGGACT	0	0	0
AGTCCTGC	GCAGGACT	0	0	0
AGTCCTGG	CCAGGACT	0	0	0
AGTCCTTA	TAAGGACT	0	0	0
AGTCCTTC	GAAGGACT	0	0	0
AGTCCTTG	CAAGGACT	0	0	0
AGTCGAAA	TTTCGACT	0	0	0
AGTCGAAC	GTTCGACT	0	0	0
AGTCGAAG	CTTCGACT	0	0	0
AGTCGAAT	ATTCGACT	0	0	0
AGTCGACA	TGTCGACT	0	0	0
AGTCGACC	GGTCGACT	0	0	0
AGTCGACG	CGTCGACT	0	0	0
AGTCGACT	AGTCGACT	0	0	0
AGTCGAGA	TCTCGACT	0	0	0
AGTCGAGC	GCTCGACT	0	0	0
AGTCGAGG	CCTCGACT	0	0	0
AGTCGATA	TATCGACT	0	0	0
AGTCGATC	GATCGACT	0	0	0
AGTCGATG	CATCGACT	0	0	0
AGTCGCAA	TTGCGACT	0	0	0
AGTCGCAC	GTGCGACT	0	0	0
AGTCGCAG	CTGCGACT	0	0	0
AGTCGCAT	ATGCGACT	0	0	0
AGTCGCCA	TGGCGACT	0	0	0
AGTCGCCC	GGGCGACT	0	0	0
AGTCGCCG	CGGCGACT	0	0	0
AGTCGCGA	TCGCGACT	0	0	0
AGTCGCGC	GCGCGACT	0	0	0
AGTCGCGG	CCGCGACT	0	0	0
AGTCGCTA	TAGCGACT	0	0	0
AGTCGCTC	GAGCGACT	0	0	0
AGTCGCTG	CAGCGACT	0	0	0
AGTCGGAA	TTCCGACT	0	0	0
AGTCGGAC	GTCCGACT	0	0	0
AGTCGGAG	CTCCGACT	0	0	0
AGTCGGAT	ATCCGACT	0	0	0
AGTCGGCA	TGCCGACT	0	0	0
AGTCGGCC	GGCCGACT	0	0	0
AGTCGGCG	CGCCGACT	0	0	0
AGTCGGGA	TCCCGACT	0	0	0
AGTCGGGC	GCCCGACT	0	0	0
AGTCGGGG	CCCCGACT	0	0	0
AGTCGGTA	TACCGACT	0	0	0
AGTCGGTC	GACCGACT	0	0	0
AGTCGGTG	CACCGACT	0	0	0
AGTCGTAA	TTACGACT	0	0	0
AGTCGTAC	GTACGACT	0	0	0
AGTCGTAG	CTACGACT	0	0	0
AGTCGTAT	ATACGACT	0	0	0
AGTCGTCA	TGACGACT	0	0	0
AGTCGTCC	GGACGACT	0	0	0
AGTCGTCG	CGACGACT	0	0	0
AGTCGTGA	TCACGACT	0	0	0
AGTCGTGC	GCACGACT	0	0	0
AGTCGTGG	CCACGACT	0	0	0
AGTCGTTA	TAACGACT	0	0	0
AGTCGTTC	GAACGACT	0	0	0
AGTCGTTG	CAACGACT	0	0	0
AGTCTAAA	TTTAGACT	0	0	0
AGTCTAAC	GTTAGACT	0	0	0
AGTCTAAG	CTTAGACT	0	0	0
AGTCTAAT	ATTAGACT	0	0	0
AGTCTACA	TGTAGACT	0	0	0
AGTCTACC	GGTAGACT	0	0	0
AGTCTACG	CGTAGACT	0	0	0
AGTCTAGA	TCTAGACT	0	0	0
AGTCTAGC	GCTAGACT	0	0	0
AGTCTAGG	CCTAGACT	0	0	0
AGTCTATA	TATAGACT	0	0	0
AGTCTATC	GATAGACT	0	0	0
AGTCTATG	CATAGACT	0	0	0
AGTCTCAA	TTGAGACT	0	0	0
AGTCTCAC	GTGAGACT	0	0	0
AGTCTCAG	CTGAGACT	0	0	0
AGTCTCAT	ATGAGACT	0	0	0
AGTCTCCA	TGGAGACT	0	0	0
AGTCTCCC	GGGAGACT	0	0	0
AGTCTCCG	CGGAGACT	0	0	0
AGTCTCGA	TCGAGACT	0	0	0
AGTCTCGC	GCGAGACT	0	0	0
AGTCTCGG	CCGAGACT	0	0	0
AGTCTCTA	TAGAGACT	0	0	0
AGTCTCTC	GAGAGACT	0	0	0
AGTCTCTG	CAGAGACT	0	0	0
AGTCTGAA	TTCAGACT	0	0	0
AGTCTGAC	GTCAGACT	0	0	0
AGTCTGAG	CTCAGACT	0	0	0
AGTCTGAT	ATCAGACT	0	0	0
AGTCTGCA	TGCAGACT	0	0	0
AGTCTGCC	GGCAGACT	0	0	0
AGTCTGCG	CGCAGACT	0	0	0
AGTCTGGA	TCCAGACT	0	0	0
AGTCTGGC	GCCAGACT	0	0	0
AGTCTGGG	CCCAGACT	0	0	0
AGTCTGTA	TACAGACT	0	0	0
AGTCTGTC	GACAGACT	0	0	0
AGTCTGTG	CACAGACT	0	0	0
AGTCTTAA	TTAAGACT	0	0	0
AGTCTTAC	GTAAGACT	0	0	0
AGTCTTAG	CTAAGACT	0	0	0
AGTCTTAT	ATAAGACT	0	0	0
AGTCTTCA	TGAAGACT	0	0	0
AGTCTTCC	GGAAGACT	0	0	0
AGTCTTCG	CGAAGACT	0	0	0
AGTCTTGA	TCAAGACT	0	0	0
AGTCTTGC	GCAAGACT	0	0	0
AGTCTTGG	CCAAGACT	0	0	0
AGTCTTTA	TAAAGACT	0	0	0
AGTCTTTC	GAAAGACT	0	0	0
AGTCTTTG	CAAAGACT	0	0	0
AGTGAAAA	TTTTCACT	0	0	0
AGTGAAAC	GTTTCACT	0	0	0
AGTGAAAG	CTTTCACT	0	0	0
AGTGAAAT	ATTTCACT	0	0	0
AGTGAACA	TGTTCACT	0	0	0
AGTGAACC	GGTTCACT	0	0	0
AGTGAACG	CGTTCACT	0	0	0
AGTGAACT	AGTTCACT	0	0	0
AGTGAAGA	TCTTCACT	0	0	0
AGTGAAGC	GCTTCACT	0	0	0
AGTGAAGG	CCTTCACT	0	0	0
AGTGAATA	TATTCACT	0	0	0
AGTGAATC	GATTCACT	0	0	0
AGTGAATG	CATTCACT	0	0	0
AGTGACAA	TTGTCACT	0	0	0
AGTGACAC	GTGTCACT	0	0	0
AGTGACAG	CTGTCACT	0	0	0
AGTGACAT	ATGTCACT	0	0	0
AGTGACCA	TGGTCACT	0	0	0
AGTGACCC	GGGTCACT	0	0	0
AGTGACCG	CGGTCACT	0	0	0
AGTGACGA	TCGTCACT	0	0	0
AGTGACGC	GCGTCACT	0	0	0
AGTGACGG	CCGTCACT	0	0	0
AGTGACTA	TAGTCACT	0	0	0
AGTGACTC	GAGTCACT	0	0	0
AGTGACTG	CAGTCACT	0	0	0
AGTGAGAA	TTCTCACT	0	0	0
AGTGAGAC	GTCTCACT	0	0	0
AGTGAGAG	CTCTCACT	0	0	0
AGTGAGAT	ATCTCACT	0	0	0
AGTGAGCA	TGCTCACT	0	0	0
AGTGAGCC	GGCTCACT	0	0	0
AGTGAGCG	CGCTCACT	0	0	0
AGTGAGGA	TCCTCACT	0	0	0
AGTGAGGC	GCCTCACT	0	0	0
AGTGAGGG	CCCTCACT	0	0	0
AGTGAGTA	TACTCACT	0	0	0
AGTGAGTC	GACTCACT	0	0	0
AGTGAGTG	CACTCACT	0	0	0
AGTGATAA	TTATCACT	0	0	0
AGTGATAC	GTATCACT	0	0	0
AGTGATAG	CTATCACT	0	0	0
AGTGATAT	ATATCACT	0	0	0
AGTGATCA	TGATCACT	0	0	0
AGTGATCC	GGATCACT	0	0	0
AGTGATCG	CGATCACT	0	0	0
AGTGATGA	TCATCACT	0	0	0
AGTGATGC	GCATCACT	0	0	0
AGTGATGG	CCATCACT	0	0	0
AGTGATTA	TAATCACT	0	0	0
AGTGATTC	GAATCACT	0	0	0
AGTGATTG	CAATCACT	0	0	0
AGTGCAAA	TTTGCACT	0	0	0
AGTGCAAC	GTTGCACT	0	0	0
AGTGCAAG	CTTGCACT	0	0	0
AGTGCAAT	ATTGCACT	0	0	0
AGTGCACA	TGTGCACT	0	0	0
AGTGCACC	GGTGCACT	0	0	0
AGTGCACG	CGTGCACT	0	0	0
AGTGCACT	AGTGCACT	0	0	0
AGTGCAGA	TCTGCACT	0	0	0
AGTGCAGC	GCTGCACT	0	0	0
AGTGCAGG	CCTGCACT	0	0	0
AGTGCATA	TATGCACT	0	0	0
AGTGCATC	GATGCACT	0	0	0
AGTGCATG	CATGCACT	0	0	0
AGTGCCAA	TTGGCACT	0	0	0
AGTGCCAC	GTGGCACT	0	0	0
AGTGCCAG	CTGGCACT	0	0	0
AGTGCCAT	ATGGCACT	0	0	0
AGTGCCCA	TGGGCACT	0	0	0
AGTGCCCC	GGGGCACT	0	0	0
AGTGCCCG	CGGGCACT	0	0	0
AGTGCCGA	TCGGCACT	0	0	0
AGTGCCGC	GCGGCACT	0	0	0
AGTGCCGG	CCGGCACT	0	0	0
AGTGCCTA	TAGGCACT	0	0	0
AGTGCCTC	GAGGCACT	0	0	0
AGTGCCTG	CAGGCACT	0	0	0
AGTGCGAA	TTCGCACT	0	0	0
AGTGCGAC	GTCGCACT	0	0	0
AGTGCGAG	CTCGCACT	0	0	0
AGTGCGAT	ATCGCACT	0	0	0
AGTGCGCA	TGCGCACT	0	0	0
AGTGCGCC	GGCGCACT	0	0	0
AGTGCGCG	CGCGCACT	0	0	0
AGTGCGGA	TCCGCACT	0	0	0
AGTGCGGC	GCCGCACT	0	0	0
AGTGCGGG	CCCGCACT	0	0	0
AGTGCGTA	TACGCACT	0	0	0
AGTGCGTC	GACGCACT	0	0	0
AGTGCGTG	CACGCACT	0	0	0
AGTGCTAA	TTAGCACT	0	0	0
AGTGCTAC	GTAGCACT	0	0	0
AGTGCTAG	CTAGCACT	0	0	0
AGTGCTAT	ATAGCACT	0	0	0
AGTGCTCA	TGAGCACT	0	0	0
AGTGCTCC	GGAGCACT	0	0	0
AGTGCTCG	CGAGCACT	0	0	0
AGTGCTGA	TCAGCACT	0	0	0
AGTGCTGC	GCAGCACT	0	0	0
AGTGCTGG	CCAGCACT	0	0	0
AGTGCTTA	TAAGCACT	0	0	0
AGTGCTTC	GAAGCACT	0	0	0
AGTGCTTG	CAAGCACT	0	0	0
AGTGGAAA	TTTCCACT	0	0	0
AGTGGAAC	GTTCCACT	0	0	0
AGTGGAAG	CTTCCACT	0	0	0
AGTGGAAT	ATTCCACT	0	0	0
AGTGGACA	TGTCCACT	0	0	0
AGTGGACC	GGTCCACT	0	0	0
AGTGGACG	CGTCCACT	0	0	0
AGTGGAGA	TCTCCACT	0	0	0
AGTGGAGC	GCTCCACT	0	0	0
AGTGGAGG	CCTCCACT	0	0	0
AGTGGATA	TATCCACT	0	0	0
AGTGGATC	GATCCACT	0	0	0
AGTGGATG	CATCCACT	0	0	0
AGTGGCAA	TTGCCACT	0	0	0
AGTGGCAC	GTGCCACT	0	0	0
AGTGGCAG	CTGCCACT	0	0	0
AGTGGCAT	ATGCCACT	0	0	0
AGTGGCCA	TGGCCACT	0	0	0
AGTGGCCC	GGGCCACT	0	0	0
AGTGGCCG	CGGCCACT	0	0	0
AGTGGCGA	TCGCCACT	0	0	0
AGTGGCGC	GCGCCACT	0	0	0
AGTGGCGG	CCGCCACT	0	0	0
AGTGGCTA	TAGCCACT	0	0	0
AGTGGCTC	GAGCCACT	0	0	0
AGTGGCTG	CAGCCACT	0	0	0
AGTGGGAA	TTCCCACT	0	0	0
AGTGGGAC	GTCCCACT	0	0	0
AGTGGGAG	CTCCCACT	0	0	0
AGTGGGAT	ATCCCACT	0	0	0
AGTGGGCA	TGCCCACT	0	0	0
AGTGGGCC	GGCCCACT	0	0	0
AGTGGGCG	CGCCCACT	0	0	0
AGTGGGGA	TCCCCACT	0	0	0
AGTGGGGC	GCCCCACT	0	0	0
AGTGGGGG	CCCCCACT	0	0	0
AGTGGGTA	TACCCACT	0	0	0
AGTGGGTC	GACCCACT	0	0	0
AGTGGGTG	CACCCACT	0	0	0
AGTGGTAA	TTACCACT	0	0	0
AGTGGTAC	GTACCACT	0	0	0
AGTGGTAG	CTACCACT	0	0	0
AGTGGTAT	ATACCACT	0	0	0
AGTGGTCA	TGACCACT	0	0	0
AGTGGTCC	GGACCACT	0	0	0
AGTGGTCG	CGACCACT	0	0	0
AGTGGTGA	TCACCACT	0	0	0
AGTGGTGC	GCACCACT	0	0	0
AGTGGTGG	CCACCACT	0	0	0
AGTGGTTA	TAACCACT	0	0	0
AGTGGTTC	GAACCACT	0	0	0
AGTGGTTG	CAACCACT	0	0	0
AGTGTAAA	TTTACACT	0	0	0
AGTGTAAC	GTTACACT	0	0	0
AGTGTAAG	CTTACACT	0	0	0
AGTGTAAT	ATTACACT	0	0	0
AGTGTACA	TGTACACT	0	0	0
AGTGTACC	GGTACACT	0	0	0
AGTGTACG	CGTACACT	0	0	0
AGTGTAGA	TCTACACT	0	0	0
AGTGTAGC	GCTACACT	0	0	0
AGTGTAGG	CCTACACT	0	0	0
AGTGTATA	TATACACT	0	0	0
AGTGTATC	GATACACT	0	0	0
AGTGTATG	CATACACT	0	0	0
AGTGTCAA	TTGACACT	0	0	0
AGTGTCAC	GTGACACT	0	0	0
AGTGTCAG	CTGACACT	0	0	0
AGTGTCAT	ATGACACT	0	0	0
AGTGTCCA	TGGACACT	0	0	0
AGTGTCCC	GGGACACT	0	0	0
AGTGTCCG	CGGACACT	0	0	0
AGTGTCGA	TCGACACT	0	0	0
AGTGTCGC	GCGACACT	0	0	0
AGTGTCGG	CCGACACT	0	0	0
AGTGTCTA	TAGACACT	0	0	0
AGTGTCTC	GAGACACT	0	0	0
AGTGTCTG	CAGACACT	0	0	0
AGTGTGAA	TTCACACT	0	0	0
AGTGTGAC	GTCACACT	0	0	0
AGTGTGAG	CTCACACT	0	0	0
AGTGTGAT	ATCACACT	0	0	0
AGTGTGCA	TGCACACT	0	0	0
AGTGTGCC	GGCACACT	0	0	0
AGTGTGCG	CGCACACT	0	0	0
AGTGTGGA	TCCACACT	0	0	0
AGTGTGGC	GCCACACT	0	0	0
AGTGTGGG	CCCACACT	0	0	0
AGTGTGTA	TACACACT	0	0	0
AGTGTGTC	GACACACT	0	0	0
AGTGTGTG	CACACACT	0	0	0
AGTGTTAA	TTAACACT	0	0	0
AGTGTTAC	GTAACACT	0	0	0
AGTGTTAG	CTAACACT	0	0	0
AGTGTTAT	ATAACACT	0	0	0
AGTGTTCA	TGAACACT	0	0	0
AGTGTTCC	GGAACACT	0	0	0
AGTGTTCG	CGAACACT	0	0	0
AGTGTTGA	TCAACACT	0	0	0
AGTGTTGC	GCAACACT	0	0	0
AGTGTTGG	CCAACACT	0	0	0
AGTGTTTA	TAAACACT	0	0	0
AGTGTTTC	GAAACACT	0	0	0
AGTGTTTG	CAAACACT	0	0	0
AGTTAAAA	TTTTAACT	0	0	0
AGTTAAAC	GTTTAACT	0	0	0
AGTTAAAG	CTTTAACT	0	0	0
AGTTAAAT	ATTTAACT	0	0	0
AGTTAACA	TGTTAACT	0	0	0
AGTTAACC	GGTTAACT	0	0	0
AGTTAACG	CGTTAACT	0	0	0
AGTTAACT	AGTTAACT	0	0	0
AGTTAAGA	TCTTAACT	0	0	0
AGTTAAGC	GCTTAACT	0	0	0
AGTTAAGG	CCTTAACT	0	0	0
AGTTAATA	TATTAACT	0	0	0
AGTTAATC	GATTAACT	0	0	0
AGTTAATG	CATTAACT	0	0	0
AGTTACAA	TTGTAACT	0	0	0
AGTTACAC	GTGTAACT	0	0	0
AGTTACAG	CTGTAACT	0	0	0
AGTTACAT	ATGTAACT	0	0	0
AGTTACCA	TGGTAACT	0	0	0
AGTTACCC	GGGTAACT	0	0	0
AGTTACCG	CGGTAACT	0	0	0
AGTTACGA	TCGTAACT	0	0	0
AGTTACGC	GCGTAACT	0	0	0
AGTTACGG	CCGTAACT	0	0	0
AGTTACTA	TAGTAACT	0	0	0
AGTTACTC	GAGTAACT	0	0	0
AGTTACTG	CAGTAACT	0	0	0
AGTTAGAA	TTCTAACT	0	0	0
AGTTAGAC	GTCTAACT	0	0	0
AGTTAGAG	CTCTAACT	0	0	0
AGTTAGAT	ATCTAACT	0	0	0
AGTTAGCA	TGCTAACT	0	0	0
AGTTAGCC	GGCTAACT	0	0	0
AGTTAGCG	CGCTAACT	0	0	0
AGTTAGGA	TCCTAACT	0	0	0
AGTTAGGC	GCCTAACT	0	0	0
AGTTAGGG	CCCTAACT	0	0	0
AGTTAGTA	TACTAACT	0	0	0
AGTTAGTC	GACTAACT	0	0	0
AGTTAGTG	CACTAACT	0	0	0
AGTTATAA	TTATAACT	0	0	0
AGTTATAC	GTATAACT	0	0	0
AGTTATAG	CTATAACT	0	0	0
AGTTATAT	ATATAACT	0	0	0
AGTTATCA	TGATAACT	0	0	0
AGTTATCC	GGATAACT	0	0	0
AGTTATCG	CGATAACT	0	0	0
AGTTATGA	TCATAACT	0	0	0
AGTTATGC	GCATAACT	0	0	0
AGTTATGG	CCATAACT	0	0	0
AGTTATTA	TAATAACT	0	0	0
AGTTATTC	GAATAACT	0	0	0
AGTTATTG	CAATAACT	0	0	0
AGTTCAAA	TTTGAACT	0	0	0
AGTTCAAC	GTTGAACT	0	0	0
AGTTCAAG	CTTGAACT	0	0	0
AGTTCAAT	ATTGAACT	0	0	0
AGTTCACA	TGTGAACT	0	0	0
AGTTCACC	GGTGAACT	0	0	0
AGTTCACG	CGTGAACT	0	0	0
AGTTCAGA	TCTGAACT	0	0	0
AGTTCAGC	GCTGAACT	0	0	0
AGTTCAGG	CCTGAACT	0	0	0
AGTTCATA	TATGAACT	0	0	0
AGTTCATC	GATGAACT	0	0	0
AGTTCATG	CATGAACT	0	0	0
AGTTCCAA	TTGGAACT	0	0	0
AGTTCCAC	GTGGAACT	0	0	0
AGTTCCAG	CTGGAACT	0	0	0
AGTTCCAT	ATGGAACT	0	0	0
AGTTCCCA	TGGGAACT	0	0	0
AGTTCCCC	GGGGAACT	0	0	0
AGTTCCCG	CGGGAACT	0	0	0
AGTTCCGA	TCGGAACT	0	0	0
AGTTCCGC	GCGGAACT	0	0	0
AGTTCCGG	CCGGAACT	0	0	0
AGTTCCTA	TAGGAACT	0	0	0
AGTTCCTC	GAGGAACT	0	0	0
AGTTCCTG	CAGGAACT	0	0	0
AGTTCGAA	TTCGAACT	0	0	0
AGTTCGAC	GTCGAACT	0	0	0
AGTTCGAG	CTCGAACT	0	0	0
AGTTCGAT	ATCGAACT	0	0	0
AGTTCGCA	TGCGAACT	0	0	0
AGTTCGCC	GGCGAACT	0	0	0
AGTTCGCG	CGCGAACT	0	0	0
AGTTCGGA	TCCGAACT	0	0	0
AGTTCGGC	GCCGAACT	0	0	0
AGTTCGGG	CCCGAACT	0	0	0
AGTTCGTA	TACGAACT	0	0	0
AGTTCGTC	GACGAACT	0	0	0
AGTTCGTG	CACGAACT	0	0	0
AGTTCTAA	TTAGAACT	0	0	0
AGTTCTAC	GTAGAACT	0	0	0
AGTTCTAG	CTAGAACT	0	0	0
AGTTCTAT	ATAGAACT	0	0	0
AGTTCTCA	TGAGAACT	0	0	0
AGTTCTCC	GGAGAACT	0	0	0
AGTTCTCG	CGAGAACT	0	0	0
AGTTCTGA	TCAGAACT	0	0	0
AGTTCTGC	GCAGAACT	0	0	0
AGTTCTGG	CCAGAACT	0	0	0
AGTTCTTA	TAAGAACT	0	0	0
AGTTCTTC	GAAGAACT	0	0	0
AGTTCTTG	CAAGAACT	0	0	0
AGTTGAAA	TTTCAACT	0	0	0
AGTTGAAC	GTTCAACT	0	0	0
AGTTGAAG	CTTCAACT	0	0	0
AGTTGAAT	ATTCAACT	0	0	0
AGTTGACA	TGTCAACT	0	0	0
AGTTGACC	GGTCAACT	0	0	0
AGTTGACG	CGTCAACT	0	0	0
AGTTGAGA	TCTCAACT	0	0	0
AGTTGAGC	GCTCAACT	0	0	0
AGTTGAGG	CCTCAACT	0	0	0
AGTTGATA	TATCAACT	0	0	0
AGTTGATC	GATCAACT	0	0	0
AGTTGATG	CATCAACT	0	0	0
AGTTGCAA	TTGCAACT	0	0	0
AGTTGCAC	GTGCAACT	0	0	0
AGTTGCAG	CTGCAACT	0	0	0
AGTTGCAT	ATGCAACT	0	0	0
AGTTGCCA	TGGCAACT	0	0	0
AGTTGCCC	GGGCAACT	0	0	0
AGTTGCCG	CGGCAACT	0	0	0
AGTTGCGA	TCGCAACT	0	0	0
AGTTGCGC	GCGCAACT	0	0	0
AGTTGCGG	CCGCAACT	0	0	0
AGTTGCTA	TAGCAACT	0	0	0
AGTTGCTC	GAGCAACT	0	0	0
AGTTGCTG	CAGCAACT	0	0	0
AGTTGGAA	TTCCAACT	0	0	0
AGTTGGAC	GTCCAACT	0	0	0
AGTTGGAG	CTCCAACT	0	0	0
AGTTGGAT	ATCCAACT	0	0	0
AGTTGGCA	TGCCAACT	0	0	0
AGTTGGCC	GGCCAACT	0	0	0
AGTTGGCG	CGCCAACT	0	0	0
AGTTGGGA	TCCCAACT	0	0	0
AGTTGGGC	GCCCAACT	0	0	0
AGTTGGGG	CCCCAACT	0	0	0
AGTTGGTA	TACCAACT	0	0	0
AGTTGGTC	GACCAACT	0	0	0
AGTTGGTG	CACCAACT	0	0	0
AGTTGTAA	TTACAACT	0	0	0
AGTTGTAC	GTACAACT	0	0	0
AGTTGTAG	CTACAACT	0	0	0
AGTTGTAT	ATACAACT	0	0	0
AGTTGTCA	TGACAACT	0	0	0
AGTTGTCC	GGACAACT	0	0	0
AGTTGTCG	CGACAACT	0	0	0
AGTTGTGA	TCACAACT	0	0	0
AGTTGTGC	GCACAACT	0	0	0
AGTTGTGG	CCACAACT	0	0	0
AGTTGTTA	TAACAACT	0	0	0
AGTTGTTC	GAACAACT	0	0	0
AGTTGTTG	CAACAACT	0	0	0
AGTTTAAA	TTTAAACT	0	0	0
AGTTTAAC	GTTAAACT	0	0	0
AGTTTAAG	CTTAAACT	0	0	0
AGTTTAAT	ATTAAACT	0	0	0
AGTTTACA	TGTAAACT	0	0	0
AGTTTACC	GGTAAACT	0	0	0
AGTTTACG	CGTAAACT	0	0	0
AGTTTAGA	TCTAAACT	0	0	0
AGTTTAGC	GCTAAACT	0	0	0
AGTTTAGG	CCTAAACT	0	0	0
AGTTTATA	TATAAACT	0	0	0
AGTTTATC	GATAAACT	0	0	0
AGTTTATG	CATAAACT	0	0	0
AGTTTCAA	TTGAAACT	0	0	0
AGTTTCAC	GTGAAACT	0	0	0
AGTTTCAG	CTGAAACT	0	0	0
AGTTTCAT	ATGAAACT	0	0	0
AGTTTCCA	TGGAAACT	0	0	0
AGTTTCCC	GGGAAACT	0	0	0
AGTTTCCG	CGGAAACT	0	0	0
AGTTTCGA	TCGAAACT	0	0	0
AGTTTCGC	GCGAAACT	0	0	0
AGTTTCGG	CCGAAACT	0	0	0
AGTTTCTA	TAGAAACT	0	0	0
AGTTTCTC	GAGAAACT	0	0	0
AGTTTCTG	CAGAAACT	0	0	0
AGTTTGAA	TTCAAACT	0	0	0
AGTTTGAC	GTCAAACT	0	0	0
AGTTTGAG	CTCAAACT	0	0	0
AGTTTGAT	ATCAAACT	0	0	0
AGTTTGCA	TGCAAACT	0	0	0
AGTTTGCC	GGCAAACT	0	0	0
AGTTTGCG	CGCAAACT	0	0	0
AGTTTGGA	TCCAAACT	0	0	0
AGTTTGGC	GCCAAACT	0	0	0
AGTTTGGG	CCCAAACT	0	0	0
AGTTTGTA	TACAAACT	0	0	0
AGTTTGTC	GACAAACT	0	0	0
AGTTTGTG	CACAAACT	0	0	0
AGTTTTAA	TTAAAACT	0	0	0
AGTTTTAC	GTAAAACT	0	0	0
AGTTTTAG	CTAAAACT	0	0	0
AGTTTTAT	ATAAAACT	0	0	0
AGTTTTCA	TGAAAACT	0	0	0
AGTTTTCC	GGAAAACT	0	0	0
AGTTTTCG	CGAAAACT	0	0	0
AGTTTTGA	TCAAAACT	0	0	0
AGTTTTGC	GCAAAACT	0	0	0
AGTTTTGG	CCAAAACT	0	0	0
AGTTTTTA	TAAAAACT	0	0	0
AGTTTTTC	GAAAAACT	0	0	0
AGTTTTTG	CAAAAACT	0	0	0
ATAAAAAA	TTTTTTAT	0	0	0
ATAAAAAC	GTTTTTAT	0	0	0
ATAAAAAG	CTTTTTAT	0	0	0
ATAAAAAT	ATTTTTAT	0	0	0
ATAAAACA	TGTTTTAT	0	0	0
ATAAAACC	GGTTTTAT	0	0	0
ATAAAACG	CGTTTTAT	0	0	0
ATAAAAGA	TCTTTTAT	0	0	0
ATAAAAGC	GCTTTTAT	0	0	0
ATAAAAGG	CCTTTTAT	0	0	0
ATAAAATA	TATTTTAT	0	0	0
ATAAAATC	GATTTTAT	0	0	0
ATAAAATG	CATTTTAT	0	0	0
ATAAACAA	TTGTTTAT	0	0	0
ATAAACAC	GTGTTTAT	0	0	0
ATAAACAG	CTGTTTAT	0	0	0
ATAAACAT	ATGTTTAT	0	0	0
ATAAACCA	TGGTTTAT	0	0	0
ATAAACCC	GGGTTTAT	0	0	0
ATAAACCG	CGGTTTAT	0	0	0
ATAAACGA	TCGTTTAT	0	0	0
ATAAACGC	GCGTTTAT	0	0	0
ATAAACGG	CCGTTTAT	0	0	0
ATAAACTA	TAGTTTAT	0	0	0
ATAAACTC	GAGTTTAT	0	0	0
ATAAACTG	CAGTTTAT	0	0	0
ATAAAGAA	TTCTTTAT	0	0	0
ATAAAGAC	GTCTTTAT	0	0	0
ATAAAGAG	CTCTTTAT	0	0	0
ATAAAGAT	ATCTTTAT	0	0	0
ATAAAGCA	TGCTTTAT	0	0	0
ATAAAGCC	GGCTTTAT	0	0	0
ATAAAGCG	CGCTTTAT	0	0	0
ATAAAGGA	TCCTTTAT	0	0	0
ATAAAGGC	GCCTTTAT	0	0	0
ATAAAGGG	CCCTTTAT	0	0	0
ATAAAGTA	TACTTTAT	0	0	0
ATAAAGTC	GACTTTAT	0	0	0
ATAAAGTG	CACTTTAT	0	0	0
ATAAATAA	TTATTTAT	0	0	0
ATAAATAC	GTATTTAT	0	0	0
ATAAATAG	CTATTTAT	0	0	0
ATAAATAT	ATATTTAT	0	0	0
ATAAATCA	TGATTTAT	0	0	0
ATAAATCC	GGATTTAT	0	0	0
ATAAATCG	CGATTTAT	0	0	0
ATAAATGA	TCATTTAT	0	0	0
ATAAATGC	GCATTTAT	0	0	0
ATAAATGG	CCATTTAT	0	0	0
ATAAATTA	TAATTTAT	0	0	0
ATAAATTC	GAATTTAT	0	0	0
ATAAATTG	CAATTTAT	0	0	0
ATAACAAA	TTTGTTAT	0	0	0
ATAACAAC	GTTGTTAT	0	0	0
ATAACAAG	CTTGTTAT	0	0	0
ATAACAAT	ATTGTTAT	0	0	0
ATAACACA	TGTGTTAT	0	0	0
ATAACACC	GGTGTTAT	0	0	0
ATAACACG	CGTGTTAT	0	0	0
ATAACAGA	TCTGTTAT	0	0	0
ATAACAGC	GCTGTTAT	0	0	0
ATAACAGG	CCTGTTAT	0	0	0
ATAACATA	TATGTTAT	0	0	0
ATAACATC	GATGTTAT	0	0	0
ATAACATG	CATGTTAT	0	0	0
ATAACCAA	TTGGTTAT	0	0	0
ATAACCAC	GTGGTTAT	0	0	0
ATAACCAG	CTGGTTAT	0	0	0
ATAACCAT	ATGGTTAT	0	0	0
ATAACCCA	TGGGTTAT	0	0	0
ATAACCCC	GGGGTTAT	0	0	0
ATAACCCG	CGGGTTAT	0	0	0
ATAACCGA	TCGGTTAT	0	0	0
ATAACCGC	GCGGTTAT	0	0	0
ATAACCGG	CCGGTTAT	0	0	0
ATAACCTA	TAGGTTAT	0	0	0
ATAACCTC	GAGGTTAT	0	0	0
ATAACCTG	CAGGTTAT	0	0	0
ATAACGAA	TTCGTTAT	0	0	0
ATAACGAC	GTCGTTAT	0	0	0
ATAACGAG	CTCGTTAT	0	0	0
ATAACGAT	ATCGTTAT	0	0	0
ATAACGCA	TGCGTTAT	0	0	0
ATAACGCC	GGCGTTAT	0	0	0
ATAACGCG	CGCGTTAT	0	0	0
ATAACGGA	TCCGTTAT	0	0	0
ATAACGGC	GCCGTTAT	0	0	0
ATAACGGG	CCCGTTAT	0	0	0
ATAACGTA	TACGTTAT	0	0	0
ATAACGTC	GACGTTAT	0	0	0
ATAACGTG	CACGTTAT	0	0	0
ATAACTAA	TTAGTTAT	0	0	0
ATAACTAC	GTAGTTAT	0	0	0
ATAACTAG	CTAGTTAT	0	0	0
ATAACTAT	ATAGTTAT	0	0	0
ATAACTCA	TGAGTTAT	0	0	0
ATAACTCC	GGAGTTAT	0	0	0
ATAACTCG	CGAGTTAT	0	0	0
ATAACTGA	TCAGTTAT	0	0	0
ATAACTGC	GCAGTTAT	0	0	0
ATAACTGG	CCAGTTAT	0	0	0
ATAACTTA	TAAGTTAT	0	0	0
ATAACTTC	GAAGTTAT	0	0	0
ATAACTTG	CAAGTTAT	0	0	0
ATAAGAAA	TTTCTTAT	0	0	0
ATAAGAAC	GTTCTTAT	0	0	0
ATAAGAAG	CTTCTTAT	0	0	0
ATAAGAAT	ATTCTTAT	0	0	0
ATAAGACA	TGTCTTAT	0	0	0
ATAAGACC	GGTCTTAT	0	0	0
ATAAGACG	CGTCTTAT	0	0	0
ATAAGAGA	TCTCTTAT	0	0	0
ATAAGAGC	GCTCTTAT	0	0	0
ATAAGAGG	CCTCTTAT	0	0	0
ATAAGATA	TATCTTAT	0	0	0
ATAAGATC	GATCTTAT	0	0	0
ATAAGATG	CATCTTAT	0	0	0
ATAAGCAA	TTGCTTAT	0	0	0
ATAAGCAC	GTGCTTAT	0	0	0
ATAAGCAG	CTGCTTAT	0	0	0
ATAAGCAT	ATGCTTAT	0	0	0
ATAAGCCA	TGGCTTAT	0	0	0
ATAAGCCC	GGGCTTAT	0	0	0
ATAAGCCG	CGGCTTAT	0	0	0
ATAAGCGA	TCGCTTAT	0	0	0
ATAAGCGC	GCGCTTAT	0	0	0
ATAAGCGG	CCGCTTAT	0	0	0
ATAAGCTA	TAGCTTAT	0	0	0
ATAAGCTC	GAGCTTAT	0	0	0
ATAAGCTG	CAGCTTAT	0	0	0
ATAAGGAA	TTCCTTAT	0	0	0
ATAAGGAC	GTCCTTAT	0	0	0
ATAAGGAG	CTCCTTAT	0	0	0
ATAAGGAT	ATCCTTAT	0	0	0
ATAAGGCA	TGCCTTAT	0	0	0
ATAAGGCC	GGCCTTAT	0	0	0
ATAAGGCG	CGCCTTAT	0	0	0
ATAAGGGA	TCCCTTAT	0	0	0
ATAAGGGC	GCCCTTAT	0	0	0
ATAAGGGG	CCCCTTAT	0	0	0
ATAAGGTA	TACCTTAT	0	0	0
ATAAGGTC	GACCTTAT	0	0	0
ATAAGGTG	CACCTTAT	0	0	0
ATAAGTAA	TTACTTAT	0	0	0
ATAAGTAC	GTACTTAT	0	0	0
ATAAGTAG	CTACTTAT	0	0	0
ATAAGTAT	ATACTTAT	0	0	0
ATAAGTCA	TGACTTAT	0	0	0
ATAAGTCC	GGACTTAT	0	0	0
ATAAGTCG	CGACTTAT	0	0	0
ATAAGTGA	TCACTTAT	0	0	0
ATAAGTGC	GCACTTAT	0	0	0
ATAAGTGG	CCACTTAT	0	0	0
ATAAGTTA	TAACTTAT	0	0	0
ATAAGTTC	GAACTTAT	0	0	0
ATAAGTTG	CAACTTAT	0	0	0
ATAATAAA	TTTATTAT	0	0	0
ATAATAAC	GTTATTAT	0	0	0
ATAATAAG	CTTATTAT	0	0	0
ATAATAAT	ATTATTAT	0	0	0
ATAATACA	TGTATTAT	0	0	0
ATAATACC	GGTATTAT	0	0	0
ATAATACG	CGTATTAT	0	0	0
ATAATAGA	TCTATTAT	0	0	0
ATAATAGC	GCTATTAT	0	0	0
ATAATAGG	CCTATTAT	0	0	0
ATAATATA	TATATTAT	0	0	0
ATAATATC	GATATTAT	0	0	0
ATAATATG	CATATTAT	0	0	0
ATAATCAA	TTGATTAT	0	0	0
ATAATCAC	GTGATTAT	0	0	0
ATAATCAG	CTGATTAT	0	0	0
ATAATCAT	ATGATTAT	0	0	0
ATAATCCA	TGGATTAT	0	0	0
ATAATCCC	GGGATTAT	0	0	0
ATAATCCG	CGGATTAT	0	0	0
ATAATCGA	TCGATTAT	0	0	0
ATAATCGC	GCGATTAT	0	0	0
ATAATCGG	CCGATTAT	0	0	0
ATAATCTA	TAGATTAT	0	0	0
ATAATCTC	GAGATTAT	0	0	0
ATAATCTG	CAGATTAT	0	0	0
ATAATGAA	TTCATTAT	0	0	0
ATAATGAC	GTCATTAT	0	0	0
ATAATGAG	CTCATTAT	0	0	0
ATAATGAT	ATCATTAT	0	0	0
ATAATGCA	TGCATTAT	0	0	0
ATAATGCC	GGCATTAT	0	0	0
ATAATGCG	CGCATTAT	0	0	0
ATAATGGA	TCCATTAT	0	0	0
ATAATGGC	GCCATTAT	0	0	0
ATAATGGG	CCCATTAT	0	0	0
ATAATGTA	TACATTAT	0	0	0
ATAATGTC	GACATTAT	0	0	0
ATAATGTG	CACATTAT	0	0	0
ATAATTAA	TTAATTAT	0	0	0
ATAATTAC	GTAATTAT	0	0	0
ATAATTAG	CTAATTAT	0	0	0
ATAATTAT	ATAATTAT	0	0	0
ATAATTCA	TGAATTAT	0	0	0
ATAATTCC	GGAATTAT	0	0	0
ATAATTCG	CGAATTAT	0	0	0
ATAATTGA	TCAATTAT	0	0	0
ATAATTGC	GCAATTAT	0	0	0
ATAATTGG	CCAATTAT	0	0	0
ATAATTTA	TAAATTAT	0	0	0
ATAATTTC	GAAATTAT	0	0	0
ATAATTTG	CAAATTAT	0	0	0
ATACAAAA	TTTTGTAT	0	0	0
ATACAAAC	GTTTGTAT	0	0	0
ATACAAAG	CTTTGTAT	0	0	0
ATACAAAT	ATTTGTAT	0	0	0
ATACAACA	TGTTGTAT	0	0	0
ATACAACC	GGTTGTAT	0	0	0
ATACAACG	CGTTGTAT	0	0	0
ATACAAGA	TCTTGTAT	0	0	0
ATACAAGC	GCTTGTAT	0	0	0
ATACAAGG	CCTTGTAT	0	0	0
ATACAATA	TATTGTAT	0	0	0
ATACAATC	GATTGTAT	0	0	0
ATACAATG	CATTGTAT	0	0	0
ATACACAA	TTGTGTAT	0	0	0
ATACACAC	GTGTGTAT	0	0	0
ATACACAG	CTGTGTAT	0	0	0
ATACACAT	ATGTGTAT	0	0	0
ATACACCA	TGGTGTAT	0	0	0
ATACACCC	GGGTGTAT	0	0	0
ATACACCG	CGGTGTAT	0	0	0
ATACACGA	TCGTGTAT	0	0	0
ATACACGC	GCGTGTAT	0	0	0
ATACACGG	CCGTGTAT	0	0	0
ATACACTA	TAGTGTAT	0	0	0
ATACACTC	GAGTGTAT	0	0	0
ATACACTG	CAGTGTAT	0	0	0
ATACAGAA	TTCTGTAT	0	0	0
ATACAGAC	GTCTGTAT	0	0	0
ATACAGAG	CTCTGTAT	0	0	0
ATACAGAT	ATCTGTAT	0	0	0
ATACAGCA	TGCTGTAT	0	0	0
ATACAGCC	GGCTGTAT	0	0	0
ATACAGCG	CGCTGTAT	0	0	0
ATACAGGA	TCCTGTAT	0	0	0
ATACAGGC	GCCTGTAT	0	0	0
ATACAGGG	CCCTGTAT	0	0	0
ATACAGTA	TACTGTAT	0	0	0
ATACAGTC	GACTGTAT	0	0	0
ATACAGTG	CACTGTAT	0	0	0
ATACATAA	TTATGTAT	0	0	0
ATACATAC	GTATGTAT	0	0	0
ATACATAG	CTATGTAT	0	0	0
ATACATAT	ATATGTAT	0	0	0
ATACATCA	TGATGTAT	0	0	0
ATACATCC	GGATGTAT	0	0	0
ATACATCG	CGATGTAT	0	0	0
ATACATGA	TCATGTAT	0	0	0
ATACATGC	GCATGTAT	0	0	0
ATACATGG	CCATGTAT	0	0	0
ATACATTA	TAATGTAT	0	0	0
ATACATTC	GAATGTAT	0	0	0
ATACATTG	CAATGTAT	0	0	0
ATACCAAA	TTTGGTAT	0	0	0
ATACCAAC	GTTGGTAT	0	0	0
ATACCAAG	CTTGGTAT	0	0	0
ATACCAAT	ATTGGTAT	0	0	0
ATACCACA	TGTGGTAT	0	0	0
ATACCACC	GGTGGTAT	0	0	0
ATACCACG	CGTGGTAT	0	0	0
ATACCAGA	TCTGGTAT	0	0	0
ATACCAGC	GCTGGTAT	0	0	0
ATACCAGG	CCTGGTAT	0	0	0
ATACCATA	TATGGTAT	0	0	0
ATACCATC	GATGGTAT	0	0	0
ATACCATG	CATGGTAT	0	0	0
ATACCCAA	TTGGGTAT	0	0	0
ATACCCAC	GTGGGTAT	0	0	0
ATACCCAG	CTGGGTAT	0	0	0
ATACCCAT	ATGGGTAT	0	0	0
ATACCCCA	TGGGGTAT	0	0	0
ATACCCCC	GGGGGTAT	0	0	0
ATACCCCG	CGGGGTAT	0	0	0
ATACCCGA	TCGGGTAT	0	0	0
ATACCCGC	GCGGGTAT	0	0	0
ATACCCGG	CCGGGTAT	0	0	0
ATACCCTA	TAGGGTAT	0	0	0
ATACCCTC	GAGGGTAT	0	0	0
ATACCCTG	CAGGGTAT	0	0	0
ATACCGAA	TTCGGTAT	0	0	0
ATACCGAC	GTCGGTAT	0	0	0
ATACCGAG	CTCGGTAT	0	0	0
ATACCGAT	ATCGGTAT	0	0	0
ATACCGCA	TGCGGTAT	0	0	0
ATACCGCC	GGCGGTAT	0	0	0
ATACCGCG	CGCGGTAT	0	0	0
ATACCGGA	TCCGGTAT	0	0	0
ATACCGGC	GCCGGTAT	0	0	0
ATACCGGG	CCCGGTAT	0	0	0
ATACCGTA	TACGGTAT	0	0	0
ATACCGTC	GACGGTAT	0	0	0
ATACCGTG	CACGGTAT	0	0	0
ATACCTAA	TTAGGTAT	0	0	0
ATACCTAC	GTAGGTAT	0	0	0
ATACCTAG	CTAGGTAT	0	0	0
ATACCTAT	ATAGGTAT	0	0	0
ATACCTCA	TGAGGTAT	0	0	0
ATACCTCC	GGAGGTAT	0	0	0
ATACCTCG	CGAGGTAT	0	0	0
ATACCTGA	TCAGGTAT	0	0	0
ATACCTGC	GCAGGTAT	0	0	0
ATACCTGG	CCAGGTAT	0	0	0
ATACCTTA	TAAGGTAT	0	0	0
ATACCTTC	GAAGGTAT	0	0	0
ATACCTTG	CAAGGTAT	0	0	0
ATACGAAA	TTTCGTAT	0	0	0
ATACGAAC	GTTCGTAT	0	0	0
ATACGAAG	CTTCGTAT	0	0	0
ATACGAAT	ATTCGTAT	0	0	0
ATACGACA	TGTCGTAT	0	0	0
ATACGACC	GGTCGTAT	0	0	0
ATACGACG	CGTCGTAT	0	0	0
ATACGAGA	TCTCGTAT	0	0	0
ATACGAGC	GCTCGTAT	0	0	0
ATACGAGG	CCTCGTAT	0	0	0
ATACGATA	TATCGTAT	0	0	0
ATACGATC	GATCGTAT	0	0	0
ATACGATG	CATCGTAT	0	0	0
ATACGCAA	TTGCGTAT	0	0	0
ATACGCAC	GTGCGTAT	0	0	0
ATACGCAG	CTGCGTAT	0	0	0
ATACGCAT	ATGCGTAT	0	0	0
ATACGCCA	TGGCGTAT	0	0	0
ATACGCCC	GGGCGTAT	0	0	0
ATACGCCG	CGGCGTAT	0	0	0
ATACGCGA	TCGCGTAT	0	0	0
ATACGCGC	GCGCGTAT	0	0	0
ATACGCGG	CCGCGTAT	0	0	0
ATACGCTA	TAGCGTAT	0	0	0
ATACGCTC	GAGCGTAT	0	0	0
ATACGCTG	CAGCGTAT	0	0	0
ATACGGAA	TTCCGTAT	0	0	0
ATACGGAC	GTCCGTAT	0	0	0
ATACGGAG	CTCCGTAT	0	0	0
ATACGGAT	ATCCGTAT	0	0	0
ATACGGCA	TGCCGTAT	0	0	0
ATACGGCC	GGCCGTAT	0	0	0
ATACGGCG	CGCCGTAT	0	0	0
ATACGGGA	TCCCGTAT	0	0	0
ATACGGGC	GCCCGTAT	0	0	0
ATACGGGG	CCCCGTAT	0	0	0
ATACGGTA	TACCGTAT	0	0	0
ATACGGTC	GACCGTAT	0	0	0
ATACGGTG	CACCGTAT	0	0	0
ATACGTAA	TTACGTAT	0	0	0
ATACGTAC	GTACGTAT	0	0	0
ATACGTAG	CTACGTAT	0	0	0
ATACGTAT	ATACGTAT	0	0	0
ATACGTCA	TGACGTAT	0	0	0
ATACGTCC	GGACGTAT	0	0	0
ATACGTCG	CGACGTAT	0	0	0
ATACGTGA	TCACGTAT	0	0	0
ATACGTGC	GCACGTAT	0	0	0
ATACGTGG	CCACGTAT	0	0	0
ATACGTTA	TAACGTAT	0	0	0
ATACGTTC	GAACGTAT	0	0	0
ATACGTTG	CAACGTAT	0	0	0
ATACTAAA	TTTAGTAT	0	0	0
ATACTAAC	GTTAGTAT	0	0	0
ATACTAAG	CTTAGTAT	0	0	0
ATACTAAT	ATTAGTAT	0	0	0
ATACTACA	TGTAGTAT	0	0	0
ATACTACC	GGTAGTAT	0	0	0
ATACTACG	CGTAGTAT	0	0	0
ATACTAGA	TCTAGTAT	0	0	0
ATACTAGC	GCTAGTAT	0	0	0
ATACTAGG	CCTAGTAT	0	0	0
ATACTATA	TATAGTAT	0	0	0
ATACTATC	GATAGTAT	0	0	0
ATACTATG	CATAGTAT	0	0	0
ATACTCAA	TTGAGTAT	0	0	0
ATACTCAC	GTGAGTAT	0	0	0
ATACTCAG	CTGAGTAT	0	0	0
ATACTCAT	ATGAGTAT	0	0	0
ATACTCCA	TGGAGTAT	0	0	0
ATACTCCC	GGGAGTAT	0	0	0
ATACTCCG	CGGAGTAT	0	0	0
ATACTCGA	TCGAGTAT	0	0	0
ATACTCGC	GCGAGTAT	0	0	0
ATACTCGG	CCGAGTAT	0	0	0
ATACTCTA	TAGAGTAT	0	0	0
ATACTCTC	GAGAGTAT	0	0	0
ATACTCTG	CAGAGTAT	0	0	0
ATACTGAA	TTCAGTAT	0	0	0
ATACTGAC	GTCAGTAT	0	0	0
ATACTGAG	CTCAGTAT	0	0	0
ATACTGAT	ATCAGTAT	0	0	0
ATACTGCA	TGCAGTAT	0	0	0
ATACTGCC	GGCAGTAT	0	0	0
ATACTGCG	CGCAGTAT	0	0	0
ATACTGGA	TCCAGTAT	0	0	0
ATACTGGC	GCCAGTAT	0	0	0
ATACTGGG	CCCAGTAT	0	0	0
ATACTGTA	TACAGTAT	0	0	0
ATACTGTC	GACAGTAT	0	0	0
ATACTGTG	CACAGTAT	0	0	0
ATACTTAA	TTAAGTAT	0	0	0
ATACTTAC	GTAAGTAT	0	0	0
ATACTTAG	CTAAGTAT	0	0	0
ATACTTCA	TGAAGTAT	0	0	0
ATACTTCC	GGAAGTAT	0	0	0
ATACTTCG	CGAAGTAT	0	0	0
ATACTTGA	TCAAGTAT	0	0	0
ATACTTGC	GCAAGTAT	0	0	0
ATACTTGG	CCAAGTAT	0	0	0
ATACTTTA	TAAAGTAT	0	0	0
ATACTTTC	GAAAGTAT	0	0	0
ATACTTTG	CAAAGTAT	0	0	0
ATAGAAAA	TTTTCTAT	0	0	0
ATAGAAAC	GTTTCTAT	0	0	0
ATAGAAAG	CTTTCTAT	0	0	0
ATAGAAAT	ATTTCTAT	0	0	0
ATAGAACA	TGTTCTAT	0	0	0
ATAGAACC	GGTTCTAT	0	0	0
ATAGAACG	CGTTCTAT	0	0	0
ATAGAAGA	TCTTCTAT	0	0	0
ATAGAAGC	GCTTCTAT	0	0	0
ATAGAAGG	CCTTCTAT	0	0	0
ATAGAATA	TATTCTAT	0	0	0
ATAGAATC	GATTCTAT	0	0	0
ATAGAATG	CATTCTAT	0	0	0
ATAGACAA	TTGTCTAT	0	0	0
ATAGACAC	GTGTCTAT	0	0	0
ATAGACAG	CTGTCTAT	0	0	0
ATAGACAT	ATGTCTAT	0	0	0
ATAGACCA	TGGTCTAT	0	0	0
ATAGACCC	GGGTCTAT	0	0	0
ATAGACCG	CGGTCTAT	0	0	0
ATAGACGA	TCGTCTAT	0	0	0
ATAGACGC	GCGTCTAT	0	0	0
ATAGACGG	CCGTCTAT	0	0	0
ATAGACTA	TAGTCTAT	0	0	0
ATAGACTC	GAGTCTAT	0	0	0
ATAGACTG	CAGTCTAT	0	0	0
ATAGAGAA	TTCTCTAT	0	0	0
ATAGAGAC	GTCTCTAT	0	0	0
ATAGAGAG	CTCTCTAT	0	0	0
ATAGAGAT	ATCTCTAT	0	0	0
ATAGAGCA	TGCTCTAT	0	0	0
ATAGAGCC	GGCTCTAT	0	0	0
ATAGAGCG	CGCTCTAT	0	0	0
ATAGAGGA	TCCTCTAT	0	0	0
ATAGAGGC	GCCTCTAT	0	0	0
ATAGAGGG	CCCTCTAT	0	0	0
ATAGAGTA	TACTCTAT	0	0	0
ATAGAGTC	GACTCTAT	0	0	0
ATAGAGTG	CACTCTAT	0	0	0
ATAGATAA	TTATCTAT	0	0	0
ATAGATAC	GTATCTAT	0	0	0
ATAGATAG	CTATCTAT	0	0	0
ATAGATAT	ATATCTAT	0	0	0
ATAGATCA	TGATCTAT	0	0	0
ATAGATCC	GGATCTAT	0	0	0
ATAGATCG	CGATCTAT	0	0	0
ATAGATGA	TCATCTAT	0	0	0
ATAGATGC	GCATCTAT	0	0	0
ATAGATGG	CCATCTAT	0	0	0
ATAGATTA	TAATCTAT	0	0	0
ATAGATTC	GAATCTAT	0	0	0
ATAGATTG	CAATCTAT	0	0	0
ATAGCAAA	TTTGCTAT	0	0	0
ATAGCAAC	GTTGCTAT	0	0	0
ATAGCAAG	CTTGCTAT	0	0	0
ATAGCAAT	ATTGCTAT	0	0	0
ATAGCACA	TGTGCTAT	0	0	0
ATAGCACC	GGTGCTAT	0	0	0
ATAGCACG	CGTGCTAT	0	0	0
ATAGCAGA	TCTGCTAT	0	0	0
ATAGCAGC	GCTGCTAT	0	0	0
ATAGCAGG	CCTGCTAT	0	0	0
ATAGCATA	TATGCTAT	0	0	0
ATAGCATC	GATGCTAT	0	0	0
ATAGCATG	CATGCTAT	0	0	0
ATAGCCAA	TTGGCTAT	0	0	0
ATAGCCAC	GTGGCTAT	0	0	0
ATAGCCAG	CTGGCTAT	0	0	0
ATAGCCAT	ATGGCTAT	0	0	0
ATAGCCCA	TGGGCTAT	0	0	0
ATAGCCCC	GGGGCTAT	0	0	0
ATAGCCCG	CGGGCTAT	0	0	0
ATAGCCGA	TCGGCTAT	0	0	0
ATAGCCGC	GCGGCTAT	0	0	0
ATAGCCGG	CCGGCTAT	0	0	0
ATAGCCTA	TAGGCTAT	0	0	0
ATAGCCTC	GAGGCTAT	0	0	0
ATAGCCTG	CAGGCTAT	0	0	0
ATAGCGAA	TTCGCTAT	0	0	0
ATAGCGAC	GTCGCTAT	0	0	0
ATAGCGAG	CTCGCTAT	0	0	0
ATAGCGAT	ATCGCTAT	0	0	0
ATAGCGCA	TGCGCTAT	0	0	0
ATAGCGCC	GGCGCTAT	0	0	0
ATAGCGCG	CGCGCTAT	0	0	0
ATAGCGGA	TCCGCTAT	0	0	0
ATAGCGGC	GCCGCTAT	0	0	0
ATAGCGGG	CCCGCTAT	0	0	0
ATAGCGTA	TACGCTAT	0	0	0
ATAGCGTC	GACGCTAT	0	0	0
ATAGCGTG	CACGCTAT	0	0	0
ATAGCTAA	TTAGCTAT	0	0	0
ATAGCTAC	GTAGCTAT	0	0	0
ATAGCTAG	CTAGCTAT	0	0	0
ATAGCTAT	ATAGCTAT	0	0	0
ATAGCTCA	TGAGCTAT	0	0	0
ATAGCTCC	GGAGCTAT	0	0	0
ATAGCTCG	CGAGCTAT	0	0	0
ATAGCTGA	TCAGCTAT	0	0	0
ATAGCTGC	GCAGCTAT	0	0	0
ATAGCTGG	CCAGCTAT	0	0	0
ATAGCTTA	TAAGCTAT	0	0	0
ATAGCTTC	GAAGCTAT	0	0	0
ATAGCTTG	CAAGCTAT	0	0	0
ATAGGAAA	TTTCCTAT	0	0	0
ATAGGAAC	GTTCCTAT	0	0	0
ATAGGAAG	CTTCCTAT	0	0	0
ATAGGAAT	ATTCCTAT	0	0	0
ATAGGACA	TGTCCTAT	0	0	0
ATAGGACC	GGTCCTAT	0	0	0
ATAGGACG	CGTCCTAT	0	0	0
ATAGGAGA	TCTCCTAT	0	0	0
ATAGGAGC	GCTCCTAT	0	0	0
ATAGGAGG	CCTCCTAT	0	0	0
ATAGGATA	TATCCTAT	0	0	0
ATAGGATC	GATCCTAT	0	0	0
ATAGGATG	CATCCTAT	0	0	0
ATAGGCAA	TTGCCTAT	0	0	0
ATAGGCAC	GTGCCTAT	0	0	0
ATAGGCAG	CTGCCTAT	0	0	0
ATAGGCAT	ATGCCTAT	0	0	0
ATAGGCCA	TGGCCTAT	0	0	0
ATAGGCCC	GGGCCTAT	0	0	0
ATAGGCCG	CGGCCTAT	0	0	0
ATAGGCGA	TCGCCTAT	0	0	0
ATAGGCGC	GCGCCTAT	0	0	0
ATAGGCGG	CCGCCTAT	0	0	0
ATAGGCTA	TAGCCTAT	0	0	0
ATAGGCTC	GAGCCTAT	0	0	0
ATAGGCTG	CAGCCTAT	0	0	0
ATAGGGAA	TTCCCTAT	0	0	0
ATAGGGAC	GTCCCTAT	0	0	0
ATAGGGAG	CTCCCTAT	0	0	0
ATAGGGAT	ATCCCTAT	0	0	0
ATAGGGCA	TGCCCTAT	0	0	0
ATAGGGCC	GGCCCTAT	0	0	0
ATAGGGCG	CGCCCTAT	0	0	0
ATAGGGGA	TCCCCTAT	0	0	0
ATAGGGGC	GCCCCTAT	0	0	0
ATAGGGGG	CCCCCTAT	0	0	0
ATAGGGTA	TACCCTAT	0	0	0
ATAGGGTC	GACCCTAT	0	0	0
ATAGGGTG	CACCCTAT	0	0	0
ATAGGTAA	TTACCTAT	0	0	0
ATAGGTAC	GTACCTAT	0	0	0
ATAGGTAG	CTACCTAT	0	0	0
ATAGGTCA	TGACCTAT	0	0	0
ATAGGTCC	GGACCTAT	0	0	0
ATAGGTCG	CGACCTAT	0	0	0
ATAGGTGA	TCACCTAT	0	0	0
ATAGGTGC	GCACCTAT	0	0	0
ATAGGTGG	CCACCTAT	0	0	0
ATAGGTTA	TAACCTAT	0	0	0
ATAGGTTC	GAACCTAT	0	0	0
ATAGGTTG	CAACCTAT	0	0	0
ATAGTAAA	TTTACTAT	0	0	0
ATAGTAAC	GTTACTAT	0	0	0
ATAGTAAG	CTTACTAT	0	0	0
ATAGTAAT	ATTACTAT	0	0	0
ATAGTACA	TGTACTAT	0	0	0
ATAGTACC	GGTACTAT	0	0	0
ATAGTACG	CGTACTAT	0	0	0
ATAGTAGA	TCTACTAT	0	0	0
ATAGTAGC	GCTACTAT	0	0	0
ATAGTAGG	CCTACTAT	0	0	0
ATAGTATA	TATACTAT	0	0	0
ATAGTATC	GATACTAT	0	0	0
ATAGTATG	CATACTAT	0	0	0
ATAGTCAA	TTGACTAT	0	0	0
ATAGTCAC	GTGACTAT	0	0	0
ATAGTCAG	CTGACTAT	0	0	0
ATAGTCAT	ATGACTAT	0	0	0
ATAGTCCA	TGGACTAT	0	0	0
ATAGTCCC	GGGACTAT	0	0	0
ATAGTCCG	CGGACTAT	0	0	0
ATAGTCGA	TCGACTAT	0	0	0
ATAGTCGC	GCGACTAT	0	0	0
ATAGTCGG	CCGACTAT	0	0	0
ATAGTCTA	TAGACTAT	0	0	0
ATAGTCTC	GAGACTAT	0	0	0
ATAGTCTG	CAGACTAT	0	0	0
ATAGTGAA	TTCACTAT	0	0	0
ATAGTGAC	GTCACTAT	0	0	0
ATAGTGAG	CTCACTAT	0	0	0
ATAGTGAT	ATCACTAT	0	0	0
ATAGTGCA	TGCACTAT	0	0	0
ATAGTGCC	GGCACTAT	0	0	0
ATAGTGCG	CGCACTAT	0	0	0
ATAGTGGA	TCCACTAT	0	0	0
ATAGTGGC	GCCACTAT	0	0	0
ATAGTGGG	CCCACTAT	0	0	0
ATAGTGTA	TACACTAT	0	0	0
ATAGTGTC	GACACTAT	0	0	0
ATAGTGTG	CACACTAT	0	0	0
ATAGTTAA	TTAACTAT	0	0	0
ATAGTTAC	GTAACTAT	0	0	0
ATAGTTAG	CTAACTAT	0	0	0
ATAGTTCA	TGAACTAT	0	0	0
ATAGTTCC	GGAACTAT	0	0	0
ATAGTTCG	CGAACTAT	0	0	0
ATAGTTGA	TCAACTAT	0	0	0
ATAGTTGC	GCAACTAT	0	0	0
ATAGTTGG	CCAACTAT	0	0	0
ATAGTTTA	TAAACTAT	0	0	0
ATAGTTTC	GAAACTAT	0	0	0
ATAGTTTG	CAAACTAT	0	0	0
ATATAAAA	TTTTATAT	0	0	0
ATATAAAC	GTTTATAT	0	0	0
ATATAAAG	CTTTATAT	0	0	0
ATATAAAT	ATTTATAT	0	0	0
ATATAACA	TGTTATAT	0	0	0
ATATAACC	GGTTATAT	0	0	0
ATATAACG	CGTTATAT	0	0	0
ATATAAGA	TCTTATAT	0	0	0
ATATAAGC	GCTTATAT	0	0	0
ATATAAGG	CCTTATAT	0	0	0
ATATAATA	TATTATAT	0	0	0
ATATAATC	GATTATAT	0	0	0
ATATAATG	CATTATAT	0	0	0
ATATACAA	TTGTATAT	0	0	0
ATATACAC	GTGTATAT	0	0	0
ATATACAG	CTGTATAT	0	0	0
ATATACAT	ATGTATAT	0	0	0
ATATACCA	TGGTATAT	0	0	0
ATATACCC	GGGTATAT	0	0	0
ATATACCG	CGGTATAT	0	0	0
ATATACGA	TCGTATAT	0	0	0
ATATACGC	GCGTATAT	0	0	0
ATATACGG	CCGTATAT	0	0	0
ATATACTA	TAGTATAT	0	0	0
ATATACTC	GAGTATAT	0	0	0
ATATACTG	CAGTATAT	0	0	0
ATATAGAA	TTCTATAT	0	0	0
ATATAGAC	GTCTATAT	0	0	0
ATATAGAG	CTCTATAT	0	0	0
ATATAGAT	ATCTATAT	0	0	0
ATATAGCA	TGCTATAT	0	0	0
ATATAGCC	GGCTATAT	0	0	0
ATATAGCG	CGCTATAT	0	0	0
ATATAGGA	TCCTATAT	0	0	0
ATATAGGC	GCCTATAT	0	0	0
ATATAGGG	CCCTATAT	0	0	0
ATATAGTA	TACTATAT	0	0	0
ATATAGTC	GACTATAT	0	0	0
ATATAGTG	CACTATAT	0	0	0
ATATATAA	TTATATAT	0	0	0
ATATATAC	GTATATAT	0	0	0
ATATATAG	CTATATAT	0	0	0
ATATATAT	ATATATAT	0	0	0
ATATATCA	TGATATAT	0	0	0
ATATATCC	GGATATAT	0	0	0
ATATATCG	CGATATAT	0	0	0
ATATATGA	TCATATAT	0	0	0
ATATATGC	GCATATAT	0	0	0
ATATATGG	CCATATAT	0	0	0
ATATATTA	TAATATAT	0	0	0
ATATATTC	GAATATAT	0	0	0
ATATATTG	CAATATAT	0	0	0
ATATCAAA	TTTGATAT	0	0	0
ATATCAAC	GTTGATAT	0	0	0
ATATCAAG	CTTGATAT	0	0	0
ATATCAAT	ATTGATAT	0	0	0
ATATCACA	TGTGATAT	0	0	0
ATATCACC	GGTGATAT	0	0	0
ATATCACG	CGTGATAT	0	0	0
ATATCAGA	TCTGATAT	0	0	0
ATATCAGC	GCTGATAT	0	0	0
ATATCAGG	CCTGATAT	0	0	0
ATATCATA	TATGATAT	0	0	0
ATATCATC	GATGATAT	0	0	0
ATATCATG	CATGATAT	0	0	0
ATATCCAA	TTGGATAT	0	0	0
ATATCCAC	GTGGATAT	0	0	0
ATATCCAG	CTGGATAT	0	0	0
ATATCCAT	ATGGATAT	0	0	0
ATATCCCA	TGGGATAT	0	0	0
ATATCCCC	GGGGATAT	0	0	0
ATATCCCG	CGGGATAT	0	0	0
ATATCCGA	TCGGATAT	0	0	0
ATATCCGC	GCGGATAT	0	0	0
ATATCCGG	CCGGATAT	0	0	0
ATATCCTA	TAGGATAT	0	0	0
ATATCCTC	GAGGATAT	0	0	0
ATATCCTG	CAGGATAT	0	0	0
ATATCGAA	TTCGATAT	0	0	0
ATATCGAC	GTCGATAT	0	0	0
ATATCGAG	CTCGATAT	0	0	0
ATATCGAT	ATCGATAT	0	0	0
ATATCGCA	TGCGATAT	0	0	0
ATATCGCC	GGCGATAT	0	0	0
ATATCGCG	CGCGATAT	0	0	0
ATATCGGA	TCCGATAT	0	0	0
ATATCGGC	GCCGATAT	0	0	0
ATATCGGG	CCCGATAT	0	0	0
ATATCGTA	TACGATAT	0	0	0
ATATCGTC	GACGATAT	0	0	0
ATATCGTG	CACGATAT	0	0	0
ATATCTAA	TTAGATAT	0	0	0
ATATCTAC	GTAGATAT	0	0	0
ATATCTAG	CTAGATAT	0	0	0
ATATCTCA	TGAGATAT	0	0	0
ATATCTCC	GGAGATAT	0	0	0
ATATCTCG	CGAGATAT	0	0	0
ATATCTGA	TCAGATAT	0	0	0
ATATCTGC	GCAGATAT	0	0	0
ATATCTGG	CCAGATAT	0	0	0
ATATCTTA	TAAGATAT	0	0	0
ATATCTTC	GAAGATAT	0	0	0
ATATCTTG	CAAGATAT	0	0	0
ATATGAAA	TTTCATAT	0	0	0
ATATGAAC	GTTCATAT	0	0	0
ATATGAAG	CTTCATAT	0	0	0
ATATGAAT	ATTCATAT	0	0	0
ATATGACA	TGTCATAT	0	0	0
ATATGACC	GGTCATAT	0	0	0
ATATGACG	CGTCATAT	0	0	0
ATATGAGA	TCTCATAT	0	0	0
ATATGAGC	GCTCATAT	0	0	0
ATATGAGG	CCTCATAT	0	0	0
ATATGATA	TATCATAT	0	0	0
ATATGATC	GATCATAT	0	0	0
ATATGATG	CATCATAT	0	0	0
ATATGCAA	TTGCATAT	0	0	0
ATATGCAC	GTGCATAT	0	0	0
ATATGCAG	CTGCATAT	0	0	0
ATATGCAT	ATGCATAT	0	0	0
ATATGCCA	TGGCATAT	0	0	0
ATATGCCC	GGGCATAT	0	0	0
ATATGCCG	CGGCATAT	0	0	0
ATATGCGA	TCGCATAT	0	0	0
ATATGCGC	GCGCATAT	0	0	0
ATATGCGG	CCGCATAT	0	0	0
ATATGCTA	TAGCATAT	0	0	0
ATATGCTC	GAGCATAT	0	0	0
ATATGCTG	CAGCATAT	0	0	0
ATATGGAA	TTCCATAT	0	0	0
ATATGGAC	GTCCATAT	0	0	0
ATATGGAG	CTCCATAT	0	0	0
ATATGGAT	ATCCATAT	0	0	0
ATATGGCA	TGCCATAT	0	0	0
ATATGGCC	GGCCATAT	0	0	0
ATATGGCG	CGCCATAT	0	0	0
ATATGGGA	TCCCATAT	0	0	0
ATATGGGC	GCCCATAT	0	0	0
ATATGGGG	CCCCATAT	0	0	0
ATATGGTA	TACCATAT	0	0	0
ATATGGTC	GACCATAT	0	0	0
ATATGGTG	CACCATAT	0	0	0
ATATGTAA	TTACATAT	0	0	0
ATATGTAC	GTACATAT	0	0	0
ATATGTAG	CTACATAT	0	0	0
ATATGTCA	TGACATAT	0	0	0
ATATGTCC	GGACATAT	0	0	0
ATATGTCG	CGACATAT	0	0	0
ATATGTGA	TCACATAT	0	0	0
ATATGTGC	GCACATAT	0	0	0
ATATGTGG	CCACATAT	0	0	0
ATATGTTA	TAACATAT	0	0	0
ATATGTTC	GAACATAT	0	0	0
ATATGTTG	CAACATAT	0	0	0
ATATTAAA	TTTAATAT	0	0	0
ATATTAAC	GTTAATAT	0	0	0
ATATTAAG	CTTAATAT	0	0	0
ATATTAAT	ATTAATAT	0	0	0
ATATTACA	TGTAATAT	0	0	0
ATATTACC	GGTAATAT	0	0	0
ATATTACG	CGTAATAT	0	0	0
ATATTAGA	TCTAATAT	0	0	0
ATATTAGC	GCTAATAT	0	0	0
ATATTAGG	CCTAATAT	0	0	0
ATATTATA	TATAATAT	0	0	0
ATATTATC	GATAATAT	0	0	0
ATATTATG	CATAATAT	0	0	0
ATATTCAA	TTGAATAT	0	0	0
ATATTCAC	GTGAATAT	0	0	0
ATATTCAG	CTGAATAT	0	0	0
ATATTCAT	ATGAATAT	0	0	0
ATATTCCA	TGGAATAT	0	0	0
ATATTCCC	GGGAATAT	0	0	0
ATATTCCG	CGGAATAT	0	0	0
ATATTCGA	TCGAATAT	0	0	0
ATATTCGC	GCGAATAT	0	0	0
ATATTCGG	CCGAATAT	0	0	0
ATATTCTA	TAGAATAT	0	0	0
ATATTCTC	GAGAATAT	0	0	0
ATATTCTG	CAGAATAT	0	0	0
ATATTGAA	TTCAATAT	0	0	0
ATATTGAC	GTCAATAT	0	0	0
ATATTGAG	CTCAATAT	0	0	0
ATATTGAT	ATCAATAT	0	0	0
ATATTGCA	TGCAATAT	0	0	0
ATATTGCC	GGCAATAT	0	0	0
ATATTGCG	CGCAATAT	0	0	0
ATATTGGA	TCCAATAT	0	0	0
ATATTGGC	GCCAATAT	0	0	0
ATATTGGG	CCCAATAT	0	0	0
ATATTGTA	TACAATAT	0	0	0
ATATTGTC	GACAATAT	0	0	0
ATATTGTG	CACAATAT	0	0	0
ATATTTAA	TTAAATAT	0	0	0
ATATTTAC	GTAAATAT	0	0	0
ATATTTAG	CTAAATAT	0	0	0
ATATTTCA	TGAAATAT	0	0	0
ATATTTCC	GGAAATAT	0	0	0
ATATTTCG	CGAAATAT	0	0	0
ATATTTGA	TCAAATAT	0	0	0
ATATTTGC	GCAAATAT	0	0	0
ATATTTGG	CCAAATAT	0	0	0
ATATTTTA	TAAAATAT	0	0	0
ATATTTTC	GAAAATAT	0	0	0
ATATTTTG	CAAAATAT	0	0	0
ATCAAAAA	TTTTTGAT	0	0	0
ATCAAAAC	GTTTTGAT	0	0	0
ATCAAAAG	CTTTTGAT	0	0	0
ATCAAAAT	ATTTTGAT	0	0	0
ATCAAACA	TGTTTGAT	0	0	0
ATCAAACC	GGTTTGAT	0	0	0
ATCAAACG	CGTTTGAT	0	0	0
ATCAAAGA	TCTTTGAT	0	0	0
ATCAAAGC	GCTTTGAT	0	0	0
ATCAAAGG	CCTTTGAT	0	0	0
ATCAAATA	TATTTGAT	0	0	0
ATCAAATC	GATTTGAT	0	0	0
ATCAAATG	CATTTGAT	0	0	0
ATCAACAA	TTGTTGAT	0	0	0
ATCAACAC	GTGTTGAT	0	0	0
ATCAACAG	CTGTTGAT	0	0	0
ATCAACAT	ATGTTGAT	0	0	0
ATCAACCA	TGGTTGAT	0	0	0
ATCAACCC	GGGTTGAT	0	0	0
ATCAACCG	CGGTTGAT	0	0	0
ATCAACGA	TCGTTGAT	0	0	0
ATCAACGC	GCGTTGAT	0	0	0
ATCAACGG	CCGTTGAT	0	0	0
ATCAACTA	TAGTTGAT	0	0	0
ATCAACTC	GAGTTGAT	0	0	0
ATCAACTG	CAGTTGAT	0	0	0
ATCAAGAA	TTCTTGAT	0	0	0
ATCAAGAC	GTCTTGAT	0	0	0
ATCAAGAG	CTCTTGAT	0	0	0
ATCAAGAT	ATCTTGAT	0	0	0
ATCAAGCA	TGCTTGAT	0	0	0
ATCAAGCC	GGCTTGAT	0	0	0
ATCAAGCG	CGCTTGAT	0	0	0
ATCAAGGA	TCCTTGAT	0	0	0
ATCAAGGC	GCCTTGAT	0	0	0
ATCAAGGG	CCCTTGAT	0	0	0
ATCAAGTA	TACTTGAT	0	0	0
ATCAAGTC	GACTTGAT	0	0	0
ATCAAGTG	CACTTGAT	0	0	0
ATCAATAA	TTATTGAT	0	0	0
ATCAATAC	GTATTGAT	0	0	0
ATCAATAG	CTATTGAT	0	0	0
ATCAATCA	TGATTGAT	0	0	0
ATCAATCC	GGATTGAT	0	0	0
ATCAATCG	CGATTGAT	0	0	0
ATCAATGA	TCATTGAT	0	0	0
ATCAATGC	GCATTGAT	0	0	0
ATCAATGG	CCATTGAT	0	0	0
ATCAATTA	TAATTGAT	0	0	0
ATCAATTC	GAATTGAT	0	0	0
ATCAATTG	CAATTGAT	0	0	0
ATCACAAA	TTTGTGAT	0	0	0
ATCACAAC	GTTGTGAT	0	0	0
ATCACAAG	CTTGTGAT	0	0	0
ATCACAAT	ATTGTGAT	0	0	0
ATCACACA	TGTGTGAT	0	0	0
ATCACACC	GGTGTGAT	0	0	0
ATCACACG	CGTGTGAT	0	0	0
ATCACAGA	TCTGTGAT	0	0	0
ATCACAGC	GCTGTGAT	0	0	0
ATCACAGG	CCTGTGAT	0	0	0
ATCACATA	TATGTGAT	0	0	0
ATCACATC	GATGTGAT	0	0	0
ATCACATG	CATGTGAT	0	0	0
ATCACCAA	TTGGTGAT	0	0	0
ATCACCAC	GTGGTGAT	0	0	0
ATCACCAG	CTGGTGAT	0	0	0
ATCACCAT	ATGGTGAT	0	0	0
ATCACCCA	TGGGTGAT	0	0	0
ATCACCCC	GGGGTGAT	0	0	0
ATCACCCG	CGGGTGAT	0	0	0
ATCACCGA	TCGGTGAT	0	0	0
ATCACCGC	GCGGTGAT	0	0	0
ATCACCGG	CCGGTGAT	0	0	0
ATCACCTA	TAGGTGAT	0	0	0
ATCACCTC	GAGGTGAT	0	0	0
ATCACCTG	CAGGTGAT	0	0	0
ATCACGAA	TTCGTGAT	0	0	0
ATCACGAC	GTCGTGAT	0	0	0
ATCACGAG	CTCGTGAT	0	0	0
ATCACGAT	ATCGTGAT	0	0	0
ATCACGCA	TGCGTGAT	0	0	0
ATCACGCC	GGCGTGAT	0	0	0
ATCACGCG	CGCGTGAT	0	0	0
ATCACGGA	TCCGTGAT	0	0	0
ATCACGGC	GCCGTGAT	0	0	0
ATCACGGG	CCCGTGAT	0	0	0
ATCACGTA	TACGTGAT	0	0	0
ATCACGTC	GACGTGAT	0	0	0
ATCACGTG	CACGTGAT	0	0	0
ATCACTAA	TTAGTGAT	0	0	0
ATCACTAC	GTAGTGAT	0	0	0
ATCACTAG	CTAGTGAT	0	0	0
ATCACTCA	TGAGTGAT	0	0	0
ATCACTCC	GGAGTGAT	0	0	0
ATCACTCG	CGAGTGAT	0	0	0
ATCACTGA	TCAGTGAT	0	0	0
ATCACTGC	GCAGTGAT	0	0	0
ATCACTGG	CCAGTGAT	0	0	0
ATCACTTA	TAAGTGAT	0	0	0
ATCACTTC	GAAGTGAT	0	0	0
ATCACTTG	CAAGTGAT	0	0	0
ATCAGAAA	TTTCTGAT	0	0	0
ATCAGAAC	GTTCTGAT	0	0	0
ATCAGAAG	CTTCTGAT	0	0	0
ATCAGAAT	ATTCTGAT	0	0	0
ATCAGACA	TGTCTGAT	0	0	0
ATCAGACC	GGTCTGAT	0	0	0
ATCAGACG	CGTCTGAT	0	0	0
ATCAGAGA	TCTCTGAT	0	0	0
ATCAGAGC	GCTCTGAT	0	0	0
ATCAGAGG	CCTCTGAT	0	0	0
ATCAGATA	TATCTGAT	0	0	0
ATCAGATC	GATCTGAT	0	0	0
ATCAGATG	CATCTGAT	0	0	0
ATCAGCAA	TTGCTGAT	0	0	0
ATCAGCAC	GTGCTGAT	0	0	0
ATCAGCAG	CTGCTGAT	0	0	0
ATCAGCAT	ATGCTGAT	0	0	0
ATCAGCCA	TGGCTGAT	0	0	0
ATCAGCCC	GGGCTGAT	0	0	0
ATCAGCCG	CGGCTGAT	0	0	0
ATCAGCGA	TCGCTGAT	0	0	0
ATCAGCGC	GCGCTGAT	0	0	0
ATCAGCGG	CCGCTGAT	0	0	0
ATCAGCTA	TAGCTGAT	0	0	0
ATCAGCTC	GAGCTGAT	0	0	0
ATCAGCTG	CAGCTGAT	0	0	0
ATCAGGAA	TTCCTGAT	0	0	0
ATCAGGAC	GTCCTGAT	0	0	0
ATCAGGAG	CTCCTGAT	0	0	0
ATCAGGAT	ATCCTGAT	0	0	0
ATCAGGCA	TGCCTGAT	0	0	0
ATCAGGCC	GGCCTGAT	0	0	0
ATCAGGCG	CGCCTGAT	0	0	0
ATCAGGGA	TCCCTGAT	0	0	0
ATCAGGGC	GCCCTGAT	0	0	0
ATCAGGGG	CCCCTGAT	0	0	0
ATCAGGTA	TACCTGAT	0	0	0
ATCAGGTC	GACCTGAT	0	0	0
ATCAGGTG	CACCTGAT	0	0	0
ATCAGTAA	TTACTGAT	0	0	0
ATCAGTAC	GTACTGAT	0	0	0
ATCAGTAG	CTACTGAT	0	0	0
ATCAGTCA	TGACTGAT	0	0	0
ATCAGTCC	GGACTGAT	0	0	0
ATCAGTCG	CGACTGAT	0	0	0
ATCAGTGA	TCACTGAT	0	0	0
ATCAGTGC	GCACTGAT	0	0	0
ATCAGTGG	CCACTGAT	0	0	0
ATCAGTTA	TAACTGAT	0	0	0
ATCAGTTC	GAACTGAT	0	0	0
ATCAGTTG	CAACTGAT	0	0	0
ATCATAAA	TTTATGAT	0	0	0
ATCATAAC	GTTATGAT	0	0	0
ATCATAAG	CTTATGAT	0	0	0
ATCATAAT	ATTATGAT	0	0	0
ATCATACA	TGTATGAT	0	0	0
ATCATACC	GGTATGAT	0	0	0
ATCATACG	CGTATGAT	0	0	0
ATCATAGA	TCTATGAT	0	0	0
ATCATAGC	GCTATGAT	0	0	0
ATCATAGG	CCTATGAT	0	0	0
ATCATATA	TATATGAT	0	0	0
ATCATATC	GATATGAT	0	0	0
ATCATATG	CATATGAT	0	0	0
ATCATCAA	TTGATGAT	0	0	0
ATCATCAC	GTGATGAT	0	0	0
ATCATCAG	CTGATGAT	0	0	0
ATCATCAT	ATGATGAT	0	0	0
ATCATCCA	TGGATGAT	0	0	0
ATCATCCC	GGGATGAT	0	0	0
ATCATCCG	CGGATGAT	0	0	0
ATCATCGA	TCGATGAT	0	0	0
ATCATCGC	GCGATGAT	0	0	0
ATCATCGG	CCGATGAT	0	0	0
ATCATCTA	TAGATGAT	0	0	0
ATCATCTC	GAGATGAT	0	0	0
ATCATCTG	CAGATGAT	0	0	0
ATCATGAA	TTCATGAT	0	0	0
ATCATGAC	GTCATGAT	0	0	0
ATCATGAG	CTCATGAT	0	0	0
ATCATGAT	ATCATGAT	0	0	0
ATCATGCA	TGCATGAT	0	0	0
ATCATGCC	GGCATGAT	0	0	0
ATCATGCG	CGCATGAT	0	0	0
ATCATGGA	TCCATGAT	0	0	0
ATCATGGC	GCCATGAT	0	0	0
ATCATGGG	CCCATGAT	0	0	0
ATCATGTA	TACATGAT	0	0	0
ATCATGTC	GACATGAT	0	0	0
ATCATGTG	CACATGAT	0	0	0
ATCATTAA	TTAATGAT	0	0	0
ATCATTAC	GTAATGAT	0	0	0
ATCATTAG	CTAATGAT	0	0	0
ATCATTCA	TGAATGAT	0	0	0
ATCATTCC	GGAATGAT	0	0	0
ATCATTCG	CGAATGAT	0	0	0
ATCATTGA	TCAATGAT	0	0	0
ATCATTGC	GCAATGAT	0	0	0
ATCATTGG	CCAATGAT	0	0	0
ATCATTTA	TAAATGAT	0	0	0
ATCATTTC	GAAATGAT	0	0	0
ATCATTTG	CAAATGAT	0	0	0
ATCCAAAA	TTTTGGAT	0	0	0
ATCCAAAC	GTTTGGAT	0	0	0
ATCCAAAG	CTTTGGAT	0	0	0
ATCCAAAT	ATTTGGAT	0	0	0
ATCCAACA	TGTTGGAT	0	0	0
ATCCAACC	GGTTGGAT	0	0	0
ATCCAACG	CGTTGGAT	0	0	0
ATCCAAGA	TCTTGGAT	0	0	0
ATCCAAGC	GCTTGGAT	0	0	0
ATCCAAGG	CCTTGGAT	0	0	0
ATCCAATA	TATTGGAT	0	0	0
ATCCAATC	GATTGGAT	0	0	0
ATCCAATG	CATTGGAT	0	0	0
ATCCACAA	TTGTGGAT	0	0	0
ATCCACAC	GTGTGGAT	0	0	0
ATCCACAG	CTGTGGAT	0	0	0
ATCCACAT	ATGTGGAT	0	0	0
ATCCACCA	TGGTGGAT	0	0	0
ATCCACCC	GGGTGGAT	0	0	0
ATCCACCG	CGGTGGAT	0	0	0
ATCCACGA	TCGTGGAT	0	0	0
ATCCACGC	GCGTGGAT	0	0	0
ATCCACGG	CCGTGGAT	0	0	0
ATCCACTA	TAGTGGAT	0	0	0
ATCCACTC	GAGTGGAT	0	0	0
ATCCACTG	CAGTGGAT	0	0	0
ATCCAGAA	TTCTGGAT	0	0	0
ATCCAGAC	GTCTGGAT	0	0	0
ATCCAGAG	CTCTGGAT	0	0	0
ATCCAGAT	ATCTGGAT	0	0	0
ATCCAGCA	TGCTGGAT	0	0	0
ATCCAGCC	GGCTGGAT	0	0	0
ATCCAGCG	CGCTGGAT	0	0	0
ATCCAGGA	TCCTGGAT	0	0	0
ATCCAGGC	GCCTGGAT	0	0	0
ATCCAGGG	CCCTGGAT	0	0	0
ATCCAGTA	TACTGGAT	0	0	0
ATCCAGTC	GACTGGAT	0	0	0
ATCCAGTG	CACTGGAT	0	0	0
ATCCATAA	TTATGGAT	0	0	0
ATCCATAC	GTATGGAT	0	0	0
ATCCATAG	CTATGGAT	0	0	0
ATCCATCA	TGATGGAT	0	0	0
ATCCATCC	GGATGGAT	0	0	0
ATCCATCG	CGATGGAT	0	0	0
ATCCATGA	TCATGGAT	0	0	0
ATCCATGC	GCATGGAT	0	0	0
ATCCATGG	CCATGGAT	0	0	0
ATCCATTA	TAATGGAT	0	0	0
ATCCATTC	GAATGGAT	0	0	0
ATCCATTG	CAATGGAT	0	0	0
ATCCCAAA	TTTGGGAT	0	0	0
ATCCCAAC	GTTGGGAT	0	0	0
ATCCCAAG	CTTGGGAT	0	0	0
ATCCCAAT	ATTGGGAT	0	0	0
ATCCCACA	TGTGGGAT	0	0	0
ATCCCACC	GGTGGGAT	0	0	0
ATCCCACG	CGTGGGAT	0	0	0
ATCCCAGA	TCTGGGAT	0	0	0
ATCCCAGC	GCTGGGAT	0	0	0
ATCCCAGG	CCTGGGAT	0	0	0
ATCCCATA	TATGGGAT	0	0	0
ATCCCATC	GATGGGAT	0	0	0
ATCCCATG	CATGGGAT	0	0	0
ATCCCCAA	TTGGGGAT	0	0	0
ATCCCCAC	GTGGGGAT	0	0	0
ATCCCCAG	CTGGGGAT	0	0	0
ATCCCCAT	ATGGGGAT	0	0	0
ATCCCCCA	TGGGGGAT	0	0	0
ATCCCCCC	GGGGGGAT	0	0	0
ATCCCCCG	CGGGGGAT	0	0	0
ATCCCCGA	TCGGGGAT	0	0	0
ATCCCCGC	GCGGGGAT	0	0	0
ATCCCCGG	CCGGGGAT	0	0	0
ATCCCCTA	TAGGGGAT	0	0	0
ATCCCCTC	GAGGGGAT	0	0	0
ATCCCCTG	CAGGGGAT	0	0	0
ATCCCGAA	TTCGGGAT	0	0	0
ATCCCGAC	GTCGGGAT	0	0	0
ATCCCGAG	CTCGGGAT	0	0	0
ATCCCGAT	ATCGGGAT	0	0	0
ATCCCGCA	TGCGGGAT	0	0	0
ATCCCGCC	GGCGGGAT	0	0	0
ATCCCGCG	CGCGGGAT	0	0	0
ATCCCGGA	TCCGGGAT	0	0	0
ATCCCGGC	GCCGGGAT	0	0	0
ATCCCGGG	CCCGGGAT	0	0	0
ATCCCGTA	TACGGGAT	0	0	0
ATCCCGTC	GACGGGAT	0	0	0
ATCCCGTG	CACGGGAT	0	0	0
ATCCCTAA	TTAGGGAT	0	0	0
ATCCCTAC	GTAGGGAT	0	0	0
ATCCCTAG	CTAGGGAT	0	0	0
ATCCCTCA	TGAGGGAT	0	0	0
ATCCCTCC	GGAGGGAT	0	0	0
ATCCCTCG	CGAGGGAT	0	0	0
ATCCCTGA	TCAGGGAT	0	0	0
ATCCCTGC	GCAGGGAT	0	0	0
ATCCCTGG	CCAGGGAT	0	0	0
ATCCCTTA	TAAGGGAT	0	0	0
ATCCCTTC	GAAGGGAT	0	0	0
ATCCCTTG	CAAGGGAT	0	0	0
ATCCGAAA	TTTCGGAT	0	0	0
ATCCGAAC	GTTCGGAT	0	0	0
ATCCGAAG	CTTCGGAT	0	0	0
ATCCGAAT	ATTCGGAT	0	0	0
ATCCGACA	TGTCGGAT	0	0	0
ATCCGACC	GGTCGGAT	0	0	0
ATCCGACG	CGTCGGAT	0	0	0
ATCCGAGA	TCTCGGAT	0	0	0
ATCCGAGC	GCTCGGAT	0	0	0
ATCCGAGG	CCTCGGAT	0	0	0
ATCCGATA	TATCGGAT	0	0	0
ATCCGATC	GATCGGAT	0	0	0
ATCCGATG	CATCGGAT	0	0	0
ATCCGCAA	TTGCGGAT	0	0	0
ATCCGCAC	GTGCGGAT	0	0	0
ATCCGCAG	CTGCGGAT	0	0	0
ATCCGCAT	ATGCGGAT	0	0	0
ATCCGCCA	TGGCGGAT	0	0	0
ATCCGCCC	GGGCGGAT	0	0	0
ATCCGCCG	CGGCGGAT	0	0	0
ATCCGCGA	TCGCGGAT	0	0	0
ATCCGCGC	GCGCGGAT	0	0	0
ATCCGCGG	CCGCGGAT	0	0	0
ATCCGCTA	TAGCGGAT	0	0	0
ATCCGCTC	GAGCGGAT	0	0	0
ATCCGCTG	CAGCGGAT	0	0	0
ATCCGGAA	TTCCGGAT	0	0	0
ATCCGGAC	GTCCGGAT	0	0	0
ATCCGGAG	CTCCGGAT	0	0	0
ATCCGGAT	ATCCGGAT	0	0	0
ATCCGGCA	TGCCGGAT	0	0	0
ATCCGGCC	GGCCGGAT	0	0	0
ATCCGGCG	CGCCGGAT	0	0	0
ATCCGGGA	TCCCGGAT	0	0	0
ATCCGGGC	GCCCGGAT	0	0	0
ATCCGGGG	CCCCGGAT	0	0	0
ATCCGGTA	TACCGGAT	0	0	0
ATCCGGTC	GACCGGAT	0	0	0
ATCCGGTG	CACCGGAT	0	0	0
ATCCGTAA	TTACGGAT	0	0	0
ATCCGTAC	GTACGGAT	0	0	0
ATCCGTAG	CTACGGAT	0	0	0
ATCCGTCA	TGACGGAT	0	0	0
ATCCGTCC	GGACGGAT	0	0	0
ATCCGTCG	CGACGGAT	0	0	0
ATCCGTGA	TCACGGAT	0	0	0
ATCCGTGC	GCACGGAT	0	0	0
ATCCGTGG	CCACGGAT	0	0	0
ATCCGTTA	TAACGGAT	0	0	0
ATCCGTTC	GAACGGAT	0	0	0
ATCCGTTG	CAACGGAT	0	0	0
ATCCTAAA	TTTAGGAT	0	0	0
ATCCTAAC	GTTAGGAT	0	0	0
ATCCTAAG	CTTAGGAT	0	0	0
ATCCTAAT	ATTAGGAT	0	0	0
ATCCTACA	TGTAGGAT	0	0	0
ATCCTACC	GGTAGGAT	0	0	0
ATCCTACG	CGTAGGAT	0	0	0
ATCCTAGA	TCTAGGAT	0	0	0
ATCCTAGC	GCTAGGAT	0	0	0
ATCCTAGG	CCTAGGAT	0	0	0
ATCCTATA	TATAGGAT	0	0	0
ATCCTATC	GATAGGAT	0	0	0
ATCCTATG	CATAGGAT	0	0	0
ATCCTCAA	TTGAGGAT	0	0	0
ATCCTCAC	GTGAGGAT	0	0	0
ATCCTCAG	CTGAGGAT	0	0	0
ATCCTCAT	ATGAGGAT	0	0	0
ATCCTCCA	TGGAGGAT	0	0	0
ATCCTCCC	GGGAGGAT	0	0	0
ATCCTCCG	CGGAGGAT	0	0	0
ATCCTCGA	TCGAGGAT	0	0	0
ATCCTCGC	GCGAGGAT	0	0	0
ATCCTCGG	CCGAGGAT	0	0	0
ATCCTCTA	TAGAGGAT	0	0	0
ATCCTCTC	GAGAGGAT	0	0	0
ATCCTCTG	CAGAGGAT	0	0	0
ATCCTGAA	TTCAGGAT	0	0	0
ATCCTGAC	GTCAGGAT	0	0	0
ATCCTGAG	CTCAGGAT	0	0	0
ATCCTGCA	TGCAGGAT	0	0	0
ATCCTGCC	GGCAGGAT	0	0	0
ATCCTGCG	CGCAGGAT	0	0	0
ATCCTGGA	TCCAGGAT	0	0	0
ATCCTGGC	GCCAGGAT	0	0	0
ATCCTGGG	CCCAGGAT	0	0	0
ATCCTGTA	TACAGGAT	0	0	0
ATCCTGTC	GACAGGAT	0	0	0
ATCCTGTG	CACAGGAT	0	0	0
ATCCTTAA	TTAAGGAT	0	0	0
ATCCTTAC	GTAAGGAT	0	0	0
ATCCTTAG	CTAAGGAT	0	0	0
ATCCTTCA	TGAAGGAT	0	0	0
ATCCTTCC	GGAAGGAT	0	0	0
ATCCTTCG	CGAAGGAT	0	0	0
ATCCTTGA	TCAAGGAT	0	0	0
ATCCTTGC	GCAAGGAT	0	0	0
ATCCTTGG	CCAAGGAT	0	0	0
ATCCTTTA	TAAAGGAT	0	0	0
ATCCTTTC	GAAAGGAT	0	0	0
ATCCTTTG	CAAAGGAT	0	0	0
ATCGAAAA	TTTTCGAT	0	0	0
ATCGAAAC	GTTTCGAT	0	0	0
ATCGAAAG	CTTTCGAT	0	0	0
ATCGAAAT	ATTTCGAT	0	0	0
ATCGAACA	TGTTCGAT	0	0	0
ATCGAACC	GGTTCGAT	0	0	0
ATCGAACG	CGTTCGAT	0	0	0
ATCGAAGA	TCTTCGAT	0	0	0
ATCGAAGC	GCTTCGAT	0	0	0
ATCGAAGG	CCTTCGAT	0	0	0
ATCGAATA	TATTCGAT	0	0	0
ATCGAATC	GATTCGAT	0	0	0
ATCGAATG	CATTCGAT	0	0	0
ATCGACAA	TTGTCGAT	0	0	0
ATCGACAC	GTGTCGAT	0	0	0
ATCGACAG	CTGTCGAT	0	0	0
ATCGACAT	ATGTCGAT	0	0	0
ATCGACCA	TGGTCGAT	0	0	0
ATCGACCC	GGGTCGAT	0	0	0
ATCGACCG	CGGTCGAT	0	0	0
ATCGACGA	TCGTCGAT	0	0	0
ATCGACGC	GCGTCGAT	0	0	0
ATCGACGG	CCGTCGAT	0	0	0
ATCGACTA	TAGTCGAT	0	0	0
ATCGACTC	GAGTCGAT	0	0	0
ATCGACTG	CAGTCGAT	0	0	0
ATCGAGAA	TTCTCGAT	0	0	0
ATCGAGAC	GTCTCGAT	0	0	0
ATCGAGAG	CTCTCGAT	0	0	0
ATCGAGAT	ATCTCGAT	0	0	0
ATCGAGCA	TGCTCGAT	0	0	0
ATCGAGCC	GGCTCGAT	0	0	0
ATCGAGCG	CGCTCGAT	0	0	0
ATCGAGGA	TCCTCGAT	0	0	0
ATCGAGGC	GCCTCGAT	0	0	0
ATCGAGGG	CCCTCGAT	0	0	0
ATCGAGTA	TACTCGAT	0	0	0
ATCGAGTC	GACTCGAT	0	0	0
ATCGAGTG	CACTCGAT	0	0	0
ATCGATAA	TTATCGAT	0	0	0
ATCGATAC	GTATCGAT	0	0	0
ATCGATAG	CTATCGAT	0	0	0
ATCGATCA	TGATCGAT	0	0	0
ATCGATCC	GGATCGAT	0	0	0
ATCGATCG	CGATCGAT	0	0	0
ATCGATGA	TCATCGAT	0	0	0
ATCGATGC	GCATCGAT	0	0	0
ATCGATGG	CCATCGAT	0	0	0
ATCGATTA	TAATCGAT	0	0	0
ATCGATTC	GAATCGAT	0	0	0
ATCGATTG	CAATCGAT	0	0	0
ATCGCAAA	TTTGCGAT	0	0	0
ATCGCAAC	GTTGCGAT	0	0	0
ATCGCAAG	CTTGCGAT	0	0	0
ATCGCAAT	ATTGCGAT	0	0	0
ATCGCACA	TGTGCGAT	0	0	0
ATCGCACC	GGTGCGAT	0	0	0
ATCGCACG	CGTGCGAT	0	0	0
ATCGCAGA	TCTGCGAT	0	0	0
ATCGCAGC	GCTGCGAT	0	0	0
ATCGCAGG	CCTGCGAT	0	0	0
ATCGCATA	TATGCGAT	0	0	0
ATCGCATC	GATGCGAT	0	0	0
ATCGCATG	CATGCGAT	0	0	0
ATCGCCAA	TTGGCGAT	0	0	0
ATCGCCAC	GTGGCGAT	0	0	0
ATCGCCAG	CTGGCGAT	0	0	0
ATCGCCAT	ATGGCGAT	0	0	0
ATCGCCCA	TGGGCGAT	0	0	0
ATCGCCCC	GGGGCGAT	0	0	0
ATCGCCCG	CGGGCGAT	0	0	0
ATCGCCGA	TCGGCGAT	0	0	0
ATCGCCGC	GCGGCGAT	0	0	0
ATCGCCGG	CCGGCGAT	0	0	0
ATCGCCTA	TAGGCGAT	0	0	0
ATCGCCTC	GAGGCGAT	0	0	0
ATCGCCTG	CAGGCGAT	0	0	0
ATCGCGAA	TTCGCGAT	0	0	0
ATCGCGAC	GTCGCGAT	0	0	0
ATCGCGAG	CTCGCGAT	0	0	0
ATCGCGAT	ATCGCGAT	0	0	0
ATCGCGCA	TGCGCGAT	0	0	0
ATCGCGCC	GGCGCGAT	0	0	0
ATCGCGCG	CGCGCGAT	0	0	0
ATCGCGGA	TCCGCGAT	0	0	0
ATCGCGGC	GCCGCGAT	0	0	0
ATCGCGGG	CCCGCGAT	0	0	0
ATCGCGTA	TACGCGAT	0	0	0
ATCGCGTC	GACGCGAT	0	0	0
ATCGCGTG	CACGCGAT	0	0	0
ATCGCTAA	TTAGCGAT	0	0	0
ATCGCTAC	GTAGCGAT	0	0	0
ATCGCTAG	CTAGCGAT	0	0	0
ATCGCTCA	TGAGCGAT	0	0	0
ATCGCTCC	GGAGCGAT	0	0	0
ATCGCTCG	CGAGCGAT	0	0	0
ATCGCTGA	TCAGCGAT	0	0	0
ATCGCTGC	GCAGCGAT	0	0	0
ATCGCTGG	CCAGCGAT	0	0	0
ATCGCTTA	TAAGCGAT	0	0	0
ATCGCTTC	GAAGCGAT	0	0	0
ATCGCTTG	CAAGCGAT	0	0	0
ATCGGAAA	TTTCCGAT	0	0	0
ATCGGAAC	GTTCCGAT	0	0	0
ATCGGAAG	CTTCCGAT	0	0	0
ATCGGAAT	ATTCCGAT	0	0	0
ATCGGACA	TGTCCGAT	0	0	0
ATCGGACC	GGTCCGAT	0	0	0
ATCGGACG	CGTCCGAT	0	0	0
ATCGGAGA	TCTCCGAT	0	0	0
ATCGGAGC	GCTCCGAT	0	0	0
ATCGGAGG	CCTCCGAT	0	0	0
ATCGGATA	TATCCGAT	0	0	0
ATCGGATC	GATCCGAT	0	0	0
ATCGGATG	CATCCGAT	0	0	0
ATCGGCAA	TTGCCGAT	0	0	0
ATCGGCAC	GTGCCGAT	0	0	0
ATCGGCAG	CTGCCGAT	0	0	0
ATCGGCAT	ATGCCGAT	0	0	0
ATCGGCCA	TGGCCGAT	0	0	0
ATCGGCCC	GGGCCGAT	0	0	0
ATCGGCCG	CGGCCGAT	0	0	0
ATCGGCGA	TCGCCGAT	0	0	0
ATCGGCGC	GCGCCGAT	0	0	0
ATCGGCGG	CCGCCGAT	0	0	0
ATCGGCTA	TAGCCGAT	0	0	0
ATCGGCTC	GAGCCGAT	0	0	0
ATCGGCTG	CAGCCGAT	0	0	0
ATCGGGAA	TTCCCGAT	0	0	0
ATCGGGAC	GTCCCGAT	0	0	0
ATCGGGAG	CTCCCGAT	0	0	0
ATCGGGCA	TGCCCGAT	0	0	0
ATCGGGCC	GGCCCGAT	0	0	0
ATCGGGCG	CGCCCGAT	0	0	0
ATCGGGGA	TCCCCGAT	0	0	0
ATCGGGGC	GCCCCGAT	0	0	0
ATCGGGGG	CCCCCGAT	0	0	0
ATCGGGTA	TACCCGAT	0	0	0
ATCGGGTC	GACCCGAT	0	0	0
ATCGGGTG	CACCCGAT	0	0	0
ATCGGTAA	TTACCGAT	0	0	0
ATCGGTAC	GTACCGAT	0	0	0
ATCGGTAG	CTACCGAT	0	0	0
ATCGGTCA	TGACCGAT	0	0	0
ATCGGTCC	GGACCGAT	0	0	0
ATCGGTCG	CGACCGAT	0	0	0
ATCGGTGA	TCACCGAT	0	0	0
ATCGGTGC	GCACCGAT	0	0	0
ATCGGTGG	CCACCGAT	0	0	0
ATCGGTTA	TAACCGAT	0	0	0
ATCGGTTC	GAACCGAT	0	0	0
ATCGGTTG	CAACCGAT	0	0	0
ATCGTAAA	TTTACGAT	0	0	0
ATCGTAAC	GTTACGAT	0	0	0
ATCGTAAG	CTTACGAT	0	0	0
ATCGTAAT	ATTACGAT	0	0	0
ATCGTACA	TGTACGAT	0	0	0
ATCGTACC	GGTACGAT	0	0	0
ATCGTACG	CGTACGAT	0	0	0
ATCGTAGA	TCTACGAT	0	0	0
ATCGTAGC	GCTACGAT	0	0	0
ATCGTAGG	CCTACGAT	0	0	0
ATCGTATA	TATACGAT	0	0	0
ATCGTATC	GATACGAT	0	0	0
ATCGTATG	CATACGAT	0	0	0
ATCGTCAA	TTGACGAT	0	0	0
ATCGTCAC	GTGACGAT	0	0	0
ATCGTCAG	CTGACGAT	0	0	0
ATCGTCAT	ATGACGAT	0	0	0
ATCGTCCA	TGGACGAT	0	0	0
ATCGTCCC	GGGACGAT	0	0	0
ATCGTCCG	CGGACGAT	0	0	0
ATCGTCGA	TCGACGAT	0	0	0
ATCGTCGC	GCGACGAT	0	0	0
ATCGTCGG	CCGACGAT	0	0	0
ATCGTCTA	TAGACGAT	0	0	0
ATCGTCTC	GAGACGAT	0	0	0
ATCGTCTG	CAGACGAT	0	0	0
ATCGTGAA	TTCACGAT	0	0	0
ATCGTGAC	GTCACGAT	0	0	0
ATCGTGAG	CTCACGAT	0	0	0
ATCGTGCA	TGCACGAT	0	0	0
ATCGTGCC	GGCACGAT	0	0	0
ATCGTGCG	CGCACGAT	0	0	0
ATCGTGGA	TCCACGAT	0	0	0
ATCGTGGC	GCCACGAT	0	0	0
ATCGTGGG	CCCACGAT	0	0	0
ATCGTGTA	TACACGAT	0	0	0
ATCGTGTC	GACACGAT	0	0	0
ATCGTGTG	CACACGAT	0	0	0
ATCGTTAA	TTAACGAT	0	0	0
ATCGTTAC	GTAACGAT	0	0	0
ATCGTTAG	CTAACGAT	0	0	0
ATCGTTCA	TGAACGAT	0	0	0
ATCGTTCC	GGAACGAT	0	0	0
ATCGTTCG	CGAACGAT	0	0	0
ATCGTTGA	TCAACGAT	0	0	0
ATCGTTGC	GCAACGAT	0	0	0
ATCGTTGG	CCAACGAT	0	0	0
ATCGTTTA	TAAACGAT	0	0	0
ATCGTTTC	GAAACGAT	0	0	0
ATCGTTTG	CAAACGAT	0	0	0
ATCTAAAA	TTTTAGAT	0	0	0
ATCTAAAC	GTTTAGAT	0	0	0
ATCTAAAG	CTTTAGAT	0	0	0
ATCTAAAT	ATTTAGAT	0	0	0
ATCTAACA	TGTTAGAT	0	0	0
ATCTAACC	GGTTAGAT	0	0	0
ATCTAACG	CGTTAGAT	0	0	0
ATCTAAGA	TCTTAGAT	0	0	0
ATCTAAGC	GCTTAGAT	0	0	0
ATCTAAGG	CCTTAGAT	0	0	0
ATCTAATA	TATTAGAT	0	0	0
ATCTAATC	GATTAGAT	0	0	0
ATCTAATG	CATTAGAT	0	0	0
ATCTACAA	TTGTAGAT	0	0	0
ATCTACAC	GTGTAGAT	0	0	0
ATCTACAG	CTGTAGAT	0	0	0
ATCTACAT	ATGTAGAT	0	0	0
ATCTACCA	TGGTAGAT	0	0	0
ATCTACCC	GGGTAGAT	0	0	0
ATCTACCG	CGGTAGAT	0	0	0
ATCTACGA	TCGTAGAT	0	0	0
ATCTACGC	GCGTAGAT	0	0	0
ATCTACGG	CCGTAGAT	0	0	0
ATCTACTA	TAGTAGAT	0	0	0
ATCTACTC	GAGTAGAT	0	0	0
ATCTACTG	CAGTAGAT	0	0	0
ATCTAGAA	TTCTAGAT	0	0	0
ATCTAGAC	GTCTAGAT	0	0	0
ATCTAGAG	CTCTAGAT	0	0	0
ATCTAGAT	ATCTAGAT	0	0	0
ATCTAGCA	TGCTAGAT	0	0	0
ATCTAGCC	GGCTAGAT	0	0	0
ATCTAGCG	CGCTAGAT	0	0	0
ATCTAGGA	TCCTAGAT	0	0	0
ATCTAGGC	GCCTAGAT	0	0	0
ATCTAGGG	CCCTAGAT	0	0	0
ATCTAGTA	TACTAGAT	0	0	0
ATCTAGTC	GACTAGAT	0	0	0
ATCTAGTG	CACTAGAT	0	0	0
ATCTATAA	TTATAGAT	0	0	0
ATCTATAC	GTATAGAT	0	0	0
ATCTATAG	CTATAGAT	0	0	0
ATCTATCA	TGATAGAT	0	0	0
ATCTATCC	GGATAGAT	0	0	0
ATCTATCG	CGATAGAT	0	0	0
ATCTATGA	TCATAGAT	0	0	0
ATCTATGC	GCATAGAT	0	0	0
ATCTATGG	CCATAGAT	0	0	0
ATCTATTA	TAATAGAT	0	0	0
ATCTATTC	GAATAGAT	0	0	0
ATCTATTG	CAATAGAT	0	0	0
ATCTCAAA	TTTGAGAT	0	0	0
ATCTCAAC	GTTGAGAT	0	0	0
ATCTCAAG	CTTGAGAT	0	0	0
ATCTCAAT	ATTGAGAT	0	0	0
ATCTCACA	TGTGAGAT	0	0	0
ATCTCACC	GGTGAGAT	0	0	0
ATCTCACG	CGTGAGAT	0	0	0
ATCTCAGA	TCTGAGAT	0	0	0
ATCTCAGC	GCTGAGAT	0	0	0
ATCTCAGG	CCTGAGAT	0	0	0
ATCTCATA	TATGAGAT	0	0	0
ATCTCATC	GATGAGAT	0	0	0
ATCTCATG	CATGAGAT	0	0	0
ATCTCCAA	TTGGAGAT	0	0	0
ATCTCCAC	GTGGAGAT	0	0	0
ATCTCCAG	CTGGAGAT	0	0	0
ATCTCCAT	ATGGAGAT	0	0	0
ATCTCCCA	TGGGAGAT	0	0	0
ATCTCCCC	GGGGAGAT	0	0	0
ATCTCCCG	CGGGAGAT	0	0	0
ATCTCCGA	TCGGAGAT	0	0	0
ATCTCCGC	GCGGAGAT	0	0	0
ATCTCCGG	CCGGAGAT	0	0	0
ATCTCCTA	TAGGAGAT	0	0	0
ATCTCCTC	GAGGAGAT	0	0	0
ATCTCCTG	CAGGAGAT	0	0	0
ATCTCGAA	TTCGAGAT	0	0	0
ATCTCGAC	GTCGAGAT	0	0	0
ATCTCGAG	CTCGAGAT	0	0	0
ATCTCGCA	TGCGAGAT	0	0	0
ATCTCGCC	GGCGAGAT	0	0	0
ATCTCGCG	CGCGAGAT	0	0	0
ATCTCGGA	TCCGAGAT	0	0	0
ATCTCGGC	GCCGAGAT	0	0	0
ATCTCGGG	CCCGAGAT	0	0	0
ATCTCGTA	TACGAGAT	0	0	0
ATCTCGTC	GACGAGAT	0	0	0
ATCTCGTG	CACGAGAT	0	0	0
ATCTCTAA	TTAGAGAT	0	0	0
ATCTCTAC	GTAGAGAT	0	0	0
ATCTCTAG	CTAGAGAT	0	0	0
ATCTCTCA	TGAGAGAT	0	0	0
ATCTCTCC	GGAGAGAT	0	0	0
ATCTCTCG	CGAGAGAT	0	0	0
ATCTCTGA	TCAGAGAT	0	0	0
ATCTCTGC	GCAGAGAT	0	0	0
ATCTCTGG	CCAGAGAT	0	0	0
ATCTCTTA	TAAGAGAT	0	0	0
ATCTCTTC	GAAGAGAT	0	0	0
ATCTCTTG	CAAGAGAT	0	0	0
ATCTGAAA	TTTCAGAT	0	0	0
ATCTGAAC	GTTCAGAT	0	0	0
ATCTGAAG	CTTCAGAT	0	0	0
ATCTGAAT	ATTCAGAT	0	0	0
ATCTGACA	TGTCAGAT	0	0	0
ATCTGACC	GGTCAGAT	0	0	0
ATCTGACG	CGTCAGAT	0	0	0
ATCTGAGA	TCTCAGAT	0	0	0
ATCTGAGC	GCTCAGAT	0	0	0
ATCTGAGG	CCTCAGAT	0	0	0
ATCTGATA	TATCAGAT	0	0	0
ATCTGATC	GATCAGAT	0	0	0
ATCTGATG	CATCAGAT	0	0	0
ATCTGCAA	TTGCAGAT	0	0	0
ATCTGCAC	GTGCAGAT	0	0	0
ATCTGCAG	CTGCAGAT	0	0	0
ATCTGCAT	ATGCAGAT	0	0	0
ATCTGCCA	TGGCAGAT	0	0	0
ATCTGCCC	GGGCAGAT	0	0	0
ATCTGCCG	CGGCAGAT	0	0	0
ATCTGCGA	TCGCAGAT	0	0	0
ATCTGCGC	GCGCAGAT	0	0	0
ATCTGCGG	CCGCAGAT	0	0	0
ATCTGCTA	TAGCAGAT	0	0	0
ATCTGCTC	GAGCAGAT	0	0	0
ATCTGCTG	CAGCAGAT	0	0	0
ATCTGGAA	TTCCAGAT	0	0	0
ATCTGGAC	GTCCAGAT	0	0	0
ATCTGGAG	CTCCAGAT	0	0	0
ATCTGGCA	TGCCAGAT	0	0	0
ATCTGGCC	GGCCAGAT	0	0	0
ATCTGGCG	CGCCAGAT	0	0	0
ATCTGGGA	TCCCAGAT	0	0	0
ATCTGGGC	GCCCAGAT	0	0	0
ATCTGGGG	CCCCAGAT	0	0	0
ATCTGGTA	TACCAGAT	0	0	0
ATCTGGTC	GACCAGAT	0	0	0
ATCTGGTG	CACCAGAT	0	0	0
ATCTGTAA	TTACAGAT	0	0	0
ATCTGTAC	GTACAGAT	0	0	0
ATCTGTAG	CTACAGAT	0	0	0
ATCTGTCA	TGACAGAT	0	0	0
ATCTGTCC	GGACAGAT	0	0	0
ATCTGTCG	CGACAGAT	0	0	0
ATCTGTGA	TCACAGAT	0	0	0
ATCTGTGC	GCACAGAT	0	0	0
ATCTGTGG	CCACAGAT	0	0	0
ATCTGTTA	TAACAGAT	0	0	0
ATCTGTTC	GAACAGAT	0	0	0
ATCTGTTG	CAACAGAT	0	0	0
ATCTTAAA	TTTAAGAT	0	0	0
ATCTTAAC	GTTAAGAT	0	0	0
ATCTTAAG	CTTAAGAT	0	0	0
ATCTTAAT	ATTAAGAT	0	0	0
ATCTTACA	TGTAAGAT	0	0	0
ATCTTACC	GGTAAGAT	0	0	0
ATCTTACG	CGTAAGAT	0	0	0
ATCTTAGA	TCTAAGAT	0	0	0
ATCTTAGC	GCTAAGAT	0	0	0
ATCTTAGG	CCTAAGAT	0	0	0
ATCTTATA	TATAAGAT	0	0	0
ATCTTATC	GATAAGAT	0	0	0
ATCTTATG	CATAAGAT	0	0	0
ATCTTCAA	TTGAAGAT	0	0	0
ATCTTCAC	GTGAAGAT	0	0	0
ATCTTCAG	CTGAAGAT	0	0	0
ATCTTCAT	ATGAAGAT	0	0	0
ATCTTCCA	TGGAAGAT	0	0	0
ATCTTCCC	GGGAAGAT	0	0	0
ATCTTCCG	CGGAAGAT	0	0	0
ATCTTCGA	TCGAAGAT	0	0	0
ATCTTCGC	GCGAAGAT	0	0	0
ATCTTCGG	CCGAAGAT	0	0	0
ATCTTCTA	TAGAAGAT	0	0	0
ATCTTCTC	GAGAAGAT	0	0	0
ATCTTCTG	CAGAAGAT	0	0	0
ATCTTGAA	TTCAAGAT	0	0	0
ATCTTGAC	GTCAAGAT	0	0	0
ATCTTGAG	CTCAAGAT	0	0	0
ATCTTGCA	TGCAAGAT	0	0	0
ATCTTGCC	GGCAAGAT	0	0	0
ATCTTGCG	CGCAAGAT	0	0	0
ATCTTGGA	TCCAAGAT	0	0	0
ATCTTGGC	GCCAAGAT	0	0	0
ATCTTGGG	CCCAAGAT	0	0	0
ATCTTGTA	TACAAGAT	0	0	0
ATCTTGTC	GACAAGAT	0	0	0
ATCTTGTG	CACAAGAT	0	0	0
ATCTTTAA	TTAAAGAT	0	0	0
ATCTTTAC	GTAAAGAT	0	0	0
ATCTTTAG	CTAAAGAT	0	0	0
ATCTTTCA	TGAAAGAT	0	0	0
ATCTTTCC	GGAAAGAT	0	0	0
ATCTTTCG	CGAAAGAT	0	0	0
ATCTTTGA	TCAAAGAT	0	0	0
ATCTTTGC	GCAAAGAT	0	0	0
ATCTTTGG	CCAAAGAT	0	0	0
ATCTTTTA	TAAAAGAT	0	0	0
ATCTTTTC	GAAAAGAT	0	0	0
ATCTTTTG	CAAAAGAT	0	0	0
ATGAAAAA	TTTTTCAT	0	0	0
ATGAAAAC	GTTTTCAT	0	0	0
ATGAAAAG	CTTTTCAT	0	0	0
ATGAAAAT	ATTTTCAT	0	0	0
ATGAAACA	TGTTTCAT	0	0	0
ATGAAACC	GGTTTCAT	0	0	0
ATGAAACG	CGTTTCAT	0	0	0
ATGAAAGA	TCTTTCAT	0	0	0
ATGAAAGC	GCTTTCAT	0	0	0
ATGAAAGG	CCTTTCAT	0	0	0
ATGAAATA	TATTTCAT	0	0	0
ATGAAATC	GATTTCAT	0	0	0
ATGAAATG	CATTTCAT	0	0	0
ATGAACAA	TTGTTCAT	0	0	0
ATGAACAC	GTGTTCAT	0	0	0
ATGAACAG	CTGTTCAT	0	0	0
ATGAACAT	ATGTTCAT	0	0	0
ATGAACCA	TGGTTCAT	0	0	0
ATGAACCC	GGGTTCAT	0	0	0
ATGAACCG	CGGTTCAT	0	0	0
ATGAACGA	TCGTTCAT	0	0	0
ATGAACGC	GCGTTCAT	0	0	0
ATGAACGG	CCGTTCAT	0	0	0
ATGAACTA	TAGTTCAT	0	0	0
ATGAACTC	GAGTTCAT	0	0	0
ATGAACTG	CAGTTCAT	0	0	0
ATGAAGAA	TTCTTCAT	0	0	0
ATGAAGAC	GTCTTCAT	0	0	0
ATGAAGAG	CTCTTCAT	0	0	0
ATGAAGCA	TGCTTCAT	0	0	0
ATGAAGCC	GGCTTCAT	0	0	0
ATGAAGCG	CGCTTCAT	0	0	0
ATGAAGGA	TCCTTCAT	0	0	0
ATGAAGGC	GCCTTCAT	0	0	0
ATGAAGGG	CCCTTCAT	0	0	0
ATGAAGTA	TACTTCAT	0	0	0
ATGAAGTC	GACTTCAT	0	0	0
ATGAAGTG	CACTTCAT	0	0	0
ATGAATAA	TTATTCAT	0	0	0
ATGAATAC	GTATTCAT	0	0	0
ATGAATAG	CTATTCAT	0	0	0
ATGAATCA	TGATTCAT	0	0	0
ATGAATCC	GGATTCAT	0	0	0
ATGAATCG	CGATTCAT	0	0	0
ATGAATGA	TCATTCAT	0	0	0
ATGAATGC	GCATTCAT	0	0	0
ATGAATGG	CCATTCAT	0	0	0
ATGAATTA	TAATTCAT	0	0	0
ATGAATTC	GAATTCAT	0	0	0
ATGAATTG	CAATTCAT	0	0	0
ATGACAAA	TTTGTCAT	0	0	0
ATGACAAC	GTTGTCAT	0	0	0
ATGACAAG	CTTGTCAT	0	0	0
ATGACAAT	ATTGTCAT	0	0	0
ATGACACA	TGTGTCAT	0	0	0
ATGACACC	GGTGTCAT	0	0	0
ATGACACG	CGTGTCAT	0	0	0
ATGACAGA	TCTGTCAT	0	0	0
ATGACAGC	GCTGTCAT	0	0	0
ATGACAGG	CCTGTCAT	0	0	0
ATGACATA	TATGTCAT	0	0	0
ATGACATC	GATGTCAT	0	0	0
ATGACATG	CATGTCAT	0	0	0
ATGACCAA	TTGGTCAT	0	0	0
ATGACCAC	GTGGTCAT	0	0	0
ATGACCAG	CTGGTCAT	0	0	0
ATGACCAT	ATGGTCAT	0	0	0
ATGACCCA	TGGGTCAT	0	0	0
ATGACCCC	GGGGTCAT	0	0	0
ATGACCCG	CGGGTCAT	0	0	0
ATGACCGA	TCGGTCAT	0	0	0
ATGACCGC	GCGGTCAT	0	0	0
ATGACCGG	CCGGTCAT	0	0	0
ATGACCTA	TAGGTCAT	0	0	0
ATGACCTC	GAGGTCAT	0	0	0
ATGACCTG	CAGGTCAT	0	0	0
ATGACGAA	TTCGTCAT	0	0	0
ATGACGAC	GTCGTCAT	0	0	0
ATGACGAG	CTCGTCAT	0	0	0
ATGACGCA	TGCGTCAT	0	0	0
ATGACGCC	GGCGTCAT	0	0	0
ATGACGCG	CGCGTCAT	0	0	0
ATGACGGA	TCCGTCAT	0	0	0
ATGACGGC	GCCGTCAT	0	0	0
ATGACGGG	CCCGTCAT	0	0	0
ATGACGTA	TACGTCAT	0	0	0
ATGACGTC	GACGTCAT	0	0	0
ATGACGTG	CACGTCAT	0	0	0
ATGACTAA	TTAGTCAT	0	0	0
ATGACTAC	GTAGTCAT	0	0	0
ATGACTAG	CTAGTCAT	0	0	0
ATGACTCA	TGAGTCAT	0	0	0
ATGACTCC	GGAGTCAT	0	0	0
ATGACTCG	CGAGTCAT	0	0	0
ATGACTGA	TCAGTCAT	0	0	0
ATGACTGC	GCAGTCAT	0	0	0
ATGACTGG	CCAGTCAT	0	0	0
ATGACTTA	TAAGTCAT	0	0	0
ATGACTTC	GAAGTCAT	0	0	0
ATGACTTG	CAAGTCAT	0	0	0
ATGAGAAA	TTTCTCAT	0	0	0
ATGAGAAC	GTTCTCAT	0	0	0
ATGAGAAG	CTTCTCAT	0	0	0
ATGAGAAT	ATTCTCAT	0	0	0
ATGAGACA	TGTCTCAT	0	0	0
ATGAGACC	GGTCTCAT	0	0	0
ATGAGACG	CGTCTCAT	0	0	0
ATGAGAGA	TCTCTCAT	0	0	0
ATGAGAGC	GCTCTCAT	0	0	0
ATGAGAGG	CCTCTCAT	0	0	0
ATGAGATA	TATCTCAT	0	0	0
ATGAGATC	GATCTCAT	0	0	0
ATGAGATG	CATCTCAT	0	0	0
ATGAGCAA	TTGCTCAT	0	0	0
ATGAGCAC	GTGCTCAT	0	0	0
ATGAGCAG	CTGCTCAT	0	0	0
ATGAGCAT	ATGCTCAT	0	0	0
ATGAGCCA	TGGCTCAT	0	0	0
ATGAGCCC	GGGCTCAT	0	0	0
ATGAGCCG	CGGCTCAT	0	0	0
ATGAGCGA	TCGCTCAT	0	0	0
ATGAGCGC	GCGCTCAT	0	0	0
ATGAGCGG	CCGCTCAT	0	0	0
ATGAGCTA	TAGCTCAT	0	0	0
ATGAGCTC	GAGCTCAT	0	0	0
ATGAGCTG	CAGCTCAT	0	0	0
ATGAGGAA	TTCCTCAT	0	0	0
ATGAGGAC	GTCCTCAT	0	0	0
ATGAGGAG	CTCCTCAT	0	0	0
ATGAGGCA	TGCCTCAT	0	0	0
ATGAGGCC	GGCCTCAT	0	0	0
ATGAGGCG	CGCCTCAT	0	0	0
ATGAGGGA	TCCCTCAT	0	0	0
ATGAGGGC	GCCCTCAT	0	0	0
ATGAGGGG	CCCCTCAT	0	0	0
ATGAGGTA	TACCTCAT	0	0	0
ATGAGGTC	GACCTCAT	0	0	0
ATGAGGTG	CACCTCAT	0	0	0
ATGAGTAA	TTACTCAT	0	0	0
ATGAGTAC	GTACTCAT	0	0	0
ATGAGTAG	CTACTCAT	0	0	0
ATGAGTCA	TGACTCAT	0	0	0
ATGAGTCC	GGACTCAT	0	0	0
ATGAGTCG	CGACTCAT	0	0	0
ATGAGTGA	TCACTCAT	0	0	0
ATGAGTGC	GCACTCAT	0	0	0
ATGAGTGG	CCACTCAT	0	0	0
ATGAGTTA	TAACTCAT	0	0	0
ATGAGTTC	GAACTCAT	0	0	0
ATGAGTTG	CAACTCAT	0	0	0
ATGATAAA	TTTATCAT	0	0	0
ATGATAAC	GTTATCAT	0	0	0
ATGATAAG	CTTATCAT	0	0	0
ATGATAAT	ATTATCAT	0	0	0
ATGATACA	TGTATCAT	0	0	0
ATGATACC	GGTATCAT	0	0	0
ATGATACG	CGTATCAT	0	0	0
ATGATAGA	TCTATCAT	0	0	0
ATGATAGC	GCTATCAT	0	0	0
ATGATAGG	CCTATCAT	0	0	0
ATGATATA	TATATCAT	0	0	0
ATGATATC	GATATCAT	0	0	0
ATGATATG	CATATCAT	0	0	0
ATGATCAA	TTGATCAT	0	0	0
ATGATCAC	GTGATCAT	0	0	0
ATGATCAG	CTGATCAT	0	0	0
ATGATCAT	ATGATCAT	0	0	0
ATGATCCA	TGGATCAT	0	0	0
ATGATCCC	GGGATCAT	0	0	0
ATGATCCG	CGGATCAT	0	0	0
ATGATCGA	TCGATCAT	0	0	0
ATGATCGC	GCGATCAT	0	0	0
ATGATCGG	CCGATCAT	0	0	0
ATGATCTA	TAGATCAT	0	0	0
ATGATCTC	GAGATCAT	0	0	0
ATGATCTG	CAGATCAT	0	0	0
ATGATGAA	TTCATCAT	0	0	0
ATGATGAC	GTCATCAT	0	0	0
ATGATGAG	CTCATCAT	0	0	0
ATGATGCA	TGCATCAT	0	0	0
ATGATGCC	GGCATCAT	0	0	0
ATGATGCG	CGCATCAT	0	0	0
ATGATGGA	TCCATCAT	0	0	0
ATGATGGC	GCCATCAT	0	0	0
ATGATGGG	CCCATCAT	0	0	0
ATGATGTA	TACATCAT	0	0	0
ATGATGTC	GACATCAT	0	0	0
ATGATGTG	CACATCAT	0	0	0
ATGATTAA	TTAATCAT	0	0	0
ATGATTAC	GTAATCAT	0	0	0
ATGATTAG	CTAATCAT	0	0	0
ATGATTCA	TGAATCAT	0	0	0
ATGATTCC	GGAATCAT	0	0	0
ATGATTCG	CGAATCAT	0	0	0
ATGATTGA	TCAATCAT	0	0	0
ATGATTGC	GCAATCAT	0	0	0
ATGATTGG	CCAATCAT	0	0	0
ATGATTTA	TAAATCAT	0	0	0
ATGATTTC	GAAATCAT	0	0	0
ATGATTTG	CAAATCAT	0	0	0
ATGCAAAA	TTTTGCAT	0	0	0
ATGCAAAC	GTTTGCAT	0	0	0
ATGCAAAG	CTTTGCAT	0	0	0
ATGCAAAT	ATTTGCAT	0	0	0
ATGCAACA	TGTTGCAT	0	0	0
ATGCAACC	GGTTGCAT	0	0	0
ATGCAACG	CGTTGCAT	0	0	0
ATGCAAGA	TCTTGCAT	0	0	0
ATGCAAGC	GCTTGCAT	0	0	0
ATGCAAGG	CCTTGCAT	0	0	0
ATGCAATA	TATTGCAT	0	0	0
ATGCAATC	GATTGCAT	0	0	0
ATGCAATG	CATTGCAT	0	0	0
ATGCACAA	TTGTGCAT	0	0	0
ATGCACAC	GTGTGCAT	0	0	0
ATGCACAG	CTGTGCAT	0	0	0
ATGCACAT	ATGTGCAT	0	0	0
ATGCACCA	TGGTGCAT	0	0	0
ATGCACCC	GGGTGCAT	0	0	0
ATGCACCG	CGGTGCAT	0	0	0
ATGCACGA	TCGTGCAT	0	0	0
ATGCACGC	GCGTGCAT	0	0	0
ATGCACGG	CCGTGCAT	0	0	0
ATGCACTA	TAGTGCAT	0	0	0
ATGCACTC	GAGTGCAT	0	0	0
ATGCACTG	CAGTGCAT	0	0	0
ATGCAGAA	TTCTGCAT	0	0	0
ATGCAGAC	GTCTGCAT	0	0	0
ATGCAGAG	CTCTGCAT	0	0	0
ATGCAGCA	TGCTGCAT	0	0	0
ATGCAGCC	GGCTGCAT	0	0	0
ATGCAGCG	CGCTGCAT	0	0	0
ATGCAGGA	TCCTGCAT	0	0	0
ATGCAGGC	GCCTGCAT	0	0	0
ATGCAGGG	CCCTGCAT	0	0	0
ATGCAGTA	TACTGCAT	0	0	0
ATGCAGTC	GACTGCAT	0	0	0
ATGCAGTG	CACTGCAT	0	0	0
ATGCATAA	TTATGCAT	0	0	0
ATGCATAC	GTATGCAT	0	0	0
ATGCATAG	CTATGCAT	0	0	0
ATGCATCA	TGATGCAT	0	0	0
ATGCATCC	GGATGCAT	0	0	0
ATGCATCG	CGATGCAT	0	0	0
ATGCATGA	TCATGCAT	0	0	0
ATGCATGC	GCATGCAT	0	0	0
ATGCATGG	CCATGCAT	0	0	0
ATGCATTA	TAATGCAT	0	0	0
ATGCATTC	GAATGCAT	0	0	0
ATGCATTG	CAATGCAT	0	0	0
ATGCCAAA	TTTGGCAT	0	0	0
ATGCCAAC	GTTGGCAT	0	0	0
ATGCCAAG	CTTGGCAT	0	0	0
ATGCCAAT	ATTGGCAT	0	0	0
ATGCCACA	TGTGGCAT	0	0	0
ATGCCACC	GGTGGCAT	0	0	0
ATGCCACG	CGTGGCAT	0	0	0
ATGCCAGA	TCTGGCAT	0	0	0
ATGCCAGC	GCTGGCAT	0	0	0
ATGCCAGG	CCTGGCAT	0	0	0
ATGCCATA	TATGGCAT	0	0	0
ATGCCATC	GATGGCAT	0	0	0
ATGCCATG	CATGGCAT	0	0	0
ATGCCCAA	TTGGGCAT	0	0	0
ATGCCCAC	GTGGGCAT	0	0	0
ATGCCCAG	CTGGGCAT	0	0	0
ATGCCCAT	ATGGGCAT	0	0	0
ATGCCCCA	TGGGGCAT	0	0	0
ATGCCCCC	GGGGGCAT	0	0	0
ATGCCCCG	CGGGGCAT	0	0	0
ATGCCCGA	TCGGGCAT	0	0	0
ATGCCCGC	GCGGGCAT	0	0	0
ATGCCCGG	CCGGGCAT	0	0	0
ATGCCCTA	TAGGGCAT	0	0	0
ATGCCCTC	GAGGGCAT	0	0	0
ATGCCCTG	CAGGGCAT	0	0	0
ATGCCGAA	TTCGGCAT	0	0	0
ATGCCGAC	GTCGGCAT	0	0	0
ATGCCGAG	CTCGGCAT	0	0	0
ATGCCGCA	TGCGGCAT	0	0	0
ATGCCGCC	GGCGGCAT	0	0	0
ATGCCGCG	CGCGGCAT	0	0	0
ATGCCGGA	TCCGGCAT	0	0	0
ATGCCGGC	GCCGGCAT	0	0	0
ATGCCGGG	CCCGGCAT	0	0	0
ATGCCGTA	TACGGCAT	0	0	0
ATGCCGTC	GACGGCAT	0	0	0
ATGCCGTG	CACGGCAT	0	0	0
ATGCCTAA	TTAGGCAT	0	0	0
ATGCCTAC	GTAGGCAT	0	0	0
ATGCCTAG	CTAGGCAT	0	0	0
ATGCCTCA	TGAGGCAT	0	0	0
ATGCCTCC	GGAGGCAT	0	0	0
ATGCCTCG	CGAGGCAT	0	0	0
ATGCCTGA	TCAGGCAT	0	0	0
ATGCCTGC	GCAGGCAT	0	0	0
ATGCCTGG	CCAGGCAT	0	0	0
ATGCCTTA	TAAGGCAT	0	0	0
ATGCCTTC	GAAGGCAT	0	0	0
ATGCCTTG	CAAGGCAT	0	0	0
ATGCGAAA	TTTCGCAT	0	0	0
ATGCGAAC	GTTCGCAT	0	0	0
ATGCGAAG	CTTCGCAT	0	0	0
ATGCGAAT	ATTCGCAT	0	0	0
ATGCGACA	TGTCGCAT	0	0	0
ATGCGACC	GGTCGCAT	0	0	0
ATGCGACG	CGTCGCAT	0	0	0
ATGCGAGA	TCTCGCAT	0	0	0
ATGCGAGC	GCTCGCAT	0	0	0
ATGCGAGG	CCTCGCAT	0	0	0
ATGCGATA	TATCGCAT	0	0	0
ATGCGATC	GATCGCAT	0	0	0
ATGCGATG	CATCGCAT	0	0	0
ATGCGCAA	TTGCGCAT	0	0	0
ATGCGCAC	GTGCGCAT	0	0	0
ATGCGCAG	CTGCGCAT	0	0	0
ATGCGCAT	ATGCGCAT	0	0	0
ATGCGCCA	TGGCGCAT	0	0	0
ATGCGCCC	GGGCGCAT	0	0	0
ATGCGCCG	CGGCGCAT	0	0	0
ATGCGCGA	TCGCGCAT	0	0	0
ATGCGCGC	GCGCGCAT	0	0	0
ATGCGCGG	CCGCGCAT	0	0	0
ATGCGCTA	TAGCGCAT	0	0	0
ATGCGCTC	GAGCGCAT	0	0	0
ATGCGCTG	CAGCGCAT	0	0	0
ATGCGGAA	TTCCGCAT	0	0	0
ATGCGGAC	GTCCGCAT	0	0	0
ATGCGGAG	CTCCGCAT	0	0	0
ATGCGGCA	TGCCGCAT	0	0	0
ATGCGGCC	GGCCGCAT	0	0	0
ATGCGGCG	CGCCGCAT	0	0	0
ATGCGGGA	TCCCGCAT	0	0	0
ATGCGGGC	GCCCGCAT	0	0	0
ATGCGGGG	CCCCGCAT	0	0	0
ATGCGGTA	TACCGCAT	0	0	0
ATGCGGTC	GACCGCAT	0	0	0
ATGCGGTG	CACCGCAT	0	0	0
ATGCGTAA	TTACGCAT	0	0	0
ATGCGTAC	GTACGCAT	0	0	0
ATGCGTAG	CTACGCAT	0	0	0
ATGCGTCA	TGACGCAT	0	0	0
ATGCGTCC	GGACGCAT	0	0	0
ATGCGTCG	CGACGCAT	0	0	0
ATGCGTGA	TCACGCAT	0	0	0
ATGCGTGC	GCACGCAT	0	0	0
ATGCGTGG	CCACGCAT	0	0	0
ATGCGTTA	TAACGCAT	0	0	0
ATGCGTTC	GAACGCAT	0	0	0
ATGCGTTG	CAACGCAT	0	0	0
ATGCTAAA	TTTAGCAT	0	0	0
ATGCTAAC	GTTAGCAT	0	0	0
ATGCTAAG	CTTAGCAT	0	0	0
ATGCTAAT	ATTAGCAT	0	0	0
ATGCTACA	TGTAGCAT	0	0	0
ATGCTACC	GGTAGCAT	0	0	0
ATGCTACG	CGTAGCAT	0	0	0
ATGCTAGA	TCTAGCAT	0	0	0
ATGCTAGC	GCTAGCAT	0	0	0
ATGCTAGG	CCTAGCAT	0	0	0
ATGCTATA	TATAGCAT	0	0	0
ATGCTATC	GATAGCAT	0	0	0
ATGCTATG	CATAGCAT	0	0	0
ATGCTCAA	TTGAGCAT	0	0	0
ATGCTCAC	GTGAGCAT	0	0	0
ATGCTCAG	CTGAGCAT	0	0	0
ATGCTCCA	TGGAGCAT	0	0	0
ATGCTCCC	GGGAGCAT	0	0	0
ATGCTCCG	CGGAGCAT	0	0	0
ATGCTCGA	TCGAGCAT	0	0	0
ATGCTCGC	GCGAGCAT	0	0	0
ATGCTCGG	CCGAGCAT	0	0	0
ATGCTCTA	TAGAGCAT	0	0	0
ATGCTCTC	GAGAGCAT	0	0	0
ATGCTCTG	CAGAGCAT	0	0	0
ATGCTGAA	TTCAGCAT	0	0	0
ATGCTGAC	GTCAGCAT	0	0	0
ATGCTGAG	CTCAGCAT	0	0	0
ATGCTGCA	TGCAGCAT	0	0	0
ATGCTGCC	GGCAGCAT	0	0	0
ATGCTGCG	CGCAGCAT	0	0	0
ATGCTGGA	TCCAGCAT	0	0	0
ATGCTGGC	GCCAGCAT	0	0	0
ATGCTGGG	CCCAGCAT	0	0	0
ATGCTGTA	TACAGCAT	0	0	0
ATGCTGTC	GACAGCAT	0	0	0
ATGCTGTG	CACAGCAT	0	0	0
ATGCTTAA	TTAAGCAT	0	0	0
ATGCTTAC	GTAAGCAT	0	0	0
ATGCTTAG	CTAAGCAT	0	0	0
ATGCTTCA	TGAAGCAT	0	0	0
ATGCTTCC	GGAAGCAT	0	0	0
ATGCTTCG	CGAAGCAT	0	0	0
ATGCTTGA	TCAAGCAT	0	0	0
ATGCTTGC	GCAAGCAT	0	0	0
ATGCTTGG	CCAAGCAT	0	0	0
ATGCTTTA	TAAAGCAT	0	0	0
ATGCTTTC	GAAAGCAT	0	0	0
ATGCTTTG	CAAAGCAT	0	0	0
ATGGAAAA	TTTTCCAT	0	0	0
ATGGAAAC	GTTTCCAT	0	0	0
ATGGAAAG	CTTTCCAT	0	0	0
ATGGAAAT	ATTTCCAT	0	0	0
ATGGAACA	TGTTCCAT	0	0	0
ATGGAACC	GGTTCCAT	0	0	0
ATGGAACG	CGTTCCAT	0	0	0
ATGGAAGA	TCTTCCAT	0	0	0
ATGGAAGC	GCTTCCAT	0	0	0
ATGGAAGG	CCTTCCAT	0	0	0
ATGGAATA	TATTCCAT	0	0	0
ATGGAATC	GATTCCAT	0	0	0
ATGGAATG	CATTCCAT	0	0	0
ATGGACAA	TTGTCCAT	0	0	0
ATGGACAC	GTGTCCAT	0	0	0
ATGGACAG	CTGTCCAT	0	0	0
ATGGACAT	ATGTCCAT	0	0	0
ATGGACCA	TGGTCCAT	0	0	0
ATGGACCC	GGGTCCAT	0	0	0
ATGGACCG	CGGTCCAT	0	0	0
ATGGACGA	TCGTCCAT	0	0	0
ATGGACGC	GCGTCCAT	0	0	0
ATGGACGG	CCGTCCAT	0	0	0
ATGGACTA	TAGTCCAT	0	0	0
ATGGACTC	GAGTCCAT	0	0	0
ATGGACTG	CAGTCCAT	0	0	0
ATGGAGAA	TTCTCCAT	0	0	0
ATGGAGAC	GTCTCCAT	0	0	0
ATGGAGAG	CTCTCCAT	0	0	0
ATGGAGCA	TGCTCCAT	0	0	0
ATGGAGCC	GGCTCCAT	0	0	0
ATGGAGCG	CGCTCCAT	0	0	0
ATGGAGGA	TCCTCCAT	0	0	0
ATGGAGGC	GCCTCCAT	0	0	0
ATGGAGGG	CCCTCCAT	0	0	0
ATGGAGTA	TACTCCAT	0	0	0
ATGGAGTC	GACTCCAT	0	0	0
ATGGAGTG	CACTCCAT	0	0	0
ATGGATAA	TTATCCAT	0	0	0
ATGGATAC	GTATCCAT	0	0	0
ATGGATAG	CTATCCAT	0	0	0
ATGGATCA	TGATCCAT	0	0	0
ATGGATCC	GGATCCAT	0	0	0
ATGGATCG	CGATCCAT	0	0	0
ATGGATGA	TCATCCAT	0	0	0
ATGGATGC	GCATCCAT	0	0	0
ATGGATGG	CCATCCAT	0	0	0
ATGGATTA	TAATCCAT	0	0	0
ATGGATTC	GAATCCAT	0	0	0
ATGGATTG	CAATCCAT	0	0	0
ATGGCAAA	TTTGCCAT	0	0	0
ATGGCAAC	GTTGCCAT	0	0	0
ATGGCAAG	CTTGCCAT	0	0	0
ATGGCAAT	ATTGCCAT	0	0	0
ATGGCACA	TGTGCCAT	0	0	0
ATGGCACC	GGTGCCAT	0	0	0
ATGGCACG	CGTGCCAT	0	0	0
ATGGCAGA	TCTGCCAT	0	0	0
ATGGCAGC	GCTGCCAT	0	0	0
ATGGCAGG	CCTGCCAT	0	0	0
ATGGCATA	TATGCCAT	0	0	0
ATGGCATC	GATGCCAT	0	0	0
ATGGCATG	CATGCCAT	0	0	0
ATGGCCAA	TTGGCCAT	0	0	0
ATGGCCAC	GTGGCCAT	0	0	0
ATGGCCAG	CTGGCCAT	0	0	0
ATGGCCAT	ATGGCCAT	0	0	0
ATGGCCCA	TGGGCCAT	0	0	0
ATGGCCCC	GGGGCCAT	0	0	0
ATGGCCCG	CGGGCCAT	0	0	0
ATGGCCGA	TCGGCCAT	0	0	0
ATGGCCGC	GCGGCCAT	0	0	0
ATGGCCGG	CCGGCCAT	0	0	0
ATGGCCTA	TAGGCCAT	0	0	0
ATGGCCTC	GAGGCCAT	0	0	0
ATGGCCTG	CAGGCCAT	0	0	0
ATGGCGAA	TTCGCCAT	0	0	0
ATGGCGAC	GTCGCCAT	0	0	0
ATGGCGAG	CTCGCCAT	0	0	0
ATGGCGCA	TGCGCCAT	0	0	0
ATGGCGCC	GGCGCCAT	0	0	0
ATGGCGCG	CGCGCCAT	0	0	0
ATGGCGGA	TCCGCCAT	0	0	0
ATGGCGGC	GCCGCCAT	0	0	0
ATGGCGGG	CCCGCCAT	0	0	0
ATGGCGTA	TACGCCAT	0	0	0
ATGGCGTC	GACGCCAT	0	0	0
ATGGCGTG	CACGCCAT	0	0	0
ATGGCTAA	TTAGCCAT	0	0	0
ATGGCTAC	GTAGCCAT	0	0	0
ATGGCTAG	CTAGCCAT	0	0	0
ATGGCTCA	TGAGCCAT	0	0	0
ATGGCTCC	GGAGCCAT	0	0	0
ATGGCTCG	CGAGCCAT	0	0	0
ATGGCTGA	TCAGCCAT	0	0	0
ATGGCTGC	GCAGCCAT	0	0	0
ATGGCTGG	CCAGCCAT	0	0	0
ATGGCTTA	TAAGCCAT	0	0	0
ATGGCTTC	GAAGCCAT	0	0	0
ATGGCTTG	CAAGCCAT	0	0	0
ATGGGAAA	TTTCCCAT	0	0	0
ATGGGAAC	GTTCCCAT	0	0	0
ATGGGAAG	CTTCCCAT	0	0	0
ATGGGAAT	ATTCCCAT	0	0	0
ATGGGACA	TGTCCCAT	0	0	0
ATGGGACC	GGTCCCAT	0	0	0
ATGGGACG	CGTCCCAT	0	0	0
ATGGGAGA	TCTCCCAT	0	0	0
ATGGGAGC	GCTCCCAT	0	0	0
ATGGGAGG	CCTCCCAT	0	0	0
ATGGGATA	TATCCCAT	0	0	0
ATGGGATC	GATCCCAT	0	0	0
ATGGGATG	CATCCCAT	0	0	0
ATGGGCAA	TTGCCCAT	0	0	0
ATGGGCAC	GTGCCCAT	0	0	0
ATGGGCAG	CTGCCCAT	0	0	0
ATGGGCCA	TGGCCCAT	0	0	0
ATGGGCCC	GGGCCCAT	0	0	0
ATGGGCCG	CGGCCCAT	0	0	0
ATGGGCGA	TCGCCCAT	0	0	0
ATGGGCGC	GCGCCCAT	0	0	0
ATGGGCGG	CCGCCCAT	0	0	0
ATGGGCTA	TAGCCCAT	0	0	0
ATGGGCTC	GAGCCCAT	0	0	0
ATGGGCTG	CAGCCCAT	0	0	0
ATGGGGAA	TTCCCCAT	0	0	0
ATGGGGAC	GTCCCCAT	0	0	0
ATGGGGAG	CTCCCCAT	0	0	0
ATGGGGCA	TGCCCCAT	0	0	0
ATGGGGCC	GGCCCCAT	0	0	0
ATGGGGCG	CGCCCCAT	0	0	0
ATGGGGGA	TCCCCCAT	0	0	0
ATGGGGGC	GCCCCCAT	0	0	0
ATGGGGGG	CCCCCCAT	0	0	0
ATGGGGTA	TACCCCAT	0	0	0
ATGGGGTC	GACCCCAT	0	0	0
ATGGGGTG	CACCCCAT	0	0	0
ATGGGTAA	TTACCCAT	0	0	0
ATGGGTAC	GTACCCAT	0	0	0
ATGGGTAG	CTACCCAT	0	0	0
ATGGGTCA	TGACCCAT	0	0	0
ATGGGTCC	GGACCCAT	0	0	0
ATGGGTCG	CGACCCAT	0	0	0
ATGGGTGA	TCACCCAT	0	0	0
ATGGGTGC	GCACCCAT	0	0	0
ATGGGTGG	CCACCCAT	0	0	0
ATGGGTTA	TAACCCAT	0	0	0
ATGGGTTC	GAACCCAT	0	0	0
ATGGGTTG	CAACCCAT	0	0	0
ATGGTAAA	TTTACCAT	0	0	0
ATGGTAAC	GTTACCAT	0	0	0
ATGGTAAG	CTTACCAT	0	0	0
ATGGTAAT	ATTACCAT	0	0	0
ATGGTACA	TGTACCAT	0	0	0
ATGGTACC	GGTACCAT	0	0	0
ATGGTACG	CGTACCAT	0	0	0
ATGGTAGA	TCTACCAT	0	0	0
ATGGTAGC	GCTACCAT	0	0	0
ATGGTAGG	CCTACCAT	0	0	0
ATGGTATA	TATACCAT	0	0	0
ATGGTATC	GATACCAT	0	0	0
ATGGTATG	CATACCAT	0	0	0
ATGGTCAA	TTGACCAT	0	0	0
ATGGTCAC	GTGACCAT	0	0	0
ATGGTCAG	CTGACCAT	0	0	0
ATGGTCCA	TGGACCAT	0	0	0
ATGGTCCC	GGGACCAT	0	0	0
ATGGTCCG	CGGACCAT	0	0	0
ATGGTCGA	TCGACCAT	0	0	0
ATGGTCGC	GCGACCAT	0	0	0
ATGGTCGG	CCGACCAT	0	0	0
ATGGTCTA	TAGACCAT	0	0	0
ATGGTCTC	GAGACCAT	0	0	0
ATGGTCTG	CAGACCAT	0	0	0
ATGGTGAA	TTCACCAT	0	0	0
ATGGTGAC	GTCACCAT	0	0	0
ATGGTGAG	CTCACCAT	0	0	0
ATGGTGCA	TGCACCAT	0	0	0
ATGGTGCC	GGCACCAT	0	0	0
ATGGTGCG	CGCACCAT	0	0	0
ATGGTGGA	TCCACCAT	0	0	0
ATGGTGGC	GCCACCAT	0	0	0
ATGGTGGG	CCCACCAT	0	0	0
ATGGTGTA	TACACCAT	0	0	0
ATGGTGTC	GACACCAT	0	0	0
ATGGTGTG	CACACCAT	0	0	0
ATGGTTAA	TTAACCAT	0	0	0
ATGGTTAC	GTAACCAT	0	0	0
ATGGTTAG	CTAACCAT	0	0	0
ATGGTTCA	TGAACCAT	0	0	0
ATGGTTCC	GGAACCAT	0	0	0
ATGGTTCG	CGAACCAT	0	0	0
ATGGTTGA	TCAACCAT	0	0	0
ATGGTTGC	GCAACCAT	0	0	0
ATGGTTGG	CCAACCAT	0	0	0
ATGGTTTA	TAAACCAT	0	0	0
ATGGTTTC	GAAACCAT	0	0	0
ATGGTTTG	CAAACCAT	0	0	0
ATGTAAAA	TTTTACAT	0	0	0
ATGTAAAC	GTTTACAT	0	0	0
ATGTAAAG	CTTTACAT	0	0	0
ATGTAAAT	ATTTACAT	0	0	0
ATGTAACA	TGTTACAT	0	0	0
ATGTAACC	GGTTACAT	0	0	0
ATGTAACG	CGTTACAT	0	0	0
ATGTAAGA	TCTTACAT	0	0	0
ATGTAAGC	GCTTACAT	0	0	0
ATGTAAGG	CCTTACAT	0	0	0
ATGTAATA	TATTACAT	0	0	0
ATGTAATC	GATTACAT	0	0	0
ATGTAATG	CATTACAT	0	0	0
ATGTACAA	TTGTACAT	0	0	0
ATGTACAC	GTGTACAT	0	0	0
ATGTACAG	CTGTACAT	0	0	0
ATGTACAT	ATGTACAT	0	0	0
ATGTACCA	TGGTACAT	0	0	0
ATGTACCC	GGGTACAT	0	0	0
ATGTACCG	CGGTACAT	0	0	0
ATGTACGA	TCGTACAT	0	0	0
ATGTACGC	GCGTACAT	0	0	0
ATGTACGG	CCGTACAT	0	0	0
ATGTACTA	TAGTACAT	0	0	0
ATGTACTC	GAGTACAT	0	0	0
ATGTACTG	CAGTACAT	0	0	0
ATGTAGAA	TTCTACAT	0	0	0
ATGTAGAC	GTCTACAT	0	0	0
ATGTAGAG	CTCTACAT	0	0	0
ATGTAGCA	TGCTACAT	0	0	0
ATGTAGCC	GGCTACAT	0	0	0
ATGTAGCG	CGCTACAT	0	0	0
ATGTAGGA	TCCTACAT	0	0	0
ATGTAGGC	GCCTACAT	0	0	0
ATGTAGGG	CCCTACAT	0	0	0
ATGTAGTA	TACTACAT	0	0	0
ATGTAGTC	GACTACAT	0	0	0
ATGTAGTG	CACTACAT	0	0	0
ATGTATAA	TTATACAT	0	0	0
ATGTATAC	GTATACAT	0	0	0
ATGTATAG	CTATACAT	0	0	0
ATGTATCA	TGATACAT	0	0	0
ATGTATCC	GGATACAT	0	0	0
ATGTATCG	CGATACAT	0	0	0
ATGTATGA	TCATACAT	0	0	0
ATGTATGC	GCATACAT	0	0	0
ATGTATGG	CCATACAT	0	0	0
ATGTATTA	TAATACAT	0	0	0
ATGTATTC	GAATACAT	0	0	0
ATGTATTG	CAATACAT	0	0	0
ATGTCAAA	TTTGACAT	0	0	0
ATGTCAAC	GTTGACAT	0	0	0
ATGTCAAG	CTTGACAT	0	0	0
ATGTCAAT	ATTGACAT	0	0	0
ATGTCACA	TGTGACAT	0	0	0
ATGTCACC	GGTGACAT	0	0	0
ATGTCACG	CGTGACAT	0	0	0
ATGTCAGA	TCTGACAT	0	0	0
ATGTCAGC	GCTGACAT	0	0	0
ATGTCAGG	CCTGACAT	0	0	0
ATGTCATA	TATGACAT	0	0	0
ATGTCATC	GATGACAT	0	0	0
ATGTCATG	CATGACAT	0	0	0
ATGTCCAA	TTGGACAT	0	0	0
ATGTCCAC	GTGGACAT	0	0	0
ATGTCCAG	CTGGACAT	0	0	0
ATGTCCCA	TGGGACAT	0	0	0
ATGTCCCC	GGGGACAT	0	0	0
ATGTCCCG	CGGGACAT	0	0	0
ATGTCCGA	TCGGACAT	0	0	0
ATGTCCGC	GCGGACAT	0	0	0
ATGTCCGG	CCGGACAT	0	0	0
ATGTCCTA	TAGGACAT	0	0	0
ATGTCCTC	GAGGACAT	0	0	0
ATGTCCTG	CAGGACAT	0	0	0
ATGTCGAA	TTCGACAT	0	0	0
ATGTCGAC	GTCGACAT	0	0	0
ATGTCGAG	CTCGACAT	0	0	0
ATGTCGCA	TGCGACAT	0	0	0
ATGTCGCC	GGCGACAT	0	0	0
ATGTCGCG	CGCGACAT	0	0	0
ATGTCGGA	TCCGACAT	0	0	0
ATGTCGGC	GCCGACAT	0	0	0
ATGTCGGG	CCCGACAT	0	0	0
ATGTCGTA	TACGACAT	0	0	0
ATGTCGTC	GACGACAT	0	0	0
ATGTCGTG	CACGACAT	0	0	0
ATGTCTAA	TTAGACAT	0	0	0
ATGTCTAC	GTAGACAT	0	0	0
ATGTCTAG	CTAGACAT	0	0	0
ATGTCTCA	TGAGACAT	0	0	0
ATGTCTCC	GGAGACAT	0	0	0
ATGTCTCG	CGAGACAT	0	0	0
ATGTCTGA	TCAGACAT	0	0	0
ATGTCTGC	GCAGACAT	0	0	0
ATGTCTGG	CCAGACAT	0	0	0
ATGTCTTA	TAAGACAT	0	0	0
ATGTCTTC	GAAGACAT	0	0	0
ATGTCTTG	CAAGACAT	0	0	0
ATGTGAAA	TTTCACAT	0	0	0
ATGTGAAC	GTTCACAT	0	0	0
ATGTGAAG	CTTCACAT	0	0	0
ATGTGAAT	ATTCACAT	0	0	0
ATGTGACA	TGTCACAT	0	0	0
ATGTGACC	GGTCACAT	0	0	0
ATGTGACG	CGTCACAT	0	0	0
ATGTGAGA	TCTCACAT	0	0	0
ATGTGAGC	GCTCACAT	0	0	0
ATGTGAGG	CCTCACAT	0	0	0
ATGTGATA	TATCACAT	0	0	0
ATGTGATC	GATCACAT	0	0	0
ATGTGATG	CATCACAT	0	0	0
ATGTGCAA	TTGCACAT	0	0	0
ATGTGCAC	GTGCACAT	0	0	0
ATGTGCAG	CTGCACAT	0	0	0
ATGTGCCA	TGGCACAT	0	0	0
ATGTGCCC	GGGCACAT	0	0	0
ATGTGCCG	CGGCACAT	0	0	0
ATGTGCGA	TCGCACAT	0	0	0
ATGTGCGC	GCGCACAT	0	0	0
ATGTGCGG	CCGCACAT	0	0	0
ATGTGCTA	TAGCACAT	0	0	0
ATGTGCTC	GAGCACAT	0	0	0
ATGTGCTG	CAGCACAT	0	0	0
ATGTGGAA	TTCCACAT	0	0	0
ATGTGGAC	GTCCACAT	0	0	0
ATGTGGAG	CTCCACAT	0	0	0
ATGTGGCA	TGCCACAT	0	0	0
ATGTGGCC	GGCCACAT	0	0	0
ATGTGGCG	CGCCACAT	0	0	0
ATGTGGGA	TCCCACAT	0	0	0
ATGTGGGC	GCCCACAT	0	0	0
ATGTGGGG	CCCCACAT	0	0	0
ATGTGGTA	TACCACAT	0	0	0
ATGTGGTC	GACCACAT	0	0	0
ATGTGGTG	CACCACAT	0	0	0
ATGTGTAA	TTACACAT	0	0	0
ATGTGTAC	GTACACAT	0	0	0
ATGTGTAG	CTACACAT	0	0	0
ATGTGTCA	TGACACAT	0	0	0
ATGTGTCC	GGACACAT	0	0	0
ATGTGTCG	CGACACAT	0	0	0
ATGTGTGA	TCACACAT	0	0	0
ATGTGTGC	GCACACAT	0	0	0
ATGTGTGG	CCACACAT	0	0	0
ATGTGTTA	TAACACAT	0	0	0
ATGTGTTC	GAACACAT	0	0	0
ATGTGTTG	CAACACAT	0	0	0
ATGTTAAA	TTTAACAT	0	0	0
ATGTTAAC	GTTAACAT	0	0	0
ATGTTAAG	CTTAACAT	0	0	0
ATGTTAAT	ATTAACAT	0	0	0
ATGTTACA	TGTAACAT	0	0	0
ATGTTACC	GGTAACAT	0	0	0
ATGTTACG	CGTAACAT	0	0	0
ATGTTAGA	TCTAACAT	0	0	0
ATGTTAGC	GCTAACAT	0	0	0
ATGTTAGG	CCTAACAT	0	0	0
ATGTTATA	TATAACAT	0	0	0
ATGTTATC	GATAACAT	0	0	0
ATGTTATG	CATAACAT	0	0	0
ATGTTCAA	TTGAACAT	0	0	0
ATGTTCAC	GTGAACAT	0	0	0
ATGTTCAG	CTGAACAT	0	0	0
ATGTTCCA	TGGAACAT	0	0	0
ATGTTCCC	GGGAACAT	0	0	0
ATGTTCCG	CGGAACAT	0	0	0
ATGTTCGA	TCGAACAT	0	0	0
ATGTTCGC	GCGAACAT	0	0	0
ATGTTCGG	CCGAACAT	0	0	0
ATGTTCTA	TAGAACAT	0	0	0
ATGTTCTC	GAGAACAT	0	0	0
ATGTTCTG	CAGAACAT	0	0	0
ATGTTGAA	TTCAACAT	0	0	0
ATGTTGAC	GTCAACAT	0	0	0
ATGTTGAG	CTCAACAT	0	0	0
ATGTTGCA	TGCAACAT	0	0	0
ATGTTGCC	GGCAACAT	0	0	0
ATGTTGCG	CGCAACAT	0	0	0
ATGTTGGA	TCCAACAT	0	0	0
ATGTTGGC	GCCAACAT	0	0	0
ATGTTGGG	CCCAACAT	0	0	0
ATGTTGTA	TACAACAT	0	0	0
ATGTTGTC	GACAACAT	0	0	0
ATGTTGTG	CACAACAT	0	0	0
ATGTTTAA	TTAAACAT	0	0	0
ATGTTTAC	GTAAACAT	0	0	0
ATGTTTAG	CTAAACAT	0	0	0
ATGTTTCA	TGAAACAT	0	0	0
ATGTTTCC	GGAAACAT	0	0	0
ATGTTTCG	CGAAACAT	0	0	0
ATGTTTGA	TCAAACAT	0	0	0
ATGTTTGC	GCAAACAT	0	0	0
ATGTTTGG	CCAAACAT	0	0	0
ATGTTTTA	TAAAACAT	0	0	0
ATGTTTTC	GAAAACAT	0	0	0
ATGTTTTG	CAAAACAT	0	0	0
ATTAAAAA	TTTTTAAT	0	0	0
ATTAAAAC	GTTTTAAT	0	0	0
ATTAAAAG	CTTTTAAT	0	0	0
ATTAAAAT	ATTTTAAT	0	0	0
ATTAAACA	TGTTTAAT	0	0	0
ATTAAACC	GGTTTAAT	0	0	0
ATTAAACG	CGTTTAAT	0	0	0
ATTAAAGA	TCTTTAAT	0	0	0
ATTAAAGC	GCTTTAAT	0	0	0
ATTAAAGG	CCTTTAAT	0	0	0
ATTAAATA	TATTTAAT	0	0	0
ATTAAATC	GATTTAAT	0	0	0
ATTAAATG	CATTTAAT	0	0	0
ATTAACAA	TTGTTAAT	0	0	0
ATTAACAC	GTGTTAAT	0	0	0
ATTAACAG	CTGTTAAT	0	0	0
ATTAACCA	TGGTTAAT	0	0	0
ATTAACCC	GGGTTAAT	0	0	0
ATTAACCG	CGGTTAAT	0	0	0
ATTAACGA	TCGTTAAT	0	0	0
ATTAACGC	GCGTTAAT	0	0	0
ATTAACGG	CCGTTAAT	0	0	0
ATTAACTA	TAGTTAAT	0	0	0
ATTAACTC	GAGTTAAT	0	0	0
ATTAACTG	CAGTTAAT	0	0	0
ATTAAGAA	TTCTTAAT	0	0	0
ATTAAGAC	GTCTTAAT	0	0	0
ATTAAGAG	CTCTTAAT	0	0	0
ATTAAGCA	TGCTTAAT	0	0	0
ATTAAGCC	GGCTTAAT	0	0	0
ATTAAGCG	CGCTTAAT	0	0	0
ATTAAGGA	TCCTTAAT	0	0	0
ATTAAGGC	GCCTTAAT	0	0	0
ATTAAGGG	CCCTTAAT	0	0	0
ATTAAGTA	TACTTAAT	0	0	0
ATTAAGTC	GACTTAAT	0	0	0
ATTAAGTG	CACTTAAT	0	0	0
ATTAATAA	TTATTAAT	0	0	0
ATTAATAC	GTATTAAT	0	0	0
ATTAATAG	CTATTAAT	0	0	0
ATTAATCA	TGATTAAT	0	0	0
ATTAATCC	GGATTAAT	0	0	0
ATTAATCG	CGATTAAT	0	0	0
ATTAATGA	TCATTAAT	0	0	0
ATTAATGC	GCATTAAT	0	0	0
ATTAATGG	CCATTAAT	0	0	0
ATTAATTA	TAATTAAT	0	0	0
ATTAATTC	GAATTAAT	0	0	0
ATTAATTG	CAATTAAT	0	0	0
ATTACAAA	TTTGTAAT	0	0	0
ATTACAAC	GTTGTAAT	0	0	0
ATTACAAG	CTTGTAAT	0	0	0
ATTACAAT	ATTGTAAT	0	0	0
ATTACACA	TGTGTAAT	0	0	0
ATTACACC	GGTGTAAT	0	0	0
ATTACACG	CGTGTAAT	0	0	0
ATTACAGA	TCTGTAAT	0	0	0
ATTACAGC	GCTGTAAT	0	0	0
ATTACAGG	CCTGTAAT	0	0	0
ATTACATA	TATGTAAT	0	0	0
ATTACATC	GATGTAAT	0	0	0
ATTACATG	CATGTAAT	0	0	0
ATTACCAA	TTGGTAAT	0	0	0
ATTACCAC	GTGGTAAT	0	0	0
ATTACCAG	CTGGTAAT	0	0	0
ATTACCCA	TGGGTAAT	0	0	0
ATTACCCC	GGGGTAAT	0	0	0
ATTACCCG	CGGGTAAT	0	0	0
ATTACCGA	TCGGTAAT	0	0	0
ATTACCGC	GCGGTAAT	0	0	0
ATTACCGG	CCGGTAAT	0	0	0
ATTACCTA	TAGGTAAT	0	0	0
ATTACCTC	GAGGTAAT	0	0	0
ATTACCTG	CAGGTAAT	0	0	0
ATTACGAA	TTCGTAAT	0	0	0
ATTACGAC	GTCGTAAT	0	0	0
ATTACGAG	CTCGTAAT	0	0	0
ATTACGCA	TGCGTAAT	0	0	0
ATTACGCC	GGCGTAAT	0	0	0
ATTACGCG	CGCGTAAT	0	0	0
ATTACGGA	TCCGTAAT	0	0	0
ATTACGGC	GCCGTAAT	0	0	0
ATTACGGG	CCCGTAAT	0	0	0
ATTACGTA	TACGTAAT	0	0	0
ATTACGTC	GACGTAAT	0	0	0
ATTACGTG	CACGTAAT	0	0	0
ATTACTAA	TTAGTAAT	0	0	0
ATTACTAC	GTAGTAAT	0	0	0
ATTACTAG	CTAGTAAT	0	0	0
ATTACTCA	TGAGTAAT	0	0	0
ATTACTCC	GGAGTAAT	0	0	0
ATTACTCG	CGAGTAAT	0	0	0
ATTACTGA	TCAGTAAT	0	0	0
ATTACTGC	GCAGTAAT	0	0	0
ATTACTGG	CCAGTAAT	0	0	0
ATTACTTA	TAAGTAAT	0	0	0
ATTACTTC	GAAGTAAT	0	0	0
ATTACTTG	CAAGTAAT	0	0	0
ATTAGAAA	TTTCTAAT	0	0	0
ATTAGAAC	GTTCTAAT	0	0	0
ATTAGAAG	CTTCTAAT	0	0	0
ATTAGAAT	ATTCTAAT	0	0	0
ATTAGACA	TGTCTAAT	0	0	0
ATTAGACC	GGTCTAAT	0	0	0
ATTAGACG	CGTCTAAT	0	0	0
ATTAGAGA	TCTCTAAT	0	0	0
ATTAGAGC	GCTCTAAT	0	0	0
ATTAGAGG	CCTCTAAT	0	0	0
ATTAGATA	TATCTAAT	0	0	0
ATTAGATC	GATCTAAT	0	0	0
ATTAGATG	CATCTAAT	0	0	0
ATTAGCAA	TTGCTAAT	0	0	0
ATTAGCAC	GTGCTAAT	0	0	0
ATTAGCAG	CTGCTAAT	0	0	0
ATTAGCCA	TGGCTAAT	0	0	0
ATTAGCCC	GGGCTAAT	0	0	0
ATTAGCCG	CGGCTAAT	0	0	0
ATTAGCGA	TCGCTAAT	0	0	0
ATTAGCGC	GCGCTAAT	0	0	0
ATTAGCGG	CCGCTAAT	0	0	0
ATTAGCTA	TAGCTAAT	0	0	0
ATTAGCTC	GAGCTAAT	0	0	0
ATTAGCTG	CAGCTAAT	0	0	0
ATTAGGAA	TTCCTAAT	0	0	0
ATTAGGAC	GTCCTAAT	0	0	0
ATTAGGAG	CTCCTAAT	0	0	0
ATTAGGCA	TGCCTAAT	0	0	0
ATTAGGCC	GGCCTAAT	0	0	0
ATTAGGCG	CGCCTAAT	0	0	0
ATTAGGGA	TCCCTAAT	0	0	0
ATTAGGGC	GCCCTAAT	0	0	0
ATTAGGGG	CCCCTAAT	0	0	0
ATTAGGTA	TACCTAAT	0	0	0
ATTAGGTC	GACCTAAT	0	0	0
ATTAGGTG	CACCTAAT	0	0	0
ATTAGTAA	TTACTAAT	0	0	0
ATTAGTAC	GTACTAAT	0	0	0
ATTAGTAG	CTACTAAT	0	0	0
ATTAGTCA	TGACTAAT	0	0	0
ATTAGTCC	GGACTAAT	0	0	0
ATTAGTCG	CGACTAAT	0	0	0
ATTAGTGA	TCACTAAT	0	0	0
ATTAGTGC	GCACTAAT	0	0	0
ATTAGTGG	CCACTAAT	0	0	0
ATTAGTTA	TAACTAAT	0	0	0
ATTAGTTC	GAACTAAT	0	0	0
ATTAGTTG	CAACTAAT	0	0	0
ATTATAAA	TTTATAAT	0	0	0
ATTATAAC	GTTATAAT	0	0	0
ATTATAAG	CTTATAAT	0	0	0
ATTATAAT	ATTATAAT	0	0	0
ATTATACA	TGTATAAT	0	0	0
ATTATACC	GGTATAAT	0	0	0
ATTATACG	CGTATAAT	0	0	0
ATTATAGA	TCTATAAT	0	0	0
ATTATAGC	GCTATAAT	0	0	0
ATTATAGG	CCTATAAT	0	0	0
ATTATATA	TATATAAT	0	0	0
ATTATATC	GATATAAT	0	0	0
ATTATATG	CATATAAT	0	0	0
ATTATCAA	TTGATAAT	0	0	0
ATTATCAC	GTGATAAT	0	0	0
ATTATCAG	CTGATAAT	0	0	0
ATTATCCA	TGGATAAT	0	0	0
ATTATCCC	GGGATAAT	0	0	0
ATTATCCG	CGGATAAT	0	0	0
ATTATCGA	TCGATAAT	0	0	0
ATTATCGC	GCGATAAT	0	0	0
ATTATCGG	CCGATAAT	0	0	0
ATTATCTA	TAGATAAT	0	0	0
ATTATCTC	GAGATAAT	0	0	0
ATTATCTG	CAGATAAT	0	0	0
ATTATGAA	TTCATAAT	0	0	0
ATTATGAC	GTCATAAT	0	0	0
ATTATGAG	CTCATAAT	0	0	0
ATTATGCA	TGCATAAT	0	0	0
ATTATGCC	GGCATAAT	0	0	0
ATTATGCG	CGCATAAT	0	0	0
ATTATGGA	TCCATAAT	0	0	0
ATTATGGC	GCCATAAT	0	0	0
ATTATGGG	CCCATAAT	0	0	0
ATTATGTA	TACATAAT	0	0	0
ATTATGTC	GACATAAT	0	0	0
ATTATGTG	CACATAAT	0	0	0
ATTATTAA	TTAATAAT	0	0	0
ATTATTAC	GTAATAAT	0	0	0
ATTATTAG	CTAATAAT	0	0	0
ATTATTCA	TGAATAAT	0	0	0
ATTATTCC	GGAATAAT	0	0	0
ATTATTCG	CGAATAAT	0	0	0
ATTATTGA	TCAATAAT	0	0	0
ATTATTGC	GCAATAAT	0	0	0
ATTATTGG	CCAATAAT	0	0	0
ATTATTTA	TAAATAAT	0	0	0
ATTATTTC	GAAATAAT	0	0	0
ATTATTTG	CAAATAAT	0	0	0
ATTCAAAA	TTTTGAAT	0	0	0
ATTCAAAC	GTTTGAAT	0	0	0
ATTCAAAG	CTTTGAAT	0	0	0
ATTCAAAT	ATTTGAAT	0	0	0
ATTCAACA	TGTTGAAT	0	0	0
ATTCAACC	GGTTGAAT	0	0	0
ATTCAACG	CGTTGAAT	0	0	0
ATTCAAGA	TCTTGAAT	0	0	0
ATTCAAGC	GCTTGAAT	0	0	0
ATTCAAGG	CCTTGAAT	0	0	0
ATTCAATA	TATTGAAT	0	0	0
ATTCAATC	GATTGAAT	0	0	0
ATTCAATG	CATTGAAT	0	0	0
ATTCACAA	TTGTGAAT	0	0	0
ATTCACAC	GTGTGAAT	0	0	0
ATTCACAG	CTGTGAAT	0	0	0
ATTCACCA	TGGTGAAT	0	0	0
ATTCACCC	GGGTGAAT	0	0	0
ATTCACCG	CGGTGAAT	0	0	0
ATTCACGA	TCGTGAAT	0	0	0
ATTCACGC	GCGTGAAT	0	0	0
ATTCACGG	CCGTGAAT	0	0	0
ATTCACTA	TAGTGAAT	0	0	0
ATTCACTC	GAGTGAAT	0	0	0
ATTCACTG	CAGTGAAT	0	0	0
ATTCAGAA	TTCTGAAT	0	0	0
ATTCAGAC	GTCTGAAT	0	0	0
ATTCAGAG	CTCTGAAT	0	0	0
ATTCAGCA	TGCTGAAT	0	0	0
ATTCAGCC	GGCTGAAT	0	0	0
ATTCAGCG	CGCTGAAT	0	0	0
ATTCAGGA	TCCTGAAT	0	0	0
ATTCAGGC	GCCTGAAT	0	0	0
ATTCAGGG	CCCTGAAT	0	0	0
ATTCAGTA	TACTGAAT	0	0	0
ATTCAGTC	GACTGAAT	0	0	0
ATTCAGTG	CACTGAAT	0	0	0
ATTCATAA	TTATGAAT	0	0	0
ATTCATAC	GTATGAAT	0	0	0
ATTCATAG	CTATGAAT	0	0	0
ATTCATCA	TGATGAAT	0	0	0
ATTCATCC	GGATGAAT	0	0	0
ATTCATCG	CGATGAAT	0	0	0
ATTCATGA	TCATGAAT	0	0	0
ATTCATGC	GCATGAAT	0	0	0
ATTCATGG	CCATGAAT	0	0	0
ATTCATTA	TAATGAAT	0	0	0
ATTCATTC	GAATGAAT	0	0	0
ATTCATTG	CAATGAAT	0	0	0
ATTCCAAA	TTTGGAAT	0	0	0
ATTCCAAC	GTTGGAAT	0	0	0
ATTCCAAG	CTTGGAAT	0	0	0
ATTCCAAT	ATTGGAAT	0	0	0
ATTCCACA	TGTGGAAT	0	0	0
ATTCCACC	GGTGGAAT	0	0	0
ATTCCACG	CGTGGAAT	0	0	0
ATTCCAGA	TCTGGAAT	0	0	0
ATTCCAGC	GCTGGAAT	0	0	0
ATTCCAGG	CCTGGAAT	0	0	0
ATTCCATA	TATGGAAT	0	0	0
ATTCCATC	GATGGAAT	0	0	0
ATTCCATG	CATGGAAT	0	0	0
ATTCCCAA	TTGGGAAT	0	0	0
ATTCCCAC	GTGGGAAT	0	0	0
ATTCCCAG	CTGGGAAT	0	0	0
ATTCCCCA	TGGGGAAT	0	0	0
ATTCCCCC	GGGGGAAT	0	0	0
ATTCCCCG	CGGGGAAT	0	0	0
ATTCCCGA	TCGGGAAT	0	0	0
ATTCCCGC	GCGGGAAT	0	0	0
ATTCCCGG	CCGGGAAT	0	0	0
ATTCCCTA	TAGGGAAT	0	0	0
ATTCCCTC	GAGGGAAT	0	0	0
ATTCCCTG	CAGGGAAT	0	0	0
ATTCCGAA	TTCGGAAT	0	0	0
ATTCCGAC	GTCGGAAT	0	0	0
ATTCCGAG	CTCGGAAT	0	0	0
ATTCCGCA	TGCGGAAT	0	0	0
ATTCCGCC	GGCGGAAT	0	0	0
ATTCCGCG	CGCGGAAT	0	0	0
ATTCCGGA	TCCGGAAT	0	0	0
ATTCCGGC	GCCGGAAT	0	0	0
ATTCCGGG	CCCGGAAT	0	0	0
ATTCCGTA	TACGGAAT	0	0	0
ATTCCGTC	GACGGAAT	0	0	0
ATTCCGTG	CACGGAAT	0	0	0
ATTCCTAA	TTAGGAAT	0	0	0
ATTCCTAC	GTAGGAAT	0	0	0
ATTCCTAG	CTAGGAAT	0	0	0
ATTCCTCA	TGAGGAAT	0	0	0
ATTCCTCC	GGAGGAAT	0	0	0
ATTCCTCG	CGAGGAAT	0	0	0
ATTCCTGA	TCAGGAAT	0	0	0
ATTCCTGC	GCAGGAAT	0	0	0
ATTCCTGG	CCAGGAAT	0	0	0
ATTCCTTA	TAAGGAAT	0	0	0
ATTCCTTC	GAAGGAAT	0	0	0
ATTCCTTG	CAAGGAAT	0	0	0
ATTCGAAA	TTTCGAAT	0	0	0
ATTCGAAC	GTTCGAAT	0	0	0
ATTCGAAG	CTTCGAAT	0	0	0
ATTCGAAT	ATTCGAAT	0	0	0
ATTCGACA	TGTCGAAT	0	0	0
ATTCGACC	GGTCGAAT	0	0	0
ATTCGACG	CGTCGAAT	0	0	0
ATTCGAGA	TCTCGAAT	0	0	0
ATTCGAGC	GCTCGAAT	0	0	0
ATTCGAGG	CCTCGAAT	0	0	0
ATTCGATA	TATCGAAT	0	0	0
ATTCGATC	GATCGAAT	0	0	0
ATTCGATG	CATCGAAT	0	0	0
ATTCGCAA	TTGCGAAT	0	0	0
ATTCGCAC	GTGCGAAT	0	0	0
ATTCGCAG	CTGCGAAT	0	0	0
ATTCGCCA	TGGCGAAT	0	0	0
ATTCGCCC	GGGCGAAT	0	0	0
ATTCGCCG	CGGCGAAT	0	0	0
ATTCGCGA	TCGCGAAT	0	0	0
ATTCGCGC	GCGCGAAT	0	0	0
ATTCGCGG	CCGCGAAT	0	0	0
ATTCGCTA	TAGCGAAT	0	0	0
ATTCGCTC	GAGCGAAT	0	0	0
ATTCGCTG	CAGCGAAT	0	0	0
ATTCGGAA	TTCCGAAT	0	0	0
ATTCGGAC	GTCCGAAT	0	0	0
ATTCGGAG	CTCCGAAT	0	0	0
ATTCGGCA	TGCCGAAT	0	0	0
ATTCGGCC	GGCCGAAT	0	0	0
ATTCGGCG	CGCCGAAT	0	0	0
ATTCGGGA	TCCCGAAT	0	0	0
ATTCGGGC	GCCCGAAT	0	0	0
ATTCGGGG	CCCCGAAT	0	0	0
ATTCGGTA	TACCGAAT	0	0	0
ATTCGGTC	GACCGAAT	0	0	0
ATTCGGTG	CACCGAAT	0	0	0
ATTCGTAA	TTACGAAT	0	0	0
ATTCGTAC	GTACGAAT	0	0	0
ATTCGTAG	CTACGAAT	0	0	0
ATTCGTCA	TGACGAAT	0	0	0
ATTCGTCC	GGACGAAT	0	0	0
ATTCGTCG	CGACGAAT	0	0	0
ATTCGTGA	TCACGAAT	0	0	0
ATTCGTGC	GCACGAAT	0	0	0
ATTCGTGG	CCACGAAT	0	0	0
ATTCGTTA	TAACGAAT	0	0	0
ATTCGTTC	GAACGAAT	0	0	0
ATTCGTTG	CAACGAAT	0	0	0
ATTCTAAA	TTTAGAAT	0	0	0
ATTCTAAC	GTTAGAAT	0	0	0
ATTCTAAG	CTTAGAAT	0	0	0
ATTCTACA	TGTAGAAT	0	0	0
ATTCTACC	GGTAGAAT	0	0	0
ATTCTACG	CGTAGAAT	0	0	0
ATTCTAGA	TCTAGAAT	0	0	0
ATTCTAGC	GCTAGAAT	0	0	0
ATTCTAGG	CCTAGAAT	0	0	0
ATTCTATA	TATAGAAT	0	0	0
ATTCTATC	GATAGAAT	0	0	0
ATTCTATG	CATAGAAT	0	0	0
ATTCTCAA	TTGAGAAT	0	0	0
ATTCTCAC	GTGAGAAT	0	0	0
ATTCTCAG	CTGAGAAT	0	0	0
ATTCTCCA	TGGAGAAT	0	0	0
ATTCTCCC	GGGAGAAT	0	0	0
ATTCTCCG	CGGAGAAT	0	0	0
ATTCTCGA	TCGAGAAT	0	0	0
ATTCTCGC	GCGAGAAT	0	0	0
ATTCTCGG	CCGAGAAT	0	0	0
ATTCTCTA	TAGAGAAT	0	0	0
ATTCTCTC	GAGAGAAT	0	0	0
ATTCTCTG	CAGAGAAT	0	0	0
ATTCTGAA	TTCAGAAT	0	0	0
ATTCTGAC	GTCAGAAT	0	0	0
ATTCTGAG	CTCAGAAT	0	0	0
ATTCTGCA	TGCAGAAT	0	0	0
ATTCTGCC	GGCAGAAT	0	0	0
ATTCTGCG	CGCAGAAT	0	0	0
ATTCTGGA	TCCAGAAT	0	0	0
ATTCTGGC	GCCAGAAT	0	0	0
ATTCTGGG	CCCAGAAT	0	0	0
ATTCTGTA	TACAGAAT	0	0	0
ATTCTGTC	GACAGAAT	0	0	0
ATTCTGTG	CACAGAAT	0	0	0
ATTCTTAA	TTAAGAAT	0	0	0
ATTCTTAC	GTAAGAAT	0	0	0
ATTCTTAG	CTAAGAAT	0	0	0
ATTCTTCA	TGAAGAAT	0	0	0
ATTCTTCC	GGAAGAAT	0	0	0
ATTCTTCG	CGAAGAAT	0	0	0
ATTCTTGA	TCAAGAAT	0	0	0
ATTCTTGC	GCAAGAAT	0	0	0
ATTCTTGG	CCAAGAAT	0	0	0
ATTCTTTA	TAAAGAAT	0	0	0
ATTCTTTC	GAAAGAAT	0	0	0
ATTCTTTG	CAAAGAAT	0	0	0
ATTGAAAA	TTTTCAAT	0	0	0
ATTGAAAC	GTTTCAAT	0	0	0
ATTGAAAG	CTTTCAAT	0	0	0
ATTGAAAT	ATTTCAAT	0	0	0
ATTGAACA	TGTTCAAT	0	0	0
ATTGAACC	GGTTCAAT	0	0	0
ATTGAACG	CGTTCAAT	0	0	0
ATTGAAGA	TCTTCAAT	0	0	0
ATTGAAGC	GCTTCAAT	0	0	0
ATTGAAGG	CCTTCAAT	0	0	0
ATTGAATA	TATTCAAT	0	0	0
ATTGAATC	GATTCAAT	0	0	0
ATTGAATG	CATTCAAT	0	0	0
ATTGACAA	TTGTCAAT	0	0	0
ATTGACAC	GTGTCAAT	0	0	0
ATTGACAG	CTGTCAAT	0	0	0
ATTGACCA	TGGTCAAT	0	0	0
ATTGACCC	GGGTCAAT	0	0	0
ATTGACCG	CGGTCAAT	0	0	0
ATTGACGA	TCGTCAAT	0	0	0
ATTGACGC	GCGTCAAT	0	0	0
ATTGACGG	CCGTCAAT	0	0	0
ATTGACTA	TAGTCAAT	0	0	0
ATTGACTC	GAGTCAAT	0	0	0
ATTGACTG	CAGTCAAT	0	0	0
ATTGAGAA	TTCTCAAT	0	0	0
ATTGAGAC	GTCTCAAT	0	0	0
ATTGAGAG	CTCTCAAT	0	0	0
ATTGAGCA	TGCTCAAT	0	0	0
ATTGAGCC	GGCTCAAT	0	0	0
ATTGAGCG	CGCTCAAT	0	0	0
ATTGAGGA	TCCTCAAT	0	0	0
ATTGAGGC	GCCTCAAT	0	0	0
ATTGAGGG	CCCTCAAT	0	0	0
ATTGAGTA	TACTCAAT	0	0	0
ATTGAGTC	GACTCAAT	0	0	0
ATTGAGTG	CACTCAAT	0	0	0
ATTGATAA	TTATCAAT	0	0	0
ATTGATAC	GTATCAAT	0	0	0
ATTGATAG	CTATCAAT	0	0	0
ATTGATCA	TGATCAAT	0	0	0
ATTGATCC	GGATCAAT	0	0	0
ATTGATCG	CGATCAAT	0	0	0
ATTGATGA	TCATCAAT	0	0	0
ATTGATGC	GCATCAAT	0	0	0
ATTGATGG	CCATCAAT	0	0	0
ATTGATTA	TAATCAAT	0	0	0
ATTGATTC	GAATCAAT	0	0	0
ATTGATTG	CAATCAAT	0	0	0
ATTGCAAA	TTTGCAAT	0	0	0
ATTGCAAC	GTTGCAAT	0	0	0
ATTGCAAG	CTTGCAAT	0	0	0
ATTGCAAT	ATTGCAAT	0	0	0
ATTGCACA	TGTGCAAT	0	0	0
ATTGCACC	GGTGCAAT	0	0	0
ATTGCACG	CGTGCAAT	0	0	0
ATTGCAGA	TCTGCAAT	0	0	0
ATTGCAGC	GCTGCAAT	0	0	0
ATTGCAGG	CCTGCAAT	0	0	0
ATTGCATA	TATGCAAT	0	0	0
ATTGCATC	GATGCAAT	0	0	0
ATTGCATG	CATGCAAT	0	0	0
ATTGCCAA	TTGGCAAT	0	0	0
ATTGCCAC	GTGGCAAT	0	0	0
ATTGCCAG	CTGGCAAT	0	0	0
ATTGCCCA	TGGGCAAT	0	0	0
ATTGCCCC	GGGGCAAT	0	0	0
ATTGCCCG	CGGGCAAT	0	0	0
ATTGCCGA	TCGGCAAT	0	0	0
ATTGCCGC	GCGGCAAT	0	0	0
ATTGCCGG	CCGGCAAT	0	0	0
ATTGCCTA	TAGGCAAT	0	0	0
ATTGCCTC	GAGGCAAT	0	0	0
ATTGCCTG	CAGGCAAT	0	0	0
ATTGCGAA	TTCGCAAT	0	0	0
ATTGCGAC	GTCGCAAT	0	0	0
ATTGCGAG	CTCGCAAT	0	0	0
ATTGCGCA	TGCGCAAT	0	0	0
ATTGCGCC	GGCGCAAT	0	0	0
ATTGCGCG	CGCGCAAT	0	0	0
ATTGCGGA	TCCGCAAT	0	0	0
ATTGCGGC	GCCGCAAT	0	0	0
ATTGCGGG	CCCGCAAT	0	0	0
ATTGCGTA	TACGCAAT	0	0	0
ATTGCGTC	GACGCAAT	0	0	0
ATTGCGTG	CACGCAAT	0	0	0
ATTGCTAA	TTAGCAAT	0	0	0
ATTGCTAC	GTAGCAAT	0	0	0
ATTGCTAG	CTAGCAAT	0	0	0
ATTGCTCA	TGAGCAAT	0	0	0
ATTGCTCC	GGAGCAAT	0	0	0
ATTGCTCG	CGAGCAAT	0	0	0
ATTGCTGA	TCAGCAAT	0	0	0
ATTGCTGC	GCAGCAAT	0	0	0
ATTGCTGG	CCAGCAAT	0	0	0
ATTGCTTA	TAAGCAAT	0	0	0
ATTGCTTC	GAAGCAAT	0	0	0
ATTGCTTG	CAAGCAAT	0	0	0
ATTGGAAA	TTTCCAAT	0	0	0
ATTGGAAC	GTTCCAAT	0	0	0
ATTGGAAG	CTTCCAAT	0	0	0
ATTGGACA	TGTCCAAT	0	0	0
ATTGGACC	GGTCCAAT	0	0	0
ATTGGACG	CGTCCAAT	0	0	0
ATTGGAGA	TCTCCAAT	0	0	0
ATTGGAGC	GCTCCAAT	0	0	0
ATTGGAGG	CCTCCAAT	0	0	0
ATTGGATA	TATCCAAT	0	0	0
ATTGGATC	GATCCAAT	0	0	0
ATTGGATG	CATCCAAT	0	0	0
ATTGGCAA	TTGCCAAT	0	0	0
ATTGGCAC	GTGCCAAT	0	0	0
ATTGGCAG	CTGCCAAT	0	0	0
ATTGGCCA	TGGCCAAT	0	0	0
ATTGGCCC	GGGCCAAT	0	0	0
ATTGGCCG	CGGCCAAT	0	0	0
ATTGGCGA	TCGCCAAT	0	0	0
ATTGGCGC	GCGCCAAT	0	0	0
ATTGGCGG	CCGCCAAT	0	0	0
ATTGGCTA	TAGCCAAT	0	0	0
ATTGGCTC	GAGCCAAT	0	0	0
ATTGGCTG	CAGCCAAT	0	0	0
ATTGGGAA	TTCCCAAT	0	0	0
ATTGGGAC	GTCCCAAT	0	0	0
ATTGGGAG	CTCCCAAT	0	0	0
ATTGGGCA	TGCCCAAT	0	0	0
ATTGGGCC	GGCCCAAT	0	0	0
ATTGGGCG	CGCCCAAT	0	0	0
ATTGGGGA	TCCCCAAT	0	0	0
ATTGGGGC	GCCCCAAT	0	0	0
ATTGGGGG	CCCCCAAT	0	0	0
ATTGGGTA	TACCCAAT	0	0	0
ATTGGGTC	GACCCAAT	0	0	0
ATTGGGTG	CACCCAAT	0	0	0
ATTGGTAA	TTACCAAT	0	0	0
ATTGGTAC	GTACCAAT	0	0	0
ATTGGTAG	CTACCAAT	0	0	0
ATTGGTCA	TGACCAAT	0	0	0
ATTGGTCC	GGACCAAT	0	0	0
ATTGGTCG	CGACCAAT	0	0	0
ATTGGTGA	TCACCAAT	0	0	0
ATTGGTGC	GCACCAAT	0	0	0
ATTGGTGG	CCACCAAT	0	0	0
ATTGGTTA	TAACCAAT	0	0	0
ATTGGTTC	GAACCAAT	0	0	0
ATTGGTTG	CAACCAAT	0	0	0
ATTGTAAA	TTTACAAT	0	0	0
ATTGTAAC	GTTACAAT	0	0	0
ATTGTAAG	CTTACAAT	0	0	0
ATTGTACA	TGTACAAT	0	0	0
ATTGTACC	GGTACAAT	0	0	0
ATTGTACG	CGTACAAT	0	0	0
ATTGTAGA	TCTACAAT	0	0	0
ATTGTAGC	GCTACAAT	0	0	0
ATTGTAGG	CCTACAAT	0	0	0
ATTGTATA	TATACAAT	0	0	0
ATTGTATC	GATACAAT	0	0	0
ATTGTATG	CATACAAT	0	0	0
ATTGTCAA	TTGACAAT	0	0	0
ATTGTCAC	GTGACAAT	0	0	0
ATTGTCAG	CTGACAAT	0	0	0
ATTGTCCA	TGGACAAT	0	0	0
ATTGTCCC	GGGACAAT	0	0	0
ATTGTCCG	CGGACAAT	0	0	0
ATTGTCGA	TCGACAAT	0	0	0
ATTGTCGC	GCGACAAT	0	0	0
ATTGTCGG	CCGACAAT	0	0	0
ATTGTCTA	TAGACAAT	0	0	0
ATTGTCTC	GAGACAAT	0	0	0
ATTGTCTG	CAGACAAT	0	0	0
ATTGTGAA	TTCACAAT	0	0	0
ATTGTGAC	GTCACAAT	0	0	0
ATTGTGAG	CTCACAAT	0	0	0
ATTGTGCA	TGCACAAT	0	0	0
ATTGTGCC	GGCACAAT	0	0	0
ATTGTGCG	CGCACAAT	0	0	0
ATTGTGGA	TCCACAAT	0	0	0
ATTGTGGC	GCCACAAT	0	0	0
ATTGTGGG	CCCACAAT	0	0	0
ATTGTGTA	TACACAAT	0	0	0
ATTGTGTC	GACACAAT	0	0	0
ATTGTGTG	CACACAAT	0	0	0
ATTGTTAA	TTAACAAT	0	0	0
ATTGTTAC	GTAACAAT	0	0	0
ATTGTTAG	CTAACAAT	0	0	0
ATTGTTCA	TGAACAAT	0	0	0
ATTGTTCC	GGAACAAT	0	0	0
ATTGTTCG	CGAACAAT	0	0	0
ATTGTTGA	TCAACAAT	0	0	0
ATTGTTGC	GCAACAAT	0	0	0
ATTGTTGG	CCAACAAT	0	0	0
ATTGTTTA	TAAACAAT	0	0	0
ATTGTTTC	GAAACAAT	0	0	0
ATTGTTTG	CAAACAAT	0	0	0
ATTTAAAA	TTTTAAAT	0	0	0
ATTTAAAC	GTTTAAAT	0	0	0
ATTTAAAG	CTTTAAAT	0	0	0
ATTTAAAT	ATTTAAAT	0	0	0
ATTTAACA	TGTTAAAT	0	0	0
ATTTAACC	GGTTAAAT	0	0	0
ATTTAACG	CGTTAAAT	0	0	0
ATTTAAGA	TCTTAAAT	0	0	0
ATTTAAGC	GCTTAAAT	0	0	0
ATTTAAGG	CCTTAAAT	0	0	0
ATTTAATA	TATTAAAT	0	0	0
ATTTAATC	GATTAAAT	0	0	0
ATTTAATG	CATTAAAT	0	0	0
ATTTACAA	TTGTAAAT	0	0	0
ATTTACAC	GTGTAAAT	0	0	0
ATTTACAG	CTGTAAAT	0	0	0
ATTTACCA	TGGTAAAT	0	0	0
ATTTACCC	GGGTAAAT	0	0	0
ATTTACCG	CGGTAAAT	0	0	0
ATTTACGA	TCGTAAAT	0	0	0
ATTTACGC	GCGTAAAT	0	0	0
ATTTACGG	CCGTAAAT	0	0	0
ATTTACTA	TAGTAAAT	0	0	0
ATTTACTC	GAGTAAAT	0	0	0
ATTTACTG	CAGTAAAT	0	0	0
ATTTAGAA	TTCTAAAT	0	0	0
ATTTAGAC	GTCTAAAT	0	0	0
ATTTAGAG	CTCTAAAT	0	0	0
ATTTAGCA	TGCTAAAT	0	0	0
ATTTAGCC	GGCTAAAT	0	0	0
ATTTAGCG	CGCTAAAT	0	0	0
ATTTAGGA	TCCTAAAT	0	0	0
ATTTAGGC	GCCTAAAT	0	0	0
ATTTAGGG	CCCTAAAT	0	0	0
ATTTAGTA	TACTAAAT	0	0	0
ATTTAGTC	GACTAAAT	0	0	0
ATTTAGTG	CACTAAAT	0	0	0
ATTTATAA	TTATAAAT	0	0	0
ATTTATAC	GTATAAAT	0	0	0
ATTTATAG	CTATAAAT	0	0	0
ATTTATCA	TGATAAAT	0	0	0
ATTTATCC	GGATAAAT	0	0	0
ATTTATCG	CGATAAAT	0	0	0
ATTTATGA	TCATAAAT	0	0	0
ATTTATGC	GCATAAAT	0	0	0
ATTTATGG	CCATAAAT	0	0	0
ATTTATTA	TAATAAAT	0	0	0
ATTTATTC	GAATAAAT	0	0	0
ATTTATTG	CAATAAAT	0	0	0
ATTTCAAA	TTTGAAAT	0	0	0
ATTTCAAC	GTTGAAAT	0	0	0
ATTTCAAG	CTTGAAAT	0	0	0
ATTTCACA	TGTGAAAT	0	0	0
ATTTCACC	GGTGAAAT	0	0	0
ATTTCACG	CGTGAAAT	0	0	0
ATTTCAGA	TCTGAAAT	0	0	0
ATTTCAGC	GCTGAAAT	0	0	0
ATTTCAGG	CCTGAAAT	0	0	0
ATTTCATA	TATGAAAT	0	0	0
ATTTCATC	GATGAAAT	0	0	0
ATTTCATG	CATGAAAT	0	0	0
ATTTCCAA	TTGGAAAT	0	0	0
ATTTCCAC	GTGGAAAT	0	0	0
ATTTCCAG	CTGGAAAT	0	0	0
ATTTCCCA	TGGGAAAT	0	0	0
ATTTCCCC	GGGGAAAT	0	0	0
ATTTCCCG	CGGGAAAT	0	0	0
ATTTCCGA	TCGGAAAT	0	0	0
ATTTCCGC	GCGGAAAT	0	0	0
ATTTCCGG	CCGGAAAT	0	0	0
ATTTCCTA	TAGGAAAT	0	0	0
ATTTCCTC	GAGGAAAT	0	0	0
ATTTCCTG	CAGGAAAT	0	0	0
ATTTCGAA	TTCGAAAT	0	0	0
ATTTCGAC	GTCGAAAT	0	0	0
ATTTCGAG	CTCGAAAT	0	0	0
ATTTCGCA	TGCGAAAT	0	0	0
ATTTCGCC	GGCGAAAT	0	0	0
ATTTCGCG	CGCGAAAT	0	0	0
ATTTCGGA	TCCGAAAT	0	0	0
ATTTCGGC	GCCGAAAT	0	0	0
ATTTCGGG	CCCGAAAT	0	0	0
ATTTCGTA	TACGAAAT	0	0	0
ATTTCGTC	GACGAAAT	0	0	0
ATTTCGTG	CACGAAAT	0	0	0
ATTTCTAA	TTAGAAAT	0	0	0
ATTTCTAC	GTAGAAAT	0	0	0
ATTTCTAG	CTAGAAAT	0	0	0
ATTTCTCA	TGAGAAAT	0	0	0
ATTTCTCC	GGAGAAAT	0	0	0
ATTTCTCG	CGAGAAAT	0	0	0
ATTTCTGA	TCAGAAAT	0	0	0
ATTTCTGC	GCAGAAAT	0	0	0
ATTTCTGG	CCAGAAAT	0	0	0
ATTTCTTA	TAAGAAAT	0	0	0
ATTTCTTC	GAAGAAAT	0	0	0
ATTTCTTG	CAAGAAAT	0	0	0
ATTTGAAA	TTTCAAAT	0	0	0
ATTTGAAC	GTTCAAAT	0	0	0
ATTTGAAG	CTTCAAAT	0	0	0
ATTTGACA	TGTCAAAT	0	0	0
ATTTGACC	GGTCAAAT	0	0	0
ATTTGACG	CGTCAAAT	0	0	0
ATTTGAGA	TCTCAAAT	0	0	0
ATTTGAGC	GCTCAAAT	0	0	0
ATTTGAGG	CCTCAAAT	0	0	0
ATTTGATA	TATCAAAT	0	0	0
ATTTGATC	GATCAAAT	0	0	0
ATTTGATG	CATCAAAT	0	0	0
ATTTGCAA	TTGCAAAT	0	0	0
ATTTGCAC	GTGCAAAT	0	0	0
ATTTGCAG	CTGCAAAT	0	0	0
ATTTGCCA	TGGCAAAT	0	0	0
ATTTGCCC	GGGCAAAT	0	0	0
ATTTGCCG	CGGCAAAT	0	0	0
ATTTGCGA	TCGCAAAT	0	0	0
ATTTGCGC	GCGCAAAT	0	0	0
ATTTGCGG	CCGCAAAT	0	0	0
ATTTGCTA	TAGCAAAT	0	0	0
ATTTGCTC	GAGCAAAT	0	0	0
ATTTGCTG	CAGCAAAT	0	0	0
ATTTGGAA	TTCCAAAT	0	0	0
ATTTGGAC	GTCCAAAT	0	0	0
ATTTGGAG	CTCCAAAT	0	0	0
ATTTGGCA	TGCCAAAT	0	0	0
ATTTGGCC	GGCCAAAT	0	0	0
ATTTGGCG	CGCCAAAT	0	0	0
ATTTGGGA	TCCCAAAT	0	0	0
ATTTGGGC	GCCCAAAT	0	0	0
ATTTGGGG	CCCCAAAT	0	0	0
ATTTGGTA	TACCAAAT	0	0	0
ATTTGGTC	GACCAAAT	0	0	0
ATTTGGTG	CACCAAAT	0	0	0
ATTTGTAA	TTACAAAT	0	0	0
ATTTGTAC	GTACAAAT	0	0	0
ATTTGTAG	CTACAAAT	0	0	0
ATTTGTCA	TGACAAAT	0	0	0
ATTTGTCC	GGACAAAT	0	0	0
ATTTGTCG	CGACAAAT	0	0	0
ATTTGTGA	TCACAAAT	0	0	0
ATTTGTGC	GCACAAAT	0	0	0
ATTTGTGG	CCACAAAT	0	0	0
ATTTGTTA	TAACAAAT	0	0	0
ATTTGTTC	GAACAAAT	0	0	0
ATTTGTTG	CAACAAAT	0	0	0
ATTTTAAA	TTTAAAAT	0	0	0
ATTTTAAC	GTTAAAAT	0	0	0
ATTTTAAG	CTTAAAAT	0	0	0
ATTTTACA	TGTAAAAT	0	0	0
ATTTTACC	GGTAAAAT	0	0	0
ATTTTACG	CGTAAAAT	0	0	0
ATTTTAGA	TCTAAAAT	0	0	0
ATTTTAGC	GCTAAAAT	0	0	0
ATTTTAGG	CCTAAAAT	0	0	0
ATTTTATA	TATAAAAT	0	0	0
ATTTTATC	GATAAAAT	0	0	0
ATTTTATG	CATAAAAT	0	0	0
ATTTTCAA	TTGAAAAT	0	0	0
ATTTTCAC	GTGAAAAT	0	0	0
ATTTTCAG	CTGAAAAT	0	0	0
ATTTTCCA	TGGAAAAT	0	0	0
ATTTTCCC	GGGAAAAT	0	0	0
ATTTTCCG	CGGAAAAT	0	0	0
ATTTTCGA	TCGAAAAT	0	0	0
ATTTTCGC	GCGAAAAT	0	0	0
ATTTTCGG	CCGAAAAT	0	0	0
ATTTTCTA	TAGAAAAT	0	0	0
ATTTTCTC	GAGAAAAT	0	0	0
ATTTTCTG	CAGAAAAT	0	0	0
ATTTTGAA	TTCAAAAT	0	0	0
ATTTTGAC	GTCAAAAT	0	0	0
ATTTTGAG	CTCAAAAT	0	0	0
ATTTTGCA	TGCAAAAT	0	0	0
ATTTTGCC	GGCAAAAT	0	0	0
ATTTTGCG	CGCAAAAT	0	0	0
ATTTTGGA	TCCAAAAT	0	0	0
ATTTTGGC	GCCAAAAT	0	0	0
ATTTTGGG	CCCAAAAT	0	0	0
ATTTTGTA	TACAAAAT	0	0	0
ATTTTGTC	GACAAAAT	0	0	0
ATTTTGTG	CACAAAAT	0	0	0
ATTTTTAA	TTAAAAAT	0	0	0
ATTTTTAC	GTAAAAAT	0	0	0
ATTTTTAG	CTAAAAAT	0	0	0
ATTTTTCA	TGAAAAAT	0	0	0
ATTTTTCC	GGAAAAAT	0	0	0
ATTTTTCG	CGAAAAAT	0	0	0
ATTTTTGA	TCAAAAAT	0	0	0
ATTTTTGC	GCAAAAAT	0	0	0
ATTTTTGG	CCAAAAAT	0	0	0
ATTTTTTA	TAAAAAAT	0	0	0
ATTTTTTC	GAAAAAAT	0	0	0
ATTTTTTG	CAAAAAAT	0	0	0
CAAAAAAA	TTTTTTTG	0	0	0
CAAAAAAC	GTTTTTTG	0	0	0
CAAAAAAG	CTTTTTTG	0	0	0
CAAAAACA	TGTTTTTG	0	0	0
CAAAAACC	GGTTTTTG	0	0	0
CAAAAACG	CGTTTTTG	0	0	0
CAAAAAGA	TCTTTTTG	0	0	0
CAAAAAGC	GCTTTTTG	0	0	0
CAAAAAGG	CCTTTTTG	0	0	0
CAAAAATA	TATTTTTG	0	0	0
CAAAAATC	GATTTTTG	0	0	0
CAAAAATG	CATTTTTG	0	0	0
CAAAACAA	TTGTTTTG	0	0	0
CAAAACAC	GTGTTTTG	0	0	0
CAAAACAG	CTGTTTTG	0	0	0
CAAAACCA	TGGTTTTG	0	0	0
CAAAACCC	GGGTTTTG	0	0	0
CAAAACCG	CGGTTTTG	0	0	0
CAAAACGA	TCGTTTTG	0	0	0
CAAAACGC	GCGTTTTG	0	0	0
CAAAACGG	CCGTTTTG	0	0	0
CAAAACTA	TAGTTTTG	0	0	0
CAAAACTC	GAGTTTTG	0	0	0
CAAAACTG	CAGTTTTG	0	0	0
CAAAAGAA	TTCTTTTG	0	0	0
CAAAAGAC	GTCTTTTG	0	0	0
CAAAAGAG	CTCTTTTG	0	0	0
CAAAAGCA	TGCTTTTG	0	0	0
CAAAAGCC	GGCTTTTG	0	0	0
CAAAAGCG	CGCTTTTG	0	0	0
CAAAAGGA	TCCTTTTG	0	0	0
CAAAAGGC	GCCTTTTG	0	0	0
CAAAAGGG	CCCTTTTG	0	0	0
CAAAAGTA	TACTTTTG	0	0	0
CAAAAGTC	GACTTTTG	0	0	0
CAAAAGTG	CACTTTTG	0	0	0
CAAAATAA	TTATTTTG	0	0	0
CAAAATAC	GTATTTTG	0	0	0
CAAAATAG	CTATTTTG	0	0	0
CAAAATCA	TGATTTTG	0	0	0
CAAAATCC	GGATTTTG	0	0	0
CAAAATCG	CGATTTTG	0	0	0
CAAAATGA	TCATTTTG	0	0	0
CAAAATGC	GCATTTTG	0	0	0
CAAAATGG	CCATTTTG	0	0	0
CAAAATTA	TAATTTTG	0	0	0
CAAAATTC	GAATTTTG	0	0	0
CAAAATTG	CAATTTTG	0	0	0
CAAACAAA	TTTGTTTG	0	0	0
CAAACAAC	GTTGTTTG	0	0	0
CAAACAAG	CTTGTTTG	0	0	0
CAAACACA	TGTGTTTG	0	0	0
CAAACACC	GGTGTTTG	0	0	0
CAAACACG	CGTGTTTG	0	0	0
CAAACAGA	TCTGTTTG	0	0	0
CAAACAGC	GCTGTTTG	0	0	0
CAAACAGG	CCTGTTTG	0	0	0
CAAACATA	TATGTTTG	0	0	0
CAAACATC	GATGTTTG	0	0	0
CAAACATG	CATGTTTG	0	0	0
CAAACCAA	TTGGTTTG	0	0	0
CAAACCAC	GTGGTTTG	0	0	0
CAAACCAG	CTGGTTTG	0	0	0
CAAACCCA	TGGGTTTG	0	0	0
CAAACCCC	GGGGTTTG	0	0	0
CAAACCCG	CGGGTTTG	0	0	0
CAAACCGA	TCGGTTTG	0	0	0
CAAACCGC	GCGGTTTG	0	0	0
CAAACCGG	CCGGTTTG	0	0	0
CAAACCTA	TAGGTTTG	0	0	0
CAAACCTC	GAGGTTTG	0	0	0
CAAACCTG	CAGGTTTG	0	0	0
CAAACGAA	TTCGTTTG	0	0	0
CAAACGAC	GTCGTTTG	0	0	0
CAAACGAG	CTCGTTTG	0	0	0
CAAACGCA	TGCGTTTG	0	0	0
CAAACGCC	GGCGTTTG	0	0	0
CAAACGCG	CGCGTTTG	0	0	0
CAAACGGA	TCCGTTTG	0	0	0
CAAACGGC	GCCGTTTG	0	0	0
CAAACGGG	CCCGTTTG	0	0	0
CAAACGTA	TACGTTTG	0	0	0
CAAACGTC	GACGTTTG	0	0	0
CAAACGTG	CACGTTTG	0	0	0
CAAACTAA	TTAGTTTG	0	0	0
CAAACTAC	GTAGTTTG	0	0	0
CAAACTAG	CTAGTTTG	0	0	0
CAAACTCA	TGAGTTTG	0	0	0
CAAACTCC	GGAGTTTG	0	0	0
CAAACTCG	CGAGTTTG	0	0	0
CAAACTGA	TCAGTTTG	0	0	0
CAAACTGC	GCAGTTTG	0	0	0
CAAACTGG	CCAGTTTG	0	0	0
CAAACTTA	TAAGTTTG	0	0	0
CAAACTTC	GAAGTTTG	0	0	0
CAAACTTG	CAAGTTTG	0	0	0
CAAAGAAA	TTTCTTTG	0	0	0
CAAAGAAC	GTTCTTTG	0	0	0
CAAAGAAG	CTTCTTTG	0	0	0
CAAAGACA	TGTCTTTG	0	0	0
CAAAGACC	GGTCTTTG	0	0	0
CAAAGACG	CGTCTTTG	0	0	0
CAAAGAGA	TCTCTTTG	0	0	0
CAAAGAGC	GCTCTTTG	0	0	0
CAAAGAGG	CCTCTTTG	0	0	0
CAAAGATA	TATCTTTG	0	0	0
CAAAGATC	GATCTTTG	0	0	0
CAAAGATG	CATCTTTG	0	0	0
CAAAGCAA	TTGCTTTG	0	0	0
CAAAGCAC	GTGCTTTG	0	0	0
CAAAGCAG	CTGCTTTG	0	0	0
CAAAGCCA	TGGCTTTG	0	0	0
CAAAGCCC	GGGCTTTG	0	0	0
CAAAGCCG	CGGCTTTG	0	0	0
CAAAGCGA	TCGCTTTG	0	0	0
CAAAGCGC	GCGCTTTG	0	0	0
CAAAGCGG	CCGCTTTG	0	0	0
CAAAGCTA	TAGCTTTG	0	0	0
CAAAGCTC	GAGCTTTG	0	0	0
CAAAGCTG	CAGCTTTG	0	0	0
CAAAGGAA	TTCCTTTG	0	0	0
CAAAGGAC	GTCCTTTG	0	0	0
CAAAGGAG	CTCCTTTG	0	0	0
CAAAGGCA	TGCCTTTG	0	0	0
CAAAGGCC	GGCCTTTG	0	0	0
CAAAGGCG	CGCCTTTG	0	0	0
CAAAGGGA	TCCCTTTG	0	0	0
CAAAGGGC	GCCCTTTG	0	0	0
CAAAGGGG	CCCCTTTG	0	0	0
CAAAGGTA	TACCTTTG	0	0	0
CAAAGGTC	GACCTTTG	0	0	0
CAAAGGTG	CACCTTTG	0	0	0
CAAAGTAA	TTACTTTG	0	0	0
CAAAGTAC	GTACTTTG	0	0	0
CAAAGTAG	CTACTTTG	0	0	0
CAAAGTCA	TGACTTTG	0	0	0
CAAAGTCC	GGACTTTG	0	0	0
CAAAGTCG	CGACTTTG	0	0	0
CAAAGTGA	TCACTTTG	0	0	0
CAAAGTGC	GCACTTTG	0	0	0
CAAAGTGG	CCACTTTG	0	0	0
CAAAGTTA	TAACTTTG	0	0	0
CAAAGTTC	GAACTTTG	0	0	0
CAAAGTTG	CAACTTTG	0	0	0
CAAATAAA	TTTATTTG	0	0	0
CAAATAAC	GTTATTTG	0	0	0
CAAATAAG	CTTATTTG	0	0	0
CAAATACA	TGTATTTG	0	0	0
CAAATACC	GGTATTTG	0	0	0
CAAATACG	CGTATTTG	0	0	0
CAAATAGA	TCTATTTG	0	0	0
CAAATAGC	GCTATTTG	0	0	0
CAAATAGG	CCTATTTG	0	0	0
CAAATATA	TATATTTG	0	0	0
CAAATATC	GATATTTG	0	0	0
CAAATATG	CATATTTG	0	0	0
CAAATCAA	TTGATTTG	0	0	0
CAAATCAC	GTGATTTG	0	0	0
CAAATCAG	CTGATTTG	0	0	0
CAAATCCA	TGGATTTG	0	0	0
CAAATCCC	GGGATTTG	0	0	0
CAAATCCG	CGGATTTG	0	0	0
CAAATCGA	TCGATTTG	0	0	0
CAAATCGC	GCGATTTG	0	0	0
CAAATCGG	CCGATTTG	0	0	0
CAAATCTA	TAGATTTG	0	0	0
CAAATCTC	GAGATTTG	0	0	0
CAAATCTG	CAGATTTG	0	0	0
CAAATGAA	TTCATTTG	0	0	0
CAAATGAC	GTCATTTG	0	0	0
CAAATGAG	CTCATTTG	0	0	0
CAAATGCA	TGCATTTG	0	0	0
CAAATGCC	GGCATTTG	0	0	0
CAAATGCG	CGCATTTG	0	0	0
CAAATGGA	TCCATTTG	0	0	0
CAAATGGC	GCCATTTG	0	0	0
CAAATGGG	CCCATTTG	0	0	0
CAAATGTA	TACATTTG	0	0	0
CAAATGTC	GACATTTG	0	0	0
CAAATGTG	CACATTTG	0	0	0
CAAATTAA	TTAATTTG	0	0	0
CAAATTAC	GTAATTTG	0	0	0
CAAATTAG	CTAATTTG	0	0	0
CAAATTCA	TGAATTTG	0	0	0
CAAATTCC	GGAATTTG	0	0	0
CAAATTCG	CGAATTTG	0	0	0
CAAATTGA	TCAATTTG	0	0	0
CAAATTGC	GCAATTTG	0	0	0
CAAATTGG	CCAATTTG	0	0	0
CAAATTTA	TAAATTTG	0	0	0
CAAATTTC	GAAATTTG	0	0	0
CAAATTTG	CAAATTTG	0	0	0
CAACAAAA	TTTTGTTG	0	0	0
CAACAAAC	GTTTGTTG	0	0	0
CAACAAAG	CTTTGTTG	0	0	0
CAACAACA	TGTTGTTG	0	0	0
CAACAACC	GGTTGTTG	0	0	0
CAACAACG	CGTTGTTG	0	0	0
CAACAAGA	TCTTGTTG	0	0	0
CAACAAGC	GCTTGTTG	0	0	0
CAACAAGG	CCTTGTTG	0	0	0
CAACAATA	TATTGTTG	0	0	0
CAACAATC	GATTGTTG	0	0	0
CAACAATG	CATTGTTG	0	0	0
CAACACAA	TTGTGTTG	0	0	0
CAACACAC	GTGTGTTG	0	0	0
CAACACAG	CTGTGTTG	0	0	0
CAACACCA	TGGTGTTG	0	0	0
CAACACCC	GGGTGTTG	0	0	0
CAACACCG	CGGTGTTG	0	0	0
CAACACGA	TCGTGTTG	0	0	0
CAACACGC	GCGTGTTG	0	0	0
CAACACGG	CCGTGTTG	0	0	0
CAACACTA	TAGTGTTG	0	0	0
CAACACTC	GAGTGTTG	0	0	0
CAACACTG	CAGTGTTG	0	0	0
CAACAGAA	TTCTGTTG	0	0	0
CAACAGAC	GTCTGTTG	0	0	0
CAACAGAG	CTCTGTTG	0	0	0
CAACAGCA	TGCTGTTG	0	0	0
CAACAGCC	GGCTGTTG	0	0	0
CAACAGCG	CGCTGTTG	0	0	0
CAACAGGA	TCCTGTTG	0	0	0
CAACAGGC	GCCTGTTG	0	0	0
CAACAGGG	CCCTGTTG	0	0	0
CAACAGTA	TACTGTTG	0	0	0
CAACAGTC	GACTGTTG	0	0	0
CAACAGTG	CACTGTTG	0	0	0
CAACATAA	TTATGTTG	0	0	0
CAACATAC	GTATGTTG	0	0	0
CAACATAG	CTATGTTG	0	0	0
CAACATCA	TGATGTTG	0	0	0
CAACATCC	GGATGTTG	0	0	0
CAACATCG	CGATGTTG	0	0	0
CAACATGA	TCATGTTG	0	0	0
CAACATGC	GCATGTTG	0	0	0
CAACATGG	CCATGTTG	0	0	0
CAACATTA	TAATGTTG	0	0	0
CAACATTC	GAATGTTG	0	0	0
CAACATTG	CAATGTTG	0	0	0
CAACCAAA	TTTGGTTG	0	0	0
CAACCAAC	GTTGGTTG	0	0	0
CAACCAAG	CTTGGTTG	0	0	0
CAACCACA	TGTGGTTG	0	0	0
CAACCACC	GGTGGTTG	0	0	0
CAACCACG	CGTGGTTG	0	0	0
CAACCAGA	TCTGGTTG	0	0	0
CAACCAGC	GCTGGTTG	0	0	0
CAACCAGG	CCTGGTTG	0	0	0
CAACCATA	TATGGTTG	0	0	0
CAACCATC	GATGGTTG	0	0	0
CAACCATG	CATGGTTG	0	0	0
CAACCCAA	TTGGGTTG	0	0	0
CAACCCAC	GTGGGTTG	0	0	0
CAACCCAG	CTGGGTTG	0	0	0
CAACCCCA	TGGGGTTG	0	0	0
CAACCCCC	GGGGGTTG	0	0	0
CAACCCCG	CGGGGTTG	0	0	0
CAACCCGA	TCGGGTTG	0	0	0
CAACCCGC	GCGGGTTG	0	0	0
CAACCCGG	CCGGGTTG	0	0	0
CAACCCTA	TAGGGTTG	0	0	0
CAACCCTC	GAGGGTTG	0	0	0
CAACCCTG	CAGGGTTG	0	0	0
CAACCGAA	TTCGGTTG	0	0	0
CAACCGAC	GTCGGTTG	0	0	0
CAACCGAG	CTCGGTTG	0	0	0
CAACCGCA	TGCGGTTG	0	0	0
CAACCGCC	GGCGGTTG	0	0	0
CAACCGCG	CGCGGTTG	0	0	0
CAACCGGA	TCCGGTTG	0	0	0
CAACCGGC	GCCGGTTG	0	0	0
CAACCGGG	CCCGGTTG	0	0	0
CAACCGTA	TACGGTTG	0	0	0
CAACCGTC	GACGGTTG	0	0	0
CAACCGTG	CACGGTTG	0	0	0
CAACCTAA	TTAGGTTG	0	0	0
CAACCTAC	GTAGGTTG	0	0	0
CAACCTAG	CTAGGTTG	0	0	0
CAACCTCA	TGAGGTTG	0	0	0
CAACCTCC	GGAGGTTG	0	0	0
CAACCTCG	CGAGGTTG	0	0	0
CAACCTGA	TCAGGTTG	0	0	0
CAACCTGC	GCAGGTTG	0	0	0
CAACCTGG	CCAGGTTG	0	0	0
CAACCTTA	TAAGGTTG	0	0	0
CAACCTTC	GAAGGTTG	0	0	0
CAACCTTG	CAAGGTTG	0	0	0
CAACGAAA	TTTCGTTG	0	0	0
CAACGAAC	GTTCGTTG	0	0	0
CAACGAAG	CTTCGTTG	0	0	0
CAACGACA	TGTCGTTG	0	0	0
CAACGACC	GGTCGTTG	0	0	0
CAACGACG	CGTCGTTG	0	0	0
CAACGAGA	TCTCGTTG	0	0	0
CAACGAGC	GCTCGTTG	0	0	0
CAACGAGG	CCTCGTTG	0	0	0
CAACGATA	TATCGTTG	0	0	0
CAACGATC	GATCGTTG	0	0	0
CAACGATG	CATCGTTG	0	0	0
CAACGCAA	TTGCGTTG	0	0	0
CAACGCAC	GTGCGTTG	0	0	0
CAACGCAG	CTGCGTTG	0	0	0
CAACGCCA	TGGCGTTG	0	0	0
CAACGCCC	GGGCGTTG	0	0	0
CAACGCCG	CGGCGTTG	0	0	0
CAACGCGA	TCGCGTTG	0	0	0
CAACGCGC	GCGCGTTG	0	0	0
CAACGCGG	CCGCGTTG	0	0	0
CAACGCTA	TAGCGTTG	0	0	0
CAACGCTC	GAGCGTTG	0	0	0
CAACGCTG	CAGCGTTG	0	0	0
CAACGGAA	TTCCGTTG	0	0	0
CAACGGAC	GTCCGTTG	0	0	0
CAACGGAG	CTCCGTTG	0	0	0
CAACGGCA	TGCCGTTG	0	0	0
CAACGGCC	GGCCGTTG	0	0	0
CAACGGCG	CGCCGTTG	0	0	0
CAACGGGA	TCCCGTTG	0	0	0
CAACGGGC	GCCCGTTG	0	0	0
CAACGGGG	CCCCGTTG	0	0	0
CAACGGTA	TACCGTTG	0	0	0
CAACGGTC	GACCGTTG	0	0	0
CAACGGTG	CACCGTTG	0	0	0
CAACGTAA	TTACGTTG	0	0	0
CAACGTAC	GTACGTTG	0	0	0
CAACGTAG	CTACGTTG	0	0	0
CAACGTCA	TGACGTTG	0	0	0
CAACGTCC	GGACGTTG	0	0	0
CAACGTCG	CGACGTTG	0	0	0
CAACGTGA	TCACGTTG	0	0	0
CAACGTGC	GCACGTTG	0	0	0
CAACGTGG	CCACGTTG	0	0	0
CAACGTTA	TAACGTTG	0	0	0
CAACGTTC	GAACGTTG	0	0	0
CAACGTTG	CAACGTTG	0	0	0
CAACTAAA	TTTAGTTG	0	0	0
CAACTAAC	GTTAGTTG	0	0	0
CAACTAAG	CTTAGTTG	0	0	0
CAACTACA	TGTAGTTG	0	0	0
CAACTACC	GGTAGTTG	0	0	0
CAACTACG	CGTAGTTG	0	0	0
CAACTAGA	TCTAGTTG	0	0	0
CAACTAGC	GCTAGTTG	0	0	0
CAACTAGG	CCTAGTTG	0	0	0
CAACTATA	TATAGTTG	0	0	0
CAACTATC	GATAGTTG	0	0	0
CAACTATG	CATAGTTG	0	0	0
CAACTCAA	TTGAGTTG	0	0	0
CAACTCAC	GTGAGTTG	0	0	0
CAACTCAG	CTGAGTTG	0	0	0
CAACTCCA	TGGAGTTG	0	0	0
CAACTCCC	GGGAGTTG	0	0	0
CAACTCCG	CGGAGTTG	0	0	0
CAACTCGA	TCGAGTTG	0	0	0
CAACTCGC	GCGAGTTG	0	0	0
CAACTCGG	CCGAGTTG	0	0	0
CAACTCTA	TAGAGTTG	0	0	0
CAACTCTC	GAGAGTTG	0	0	0
CAACTCTG	CAGAGTTG	0	0	0
CAACTGAA	TTCAGTTG	0	0	0
CAACTGAC	GTCAGTTG	0	0	0
CAACTGAG	CTCAGTTG	0	0	0
CAACTGCA	TGCAGTTG	0	0	0
CAACTGCC	GGCAGTTG	0	0	0
CAACTGCG	CGCAGTTG	0	0	0
CAACTGGA	TCCAGTTG	0	0	0
CAACTGGC	GCCAGTTG	0	0	0
CAACTGGG	CCCAGTTG	0	0	0
CAACTGTA	TACAGTTG	0	0	0
CAACTGTC	GACAGTTG	0	0	0
CAACTGTG	CACAGTTG	0	0	0
CAACTTAA	TTAAGTTG	0	0	0
CAACTTAC	GTAAGTTG	0	0	0
CAACTTAG	CTAAGTTG	0	0	0
CAACTTCA	TGAAGTTG	0	0	0
CAACTTCC	GGAAGTTG	0	0	0
CAACTTCG	CGAAGTTG	0	0	0
CAACTTGA	TCAAGTTG	0	0	0
CAACTTGC	GCAAGTTG	0	0	0
CAACTTGG	CCAAGTTG	0	0	0
CAACTTTA	TAAAGTTG	0	0	0
CAACTTTC	GAAAGTTG	0	0	0
CAAGAAAA	TTTTCTTG	0	0	0
CAAGAAAC	GTTTCTTG	0	0	0
CAAGAAAG	CTTTCTTG	0	0	0
CAAGAACA	TGTTCTTG	0	0	0
CAAGAACC	GGTTCTTG	0	0	0
CAAGAACG	CGTTCTTG	0	0	0
CAAGAAGA	TCTTCTTG	0	0	0
CAAGAAGC	GCTTCTTG	0	0	0
CAAGAAGG	CCTTCTTG	0	0	0
CAAGAATA	TATTCTTG	0	0	0
CAAGAATC	GATTCTTG	0	0	0
CAAGAATG	CATTCTTG	0	0	0
CAAGACAA	TTGTCTTG	0	0	0
CAAGACAC	GTGTCTTG	0	0	0
CAAGACAG	CTGTCTTG	0	0	0
CAAGACCA	TGGTCTTG	0	0	0
CAAGACCC	GGGTCTTG	0	0	0
CAAGACCG	CGGTCTTG	0	0	0
CAAGACGA	TCGTCTTG	0	0	0
CAAGACGC	GCGTCTTG	0	0	0
CAAGACGG	CCGTCTTG	0	0	0
CAAGACTA	TAGTCTTG	0	0	0
CAAGACTC	GAGTCTTG	0	0	0
CAAGACTG	CAGTCTTG	0	0	0
CAAGAGAA	TTCTCTTG	0	0	0
CAAGAGAC	GTCTCTTG	0	0	0
CAAGAGAG	CTCTCTTG	0	0	0
CAAGAGCA	TGCTCTTG	0	0	0
CAAGAGCC	GGCTCTTG	0	0	0
CAAGAGCG	CGCTCTTG	0	0	0
CAAGAGGA	TCCTCTTG	0	0	0
CAAGAGGC	GCCTCTTG	0	0	0
CAAGAGGG	CCCTCTTG	0	0	0
CAAGAGTA	TACTCTTG	0	0	0
CAAGAGTC	GACTCTTG	0	0	0
CAAGAGTG	CACTCTTG	0	0	0
CAAGATAA	TTATCTTG	0	0	0
CAAGATAC	GTATCTTG	0	0	0
CAAGATAG	CTATCTTG	0	0	0
CAAGATCA	TGATCTTG	0	0	0
CAAGATCC	GGATCTTG	0	0	0
CAAGATCG	CGATCTTG	0	0	0
CAAGATGA	TCATCTTG	0	0	0
CAAGATGC	GCATCTTG	0	0	0
CAAGATGG	CCATCTTG	0	0	0
CAAGATTA	TAATCTTG	0	0	0
CAAGATTC	GAATCTTG	0	0	0
CAAGATTG	CAATCTTG	0	0	0
CAAGCAAA	TTTGCTTG	0	0	0
CAAGCAAC	GTTGCTTG	0	0	0
CAAGCAAG	CTTGCTTG	0	0	0
CAAGCACA	TGTGCTTG	0	0	0
CAAGCACC	GGTGCTTG	0	0	0
CAAGCACG	CGTGCTTG	0	0	0
CAAGCAGA	TCTGCTTG	0	0	0
CAAGCAGC	GCTGCTTG	0	0	0
CAAGCAGG	CCTGCTTG	0	0	0
CAAGCATA	TATGCTTG	0	0	0
CAAGCATC	GATGCTTG	0	0	0
CAAGCATG	CATGCTTG	0	0	0
CAAGCCAA	TTGGCTTG	0	0	0
CAAGCCAC	GTGGCTTG	0	0	0
CAAGCCAG	CTGGCTTG	0	0	0
CAAGCCCA	TGGGCTTG	0	0	0
CAAGCCCC	GGGGCTTG	0	0	0
CAAGCCCG	CGGGCTTG	0	0	0
CAAGCCGA	TCGGCTTG	0	0	0
CAAGCCGC	GCGGCTTG	0	0	0
CAAGCCGG	CCGGCTTG	0	0	0
CAAGCCTA	TAGGCTTG	0	0	0
CAAGCCTC	GAGGCTTG	0	0	0
CAAGCCTG	CAGGCTTG	0	0	0
CAAGCGAA	TTCGCTTG	0	0	0
CAAGCGAC	GTCGCTTG	0	0	0
CAAGCGAG	CTCGCTTG	0	0	0
CAAGCGCA	TGCGCTTG	0	0	0
CAAGCGCC	GGCGCTTG	0	0	0
CAAGCGCG	CGCGCTTG	0	0	0
CAAGCGGA	TCCGCTTG	0	0	0
CAAGCGGC	GCCGCTTG	0	0	0
CAAGCGGG	CCCGCTTG	0	0	0
CAAGCGTA	TACGCTTG	0	0	0
CAAGCGTC	GACGCTTG	0	0	0
CAAGCGTG	CACGCTTG	0	0	0
CAAGCTAA	TTAGCTTG	0	0	0
CAAGCTAC	GTAGCTTG	0	0	0
CAAGCTAG	CTAGCTTG	0	0	0
CAAGCTCA	TGAGCTTG	0	0	0
CAAGCTCC	GGAGCTTG	0	0	0
CAAGCTCG	CGAGCTTG	0	0	0
CAAGCTGA	TCAGCTTG	0	0	0
CAAGCTGC	GCAGCTTG	0	0	0
CAAGCTGG	CCAGCTTG	0	0	0
CAAGCTTA	TAAGCTTG	0	0	0
CAAGCTTC	GAAGCTTG	0	0	0
CAAGCTTG	CAAGCTTG	0	0	0
CAAGGAAA	TTTCCTTG	0	0	0
CAAGGAAC	GTTCCTTG	0	0	0
CAAGGAAG	CTTCCTTG	0	0	0
CAAGGACA	TGTCCTTG	0	0	0
CAAGGACC	GGTCCTTG	0	0	0
CAAGGACG	CGTCCTTG	0	0	0
CAAGGAGA	TCTCCTTG	0	0	0
CAAGGAGC	GCTCCTTG	0	0	0
CAAGGAGG	CCTCCTTG	0	0	0
CAAGGATA	TATCCTTG	0	0	0
CAAGGATC	GATCCTTG	0	0	0
CAAGGATG	CATCCTTG	0	0	0
CAAGGCAA	TTGCCTTG	0	0	0
CAAGGCAC	GTGCCTTG	0	0	0
CAAGGCAG	CTGCCTTG	0	0	0
CAAGGCCA	TGGCCTTG	0	0	0
CAAGGCCC	GGGCCTTG	0	0	0
CAAGGCCG	CGGCCTTG	0	0	0
CAAGGCGA	TCGCCTTG	0	0	0
CAAGGCGC	GCGCCTTG	0	0	0
CAAGGCGG	CCGCCTTG	0	0	0
CAAGGCTA	TAGCCTTG	0	0	0
CAAGGCTC	GAGCCTTG	0	0	0
CAAGGCTG	CAGCCTTG	0	0	0
CAAGGGAA	TTCCCTTG	0	0	0
CAAGGGAC	GTCCCTTG	0	0	0
CAAGGGAG	CTCCCTTG	0	0	0
CAAGGGCA	TGCCCTTG	0	0	0
CAAGGGCC	GGCCCTTG	0	0	0
CAAGGGCG	CGCCCTTG	0	0	0
CAAGGGGA	TCCCCTTG	0	0	0
CAAGGGGC	GCCCCTTG	0	0	0
CAAGGGGG	CCCCCTTG	0	0	0
CAAGGGTA	TACCCTTG	0	0	0
CAAGGGTC	GACCCTTG	0	0	0
CAAGGGTG	CACCCTTG	0	0	0
CAAGGTAA	TTACCTTG	0	0	0
CAAGGTAC	GTACCTTG	0	0	0
CAAGGTAG	CTACCTTG	0	0	0
CAAGGTCA	TGACCTTG	0	0	0
CAAGGTCC	GGACCTTG	0	0	0
CAAGGTCG	CGACCTTG	0	0	0
CAAGGTGA	TCACCTTG	0	0	0
CAAGGTGC	GCACCTTG	0	0	0
CAAGGTGG	CCACCTTG	0	0	0
CAAGGTTA	TAACCTTG	0	0	0
CAAGGTTC	GAACCTTG	0	0	0
CAAGTAAA	TTTACTTG	0	0	0
CAAGTAAC	GTTACTTG	0	0	0
CAAGTAAG	CTTACTTG	0	0	0
CAAGTACA	TGTACTTG	0	0	0
CAAGTACC	GGTACTTG	0	0	0
CAAGTACG	CGTACTTG	0	0	0
CAAGTAGA	TCTACTTG	0	0	0
CAAGTAGC	GCTACTTG	0	0	0
CAAGTAGG	CCTACTTG	0	0	0
CAAGTATA	TATACTTG	0	0	0
CAAGTATC	GATACTTG	0	0	0
CAAGTATG	CATACTTG	0	0	0
CAAGTCAA	TTGACTTG	0	0	0
CAAGTCAC	GTGACTTG	0	0	0
CAAGTCAG	CTGACTTG	0	0	0
CAAGTCCA	TGGACTTG	0	0	0
CAAGTCCC	GGGACTTG	0	0	0
CAAGTCCG	CGGACTTG	0	0	0
CAAGTCGA	TCGACTTG	0	0	0
CAAGTCGC	GCGACTTG	0	0	0
CAAGTCGG	CCGACTTG	0	0	0
CAAGTCTA	TAGACTTG	0	0	0
CAAGTCTC	GAGACTTG	0	0	0
CAAGTCTG	CAGACTTG	0	0	0
CAAGTGAA	TTCACTTG	0	0	0
CAAGTGAC	GTCACTTG	0	0	0
CAAGTGAG	CTCACTTG	0	0	0
CAAGTGCA	TGCACTTG	0	0	0
CAAGTGCC	GGCACTTG	0	0	0
CAAGTGCG	CGCACTTG	0	0	0
CAAGTGGA	TCCACTTG	0	0	0
CAAGTGGC	GCCACTTG	0	0	0
CAAGTGGG	CCCACTTG	0	0	0
CAAGTGTA	TACACTTG	0	0	0
CAAGTGTC	GACACTTG	0	0	0
CAAGTGTG	CACACTTG	0	0	0
CAAGTTAA	TTAACTTG	0	0	0
CAAGTTAC	GTAACTTG	0	0	0
CAAGTTAG	CTAACTTG	0	0	0
CAAGTTCA	TGAACTTG	0	0	0
CAAGTTCC	GGAACTTG	0	0	0
CAAGTTCG	CGAACTTG	0	0	0
CAAGTTGA	TCAACTTG	0	0	0
CAAGTTGC	GCAACTTG	0	0	0
CAAGTTGG	CCAACTTG	0	0	0
CAAGTTTA	TAAACTTG	0	0	0
CAAGTTTC	GAAACTTG	0	0	0
CAATAAAA	TTTTATTG	0	0	0
CAATAAAC	GTTTATTG	0	0	0
CAATAAAG	CTTTATTG	0	0	0
CAATAACA	TGTTATTG	0	0	0
CAATAACC	GGTTATTG	0	0	0
CAATAACG	CGTTATTG	0	0	0
CAATAAGA	TCTTATTG	0	0	0
CAATAAGC	GCTTATTG	0	0	0
CAATAAGG	CCTTATTG	0	0	0
CAATAATA	TATTATTG	0	0	0
CAATAATC	GATTATTG	0	0	0
CAATAATG	CATTATTG	0	0	0
CAATACAA	TTGTATTG	0	0	0
CAATACAC	GTGTATTG	0	0	0
CAATACAG	CTGTATTG	0	0	0
CAATACCA	TGGTATTG	0	0	0
CAATACCC	GGGTATTG	0	0	0
CAATACCG	CGGTATTG	0	0	0
CAATACGA	TCGTATTG	0	0	0
CAATACGC	GCGTATTG	0	0	0
CAATACGG	CCGTATTG	0	0	0
CAATACTA	TAGTATTG	0	0	0
CAATACTC	GAGTATTG	0	0	0
CAATACTG	CAGTATTG	0	0	0
CAATAGAA	TTCTATTG	0	0	0
CAATAGAC	GTCTATTG	0	0	0
CAATAGAG	CTCTATTG	0	0	0
CAATAGCA	TGCTATTG	0	0	0
CAATAGCC	GGCTATTG	0	0	0
CAATAGCG	CGCTATTG	0	0	0
CAATAGGA	TCCTATTG	0	0	0
CAATAGGC	GCCTATTG	0	0	0
CAATAGGG	CCCTATTG	0	0	0
CAATAGTA	TACTATTG	0	0	0
CAATAGTC	GACTATTG	0	0	0
CAATAGTG	CACTATTG	0	0	0
CAATATAA	TTATATTG	0	0	0
CAATATAC	GTATATTG	0	0	0
CAATATAG	CTATATTG	0	0	0
CAATATCA	TGATATTG	0	0	0
CAATATCC	GGATATTG	0	0	0
CAATATCG	CGATATTG	0	0	0
CAATATGA	TCATATTG	0	0	0
CAATATGC	GCATATTG	0	0	0
CAATATGG	CCATATTG	0	0	0
CAATATTA	TAATATTG	0	0	0
CAATATTC	GAATATTG	0	0	0
CAATATTG	CAATATTG	0	0	0
CAATCAAA	TTTGATTG	0	0	0
CAATCAAC	GTTGATTG	0	0	0
CAATCAAG	CTTGATTG	0	0	0
CAATCACA	TGTGATTG	0	0	0
CAATCACC	GGTGATTG	0	0	0
CAATCACG	CGTGATTG	0	0	0
CAATCAGA	TCTGATTG	0	0	0
CAATCAGC	GCTGATTG	0	0	0
CAATCAGG	CCTGATTG	0	0	0
CAATCATA	TATGATTG	0	0	0
CAATCATC	GATGATTG	0	0	0
CAATCATG	CATGATTG	0	0	0
CAATCCAA	TTGGATTG	0	0	0
CAATCCAC	GTGGATTG	0	0	0
CAATCCAG	CTGGATTG	0	0	0
CAATCCCA	TGGGATTG	0	0	0
CAATCCCC	GGGGATTG	0	0	0
CAATCCCG	CGGGATTG	0	0	0
CAATCCGA	TCGGATTG	0	0	0
CAATCCGC	GCGGATTG	0	0	0
CAATCCGG	CCGGATTG	0	0	0
CAATCCTA	TAGGATTG	0	0	0
CAATCCTC	GAGGATTG	0	0	0
CAATCCTG	CAGGATTG	0	0	0
CAATCGAA	TTCGATTG	0	0	0
CAATCGAC	GTCGATTG	0	0	0
CAATCGAG	CTCGATTG	0	0	0
CAATCGCA	TGCGATTG	0	0	0
CAATCGCC	GGCGATTG	0	0	0
CAATCGCG	CGCGATTG	0	0	0
CAATCGGA	TCCGATTG	0	0	0
CAATCGGC	GCCGATTG	0	0	0
CAATCGGG	CCCGATTG	0	0	0
CAATCGTA	TACGATTG	0	0	0
CAATCGTC	GACGATTG	0	0	0
CAATCGTG	CACGATTG	0	0	0
CAATCTAA	TTAGATTG	0	0	0
CAATCTAC	GTAGATTG	0	0	0
CAATCTAG	CTAGATTG	0	0	0
CAATCTCA	TGAGATTG	0	0	0
CAATCTCC	GGAGATTG	0	0	0
CAATCTCG	CGAGATTG	0	0	0
CAATCTGA	TCAGATTG	0	0	0
CAATCTGC	GCAGATTG	0	0	0
CAATCTGG	CCAGATTG	0	0	0
CAATCTTA	TAAGATTG	0	0	0
CAATCTTC	GAAGATTG	0	0	0
CAATGAAA	TTTCATTG	0	0	0
CAATGAAC	GTTCATTG	0	0	0
CAATGAAG	CTTCATTG	0	0	0
CAATGACA	TGTCATTG	0	0	0
CAATGACC	GGTCATTG	0	0	0
CAATGACG	CGTCATTG	0	0	0
CAATGAGA	TCTCATTG	0	0	0
CAATGAGC	GCTCATTG	0	0	0
CAATGAGG	CCTCATTG	0	0	0
CAATGATA	TATCATTG	0	0	0
CAATGATC	GATCATTG	0	0	0
CAATGATG	CATCATTG	0	0	0
CAATGCAA	TTGCATTG	0	0	0
CAATGCAC	GTGCATTG	0	0	0
CAATGCAG	CTGCATTG	0	0	0
CAATGCCA	TGGCATTG	0	0	0
CAATGCCC	GGGCATTG	0	0	0
CAATGCCG	CGGCATTG	0	0	0
CAATGCGA	TCGCATTG	0	0	0
CAATGCGC	GCGCATTG	0	0	0
CAATGCGG	CCGCATTG	0	0	0
CAATGCTA	TAGCATTG	0	0	0
CAATGCTC	GAGCATTG	0	0	0
CAATGCTG	CAGCATTG	0	0	0
CAATGGAA	TTCCATTG	0	0	0
CAATGGAC	GTCCATTG	0	0	0
CAATGGAG	CTCCATTG	0	0	0
CAATGGCA	TGCCATTG	0	0	0
CAATGGCC	GGCCATTG	0	0	0
CAATGGCG	CGCCATTG	0	0	0
CAATGGGA	TCCCATTG	0	0	0
CAATGGGC	GCCCATTG	0	0	0
CAATGGGG	CCCCATTG	0	0	0
CAATGGTA	TACCATTG	0	0	0
CAATGGTC	GACCATTG	0	0	0
CAATGGTG	CACCATTG	0	0	0
CAATGTAA	TTACATTG	0	0	0
CAATGTAC	GTACATTG	0	0	0
CAATGTAG	CTACATTG	0	0	0
CAATGTCA	TGACATTG	0	0	0
CAATGTCC	GGACATTG	0	0	0
CAATGTCG	CGACATTG	0	0	0
CAATGTGA	TCACATTG	0	0	0
CAATGTGC	GCACATTG	0	0	0
CAATGTGG	CCACATTG	0	0	0
CAATGTTA	TAACATTG	0	0	0
CAATGTTC	GAACATTG	0	0	0
CAATTAAA	TTTAATTG	0	0	0
CAATTAAC	GTTAATTG	0	0	0
CAATTAAG	CTTAATTG	0	0	0
CAATTACA	TGTAATTG	0	0	0
CAATTACC	GGTAATTG	0	0	0
CAATTACG	CGTAATTG	0	0	0
CAATTAGA	TCTAATTG	0	0	0
CAATTAGC	GCTAATTG	0	0	0
CAATTAGG	CCTAATTG	0	0	0
CAATTATA	TATAATTG	0	0	0
CAATTATC	GATAATTG	0	0	0
CAATTATG	CATAATTG	0	0	0
CAATTCAA	TTGAATTG	0	0	0
CAATTCAC	GTGAATTG	0	0	0
CAATTCAG	CTGAATTG	0	0	0
CAATTCCA	TGGAATTG	0	0	0
CAATTCCC	GGGAATTG	0	0	0
CAATTCCG	CGGAATTG	0	0	0
CAATTCGA	TCGAATTG	0	0	0
CAATTCGC	GCGAATTG	0	0	0
CAATTCGG	CCGAATTG	0	0	0
CAATTCTA	TAGAATTG	0	0	0
CAATTCTC	GAGAATTG	0	0	0
CAATTCTG	CAGAATTG	0	0	0
CAATTGAA	TTCAATTG	0	0	0
CAATTGAC	GTCAATTG	0	0	0
CAATTGAG	CTCAATTG	0	0	0
CAATTGCA	TGCAATTG	0	0	0
CAATTGCC	GGCAATTG	0	0	0
CAATTGCG	CGCAATTG	0	0	0
CAATTGGA	TCCAATTG	0	0	0
CAATTGGC	GCCAATTG	0	0	0
CAATTGGG	CCCAATTG	0	0	0
CAATTGTA	TACAATTG	0	0	0
CAATTGTC	GACAATTG	0	0	0
CAATTGTG	CACAATTG	0	0	0
CAATTTAA	TTAAATTG	0	0	0
CAATTTAC	GTAAATTG	0	0	0
CAATTTAG	CTAAATTG	0	0	0
CAATTTCA	TGAAATTG	0	0	0
CAATTTCC	GGAAATTG	0	0	0
CAATTTCG	CGAAATTG	0	0	0
CAATTTGA	TCAAATTG	0	0	0
CAATTTGC	GCAAATTG	0	0	0
CAATTTGG	CCAAATTG	0	0	0
CAATTTTA	TAAAATTG	0	0	0
CAATTTTC	GAAAATTG	0	0	0
CACAAAAA	TTTTTGTG	0	0	0
CACAAAAC	GTTTTGTG	0	0	0
CACAAAAG	CTTTTGTG	0	0	0
CACAAACA	TGTTTGTG	0	0	0
CACAAACC	GGTTTGTG	0	0	0
CACAAACG	CGTTTGTG	0	0	0
CACAAAGA	TCTTTGTG	0	0	0
CACAAAGC	GCTTTGTG	0	0	0
CACAAAGG	CCTTTGTG	0	0	0
CACAAATA	TATTTGTG	0	0	0
CACAAATC	GATTTGTG	0	0	0
CACAAATG	CATTTGTG	0	0	0
CACAACAA	TTGTTGTG	0	0	0
CACAACAC	GTGTTGTG	0	0	0
CACAACAG	CTGTTGTG	0	0	0
CACAACCA	TGGTTGTG	0	0	0
CACAACCC	GGGTTGTG	0	0	0
CACAACCG	CGGTTGTG	0	0	0
CACAACGA	TCGTTGTG	0	0	0
CACAACGC	GCGTTGTG	0	0	0
CACAACGG	CCGTTGTG	0	0	0
CACAACTA	TAGTTGTG	0	0	0
CACAACTC	GAGTTGTG	0	0	0
CACAACTG	CAGTTGTG	0	0	0
CACAAGAA	TTCTTGTG	0	0	0
CACAAGAC	GTCTTGTG	0	0	0
CACAAGAG	CTCTTGTG	0	0	0
CACAAGCA	TGCTTGTG	0	0	0
CACAAGCC	GGCTTGTG	0	0	0
CACAAGCG	CGCTTGTG	0	0	0
CACAAGGA	TCCTTGTG	0	0	0
CACAAGGC	GCCTTGTG	0	0	0
CACAAGGG	CCCTTGTG	0	0	0
CACAAGTA	TACTTGTG	0	0	0
CACAAGTC	GACTTGTG	0	0	0
CACAAGTG	CACTTGTG	0	0	0
CACAATAA	TTATTGTG	0	0	0
CACAATAC	GTATTGTG	0	0	0
CACAATAG	CTATTGTG	0	0	0
CACAATCA	TGATTGTG	0	0	0
CACAATCC	GGATTGTG	0	0	0
CACAATCG	CGATTGTG	0	0	0
CACAATGA	TCATTGTG	0	0	0
CACAATGC	GCATTGTG	0	0	0
CACAATGG	CCATTGTG	0	0	0
CACAATTA	TAATTGTG	0	0	0
CACAATTC	GAATTGTG	0	0	0
CACACAAA	TTTGTGTG	0	0	0
CACACAAC	GTTGTGTG	0	0	0
CACACAAG	CTTGTGTG	0	0	0
CACACACA	TGTGTGTG	0	0	0
CACACACC	GGTGTGTG	0	0	0
CACACACG	CGTGTGTG	0	0	0
CACACAGA	TCTGTGTG	0	0	0
CACACAGC	GCTGTGTG	0	0	0
CACACAGG	CCTGTGTG	0	0	0
CACACATA	TATGTGTG	0	0	0
CACACATC	GATGTGTG	0	0	0
CACACATG	CATGTGTG	0	0	0
CACACCAA	TTGGTGTG	0	0	0
CACACCAC	GTGGTGTG	0	0	0
CACACCAG	CTGGTGTG	0	0	0
CACACCCA	TGGGTGTG	0	0	0
CACACCCC	GGGGTGTG	0	0	0
CACACCCG	CGGGTGTG	0	0	0
CACACCGA	TCGGTGTG	0	0	0
CACACCGC	GCGGTGTG	0	0	0
CACACCGG	CCGGTGTG	0	0	0
CACACCTA	TAGGTGTG	0	0	0
CACACCTC	GAGGTGTG	0	0	0
CACACCTG	CAGGTGTG	0	0	0
CACACGAA	TTCGTGTG	0	0	0
CACACGAC	GTCGTGTG	0	0	0
CACACGAG	CTCGTGTG	0	0	0
CACACGCA	TGCGTGTG	0	0	0
CACACGCC	GGCGTGTG	0	0	0
CACACGCG	CGCGTGTG	0	0	0
CACACGGA	TCCGTGTG	0	0	0
CACACGGC	GCCGTGTG	0	0	0
CACACGGG	CCCGTGTG	0	0	0
CACACGTA	TACGTGTG	0	0	0
CACACGTC	GACGTGTG	0	0	0
CACACGTG	CACGTGTG	0	0	0
CACACTAA	TTAGTGTG	0	0	0
CACACTAC	GTAGTGTG	0	0	0
CACACTAG	CTAGTGTG	0	0	0
CACACTCA	TGAGTGTG	0	0	0
CACACTCC	GGAGTGTG	0	0	0
CACACTCG	CGAGTGTG	0	0	0
CACACTGA	TCAGTGTG	0	0	0
CACACTGC	GCAGTGTG	0	0	0
CACACTGG	CCAGTGTG	0	0	0
CACACTTA	TAAGTGTG	0	0	0
CACACTTC	GAAGTGTG	0	0	0
CACAGAAA	TTTCTGTG	0	0	0
CACAGAAC	GTTCTGTG	0	0	0
CACAGAAG	CTTCTGTG	0	0	0
CACAGACA	TGTCTGTG	0	0	0
CACAGACC	GGTCTGTG	0	0	0
CACAGACG	CGTCTGTG	0	0	0
CACAGAGA	TCTCTGTG	0	0	0
CACAGAGC	GCTCTGTG	0	0	0
CACAGAGG	CCTCTGTG	0	0	0
CACAGATA	TATCTGTG	0	0	0
CACAGATC	GATCTGTG	0	0	0
CACAGATG	CATCTGTG	0	0	0
CACAGCAA	TTGCTGTG	0	0	0
CACAGCAC	GTGCTGTG	0	0	0
CACAGCAG	CTGCTGTG	0	0	0
CACAGCCA	TGGCTGTG	0	0	0
CACAGCCC	GGGCTGTG	0	0	0
CACAGCCG	CGGCTGTG	0	0	0
CACAGCGA	TCGCTGTG	0	0	0
CACAGCGC	GCGCTGTG	0	0	0
CACAGCGG	CCGCTGTG	0	0	0
CACAGCTA	TAGCTGTG	0	0	0
CACAGCTC	GAGCTGTG	0	0	0
CACAGCTG	CAGCTGTG	0	0	0
CACAGGAA	TTCCTGTG	0	0	0
CACAGGAC	GTCCTGTG	0	0	0
CACAGGAG	CTCCTGTG	0	0	0
CACAGGCA	TGCCTGTG	0	0	0
CACAGGCC	GGCCTGTG	0	0	0
CACAGGCG	CGCCTGTG	0	0	0
CACAGGGA	TCCCTGTG	0	0	0
CACAGGGC	GCCCTGTG	0	0	0
CACAGGGG	CCCCTGTG	0	0	0
CACAGGTA	TACCTGTG	0	0	0
CACAGGTC	GACCTGTG	0	0	0
CACAGGTG	CACCTGTG	0	0	0
CACAGTAA	TTACTGTG	0	0	0
CACAGTAC	GTACTGTG	0	0	0
CACAGTAG	CTACTGTG	0	0	0
CACAGTCA	TGACTGTG	0	0	0
CACAGTCC	GGACTGTG	0	0	0
CACAGTCG	CGACTGTG	0	0	0
CACAGTGA	TCACTGTG	0	0	0
CACAGTGC	GCACTGTG	0	0	0
CACAGTGG	CCACTGTG	0	0	0
CACAGTTA	TAACTGTG	0	0	0
CACAGTTC	GAACTGTG	0	0	0
CACATAAA	TTTATGTG	0	0	0
CACATAAC	GTTATGTG	0	0	0
CACATAAG	CTTATGTG	0	0	0
CACATACA	TGTATGTG	0	0	0
CACATACC	GGTATGTG	0	0	0
CACATACG	CGTATGTG	0	0	0
CACATAGA	TCTATGTG	0	0	0
CACATAGC	GCTATGTG	0	0	0
CACATAGG	CCTATGTG	0	0	0
CACATATA	TATATGTG	0	0	0
CACATATC	GATATGTG	0	0	0
CACATATG	CATATGTG	0	0	0
CACATCAA	TTGATGTG	0	0	0
CACATCAC	GTGATGTG	0	0	0
CACATCAG	CTGATGTG	0	0	0
CACATCCA	TGGATGTG	0	0	0
CACATCCC	GGGATGTG	0	0	0
CACATCCG	CGGATGTG	0	0	0
CACATCGA	TCGATGTG	0	0	0
CACATCGC	GCGATGTG	0	0	0
CACATCGG	CCGATGTG	0	0	0
CACATCTA	TAGATGTG	0	0	0
CACATCTC	GAGATGTG	0	0	0
CACATCTG	CAGATGTG	0	0	0
CACATGAA	TTCATGTG	0	0	0
CACATGAC	GTCATGTG	0	0	0
CACATGAG	CTCATGTG	0	0	0
CACATGCA	TGCATGTG	0	0	0
CACATGCC	GGCATGTG	0	0	0
CACATGCG	CGCATGTG	0	0	0
CACATGGA	TCCATGTG	0	0	0
CACATGGC	GCCATGTG	0	0	0
CACATGGG	CCCATGTG	0	0	0
CACATGTA	TACATGTG	0	0	0
CACATGTC	GACATGTG	0	0	0
CACATGTG	CACATGTG	0	0	0
CACATTAA	TTAATGTG	0	0	0
CACATTAC	GTAATGTG	0	0	0
CACATTAG	CTAATGTG	0	0	0
CACATTCA	TGAATGTG	0	0	0
CACATTCC	GGAATGTG	0	0	0
CACATTCG	CGAATGTG	0	0	0
CACATTGA	TCAATGTG	0	0	0
CACATTGC	GCAATGTG	0	0	0
CACATTGG	CCAATGTG	0	0	0
CACATTTA	TAAATGTG	0	0	0
CACATTTC	GAAATGTG	0	0	0
CACCAAAA	TTTTGGTG	0	0	0
CACCAAAC	GTTTGGTG	0	0	0
CACCAAAG	CTTTGGTG	0	0	0
CACCAACA	TGTTGGTG	0	0	0
CACCAACC	GGTTGGTG	0	0	0
CACCAACG	CGTTGGTG	0	0	0
CACCAAGA	TCTTGGTG	0	0	0
CACCAAGC	GCTTGGTG	0	0	0
CACCAAGG	CCTTGGTG	0	0	0
CACCAATA	TATTGGTG	0	0	0
CACCAATC	GATTGGTG	0	0	0
CACCAATG	CATTGGTG	0	0	0
CACCACAA	TTGTGGTG	0	0	0
CACCACAC	GTGTGGTG	0	0	0
CACCACAG	CTGTGGTG	0	0	0
CACCACCA	TGGTGGTG	0	0	0
CACCACCC	GGGTGGTG	0	0	0
CACCACCG	CGGTGGTG	0	0	0
CACCACGA	TCGTGGTG	0	0	0
CACCACGC	GCGTGGTG	0	0	0
CACCACGG	CCGTGGTG	0	0	0
CACCACTA	TAGTGGTG	0	0	0
CACCACTC	GAGTGGTG	0	0	0
CACCACTG	CAGTGGTG	0	0	0
CACCAGAA	TTCTGGTG	0	0	0
CACCAGAC	GTCTGGTG	0	0	0
CACCAGAG	CTCTGGTG	0	0	0
CACCAGCA	TGCTGGTG	0	0	0
CACCAGCC	GGCTGGTG	0	0	0
CACCAGCG	CGCTGGTG	0	0	0
CACCAGGA	TCCTGGTG	0	0	0
CACCAGGC	GCCTGGTG	0	0	0
CACCAGGG	CCCTGGTG	0	0	0
CACCAGTA	TACTGGTG	0	0	0
CACCAGTC	GACTGGTG	0	0	0
CACCAGTG	CACTGGTG	0	0	0
CACCATAA	TTATGGTG	0	0	0
CACCATAC	GTATGGTG	0	0	0
CACCATAG	CTATGGTG	0	0	0
CACCATCA	TGATGGTG	0	0	0
CACCATCC	GGATGGTG	0	0	0
CACCATCG	CGATGGTG	0	0	0
CACCATGA	TCATGGTG	0	0	0
CACCATGC	GCATGGTG	0	0	0
CACCATGG	CCATGGTG	0	0	0
CACCATTA	TAATGGTG	0	0	0
CACCATTC	GAATGGTG	0	0	0
CACCCAAA	TTTGGGTG	0	0	0
CACCCAAC	GTTGGGTG	0	0	0
CACCCAAG	CTTGGGTG	0	0	0
CACCCACA	TGTGGGTG	0	0	0
CACCCACC	GGTGGGTG	0	0	0
CACCCACG	CGTGGGTG	0	0	0
CACCCAGA	TCTGGGTG	0	0	0
CACCCAGC	GCTGGGTG	0	0	0
CACCCAGG	CCTGGGTG	0	0	0
CACCCATA	TATGGGTG	0	0	0
CACCCATC	GATGGGTG	0	0	0
CACCCATG	CATGGGTG	0	0	0
CACCCCAA	TTGGGGTG	0	0	0
CACCCCAC	GTGGGGTG	0	0	0
CACCCCAG	CTGGGGTG	0	0	0
CACCCCCA	TGGGGGTG	0	0	0
CACCCCCC	GGGGGGTG	0	0	0
CACCCCCG	CGGGGGTG	0	0	0
CACCCCGA	TCGGGGTG	0	0	0
CACCCCGC	GCGGGGTG	0	0	0
CACCCCGG	CCGGGGTG	0	0	0
CACCCCTA	TAGGGGTG	0	0	0
CACCCCTC	GAGGGGTG	0	0	0
CACCCCTG	CAGGGGTG	0	0	0
CACCCGAA	TTCGGGTG	0	0	0
CACCCGAC	GTCGGGTG	0	0	0
CACCCGAG	CTCGGGTG	0	0	0
CACCCGCA	TGCGGGTG	0	0	0
CACCCGCC	GGCGGGTG	0	0	0
CACCCGCG	CGCGGGTG	0	0	0
CACCCGGA	TCCGGGTG	0	0	0
CACCCGGC	GCCGGGTG	0	0	0
CACCCGGG	CCCGGGTG	0	0	0
CACCCGTA	TACGGGTG	0	0	0
CACCCGTC	GACGGGTG	0	0	0
CACCCGTG	CACGGGTG	0	0	0
CACCCTAA	TTAGGGTG	0	0	0
CACCCTAC	GTAGGGTG	0	0	0
CACCCTAG	CTAGGGTG	0	0	0
CACCCTCA	TGAGGGTG	0	0	0
CACCCTCC	GGAGGGTG	0	0	0
CACCCTCG	CGAGGGTG	0	0	0
CACCCTGA	TCAGGGTG	0	0	0
CACCCTGC	GCAGGGTG	0	0	0
CACCCTGG	CCAGGGTG	0	0	0
CACCCTTA	TAAGGGTG	0	0	0
CACCCTTC	GAAGGGTG	0	0	0
CACCGAAA	TTTCGGTG	0	0	0
CACCGAAC	GTTCGGTG	0	0	0
CACCGAAG	CTTCGGTG	0	0	0
CACCGACA	TGTCGGTG	0	0	0
CACCGACC	GGTCGGTG	0	0	0
CACCGACG	CGTCGGTG	0	0	0
CACCGAGA	TCTCGGTG	0	0	0
CACCGAGC	GCTCGGTG	0	0	0
CACCGAGG	CCTCGGTG	0	0	0
CACCGATA	TATCGGTG	0	0	0
CACCGATC	GATCGGTG	0	0	0
CACCGATG	CATCGGTG	0	0	0
CACCGCAA	TTGCGGTG	0	0	0
CACCGCAC	GTGCGGTG	0	0	0
CACCGCAG	CTGCGGTG	0	0	0
CACCGCCA	TGGCGGTG	0	0	0
CACCGCCC	GGGCGGTG	0	0	0
CACCGCCG	CGGCGGTG	0	0	0
CACCGCGA	TCGCGGTG	0	0	0
CACCGCGC	GCGCGGTG	0	0	0
CACCGCGG	CCGCGGTG	0	0	0
CACCGCTA	TAGCGGTG	0	0	0
CACCGCTC	GAGCGGTG	0	0	0
CACCGCTG	CAGCGGTG	0	0	0
CACCGGAA	TTCCGGTG	0	0	0
CACCGGAC	GTCCGGTG	0	0	0
CACCGGAG	CTCCGGTG	0	0	0
CACCGGCA	TGCCGGTG	0	0	0
CACCGGCC	GGCCGGTG	0	0	0
CACCGGCG	CGCCGGTG	0	0	0
CACCGGGA	TCCCGGTG	0	0	0
CACCGGGC	GCCCGGTG	0	0	0
CACCGGGG	CCCCGGTG	0	0	0
CACCGGTA	TACCGGTG	0	0	0
CACCGGTC	GACCGGTG	0	0	0
CACCGGTG	CACCGGTG	0	0	0
CACCGTAA	TTACGGTG	0	0	0
CACCGTAC	GTACGGTG	0	0	0
CACCGTAG	CTACGGTG	0	0	0
CACCGTCA	TGACGGTG	0	0	0
CACCGTCC	GGACGGTG	0	0	0
CACCGTCG	CGACGGTG	0	0	0
CACCGTGA	TCACGGTG	0	0	0
CACCGTGC	GCACGGTG	0	0	0
CACCGTGG	CCACGGTG	0	0	0
CACCGTTA	TAACGGTG	0	0	0
CACCGTTC	GAACGGTG	0	0	0
CACCTAAA	TTTAGGTG	0	0	0
CACCTAAC	GTTAGGTG	0	0	0
CACCTAAG	CTTAGGTG	0	0	0
CACCTACA	TGTAGGTG	0	0	0
CACCTACC	GGTAGGTG	0	0	0
CACCTACG	CGTAGGTG	0	0	0
CACCTAGA	TCTAGGTG	0	0	0
CACCTAGC	GCTAGGTG	0	0	0
CACCTAGG	CCTAGGTG	0	0	0
CACCTATA	TATAGGTG	0	0	0
CACCTATC	GATAGGTG	0	0	0
CACCTATG	CATAGGTG	0	0	0
CACCTCAA	TTGAGGTG	0	0	0
CACCTCAC	GTGAGGTG	0	0	0
CACCTCAG	CTGAGGTG	0	0	0
CACCTCCA	TGGAGGTG	0	0	0
CACCTCCC	GGGAGGTG	0	0	0
CACCTCCG	CGGAGGTG	0	0	0
CACCTCGA	TCGAGGTG	0	0	0
CACCTCGC	GCGAGGTG	0	0	0
CACCTCGG	CCGAGGTG	0	0	0
CACCTCTA	TAGAGGTG	0	0	0
CACCTCTC	GAGAGGTG	0	0	0
CACCTCTG	CAGAGGTG	0	0	0
CACCTGAA	TTCAGGTG	0	0	0
CACCTGAC	GTCAGGTG	0	0	0
CACCTGAG	CTCAGGTG	0	0	0
CACCTGCA	TGCAGGTG	0	0	0
CACCTGCC	GGCAGGTG	0	0	0
CACCTGCG	CGCAGGTG	0	0	0
CACCTGGA	TCCAGGTG	0	0	0
CACCTGGC	GCCAGGTG	0	0	0
CACCTGGG	CCCAGGTG	0	0	0
CACCTGTA	TACAGGTG	0	0	0
CACCTGTC	GACAGGTG	0	0	0
CACCTTAA	TTAAGGTG	0	0	0
CACCTTAC	GTAAGGTG	0	0	0
CACCTTAG	CTAAGGTG	0	0	0
CACCTTCA	TGAAGGTG	0	0	0
CACCTTCC	GGAAGGTG	0	0	0
CACCTTCG	CGAAGGTG	0	0	0
CACCTTGA	TCAAGGTG	0	0	0
CACCTTGC	GCAAGGTG	0	0	0
CACCTTGG	CCAAGGTG	0	0	0
CACCTTTA	TAAAGGTG	0	0	0
CACCTTTC	GAAAGGTG	0	0	0
CACGAAAA	TTTTCGTG	0	0	0
CACGAAAC	GTTTCGTG	0	0	0
CACGAAAG	CTTTCGTG	0	0	0
CACGAACA	TGTTCGTG	0	0	0
CACGAACC	GGTTCGTG	0	0	0
CACGAACG	CGTTCGTG	0	0	0
CACGAAGA	TCTTCGTG	0	0	0
CACGAAGC	GCTTCGTG	0	0	0
CACGAAGG	CCTTCGTG	0	0	0
CACGAATA	TATTCGTG	0	0	0
CACGAATC	GATTCGTG	0	0	0
CACGAATG	CATTCGTG	0	0	0
CACGACAA	TTGTCGTG	0	0	0
CACGACAC	GTGTCGTG	0	0	0
CACGACAG	CTGTCGTG	0	0	0
CACGACCA	TGGTCGTG	0	0	0
CACGACCC	GGGTCGTG	0	0	0
CACGACCG	CGGTCGTG	0	0	0
CACGACGA	TCGTCGTG	0	0	0
CACGACGC	GCGTCGTG	0	0	0
CACGACGG	CCGTCGTG	0	0	0
CACGACTA	TAGTCGTG	0	0	0
CACGACTC	GAGTCGTG	0	0	0
CACGACTG	CAGTCGTG	0	0	0
CACGAGAA	TTCTCGTG	0	0	0
CACGAGAC	GTCTCGTG	0	0	0
CACGAGAG	CTCTCGTG	0	0	0
CACGAGCA	TGCTCGTG	0	0	0
CACGAGCC	GGCTCGTG	0	0	0
CACGAGCG	CGCTCGTG	0	0	0
CACGAGGA	TCCTCGTG	0	0	0
CACGAGGC	GCCTCGTG	0	0	0
CACGAGGG	CCCTCGTG	0	0	0
CACGAGTA	TACTCGTG	0	0	0
CACGAGTC	GACTCGTG	0	0	0
CACGAGTG	CACTCGTG	0	0	0
CACGATAA	TTATCGTG	0	0	0
CACGATAC	GTATCGTG	0	0	0
CACGATAG	CTATCGTG	0	0	0
CACGATCA	TGATCGTG	0	0	0
CACGATCC	GGATCGTG	0	0	0
CACGATCG	CGATCGTG	0	0	0
CACGATGA	TCATCGTG	0	0	0
CACGATGC	GCATCGTG	0	0	0
CACGATGG	CCATCGTG	0	0	0
CACGATTA	TAATCGTG	0	0	0
CACGATTC	GAATCGTG	0	0	0
CACGCAAA	TTTGCGTG	0	0	0
CACGCAAC	GTTGCGTG	0	0	0
CACGCAAG	CTTGCGTG	0	0	0
CACGCACA	TGTGCGTG	0	0	0
CACGCACC	GGTGCGTG	0	0	0
CACGCACG	CGTGCGTG	0	0	0
CACGCAGA	TCTGCGTG	0	0	0
CACGCAGC	GCTGCGTG	0	0	0
CACGCAGG	CCTGCGTG	0	0	0
CACGCATA	TATGCGTG	0	0	0
CACGCATC	GATGCGTG	0	0	0
CACGCATG	CATGCGTG	0	0	0
CACGCCAA	TTGGCGTG	0	0	0
CACGCCAC	GTGGCGTG	0	0	0
CACGCCAG	CTGGCGTG	0	0	0
CACGCCCA	TGGGCGTG	0	0	0
CACGCCCC	GGGGCGTG	0	0	0
CACGCCCG	CGGGCGTG	0	0	0
CACGCCGA	TCGGCGTG	0	0	0
CACGCCGC	GCGGCGTG	0	0	0
CACGCCGG	CCGGCGTG	0	0	0
CACGCCTA	TAGGCGTG	0	0	0
CACGCCTC	GAGGCGTG	0	0	0
CACGCCTG	CAGGCGTG	0	0	0
CACGCGAA	TTCGCGTG	0	0	0
CACGCGAC	GTCGCGTG	0	0	0
CACGCGAG	CTCGCGTG	0	0	0
CACGCGCA	TGCGCGTG	0	0	0
CACGCGCC	GGCGCGTG	0	0	0
CACGCGCG	CGCGCGTG	0	0	0
CACGCGGA	TCCGCGTG	0	0	0
CACGCGGC	GCCGCGTG	0	0	0
CACGCGGG	CCCGCGTG	0	0	0
CACGCGTA	TACGCGTG	0	0	0
CACGCGTC	GACGCGTG	0	0	0
CACGCGTG	CACGCGTG	0	0	0
CACGCTAA	TTAGCGTG	0	0	0
CACGCTAC	GTAGCGTG	0	0	0
CACGCTAG	CTAGCGTG	0	0	0
CACGCTCA	TGAGCGTG	0	0	0
CACGCTCC	GGAGCGTG	0	0	0
CACGCTCG	CGAGCGTG	0	0	0
CACGCTGA	TCAGCGTG	0	0	0
CACGCTGC	GCAGCGTG	0	0	0
CACGCTGG	CCAGCGTG	0	0	0
CACGCTTA	TAAGCGTG	0	0	0
CACGCTTC	GAAGCGTG	0	0	0
CACGGAAA	TTTCCGTG	0	0	0
CACGGAAC	GTTCCGTG	0	0	0
CACGGAAG	CTTCCGTG	0	0	0
CACGGACA	TGTCCGTG	0	0	0
CACGGACC	GGTCCGTG	0	0	0
CACGGACG	CGTCCGTG	0	0	0
CACGGAGA	TCTCCGTG	0	0	0
CACGGAGC	GCTCCGTG	0	0	0
CACGGAGG	CCTCCGTG	0	0	0
CACGGATA	TATCCGTG	0	0	0
CACGGATC	GATCCGTG	0	0	0
CACGGATG	CATCCGTG	0	0	0
CACGGCAA	TTGCCGTG	0	0	0
CACGGCAC	GTGCCGTG	0	0	0
CACGGCAG	CTGCCGTG	0	0	0
CACGGCCA	TGGCCGTG	0	0	0
CACGGCCC	GGGCCGTG	0	0	0
CACGGCCG	CGGCCGTG	0	0	0
CACGGCGA	TCGCCGTG	0	0	0
CACGGCGC	GCGCCGTG	0	0	0
CACGGCGG	CCGCCGTG	0	0	0
CACGGCTA	TAGCCGTG	0	0	0
CACGGCTC	GAGCCGTG	0	0	0
CACGGCTG	CAGCCGTG	0	0	0
CACGGGAA	TTCCCGTG	0	0	0
CACGGGAC	GTCCCGTG	0	0	0
CACGGGAG	CTCCCGTG	0	0	0
CACGGGCA	TGCCCGTG	0	0	0
CACGGGCC	GGCCCGTG	0	0	0
CACGGGCG	CGCCCGTG	0	0	0
CACGGGGA	TCCCCGTG	0	0	0
CACGGGGC	GCCCCGTG	0	0	0
CACGGGGG	CCCCCGTG	0	0	0
CACGGGTA	TACCCGTG	0	0	0
CACGGGTC	GACCCGTG	0	0	0
CACGGTAA	TTACCGTG	0	0	0
CACGGTAC	GTACCGTG	0	0	0
CACGGTAG	CTACCGTG	0	0	0
CACGGTCA	TGACCGTG	0	0	0
CACGGTCC	GGACCGTG	0	0	0
CACGGTCG	CGACCGTG	0	0	0
CACGGTGA	TCACCGTG	0	0	0
CACGGTGC	GCACCGTG	0	0	0
CACGGTGG	CCACCGTG	0	0	0
CACGGTTA	TAACCGTG	0	0	0
CACGGTTC	GAACCGTG	0	0	0
CACGTAAA	TTTACGTG	0	0	0
CACGTAAC	GTTACGTG	0	0	0
CACGTAAG	CTTACGTG	0	0	0
CACGTACA	TGTACGTG	0	0	0
CACGTACC	GGTACGTG	0	0	0
CACGTACG	CGTACGTG	0	0	0
CACGTAGA	TCTACGTG	0	0	0
CACGTAGC	GCTACGTG	0	0	0
CACGTAGG	CCTACGTG	0	0	0
CACGTATA	TATACGTG	0	0	0
CACGTATC	GATACGTG	0	0	0
CACGTATG	CATACGTG	0	0	0
CACGTCAA	TTGACGTG	0	0	0
CACGTCAC	GTGACGTG	0	0	0
CACGTCAG	CTGACGTG	0	0	0
CACGTCCA	TGGACGTG	0	0	0
CACGTCCC	GGGACGTG	0	0	0
CACGTCCG	CGGACGTG	0	0	0
CACGTCGA	TCGACGTG	0	0	0
CACGTCGC	GCGACGTG	0	0	0
CACGTCGG	CCGACGTG	0	0	0
CACGTCTA	TAGACGTG	0	0	0
CACGTCTC	GAGACGTG	0	0	0
CACGTCTG	CAGACGTG	0	0	0
CACGTGAA	TTCACGTG	0	0	0
CACGTGAC	GTCACGTG	0	0	0
CACGTGAG	CTCACGTG	0	0	0
CACGTGCA	TGCACGTG	0	0	0
CACGTGCC	GGCACGTG	0	0	0
CACGTGCG	CGCACGTG	0	0	0
CACGTGGA	TCCACGTG	0	0	0
CACGTGGC	GCCACGTG	0	0	0
CACGTGGG	CCCACGTG	0	0	0
CACGTGTA	TACACGTG	0	0	0
CACGTGTC	GACACGTG	0	0	0
CACGTTAA	TTAACGTG	0	0	0
CACGTTAC	GTAACGTG	0	0	0
CACGTTAG	CTAACGTG	0	0	0
CACGTTCA	TGAACGTG	0	0	0
CACGTTCC	GGAACGTG	0	0	0
CACGTTCG	CGAACGTG	0	0	0
CACGTTGA	TCAACGTG	0	0	0
CACGTTGC	GCAACGTG	0	0	0
CACGTTGG	CCAACGTG	0	0	0
CACGTTTA	TAAACGTG	0	0	0
CACGTTTC	GAAACGTG	0	0	0
CACTAAAA	TTTTAGTG	0	0	0
CACTAAAC	GTTTAGTG	0	0	0
CACTAAAG	CTTTAGTG	0	0	0
CACTAACA	TGTTAGTG	0	0	0
CACTAACC	GGTTAGTG	0	0	0
CACTAACG	CGTTAGTG	0	0	0
CACTAAGA	TCTTAGTG	0	0	0
CACTAAGC	GCTTAGTG	0	0	0
CACTAAGG	CCTTAGTG	0	0	0
CACTAATA	TATTAGTG	0	0	0
CACTAATC	GATTAGTG	0	0	0
CACTAATG	CATTAGTG	0	0	0
CACTACAA	TTGTAGTG	0	0	0
CACTACAC	GTGTAGTG	0	0	0
CACTACAG	CTGTAGTG	0	0	0
CACTACCA	TGGTAGTG	0	0	0
CACTACCC	GGGTAGTG	0	0	0
CACTACCG	CGGTAGTG	0	0	0
CACTACGA	TCGTAGTG	0	0	0
CACTACGC	GCGTAGTG	0	0	0
CACTACGG	CCGTAGTG	0	0	0
CACTACTA	TAGTAGTG	0	0	0
CACTACTC	GAGTAGTG	0	0	0
CACTACTG	CAGTAGTG	0	0	0
CACTAGAA	TTCTAGTG	0	0	0
CACTAGAC	GTCTAGTG	0	0	0
CACTAGAG	CTCTAGTG	0	0	0
CACTAGCA	TGCTAGTG	0	0	0
CACTAGCC	GGCTAGTG	0	0	0
CACTAGCG	CGCTAGTG	0	0	0
CACTAGGA	TCCTAGTG	0	0	0
CACTAGGC	GCCTAGTG	0	0	0
CACTAGGG	CCCTAGTG	0	0	0
CACTAGTA	TACTAGTG	0	0	0
CACTAGTC	GACTAGTG	0	0	0
CACTAGTG	CACTAGTG	0	0	0
CACTATAA	TTATAGTG	0	0	0
CACTATAC	GTATAGTG	0	0	0
CACTATAG	CTATAGTG	0	0	0
CACTATCA	TGATAGTG	0	0	0
CACTATCC	GGATAGTG	0	0	0
CACTATCG	CGATAGTG	0	0	0
CACTATGA	TCATAGTG	0	0	0
CACTATGC	GCATAGTG	0	0	0
CACTATGG	CCATAGTG	0	0	0
CACTATTA	TAATAGTG	0	0	0
CACTATTC	GAATAGTG	0	0	0
CACTCAAA	TTTGAGTG	0	0	0
CACTCAAC	GTTGAGTG	0	0	0
CACTCAAG	CTTGAGTG	0	0	0
CACTCACA	TGTGAGTG	0	0	0
CACTCACC	GGTGAGTG	0	0	0
CACTCACG	CGTGAGTG	0	0	0
CACTCAGA	TCTGAGTG	0	0	0
CACTCAGC	GCTGAGTG	0	0	0
CACTCAGG	CCTGAGTG	0	0	0
CACTCATA	TATGAGTG	0	0	0
CACTCATC	GATGAGTG	0	0	0
CACTCATG	CATGAGTG	0	0	0
CACTCCAA	TTGGAGTG	0	0	0
CACTCCAC	GTGGAGTG	0	0	0
CACTCCAG	CTGGAGTG	0	0	0
CACTCCCA	TGGGAGTG	0	0	0
CACTCCCC	GGGGAGTG	0	0	0
CACTCCCG	CGGGAGTG	0	0	0
CACTCCGA	TCGGAGTG	0	0	0
CACTCCGC	GCGGAGTG	0	0	0
CACTCCGG	CCGGAGTG	0	0	0
CACTCCTA	TAGGAGTG	0	0	0
CACTCCTC	GAGGAGTG	0	0	0
CACTCCTG	CAGGAGTG	0	0	0
CACTCGAA	TTCGAGTG	0	0	0
CACTCGAC	GTCGAGTG	0	0	0
CACTCGAG	CTCGAGTG	0	0	0
CACTCGCA	TGCGAGTG	0	0	0
CACTCGCC	GGCGAGTG	0	0	0
CACTCGCG	CGCGAGTG	0	0	0
CACTCGGA	TCCGAGTG	0	0	0
CACTCGGC	GCCGAGTG	0	0	0
CACTCGGG	CCCGAGTG	0	0	0
CACTCGTA	TACGAGTG	0	0	0
CACTCGTC	GACGAGTG	0	0	0
CACTCTAA	TTAGAGTG	0	0	0
CACTCTAC	GTAGAGTG	0	0	0
CACTCTAG	CTAGAGTG	0	0	0
CACTCTCA	TGAGAGTG	0	0	0
CACTCTCC	GGAGAGTG	0	0	0
CACTCTCG	CGAGAGTG	0	0	0
CACTCTGA	TCAGAGTG	0	0	0
CACTCTGC	GCAGAGTG	0	0	0
CACTCTGG	CCAGAGTG	0	0	0
CACTCTTA	TAAGAGTG	0	0	0
CACTCTTC	GAAGAGTG	0	0	0
CACTGAAA	TTTCAGTG	0	0	0
CACTGAAC	GTTCAGTG	0	0	0
CACTGAAG	CTTCAGTG	0	0	0
CACTGACA	TGTCAGTG	0	0	0
CACTGACC	GGTCAGTG	0	0	0
CACTGACG	CGTCAGTG	0	0	0
CACTGAGA	TCTCAGTG	0	0	0
CACTGAGC	GCTCAGTG	0	0	0
CACTGAGG	CCTCAGTG	0	0	0
CACTGATA	TATCAGTG	0	0	0
CACTGATC	GATCAGTG	0	0	0
CACTGATG	CATCAGTG	0	0	0
CACTGCAA	TTGCAGTG	0	0	0
CACTGCAC	GTGCAGTG	0	0	0
CACTGCAG	CTGCAGTG	0	0	0
CACTGCCA	TGGCAGTG	0	0	0
CACTGCCC	GGGCAGTG	0	0	0
CACTGCCG	CGGCAGTG	0	0	0
CACTGCGA	TCGCAGTG	0	0	0
CACTGCGC	GCGCAGTG	0	0	0
CACTGCGG	CCGCAGTG	0	0	0
CACTGCTA	TAGCAGTG	0	0	0
CACTGCTC	GAGCAGTG	0	0	0
CACTGCTG	CAGCAGTG	0	0	0
CACTGGAA	TTCCAGTG	0	0	0
CACTGGAC	GTCCAGTG	0	0	0
CACTGGAG	CTCCAGTG	0	0	0
CACTGGCA	TGCCAGTG	0	0	0
CACTGGCC	GGCCAGTG	0	0	0
CACTGGCG	CGCCAGTG	0	0	0
CACTGGGA	TCCCAGTG	0	0	0
CACTGGGC	GCCCAGTG	0	0	0
CACTGGGG	CCCCAGTG	0	0	0
CACTGGTA	TACCAGTG	0	0	0
CACTGGTC	GACCAGTG	0	0	0
CACTGTAA	TTACAGTG	0	0	0
CACTGTAC	GTACAGTG	0	0	0
CACTGTAG	CTACAGTG	0	0	0
CACTGTCA	TGACAGTG	0	0	0
CACTGTCC	GGACAGTG	0	0	0
CACTGTCG	CGACAGTG	0	0	0
CACTGTGA	TCACAGTG	0	0	0
CACTGTGC	GCACAGTG	0	0	0
CACTGTGG	CCACAGTG	0	0	0
CACTGTTA	TAACAGTG	0	0	0
CACTGTTC	GAACAGTG	0	0	0
CACTTAAA	TTTAAGTG	0	0	0
CACTTAAC	GTTAAGTG	0	0	0
CACTTAAG	CTTAAGTG	0	0	0
CACTTACA	TGTAAGTG	0	0	0
CACTTACC	GGTAAGTG	0	0	0
CACTTACG	CGTAAGTG	0	0	0
CACTTAGA	TCTAAGTG	0	0	0
CACTTAGC	GCTAAGTG	0	0	0
CACTTAGG	CCTAAGTG	0	0	0
CACTTATA	TATAAGTG	0	0	0
CACTTATC	GATAAGTG	0	0	0
CACTTATG	CATAAGTG	0	0	0
CACTTCAA	TTGAAGTG	0	0	0
CACTTCAC	GTGAAGTG	0	0	0
CACTTCAG	CTGAAGTG	0	0	0
CACTTCCA	TGGAAGTG	0	0	0
CACTTCCC	GGGAAGTG	0	0	0
CACTTCCG	CGGAAGTG	0	0	0
CACTTCGA	TCGAAGTG	0	0	0
CACTTCGC	GCGAAGTG	0	0	0
CACTTCGG	CCGAAGTG	0	0	0
CACTTCTA	TAGAAGTG	0	0	0
CACTTCTC	GAGAAGTG	0	0	0
CACTTCTG	CAGAAGTG	0	0	0
CACTTGAA	TTCAAGTG	0	0	0
CACTTGAC	GTCAAGTG	0	0	0
CACTTGAG	CTCAAGTG	0	0	0
CACTTGCA	TGCAAGTG	0	0	0
CACTTGCC	GGCAAGTG	0	0	0
CACTTGCG	CGCAAGTG	0	0	0
CACTTGGA	TCCAAGTG	0	0	0
CACTTGGC	GCCAAGTG	0	0	0
CACTTGGG	CCCAAGTG	0	0	0
CACTTGTA	TACAAGTG	0	0	0
CACTTGTC	GACAAGTG	0	0	0
CACTTTAA	TTAAAGTG	0	0	0
CACTTTAC	GTAAAGTG	0	0	0
CACTTTAG	CTAAAGTG	0	0	0
CACTTTCA	TGAAAGTG	0	0	0
CACTTTCC	GGAAAGTG	0	0	0
CACTTTCG	CGAAAGTG	0	0	0
CACTTTGA	TCAAAGTG	0	0	0
CACTTTGC	GCAAAGTG	0	0	0
CACTTTGG	CCAAAGTG	0	0	0
CACTTTTA	TAAAAGTG	0	0	0
CACTTTTC	GAAAAGTG	0	0	0
CAGAAAAA	TTTTTCTG	0	0	0
CAGAAAAC	GTTTTCTG	0	0	0
CAGAAAAG	CTTTTCTG	0	0	0
CAGAAACA	TGTTTCTG	0	0	0
CAGAAACC	GGTTTCTG	0	0	0
CAGAAACG	CGTTTCTG	0	0	0
CAGAAAGA	TCTTTCTG	0	0	0
CAGAAAGC	GCTTTCTG	0	0	0
CAGAAAGG	CCTTTCTG	0	0	0
CAGAAATA	TATTTCTG	0	0	0
CAGAAATC	GATTTCTG	0	0	0
CAGAAATG	CATTTCTG	0	0	0
CAGAACAA	TTGTTCTG	0	0	0
CAGAACAC	GTGTTCTG	0	0	0
CAGAACAG	CTGTTCTG	0	0	0
CAGAACCA	TGGTTCTG	0	0	0
CAGAACCC	GGGTTCTG	0	0	0
CAGAACCG	CGGTTCTG	0	0	0
CAGAACGA	TCGTTCTG	0	0	0
CAGAACGC	GCGTTCTG	0	0	0
CAGAACGG	CCGTTCTG	0	0	0
CAGAACTA	TAGTTCTG	0	0	0
CAGAACTC	GAGTTCTG	0	0	0
CAGAACTG	CAGTTCTG	0	0	0
CAGAAGAA	TTCTTCTG	0	0	0
CAGAAGAC	GTCTTCTG	0	0	0
CAGAAGAG	CTCTTCTG	0	0	0
CAGAAGCA	TGCTTCTG	0	0	0
CAGAAGCC	GGCTTCTG	0	0	0
CAGAAGCG	CGCTTCTG	0	0	0
CAGAAGGA	TCCTTCTG	0	0	0
CAGAAGGC	GCCTTCTG	0	0	0
CAGAAGGG	CCCTTCTG	0	0	0
CAGAAGTA	TACTTCTG	0	0	0
CAGAAGTC	GACTTCTG	0	0	0
CAGAATAA	TTATTCTG	0	0	0
CAGAATAC	GTATTCTG	0	0	0
CAGAATAG	CTATTCTG	0	0	0
CAGAATCA	TGATTCTG	0	0	0
CAGAATCC	GGATTCTG	0	0	0
CAGAATCG	CGATTCTG	0	0	0
CAGAATGA	TCATTCTG	0	0	0
CAGAATGC	GCATTCTG	0	0	0
CAGAATGG	CCATTCTG	0	0	0
CAGAATTA	TAATTCTG	0	0	0
CAGAATTC	GAATTCTG	0	0	0
CAGACAAA	TTTGTCTG	0	0	0
CAGACAAC	GTTGTCTG	0	0	0
CAGACAAG	CTTGTCTG	0	0	0
CAGACACA	TGTGTCTG	0	0	0
CAGACACC	GGTGTCTG	0	0	0
CAGACACG	CGTGTCTG	0	0	0
CAGACAGA	TCTGTCTG	0	0	0
CAGACAGC	GCTGTCTG	0	0	0
CAGACAGG	CCTGTCTG	0	0	0
CAGACATA	TATGTCTG	0	0	0
CAGACATC	GATGTCTG	0	0	0
CAGACATG	CATGTCTG	0	0	0
CAGACCAA	TTGGTCTG	0	0	0
CAGACCAC	GTGGTCTG	0	0	0
CAGACCAG	CTGGTCTG	0	0	0
CAGACCCA	TGGGTCTG	0	0	0
CAGACCCC	GGGGTCTG	0	0	0
CAGACCCG	CGGGTCTG	0	0	0
CAGACCGA	TCGGTCTG	0	0	0
CAGACCGC	GCGGTCTG	0	0	0
CAGACCGG	CCGGTCTG	0	0	0
CAGACCTA	TAGGTCTG	0	0	0
CAGACCTC	GAGGTCTG	0	0	0
CAGACCTG	CAGGTCTG	0	0	0
CAGACGAA	TTCGTCTG	0	0	0
CAGACGAC	GTCGTCTG	0	0	0
CAGACGAG	CTCGTCTG	0	0	0
CAGACGCA	TGCGTCTG	0	0	0
CAGACGCC	GGCGTCTG	0	0	0
CAGACGCG	CGCGTCTG	0	0	0
CAGACGGA	TCCGTCTG	0	0	0
CAGACGGC	GCCGTCTG	0	0	0
CAGACGGG	CCCGTCTG	0	0	0
CAGACGTA	TACGTCTG	0	0	0
CAGACGTC	GACGTCTG	0	0	0
CAGACTAA	TTAGTCTG	0	0	0
CAGACTAC	GTAGTCTG	0	0	0
CAGACTAG	CTAGTCTG	0	0	0
CAGACTCA	TGAGTCTG	0	0	0
CAGACTCC	GGAGTCTG	0	0	0
CAGACTCG	CGAGTCTG	0	0	0
CAGACTGA	TCAGTCTG	0	0	0
CAGACTGC	GCAGTCTG	0	0	0
CAGACTGG	CCAGTCTG	0	0	0
CAGACTTA	TAAGTCTG	0	0	0
CAGACTTC	GAAGTCTG	0	0	0
CAGAGAAA	TTTCTCTG	0	0	0
CAGAGAAC	GTTCTCTG	0	0	0
CAGAGAAG	CTTCTCTG	0	0	0
CAGAGACA	TGTCTCTG	0	0	0
CAGAGACC	GGTCTCTG	0	0	0
CAGAGACG	CGTCTCTG	0	0	0
CAGAGAGA	TCTCTCTG	0	0	0
CAGAGAGC	GCTCTCTG	0	0	0
CAGAGAGG	CCTCTCTG	0	0	0
CAGAGATA	TATCTCTG	0	0	0
CAGAGATC	GATCTCTG	0	0	0
CAGAGATG	CATCTCTG	0	0	0
CAGAGCAA	TTGCTCTG	0	0	0
CAGAGCAC	GTGCTCTG	0	0	0
CAGAGCAG	CTGCTCTG	0	0	0
CAGAGCCA	TGGCTCTG	0	0	0
CAGAGCCC	GGGCTCTG	0	0	0
CAGAGCCG	CGGCTCTG	0	0	0
CAGAGCGA	TCGCTCTG	0	0	0
CAGAGCGC	GCGCTCTG	0	0	0
CAGAGCGG	CCGCTCTG	0	0	0
CAGAGCTA	TAGCTCTG	0	0	0
CAGAGCTC	GAGCTCTG	0	0	0
CAGAGCTG	CAGCTCTG	0	0	0
CAGAGGAA	TTCCTCTG	0	0	0
CAGAGGAC	GTCCTCTG	0	0	0
CAGAGGAG	CTCCTCTG	0	0	0
CAGAGGCA	TGCCTCTG	0	0	0
CAGAGGCC	GGCCTCTG	0	0	0
CAGAGGCG	CGCCTCTG	0	0	0
CAGAGGGA	TCCCTCTG	0	0	0
CAGAGGGC	GCCCTCTG	0	0	0
CAGAGGGG	CCCCTCTG	0	0	0
CAGAGGTA	TACCTCTG	0	0	0
CAGAGGTC	GACCTCTG	0	0	0
CAGAGTAA	TTACTCTG	0	0	0
CAGAGTAC	GTACTCTG	0	0	0
CAGAGTAG	CTACTCTG	0	0	0
CAGAGTCA	TGACTCTG	0	0	0
CAGAGTCC	GGACTCTG	0	0	0
CAGAGTCG	CGACTCTG	0	0	0
CAGAGTGA	TCACTCTG	0	0	0
CAGAGTGC	GCACTCTG	0	0	0
CAGAGTGG	CCACTCTG	0	0	0
CAGAGTTA	TAACTCTG	0	0	0
CAGAGTTC	GAACTCTG	0	0	0
CAGATAAA	TTTATCTG	0	0	0
CAGATAAC	GTTATCTG	0	0	0
CAGATAAG	CTTATCTG	0	0	0
CAGATACA	TGTATCTG	0	0	0
CAGATACC	GGTATCTG	0	0	0
CAGATACG	CGTATCTG	0	0	0
CAGATAGA	TCTATCTG	0	0	0
CAGATAGC	GCTATCTG	0	0	0
CAGATAGG	CCTATCTG	0	0	0
CAGATATA	TATATCTG	0	0	0
CAGATATC	GATATCTG	0	0	0
CAGATATG	CATATCTG	0	0	0
CAGATCAA	TTGATCTG	0	0	0
CAGATCAC	GTGATCTG	0	0	0
CAGATCAG	CTGATCTG	0	0	0
CAGATCCA	TGGATCTG	0	0	0
CAGATCCC	GGGATCTG	0	0	0
CAGATCCG	CGGATCTG	0	0	0
CAGATCGA	TCGATCTG	0	0	0
CAGATCGC	GCGATCTG	0	0	0
CAGATCGG	CCGATCTG	0	0	0
CAGATCTA	TAGATCTG	0	0	0
CAGATCTC	GAGATCTG	0	0	0
CAGATCTG	CAGATCTG	0	0	0
CAGATGAA	TTCATCTG	0	0	0
CAGATGAC	GTCATCTG	0	0	0
CAGATGAG	CTCATCTG	0	0	0
CAGATGCA	TGCATCTG	0	0	0
CAGATGCC	GGCATCTG	0	0	0
CAGATGCG	CGCATCTG	0	0	0
CAGATGGA	TCCATCTG	0	0	0
CAGATGGC	GCCATCTG	0	0	0
CAGATGGG	CCCATCTG	0	0	0
CAGATGTA	TACATCTG	0	0	0
CAGATGTC	GACATCTG	0	0	0
CAGATTAA	TTAATCTG	0	0	0
CAGATTAC	GTAATCTG	0	0	0
CAGATTAG	CTAATCTG	0	0	0
CAGATTCA	TGAATCTG	0	0	0
CAGATTCC	GGAATCTG	0	0	0
CAGATTCG	CGAATCTG	0	0	0
CAGATTGA	TCAATCTG	0	0	0
CAGATTGC	GCAATCTG	0	0	0
CAGATTGG	CCAATCTG	0	0	0
CAGATTTA	TAAATCTG	0	0	0
CAGATTTC	GAAATCTG	0	0	0
CAGCAAAA	TTTTGCTG	0	0	0
CAGCAAAC	GTTTGCTG	0	0	0
CAGCAAAG	CTTTGCTG	0	0	0
CAGCAACA	TGTTGCTG	0	0	0
CAGCAACC	GGTTGCTG	0	0	0
CAGCAACG	CGTTGCTG	0	0	0
CAGCAAGA	TCTTGCTG	0	0	0
CAGCAAGC	GCTTGCTG	0	0	0
CAGCAAGG	CCTTGCTG	0	0	0
CAGCAATA	TATTGCTG	0	0	0
CAGCAATC	GATTGCTG	0	0	0
CAGCAATG	CATTGCTG	0	0	0
CAGCACAA	TTGTGCTG	0	0	0
CAGCACAC	GTGTGCTG	0	0	0
CAGCACAG	CTGTGCTG	0	0	0
CAGCACCA	TGGTGCTG	0	0	0
CAGCACCC	GGGTGCTG	0	0	0
CAGCACCG	CGGTGCTG	0	0	0
CAGCACGA	TCGTGCTG	0	0	0
CAGCACGC	GCGTGCTG	0	0	0
CAGCACGG	CCGTGCTG	0	0	0
CAGCACTA	TAGTGCTG	0	0	0
CAGCACTC	GAGTGCTG	0	0	0
CAGCACTG	CAGTGCTG	0	0	0
CAGCAGAA	TTCTGCTG	0	0	0
CAGCAGAC	GTCTGCTG	0	0	0
CAGCAGAG	CTCTGCTG	0	0	0
CAGCAGCA	TGCTGCTG	0	0	0
CAGCAGCC	GGCTGCTG	0	0	0
CAGCAGCG	CGCTGCTG	0	0	0
CAGCAGGA	TCCTGCTG	0	0	0
CAGCAGGC	GCCTGCTG	0	0	0
CAGCAGGG	CCCTGCTG	0	0	0
CAGCAGTA	TACTGCTG	0	0	0
CAGCAGTC	GACTGCTG	0	0	0
CAGCATAA	TTATGCTG	0	0	0
CAGCATAC	GTATGCTG	0	0	0
CAGCATAG	CTATGCTG	0	0	0
CAGCATCA	TGATGCTG	0	0	0
CAGCATCC	GGATGCTG	0	0	0
CAGCATCG	CGATGCTG	0	0	0
CAGCATGA	TCATGCTG	0	0	0
CAGCATGC	GCATGCTG	0	0	0
CAGCATGG	CCATGCTG	0	0	0
CAGCATTA	TAATGCTG	0	0	0
CAGCATTC	GAATGCTG	0	0	0
CAGCCAAA	TTTGGCTG	0	0	0
CAGCCAAC	GTTGGCTG	0	0	0
CAGCCAAG	CTTGGCTG	0	0	0
CAGCCACA	TGTGGCTG	0	0	0
CAGCCACC	GGTGGCTG	0	0	0
CAGCCACG	CGTGGCTG	0	0	0
CAGCCAGA	TCTGGCTG	0	0	0
CAGCCAGC	GCTGGCTG	0	0	0
CAGCCAGG	CCTGGCTG	0	0	0
CAGCCATA	TATGGCTG	0	0	0
CAGCCATC	GATGGCTG	0	0	0
CAGCCATG	CATGGCTG	0	0	0
CAGCCCAA	TTGGGCTG	0	0	0
CAGCCCAC	GTGGGCTG	0	0	0
CAGCCCAG	CTGGGCTG	0	0	0
CAGCCCCA	TGGGGCTG	0	0	0
CAGCCCCC	GGGGGCTG	0	0	0
CAGCCCCG	CGGGGCTG	0	0	0
CAGCCCGA	TCGGGCTG	0	0	0
CAGCCCGC	GCGGGCTG	0	0	0
CAGCCCGG	CCGGGCTG	0	0	0
CAGCCCTA	TAGGGCTG	0	0	0
CAGCCCTC	GAGGGCTG	0	0	0
CAGCCCTG	CAGGGCTG	0	0	0
CAGCCGAA	TTCGGCTG	0	0	0
CAGCCGAC	GTCGGCTG	0	0	0
CAGCCGAG	CTCGGCTG	0	0	0
CAGCCGCA	TGCGGCTG	0	0	0
CAGCCGCC	GGCGGCTG	0	0	0
CAGCCGCG	CGCGGCTG	0	0	0
CAGCCGGA	TCCGGCTG	0	0	0
CAGCCGGC	GCCGGCTG	0	0	0
CAGCCGGG	CCCGGCTG	0	0	0
CAGCCGTA	TACGGCTG	0	0	0
CAGCCGTC	GACGGCTG	0	0	0
CAGCCTAA	TTAGGCTG	0	0	0
CAGCCTAC	GTAGGCTG	0	0	0
CAGCCTAG	CTAGGCTG	0	0	0
CAGCCTCA	TGAGGCTG	0	0	0
CAGCCTCC	GGAGGCTG	0	0	0
CAGCCTCG	CGAGGCTG	0	0	0
CAGCCTGA	TCAGGCTG	0	0	0
CAGCCTGC	GCAGGCTG	0	0	0
CAGCCTGG	CCAGGCTG	0	0	0
CAGCCTTA	TAAGGCTG	0	0	0
CAGCCTTC	GAAGGCTG	0	0	0
CAGCGAAA	TTTCGCTG	0	0	0
CAGCGAAC	GTTCGCTG	0	0	0
CAGCGAAG	CTTCGCTG	0	0	0
CAGCGACA	TGTCGCTG	0	0	0
CAGCGACC	GGTCGCTG	0	0	0
CAGCGACG	CGTCGCTG	0	0	0
CAGCGAGA	TCTCGCTG	0	0	0
CAGCGAGC	GCTCGCTG	0	0	0
CAGCGAGG	CCTCGCTG	0	0	0
CAGCGATA	TATCGCTG	0	0	0
CAGCGATC	GATCGCTG	0	0	0
CAGCGATG	CATCGCTG	0	0	0
CAGCGCAA	TTGCGCTG	0	0	0
CAGCGCAC	GTGCGCTG	0	0	0
CAGCGCAG	CTGCGCTG	0	0	0
CAGCGCCA	TGGCGCTG	0	0	0
CAGCGCCC	GGGCGCTG	0	0	0
CAGCGCCG	CGGCGCTG	0	0	0
CAGCGCGA	TCGCGCTG	0	0	0
CAGCGCGC	GCGCGCTG	0	0	0
CAGCGCGG	CCGCGCTG	0	0	0
CAGCGCTA	TAGCGCTG	0	0	0
CAGCGCTC	GAGCGCTG	0	0	0
CAGCGCTG	CAGCGCTG	0	0	0
CAGCGGAA	TTCCGCTG	0	0	0
CAGCGGAC	GTCCGCTG	0	0	0
CAGCGGAG	CTCCGCTG	0	0	0
CAGCGGCA	TGCCGCTG	0	0	0
CAGCGGCC	GGCCGCTG	0	0	0
CAGCGGCG	CGCCGCTG	0	0	0
CAGCGGGA	TCCCGCTG	0	0	0
CAGCGGGC	GCCCGCTG	0	0	0
CAGCGGGG	CCCCGCTG	0	0	0
CAGCGGTA	TACCGCTG	0	0	0
CAGCGGTC	GACCGCTG	0	0	0
CAGCGTAA	TTACGCTG	0	0	0
CAGCGTAC	GTACGCTG	0	0	0
CAGCGTAG	CTACGCTG	0	0	0
CAGCGTCA	TGACGCTG	0	0	0
CAGCGTCC	GGACGCTG	0	0	0
CAGCGTCG	CGACGCTG	0	0	0
CAGCGTGA	TCACGCTG	0	0	0
CAGCGTGC	GCACGCTG	0	0	0
CAGCGTGG	CCACGCTG	0	0	0
CAGCGTTA	TAACGCTG	0	0	0
CAGCGTTC	GAACGCTG	0	0	0
CAGCTAAA	TTTAGCTG	0	0	0
CAGCTAAC	GTTAGCTG	0	0	0
CAGCTAAG	CTTAGCTG	0	0	0
CAGCTACA	TGTAGCTG	0	0	0
CAGCTACC	GGTAGCTG	0	0	0
CAGCTACG	CGTAGCTG	0	0	0
CAGCTAGA	TCTAGCTG	0	0	0
CAGCTAGC	GCTAGCTG	0	0	0
CAGCTAGG	CCTAGCTG	0	0	0
CAGCTATA	TATAGCTG	0	0	0
CAGCTATC	GATAGCTG	0	0	0
CAGCTATG	CATAGCTG	0	0	0
CAGCTCAA	TTGAGCTG	0	0	0
CAGCTCAC	GTGAGCTG	0	0	0
CAGCTCAG	CTGAGCTG	0	0	0
CAGCTCCA	TGGAGCTG	0	0	0
CAGCTCCC	GGGAGCTG	0	0	0
CAGCTCCG	CGGAGCTG	0	0	0
CAGCTCGA	TCGAGCTG	0	0	0
CAGCTCGC	GCGAGCTG	0	0	0
CAGCTCGG	CCGAGCTG	0	0	0
CAGCTCTA	TAGAGCTG	0	0	0
CAGCTCTC	GAGAGCTG	0	0	0
CAGCTGAA	TTCAGCTG	0	0	0
CAGCTGAC	GTCAGCTG	0	0	0
CAGCTGAG	CTCAGCTG	0	0	0
CAGCTGCA	TGCAGCTG	0	0	0
CAGCTGCC	GGCAGCTG	0	0	0
CAGCTGCG	CGCAGCTG	0	0	0
CAGCTGGA	TCCAGCTG	0	0	0
CAGCTGGC	GCCAGCTG	0	0	0
CAGCTGGG	CCCAGCTG	0	0	0
CAGCTGTA	TACAGCTG	0	0	0
CAGCTGTC	GACAGCTG	0	0	0
CAGCTTAA	TTAAGCTG	0	0	0
CAGCTTAC	GTAAGCTG	0	0	0
CAGCTTAG	CTAAGCTG	0	0	0
CAGCTTCA	TGAAGCTG	0	0	0
CAGCTTCC	GGAAGCTG	0	0	0
CAGCTTCG	CGAAGCTG	0	0	0
CAGCTTGA	TCAAGCTG	0	0	0
CAGCTTGC	GCAAGCTG	0	0	0
CAGCTTGG	CCAAGCTG	0	0	0
CAGCTTTA	TAAAGCTG	0	0	0
CAGCTTTC	GAAAGCTG	0	0	0
CAGGAAAA	TTTTCCTG	0	0	0
CAGGAAAC	GTTTCCTG	0	0	0
CAGGAAAG	CTTTCCTG	0	0	0
CAGGAACA	TGTTCCTG	0	0	0
CAGGAACC	GGTTCCTG	0	0	0
CAGGAACG	CGTTCCTG	0	0	0
CAGGAAGA	TCTTCCTG	0	0	0
CAGGAAGC	GCTTCCTG	0	0	0
CAGGAAGG	CCTTCCTG	0	0	0
CAGGAATA	TATTCCTG	0	0	0
CAGGAATC	GATTCCTG	0	0	0
CAGGAATG	CATTCCTG	0	0	0
CAGGACAA	TTGTCCTG	0	0	0
CAGGACAC	GTGTCCTG	0	0	0
CAGGACAG	CTGTCCTG	0	0	0
CAGGACCA	TGGTCCTG	0	0	0
CAGGACCC	GGGTCCTG	0	0	0
CAGGACCG	CGGTCCTG	0	0	0
CAGGACGA	TCGTCCTG	0	0	0
CAGGACGC	GCGTCCTG	0	0	0
CAGGACGG	CCGTCCTG	0	0	0
CAGGACTA	TAGTCCTG	0	0	0
CAGGACTC	GAGTCCTG	0	0	0
CAGGACTG	CAGTCCTG	0	0	0
CAGGAGAA	TTCTCCTG	0	0	0
CAGGAGAC	GTCTCCTG	0	0	0
CAGGAGAG	CTCTCCTG	0	0	0
CAGGAGCA	TGCTCCTG	0	0	0
CAGGAGCC	GGCTCCTG	0	0	0
CAGGAGCG	CGCTCCTG	0	0	0
CAGGAGGA	TCCTCCTG	0	0	0
CAGGAGGC	GCCTCCTG	0	0	0
CAGGAGGG	CCCTCCTG	0	0	0
CAGGAGTA	TACTCCTG	0	0	0
CAGGAGTC	GACTCCTG	0	0	0
CAGGATAA	TTATCCTG	0	0	0
CAGGATAC	GTATCCTG	0	0	0
CAGGATAG	CTATCCTG	0	0	0
CAGGATCA	TGATCCTG	0	0	0
CAGGATCC	GGATCCTG	0	0	0
CAGGATCG	CGATCCTG	0	0	0
CAGGATGA	TCATCCTG	0	0	0
CAGGATGC	GCATCCTG	0	0	0
CAGGATGG	CCATCCTG	0	0	0
CAGGATTA	TAATCCTG	0	0	0
CAGGATTC	GAATCCTG	0	0	0
CAGGCAAA	TTTGCCTG	0	0	0
CAGGCAAC	GTTGCCTG	0	0	0
CAGGCAAG	CTTGCCTG	0	0	0
CAGGCACA	TGTGCCTG	0	0	0
CAGGCACC	GGTGCCTG	0	0	0
CAGGCACG	CGTGCCTG	0	0	0
CAGGCAGA	TCTGCCTG	0	0	0
CAGGCAGC	GCTGCCTG	0	0	0
CAGGCAGG	CCTGCCTG	0	0	0
CAGGCATA	TATGCCTG	0	0	0
CAGGCATC	GATGCCTG	0	0	0
CAGGCATG	CATGCCTG	0	0	0
CAGGCCAA	TTGGCCTG	0	0	0
CAGGCCAC	GTGGCCTG	0	0	0
CAGGCCAG	CTGGCCTG	0	0	0
CAGGCCCA	TGGGCCTG	0	0	0
CAGGCCCC	GGGGCCTG	0	0	0
CAGGCCCG	CGGGCCTG	0	0	0
CAGGCCGA	TCGGCCTG	0	0	0
CAGGCCGC	GCGGCCTG	0	0	0
CAGGCCGG	CCGGCCTG	0	0	0
CAGGCCTA	TAGGCCTG	0	0	0
CAGGCCTC	GAGGCCTG	0	0	0
CAGGCCTG	CAGGCCTG	0	0	0
CAGGCGAA	TTCGCCTG	0	0	0
CAGGCGAC	GTCGCCTG	0	0	0
CAGGCGAG	CTCGCCTG	0	0	0
CAGGCGCA	TGCGCCTG	0	0	0
CAGGCGCC	GGCGCCTG	0	0	0
CAGGCGCG	CGCGCCTG	0	0	0
CAGGCGGA	TCCGCCTG	0	0	0
CAGGCGGC	GCCGCCTG	0	0	0
CAGGCGGG	CCCGCCTG	0	0	0
CAGGCGTA	TACGCCTG	0	0	0
CAGGCGTC	GACGCCTG	0	0	0
CAGGCTAA	TTAGCCTG	0	0	0
CAGGCTAC	GTAGCCTG	0	0	0
CAGGCTAG	CTAGCCTG	0	0	0
CAGGCTCA	TGAGCCTG	0	0	0
CAGGCTCC	GGAGCCTG	0	0	0
CAGGCTCG	CGAGCCTG	0	0	0
CAGGCTGA	TCAGCCTG	0	0	0
CAGGCTGC	GCAGCCTG	0	0	0
CAGGCTGG	CCAGCCTG	0	0	0
CAGGCTTA	TAAGCCTG	0	0	0
CAGGCTTC	GAAGCCTG	0	0	0
CAGGGAAA	TTTCCCTG	0	0	0
CAGGGAAC	GTTCCCTG	0	0	0
CAGGGAAG	CTTCCCTG	0	0	0
CAGGGACA	TGTCCCTG	0	0	0
CAGGGACC	GGTCCCTG	0	0	0
CAGGGACG	CGTCCCTG	0	0	0
CAGGGAGA	TCTCCCTG	0	0	0
CAGGGAGC	GCTCCCTG	0	0	0
CAGGGAGG	CCTCCCTG	0	0	0
CAGGGATA	TATCCCTG	0	0	0
CAGGGATC	GATCCCTG	0	0	0
CAGGGATG	CATCCCTG	0	0	0
CAGGGCAA	TTGCCCTG	0	0	0
CAGGGCAC	GTGCCCTG	0	0	0
CAGGGCAG	CTGCCCTG	0	0	0
CAGGGCCA	TGGCCCTG	0	0	0
CAGGGCCC	GGGCCCTG	0	0	0
CAGGGCCG	CGGCCCTG	0	0	0
CAGGGCGA	TCGCCCTG	0	0	0
CAGGGCGC	GCGCCCTG	0	0	0
CAGGGCGG	CCGCCCTG	0	0	0
CAGGGCTA	TAGCCCTG	0	0	0
CAGGGCTC	GAGCCCTG	0	0	0
CAGGGGAA	TTCCCCTG	0	0	0
CAGGGGAC	GTCCCCTG	0	0	0
CAGGGGAG	CTCCCCTG	0	0	0
CAGGGGCA	TGCCCCTG	0	0	0
CAGGGGCC	GGCCCCTG	0	0	0
CAGGGGCG	CGCCCCTG	0	0	0
CAGGGGGA	TCCCCCTG	0	0	0
CAGGGGGC	GCCCCCTG	0	0	0
CAGGGGGG	CCCCCCTG	0	0	0
CAGGGGTA	TACCCCTG	0	0	0
CAGGGGTC	GACCCCTG	0	0	0
CAGGGTAA	TTACCCTG	0	0	0
CAGGGTAC	GTACCCTG	0	0	0
CAGGGTAG	CTACCCTG	0	0	0
CAGGGTCA	TGACCCTG	0	0	0
CAGGGTCC	GGACCCTG	0	0	0
CAGGGTCG	CGACCCTG	0	0	0
CAGGGTGA	TCACCCTG	0	0	0
CAGGGTGC	GCACCCTG	0	0	0
CAGGGTGG	CCACCCTG	0	0	0
CAGGGTTA	TAACCCTG	0	0	0
CAGGGTTC	GAACCCTG	0	0	0
CAGGTAAA	TTTACCTG	0	0	0
CAGGTAAC	GTTACCTG	0	0	0
CAGGTAAG	CTTACCTG	0	0	0
CAGGTACA	TGTACCTG	0	0	0
CAGGTACC	GGTACCTG	0	0	0
CAGGTACG	CGTACCTG	0	0	0
CAGGTAGA	TCTACCTG	0	0	0
CAGGTAGC	GCTACCTG	0	0	0
CAGGTAGG	CCTACCTG	0	0	0
CAGGTATA	TATACCTG	0	0	0
CAGGTATC	GATACCTG	0	0	0
CAGGTATG	CATACCTG	0	0	0
CAGGTCAA	TTGACCTG	0	0	0
CAGGTCAC	GTGACCTG	0	0	0
CAGGTCAG	CTGACCTG	0	0	0
CAGGTCCA	TGGACCTG	0	0	0
CAGGTCCC	GGGACCTG	0	0	0
CAGGTCCG	CGGACCTG	0	0	0
CAGGTCGA	TCGACCTG	0	0	0
CAGGTCGC	GCGACCTG	0	0	0
CAGGTCGG	CCGACCTG	0	0	0
CAGGTCTA	TAGACCTG	0	0	0
CAGGTCTC	GAGACCTG	0	0	0
CAGGTGAA	TTCACCTG	0	0	0
CAGGTGAC	GTCACCTG	0	0	0
CAGGTGAG	CTCACCTG	0	0	0
CAGGTGCA	TGCACCTG	0	0	0
CAGGTGCC	GGCACCTG	0	0	0
CAGGTGCG	CGCACCTG	0	0	0
CAGGTGGA	TCCACCTG	0	0	0
CAGGTGGC	GCCACCTG	0	0	0
CAGGTGGG	CCCACCTG	0	0	0
CAGGTGTA	TACACCTG	0	0	0
CAGGTGTC	GACACCTG	0	0	0
CAGGTTAA	TTAACCTG	0	0	0
CAGGTTAC	GTAACCTG	0	0	0
CAGGTTAG	CTAACCTG	0	0	0
CAGGTTCA	TGAACCTG	0	0	0
CAGGTTCC	GGAACCTG	0	0	0
CAGGTTCG	CGAACCTG	0	0	0
CAGGTTGA	TCAACCTG	0	0	0
CAGGTTGC	GCAACCTG	0	0	0
CAGGTTGG	CCAACCTG	0	0	0
CAGGTTTA	TAAACCTG	0	0	0
CAGGTTTC	GAAACCTG	0	0	0
CAGTAAAA	TTTTACTG	0	0	0
CAGTAAAC	GTTTACTG	0	0	0
CAGTAAAG	CTTTACTG	0	0	0
CAGTAACA	TGTTACTG	0	0	0
CAGTAACC	GGTTACTG	0	0	0
CAGTAACG	CGTTACTG	0	0	0
CAGTAAGA	TCTTACTG	0	0	0
CAGTAAGC	GCTTACTG	0	0	0
CAGTAAGG	CCTTACTG	0	0	0
CAGTAATA	TATTACTG	0	0	0
CAGTAATC	GATTACTG	0	0	0
CAGTAATG	CATTACTG	0	0	0
CAGTACAA	TTGTACTG	0	0	0
CAGTACAC	GTGTACTG	0	0	0
CAGTACAG	CTGTACTG	0	0	0
CAGTACCA	TGGTACTG	0	0	0
CAGTACCC	GGGTACTG	0	0	0
CAGTACCG	CGGTACTG	0	0	0
CAGTACGA	TCGTACTG	0	0	0
CAGTACGC	GCGTACTG	0	0	0
CAGTACGG	CCGTACTG	0	0	0
CAGTACTA	TAGTACTG	0	0	0
CAGTACTC	GAGTACTG	0	0	0
CAGTACTG	CAGTACTG	0	0	0
CAGTAGAA	TTCTACTG	0	0	0
CAGTAGAC	GTCTACTG	0	0	0
CAGTAGAG	CTCTACTG	0	0	0
CAGTAGCA	TGCTACTG	0	0	0
CAGTAGCC	GGCTACTG	0	0	0
CAGTAGCG	CGCTACTG	0	0	0
CAGTAGGA	TCCTACTG	0	0	0
CAGTAGGC	GCCTACTG	0	0	0
CAGTAGGG	CCCTACTG	0	0	0
CAGTAGTA	TACTACTG	0	0	0
CAGTAGTC	GACTACTG	0	0	0
CAGTATAA	TTATACTG	0	0	0
CAGTATAC	GTATACTG	0	0	0
CAGTATAG	CTATACTG	0	0	0
CAGTATCA	TGATACTG	0	0	0
CAGTATCC	GGATACTG	0	0	0
CAGTATCG	CGATACTG	0	0	0
CAGTATGA	TCATACTG	0	0	0
CAGTATGC	GCATACTG	0	0	0
CAGTATGG	CCATACTG	0	0	0
CAGTATTA	TAATACTG	0	0	0
CAGTATTC	GAATACTG	0	0	0
CAGTCAAA	TTTGACTG	0	0	0
CAGTCAAC	GTTGACTG	0	0	0
CAGTCAAG	CTTGACTG	0	0	0
CAGTCACA	TGTGACTG	0	0	0
CAGTCACC	GGTGACTG	0	0	0
CAGTCACG	CGTGACTG	0	0	0
CAGTCAGA	TCTGACTG	0	0	0
CAGTCAGC	GCTGACTG	0	0	0
CAGTCAGG	CCTGACTG	0	0	0
CAGTCATA	TATGACTG	0	0	0
CAGTCATC	GATGACTG	0	0	0
CAGTCATG	CATGACTG	0	0	0
CAGTCCAA	TTGGACTG	0	0	0
CAGTCCAC	GTGGACTG	0	0	0
CAGTCCAG	CTGGACTG	0	0	0
CAGTCCCA	TGGGACTG	0	0	0
CAGTCCCC	GGGGACTG	0	0	0
CAGTCCCG	CGGGACTG	0	0	0
CAGTCCGA	TCGGACTG	0	0	0
CAGTCCGC	GCGGACTG	0	0	0
CAGTCCGG	CCGGACTG	0	0	0
CAGTCCTA	TAGGACTG	0	0	0
CAGTCCTC	GAGGACTG	0	0	0
CAGTCGAA	TTCGACTG	0	0	0
CAGTCGAC	GTCGACTG	0	0	0
CAGTCGAG	CTCGACTG	0	0	0
CAGTCGCA	TGCGACTG	0	0	0
CAGTCGCC	GGCGACTG	0	0	0
CAGTCGCG	CGCGACTG	0	0	0
CAGTCGGA	TCCGACTG	0	0	0
CAGTCGGC	GCCGACTG	0	0	0
CAGTCGGG	CCCGACTG	0	0	0
CAGTCGTA	TACGACTG	0	0	0
CAGTCGTC	GACGACTG	0	0	0
CAGTCTAA	TTAGACTG	0	0	0
CAGTCTAC	GTAGACTG	0	0	0
CAGTCTAG	CTAGACTG	0	0	0
CAGTCTCA	TGAGACTG	0	0	0
CAGTCTCC	GGAGACTG	0	0	0
CAGTCTCG	CGAGACTG	0	0	0
CAGTCTGA	TCAGACTG	0	0	0
CAGTCTGC	GCAGACTG	0	0	0
CAGTCTGG	CCAGACTG	0	0	0
CAGTCTTA	TAAGACTG	0	0	0
CAGTCTTC	GAAGACTG	0	0	0
CAGTGAAA	TTTCACTG	0	0	0
CAGTGAAC	GTTCACTG	0	0	0
CAGTGAAG	CTTCACTG	0	0	0
CAGTGACA	TGTCACTG	0	0	0
CAGTGACC	GGTCACTG	0	0	0
CAGTGACG	CGTCACTG	0	0	0
CAGTGAGA	TCTCACTG	0	0	0
CAGTGAGC	GCTCACTG	0	0	0
CAGTGAGG	CCTCACTG	0	0	0
CAGTGATA	TATCACTG	0	0	0
CAGTGATC	GATCACTG	0	0	0
CAGTGATG	CATCACTG	0	0	0
CAGTGCAA	TTGCACTG	0	0	0
CAGTGCAC	GTGCACTG	0	0	0
CAGTGCAG	CTGCACTG	0	0	0
CAGTGCCA	TGGCACTG	0	0	0
CAGTGCCC	GGGCACTG	0	0	0
CAGTGCCG	CGGCACTG	0	0	0
CAGTGCGA	TCGCACTG	0	0	0
CAGTGCGC	GCGCACTG	0	0	0
CAGTGCGG	CCGCACTG	0	0	0
CAGTGCTA	TAGCACTG	0	0	0
CAGTGCTC	GAGCACTG	0	0	0
CAGTGGAA	TTCCACTG	0	0	0
CAGTGGAC	GTCCACTG	0	0	0
CAGTGGAG	CTCCACTG	0	0	0
CAGTGGCA	TGCCACTG	0	0	0
CAGTGGCC	GGCCACTG	0	0	0
CAGTGGCG	CGCCACTG	0	0	0
CAGTGGGA	TCCCACTG	0	0	0
CAGTGGGC	GCCCACTG	0	0	0
CAGTGGGG	CCCCACTG	0	0	0
CAGTGGTA	TACCACTG	0	0	0
CAGTGGTC	GACCACTG	0	0	0
CAGTGTAA	TTACACTG	0	0	0
CAGTGTAC	GTACACTG	0	0	0
CAGTGTAG	CTACACTG	0	0	0
CAGTGTCA	TGACACTG	0	0	0
CAGTGTCC	GGACACTG	0	0	0
CAGTGTCG	CGACACTG	0	0	0
CAGTGTGA	TCACACTG	0	0	0
CAGTGTGC	GCACACTG	0	0	0
CAGTGTGG	CCACACTG	0	0	0
CAGTGTTA	TAACACTG	0	0	0
CAGTGTTC	GAACACTG	0	0	0
CAGTTAAA	TTTAACTG	0	0	0
CAGTTAAC	GTTAACTG	0	0	0
CAGTTAAG	CTTAACTG	0	0	0
CAGTTACA	TGTAACTG	0	0	0
CAGTTACC	GGTAACTG	0	0	0
CAGTTACG	CGTAACTG	0	0	0
CAGTTAGA	TCTAACTG	0	0	0
CAGTTAGC	GCTAACTG	0	0	0
CAGTTAGG	CCTAACTG	0	0	0
CAGTTATA	TATAACTG	0	0	0
CAGTTATC	GATAACTG	0	0	0
CAGTTATG	CATAACTG	0	0	0
CAGTTCAA	TTGAACTG	0	0	0
CAGTTCAC	GTGAACTG	0	0	0
CAGTTCAG	CTGAACTG	0	0	0
CAGTTCCA	TGGAACTG	0	0	0
CAGTTCCC	GGGAACTG	0	0	0
CAGTTCCG	CGGAACTG	0	0	0
CAGTTCGA	TCGAACTG	0	0	0
CAGTTCGC	GCGAACTG	0	0	0
CAGTTCGG	CCGAACTG	0	0	0
CAGTTCTA	TAGAACTG	0	0	0
CAGTTCTC	GAGAACTG	0	0	0
CAGTTGAA	TTCAACTG	0	0	0
CAGTTGAC	GTCAACTG	0	0	0
CAGTTGAG	CTCAACTG	0	0	0
CAGTTGCA	TGCAACTG	0	0	0
CAGTTGCC	GGCAACTG	0	0	0
CAGTTGCG	CGCAACTG	0	0	0
CAGTTGGA	TCCAACTG	0	0	0
CAGTTGGC	GCCAACTG	0	0	0
CAGTTGGG	CCCAACTG	0	0	0
CAGTTGTA	TACAACTG	0	0	0
CAGTTGTC	GACAACTG	0	0	0
CAGTTTAA	TTAAACTG	0	0	0
CAGTTTAC	GTAAACTG	0	0	0
CAGTTTAG	CTAAACTG	0	0	0
CAGTTTCA	TGAAACTG	0	0	0
CAGTTTCC	GGAAACTG	0	0	0
CAGTTTCG	CGAAACTG	0	0	0
CAGTTTGA	TCAAACTG	0	0	0
CAGTTTGC	GCAAACTG	0	0	0
CAGTTTGG	CCAAACTG	0	0	0
CAGTTTTA	TAAAACTG	0	0	0
CAGTTTTC	GAAAACTG	0	0	0
CATAAAAA	TTTTTATG	0	0	0
CATAAAAC	GTTTTATG	0	0	0
CATAAAAG	CTTTTATG	0	0	0
CATAAACA	TGTTTATG	0	0	0
CATAAACC	GGTTTATG	0	0	0
CATAAACG	CGTTTATG	0	0	0
CATAAAGA	TCTTTATG	0	0	0
CATAAAGC	GCTTTATG	0	0	0
CATAAAGG	CCTTTATG	0	0	0
CATAAATA	TATTTATG	0	0	0
CATAAATC	GATTTATG	0	0	0
CATAAATG	CATTTATG	0	0	0
CATAACAA	TTGTTATG	0	0	0
CATAACAC	GTGTTATG	0	0	0
CATAACAG	CTGTTATG	0	0	0
CATAACCA	TGGTTATG	0	0	0
CATAACCC	GGGTTATG	0	0	0
CATAACCG	CGGTTATG	0	0	0
CATAACGA	TCGTTATG	0	0	0
CATAACGC	GCGTTATG	0	0	0
CATAACGG	CCGTTATG	0	0	0
CATAACTA	TAGTTATG	0	0	0
CATAACTC	GAGTTATG	0	0	0
CATAAGAA	TTCTTATG	0	0	0
CATAAGAC	GTCTTATG	0	0	0
CATAAGAG	CTCTTATG	0	0	0
CATAAGCA	TGCTTATG	0	0	0
CATAAGCC	GGCTTATG	0	0	0
CATAAGCG	CGCTTATG	0	0	0
CATAAGGA	TCCTTATG	0	0	0
CATAAGGC	GCCTTATG	0	0	0
CATAAGGG	CCCTTATG	0	0	0
CATAAGTA	TACTTATG	0	0	0
CATAAGTC	GACTTATG	0	0	0
CATAATAA	TTATTATG	0	0	0
CATAATAC	GTATTATG	0	0	0
CATAATAG	CTATTATG	0	0	0
CATAATCA	TGATTATG	0	0	0
CATAATCC	GGATTATG	0	0	0
CATAATCG	CGATTATG	0	0	0
CATAATGA	TCATTATG	0	0	0
CATAATGC	GCATTATG	0	0	0
CATAATGG	CCATTATG	0	0	0
CATAATTA	TAATTATG	0	0	0
CATAATTC	GAATTATG	0	0	0
CATACAAA	TTTGTATG	0	0	0
CATACAAC	GTTGTATG	0	0	0
CATACAAG	CTTGTATG	0	0	0
CATACACA	TGTGTATG	0	0	0
CATACACC	GGTGTATG	0	0	0
CATACACG	CGTGTATG	0	0	0
CATACAGA	TCTGTATG	0	0	0
CATACAGC	GCTGTATG	0	0	0
CATACAGG	CCTGTATG	0	0	0
CATACATA	TATGTATG	0	0	0
CATACATC	GATGTATG	0	0	0
CATACATG	CATGTATG	0	0	0
CATACCAA	TTGGTATG	0	0	0
CATACCAC	GTGGTATG	0	0	0
CATACCAG	CTGGTATG	0	0	0
CATACCCA	TGGGTATG	0	0	0
CATACCCC	GGGGTATG	0	0	0
CATACCCG	CGGGTATG	0	0	0
CATACCGA	TCGGTATG	0	0	0
CATACCGC	GCGGTATG	0	0	0
CATACCGG	CCGGTATG	0	0	0
CATACCTA	TAGGTATG	0	0	0
CATACCTC	GAGGTATG	0	0	0
CATACGAA	TTCGTATG	0	0	0
CATACGAC	GTCGTATG	0	0	0
CATACGAG	CTCGTATG	0	0	0
CATACGCA	TGCGTATG	0	0	0
CATACGCC	GGCGTATG	0	0	0
CATACGCG	CGCGTATG	0	0	0
CATACGGA	TCCGTATG	0	0	0
CATACGGC	GCCGTATG	0	0	0
CATACGGG	CCCGTATG	0	0	0
CATACGTA	TACGTATG	0	0	0
CATACGTC	GACGTATG	0	0	0
CATACTAA	TTAGTATG	0	0	0
CATACTAC	GTAGTATG	0	0	0
CATACTAG	CTAGTATG	0	0	0
CATACTCA	TGAGTATG	0	0	0
CATACTCC	GGAGTATG	0	0	0
CATACTCG	CGAGTATG	0	0	0
CATACTGA	TCAGTATG	0	0	0
CATACTGC	GCAGTATG	0	0	0
CATACTGG	CCAGTATG	0	0	0
CATACTTA	TAAGTATG	0	0	0
CATACTTC	GAAGTATG	0	0	0
CATAGAAA	TTTCTATG	0	0	0
CATAGAAC	GTTCTATG	0	0	0
CATAGAAG	CTTCTATG	0	0	0
CATAGACA	TGTCTATG	0	0	0
CATAGACC	GGTCTATG	0	0	0
CATAGACG	CGTCTATG	0	0	0
CATAGAGA	TCTCTATG	0	0	0
CATAGAGC	GCTCTATG	0	0	0
CATAGAGG	CCTCTATG	0	0	0
CATAGATA	TATCTATG	0	0	0
CATAGATC	GATCTATG	0	0	0
CATAGATG	CATCTATG	0	0	0
CATAGCAA	TTGCTATG	0	0	0
CATAGCAC	GTGCTATG	0	0	0
CATAGCAG	CTGCTATG	0	0	0
CATAGCCA	TGGCTATG	0	0	0
CATAGCCC	GGGCTATG	0	0	0
CATAGCCG	CGGCTATG	0	0	0
CATAGCGA	TCGCTATG	0	0	0
CATAGCGC	GCGCTATG	0	0	0
CATAGCGG	CCGCTATG	0	0	0
CATAGCTA	TAGCTATG	0	0	0
CATAGCTC	GAGCTATG	0	0	0
CATAGGAA	TTCCTATG	0	0	0
CATAGGAC	GTCCTATG	0	0	0
CATAGGAG	CTCCTATG	0	0	0
CATAGGCA	TGCCTATG	0	0	0
CATAGGCC	GGCCTATG	0	0	0
CATAGGCG	CGCCTATG	0	0	0
CATAGGGA	TCCCTATG	0	0	0
CATAGGGC	GCCCTATG	0	0	0
CATAGGGG	CCCCTATG	0	0	0
CATAGGTA	TACCTATG	0	0	0
CATAGGTC	GACCTATG	0	0	0
CATAGTAA	TTACTATG	0	0	0
CATAGTAC	GTACTATG	0	0	0
CATAGTAG	CTACTATG	0	0	0
CATAGTCA	TGACTATG	0	0	0
CATAGTCC	GGACTATG	0	0	0
CATAGTCG	CGACTATG	0	0	0
CATAGTGA	TCACTATG	0	0	0
CATAGTGC	GCACTATG	0	0	0
CATAGTGG	CCACTATG	0	0	0
CATAGTTA	TAACTATG	0	0	0
CATAGTTC	GAACTATG	0	0	0
CATATAAA	TTTATATG	0	0	0
CATATAAC	GTTATATG	0	0	0
CATATAAG	CTTATATG	0	0	0
CATATACA	TGTATATG	0	0	0
CATATACC	GGTATATG	0	0	0
CATATACG	CGTATATG	0	0	0
CATATAGA	TCTATATG	0	0	0
CATATAGC	GCTATATG	0	0	0
CATATAGG	CCTATATG	0	0	0
CATATATA	TATATATG	0	0	0
CATATATC	GATATATG	0	0	0
CATATATG	CATATATG	0	0	0
CATATCAA	TTGATATG	0	0	0
CATATCAC	GTGATATG	0	0	0
CATATCAG	CTGATATG	0	0	0
CATATCCA	TGGATATG	0	0	0
CATATCCC	GGGATATG	0	0	0
CATATCCG	CGGATATG	0	0	0
CATATCGA	TCGATATG	0	0	0
CATATCGC	GCGATATG	0	0	0
CATATCGG	CCGATATG	0	0	0
CATATCTA	TAGATATG	0	0	0
CATATCTC	GAGATATG	0	0	0
CATATGAA	TTCATATG	0	0	0
CATATGAC	GTCATATG	0	0	0
CATATGAG	CTCATATG	0	0	0
CATATGCA	TGCATATG	0	0	0
CATATGCC	GGCATATG	0	0	0
CATATGCG	CGCATATG	0	0	0
CATATGGA	TCCATATG	0	0	0
CATATGGC	GCCATATG	0	0	0
CATATGGG	CCCATATG	0	0	0
CATATGTA	TACATATG	0	0	0
CATATGTC	GACATATG	0	0	0
CATATTAA	TTAATATG	0	0	0
CATATTAC	GTAATATG	0	0	0
CATATTAG	CTAATATG	0	0	0
CATATTCA	TGAATATG	0	0	0
CATATTCC	GGAATATG	0	0	0
CATATTCG	CGAATATG	0	0	0
CATATTGA	TCAATATG	0	0	0
CATATTGC	GCAATATG	0	0	0
CATATTGG	CCAATATG	0	0	0
CATATTTA	TAAATATG	0	0	0
CATATTTC	GAAATATG	0	0	0
CATCAAAA	TTTTGATG	0	0	0
CATCAAAC	GTTTGATG	0	0	0
CATCAAAG	CTTTGATG	0	0	0
CATCAACA	TGTTGATG	0	0	0
CATCAACC	GGTTGATG	0	0	0
CATCAACG	CGTTGATG	0	0	0
CATCAAGA	TCTTGATG	0	0	0
CATCAAGC	GCTTGATG	0	0	0
CATCAAGG	CCTTGATG	0	0	0
CATCAATA	TATTGATG	0	0	0
CATCAATC	GATTGATG	0	0	0
CATCAATG	CATTGATG	0	0	0
CATCACAA	TTGTGATG	0	0	0
CATCACAC	GTGTGATG	0	0	0
CATCACAG	CTGTGATG	0	0	0
CATCACCA	TGGTGATG	0	0	0
CATCACCC	GGGTGATG	0	0	0
CATCACCG	CGGTGATG	0	0	0
CATCACGA	TCGTGATG	0	0	0
CATCACGC	GCGTGATG	0	0	0
CATCACGG	CCGTGATG	0	0	0
CATCACTA	TAGTGATG	0	0	0
CATCACTC	GAGTGATG	0	0	0
CATCAGAA	TTCTGATG	0	0	0
CATCAGAC	GTCTGATG	0	0	0
CATCAGAG	CTCTGATG	0	0	0
CATCAGCA	TGCTGATG	0	0	0
CATCAGCC	GGCTGATG	0	0	0
CATCAGCG	CGCTGATG	0	0	0
CATCAGGA	TCCTGATG	0	0	0
CATCAGGC	GCCTGATG	0	0	0
CATCAGGG	CCCTGATG	0	0	0
CATCAGTA	TACTGATG	0	0	0
CATCAGTC	GACTGATG	0	0	0
CATCATAA	TTATGATG	0	0	0
CATCATAC	GTATGATG	0	0	0
CATCATAG	CTATGATG	0	0	0
CATCATCA	TGATGATG	0	0	0
CATCATCC	GGATGATG	0	0	0
CATCATCG	CGATGATG	0	0	0
CATCATGA	TCATGATG	0	0	0
CATCATGC	GCATGATG	0	0	0
CATCATGG	CCATGATG	0	0	0
CATCATTA	TAATGATG	0	0	0
CATCATTC	GAATGATG	0	0	0
CATCCAAA	TTTGGATG	0	0	0
CATCCAAC	GTTGGATG	0	0	0
CATCCAAG	CTTGGATG	0	0	0
CATCCACA	TGTGGATG	0	0	0
CATCCACC	GGTGGATG	0	0	0
CATCCACG	CGTGGATG	0	0	0
CATCCAGA	TCTGGATG	0	0	0
CATCCAGC	GCTGGATG	0	0	0
CATCCAGG	CCTGGATG	0	0	0
CATCCATA	TATGGATG	0	0	0
CATCCATC	GATGGATG	0	0	0
CATCCATG	CATGGATG	0	0	0
CATCCCAA	TTGGGATG	0	0	0
CATCCCAC	GTGGGATG	0	0	0
CATCCCAG	CTGGGATG	0	0	0
CATCCCCA	TGGGGATG	0	0	0
CATCCCCC	GGGGGATG	0	0	0
CATCCCCG	CGGGGATG	0	0	0
CATCCCGA	TCGGGATG	0	0	0
CATCCCGC	GCGGGATG	0	0	0
CATCCCGG	CCGGGATG	0	0	0
CATCCCTA	TAGGGATG	0	0	0
CATCCCTC	GAGGGATG	0	0	0
CATCCGAA	TTCGGATG	0	0	0
CATCCGAC	GTCGGATG	0	0	0
CATCCGAG	CTCGGATG	0	0	0
CATCCGCA	TGCGGATG	0	0	0
CATCCGCC	GGCGGATG	0	0	0
CATCCGCG	CGCGGATG	0	0	0
CATCCGGA	TCCGGATG	0	0	0
CATCCGGC	GCCGGATG	0	0	0
CATCCGGG	CCCGGATG	0	0	0
CATCCGTA	TACGGATG	0	0	0
CATCCGTC	GACGGATG	0	0	0
CATCCTAA	TTAGGATG	0	0	0
CATCCTAC	GTAGGATG	0	0	0
CATCCTAG	CTAGGATG	0	0	0
CATCCTCA	TGAGGATG	0	0	0
CATCCTCC	GGAGGATG	0	0	0
CATCCTCG	CGAGGATG	0	0	0
CATCCTGA	TCAGGATG	0	0	0
CATCCTGC	GCAGGATG	0	0	0
CATCCTGG	CCAGGATG	0	0	0
CATCCTTA	TAAGGATG	0	0	0
CATCCTTC	GAAGGATG	0	0	0
CATCGAAA	TTTCGATG	0	0	0
CATCGAAC	GTTCGATG	0	0	0
CATCGAAG	CTTCGATG	0	0	0
CATCGACA	TGTCGATG	0	0	0
CATCGACC	GGTCGATG	0	0	0
CATCGACG	CGTCGATG	0	0	0
CATCGAGA	TCTCGATG	0	0	0
CATCGAGC	GCTCGATG	0	0	0
CATCGAGG	CCTCGATG	0	0	0
CATCGATA	TATCGATG	0	0	0
CATCGATC	GATCGATG	0	0	0
CATCGATG	CATCGATG	0	0	0
CATCGCAA	TTGCGATG	0	0	0
CATCGCAC	GTGCGATG	0	0	0
CATCGCAG	CTGCGATG	0	0	0
CATCGCCA	TGGCGATG	0	0	0
CATCGCCC	GGGCGATG	0	0	0
CATCGCCG	CGGCGATG	0	0	0
CATCGCGA	TCGCGATG	0	0	0
CATCGCGC	GCGCGATG	0	0	0
CATCGCGG	CCGCGATG	0	0	0
CATCGCTA	TAGCGATG	0	0	0
CATCGCTC	GAGCGATG	0	0	0
CATCGGAA	TTCCGATG	0	0	0
CATCGGAC	GTCCGATG	0	0	0
CATCGGAG	CTCCGATG	0	0	0
CATCGGCA	TGCCGATG	0	0	0
CATCGGCC	GGCCGATG	0	0	0
CATCGGCG	CGCCGATG	0	0	0
CATCGGGA	TCCCGATG	0	0	0
CATCGGGC	GCCCGATG	0	0	0
CATCGGGG	CCCCGATG	0	0	0
CATCGGTA	TACCGATG	0	0	0
CATCGGTC	GACCGATG	0	0	0
CATCGTAA	TTACGATG	0	0	0
CATCGTAC	GTACGATG	0	0	0
CATCGTAG	CTACGATG	0	0	0
CATCGTCA	TGACGATG	0	0	0
CATCGTCC	GGACGATG	0	0	0
CATCGTCG	CGACGATG	0	0	0
CATCGTGA	TCACGATG	0	0	0
CATCGTGC	GCACGATG	0	0	0
CATCGTGG	CCACGATG	0	0	0
CATCGTTA	TAACGATG	0	0	0
CATCGTTC	GAACGATG	0	0	0
CATCTAAA	TTTAGATG	0	0	0
CATCTAAC	GTTAGATG	0	0	0
CATCTAAG	CTTAGATG	0	0	0
CATCTACA	TGTAGATG	0	0	0
CATCTACC	GGTAGATG	0	0	0
CATCTACG	CGTAGATG	0	0	0
CATCTAGA	TCTAGATG	0	0	0
CATCTAGC	GCTAGATG	0	0	0
CATCTAGG	CCTAGATG	0	0	0
CATCTATA	TATAGATG	0	0	0
CATCTATC	GATAGATG	0	0	0
CATCTCAA	TTGAGATG	0	0	0
CATCTCAC	GTGAGATG	0	0	0
CATCTCAG	CTGAGATG	0	0	0
CATCTCCA	TGGAGATG	0	0	0
CATCTCCC	GGGAGATG	0	0	0
CATCTCCG	CGGAGATG	0	0	0
CATCTCGA	TCGAGATG	0	0	0
CATCTCGC	GCGAGATG	0	0	0
CATCTCGG	CCGAGATG	0	0	0
CATCTCTA	TAGAGATG	0	0	0
CATCTCTC	GAGAGATG	0	0	0
CATCTGAA	TTCAGATG	0	0	0
CATCTGAC	GTCAGATG	0	0	0
CATCTGAG	CTCAGATG	0	0	0
CATCTGCA	TGCAGATG	0	0	0
CATCTGCC	GGCAGATG	0	0	0
CATCTGCG	CGCAGATG	0	0	0
CATCTGGA	TCCAGATG	0	0	0
CATCTGGC	GCCAGATG	0	0	0
CATCTGGG	CCCAGATG	0	0	0
CATCTGTA	TACAGATG	0	0	0
CATCTGTC	GACAGATG	0	0	0
CATCTTAA	TTAAGATG	0	0	0
CATCTTAC	GTAAGATG	0	0	0
CATCTTAG	CTAAGATG	0	0	0
CATCTTCA	TGAAGATG	0	0	0
CATCTTCC	GGAAGATG	0	0	0
CATCTTCG	CGAAGATG	0	0	0
CATCTTGA	TCAAGATG	0	0	0
CATCTTGC	GCAAGATG	0	0	0
CATCTTGG	CCAAGATG	0	0	0
CATCTTTA	TAAAGATG	0	0	0
CATCTTTC	GAAAGATG	0	0	0
CATGAAAA	TTTTCATG	0	0	0
CATGAAAC	GTTTCATG	0	0	0
CATGAAAG	CTTTCATG	0	0	0
CATGAACA	TGTTCATG	0	0	0
CATGAACC	GGTTCATG	0	0	0
CATGAACG	CGTTCATG	0	0	0
CATGAAGA	TCTTCATG	0	0	0
CATGAAGC	GCTTCATG	0	0	0
CATGAAGG	CCTTCATG	0	0	0
CATGAATA	TATTCATG	0	0	0
CATGAATC	GATTCATG	0	0	0
CATGAATG	CATTCATG	0	0	0
CATGACAA	TTGTCATG	0	0	0
CATGACAC	GTGTCATG	0	0	0
CATGACAG	CTGTCATG	0	0	0
CATGACCA	TGGTCATG	0	0	0
CATGACCC	GGGTCATG	0	0	0
CATGACCG	CGGTCATG	0	0	0
CATGACGA	TCGTCATG	0	0	0
CATGACGC	GCGTCATG	0	0	0
CATGACGG	CCGTCATG	0	0	0
CATGACTA	TAGTCATG	0	0	0
CATGACTC	GAGTCATG	0	0	0
CATGAGAA	TTCTCATG	0	0	0
CATGAGAC	GTCTCATG	0	0	0
CATGAGAG	CTCTCATG	0	0	0
CATGAGCA	TGCTCATG	0	0	0
CATGAGCC	GGCTCATG	0	0	0
CATGAGCG	CGCTCATG	0	0	0
CATGAGGA	TCCTCATG	0	0	0
CATGAGGC	GCCTCATG	0	0	0
CATGAGGG	CCCTCATG	0	0	0
CATGAGTA	TACTCATG	0	0	0
CATGAGTC	GACTCATG	0	0	0
CATGATAA	TTATCATG	0	0	0
CATGATAC	GTATCATG	0	0	0
CATGATAG	CTATCATG	0	0	0
CATGATCA	TGATCATG	0	0	0
CATGATCC	GGATCATG	0	0	0
CATGATCG	CGATCATG	0	0	0
CATGATGA	TCATCATG	0	0	0
CATGATGC	GCATCATG	0	0	0
CATGATGG	CCATCATG	0	0	0
CATGATTA	TAATCATG	0	0	0
CATGATTC	GAATCATG	0	0	0
CATGCAAA	TTTGCATG	0	0	0
CATGCAAC	GTTGCATG	0	0	0
CATGCAAG	CTTGCATG	0	0	0
CATGCACA	TGTGCATG	0	0	0
CATGCACC	GGTGCATG	0	0	0
CATGCACG	CGTGCATG	0	0	0
CATGCAGA	TCTGCATG	0	0	0
CATGCAGC	GCTGCATG	0	0	0
CATGCAGG	CCTGCATG	0	0	0
CATGCATA	TATGCATG	0	0	0
CATGCATC	GATGCATG	0	0	0
CATGCATG	CATGCATG	0	0	0
CATGCCAA	TTGGCATG	0	0	0
CATGCCAC	GTGGCATG	0	0	0
CATGCCAG	CTGGCATG	0	0	0
CATGCCCA	TGGGCATG	0	0	0
CATGCCCC	GGGGCATG	0	0	0
CATGCCCG	CGGGCATG	0	0	0
CATGCCGA	TCGGCATG	0	0	0
CATGCCGC	GCGGCATG	0	0	0
CATGCCGG	CCGGCATG	0	0	0
CATGCCTA	TAGGCATG	0	0	0
CATGCCTC	GAGGCATG	0	0	0
CATGCGAA	TTCGCATG	0	0	0
CATGCGAC	GTCGCATG	0	0	0
CATGCGAG	CTCGCATG	0	0	0
CATGCGCA	TGCGCATG	0	0	0
CATGCGCC	GGCGCATG	0	0	0
CATGCGCG	CGCGCATG	0	0	0
CATGCGGA	TCCGCATG	0	0	0
CATGCGGC	GCCGCATG	0	0	0
CATGCGGG	CCCGCATG	0	0	0
CATGCGTA	TACGCATG	0	0	0
CATGCGTC	GACGCATG	0	0	0
CATGCTAA	TTAGCATG	0	0	0
CATGCTAC	GTAGCATG	0	0	0
CATGCTAG	CTAGCATG	0	0	0
CATGCTCA	TGAGCATG	0	0	0
CATGCTCC	GGAGCATG	0	0	0
CATGCTCG	CGAGCATG	0	0	0
CATGCTGA	TCAGCATG	0	0	0
CATGCTGC	GCAGCATG	0	0	0
CATGCTGG	CCAGCATG	0	0	0
CATGCTTA	TAAGCATG	0	0	0
CATGCTTC	GAAGCATG	0	0	0
CATGGAAA	TTTCCATG	0	0	0
CATGGAAC	GTTCCATG	0	0	0
CATGGAAG	CTTCCATG	0	0	0
CATGGACA	TGTCCATG	0	0	0
CATGGACC	GGTCCATG	0	0	0
CATGGACG	CGTCCATG	0	0	0
CATGGAGA	TCTCCATG	0	0	0
CATGGAGC	GCTCCATG	0	0	0
CATGGAGG	CCTCCATG	0	0	0
CATGGATA	TATCCATG	0	0	0
CATGGATC	GATCCATG	0	0	0
CATGGCAA	TTGCCATG	0	0	0
CATGGCAC	GTGCCATG	0	0	0
CATGGCAG	CTGCCATG	0	0	0
CATGGCCA	TGGCCATG	0	0	0
CATGGCCC	GGGCCATG	0	0	0
CATGGCCG	CGGCCATG	0	0	0
CATGGCGA	TCGCCATG	0	0	0
CATGGCGC	GCGCCATG	0	0	0
CATGGCGG	CCGCCATG	0	0	0
CATGGCTA	TAGCCATG	0	0	0
CATGGCTC	GAGCCATG	0	0	0
CATGGGAA	TTCCCATG	0	0	0
CATGGGAC	GTCCCATG	0	0	0
CATGGGAG	CTCCCATG	0	0	0
CATGGGCA	TGCCCATG	0	0	0
CATGGGCC	GGCCCATG	0	0	0
CATGGGCG	CGCCCATG	0	0	0
CATGGGGA	TCCCCATG	0	0	0
CATGGGGC	GCCCCATG	0	0	0
CATGGGGG	CCCCCATG	0	0	0
CATGGGTA	TACCCATG	0	0	0
CATGGGTC	GACCCATG	0	0	0
CATGGTAA	TTACCATG	0	0	0
CATGGTAC	GTACCATG	0	0	0
CATGGTAG	CTACCATG	0	0	0
CATGGTCA	TGACCATG	0	0	0
CATGGTCC	GGACCATG	0	0	0
CATGGTCG	CGACCATG	0	0	0
CATGGTGA	TCACCATG	0	0	0
CATGGTGC	GCACCATG	0	0	0
CATGGTGG	CCACCATG	0	0	0
CATGGTTA	TAACCATG	0	0	0
CATGGTTC	GAACCATG	0	0	0
CATGTAAA	TTTACATG	0	0	0
CATGTAAC	GTTACATG	0	0	0
CATGTAAG	CTTACATG	0	0	0
CATGTACA	TGTACATG	0	0	0
CATGTACC	GGTACATG	0	0	0
CATGTACG	CGTACATG	0	0	0
CATGTAGA	TCTACATG	0	0	0
CATGTAGC	GCTACATG	0	0	0
CATGTAGG	CCTACATG	0	0	0
CATGTATA	TATACATG	0	0	0
CATGTATC	GATACATG	0	0	0
CATGTCAA	TTGACATG	0	0	0
CATGTCAC	GTGACATG	0	0	0
CATGTCAG	CTGACATG	0	0	0
CATGTCCA	TGGACATG	0	0	0
CATGTCCC	GGGACATG	0	0	0
CATGTCCG	CGGACATG	0	0	0
CATGTCGA	TCGACATG	0	0	0
CATGTCGC	GCGACATG	0	0	0
CATGTCGG	CCGACATG	0	0	0
CATGTCTA	TAGACATG	0	0	0
CATGTCTC	GAGACATG	0	0	0
CATGTGAA	TTCACATG	0	0	0
CATGTGAC	GTCACATG	0	0	0
CATGTGAG	CTCACATG	0	0	0
CATGTGCA	TGCACATG	0	0	0
CATGTGCC	GGCACATG	0	0	0
CATGTGCG	CGCACATG	0	0	0
CATGTGGA	TCCACATG	0	0	0
CATGTGGC	GCCACATG	0	0	0
CATGTGGG	CCCACATG	0	0	0
CATGTGTA	TACACATG	0	0	0
CATGTGTC	GACACATG	0	0	0
CATGTTAA	TTAACATG	0	0	0
CATGTTAC	GTAACATG	0	0	0
CATGTTAG	CTAACATG	0	0	0
CATGTTCA	TGAACATG	0	0	0
CATGTTCC	GGAACATG	0	0	0
CATGTTCG	CGAACATG	0	0	0
CATGTTGA	TCAACATG	0	0	0
CATGTTGC	GCAACATG	0	0	0
CATGTTGG	CCAACATG	0	0	0
CATGTTTA	TAAACATG	0	0	0
CATGTTTC	GAAACATG	0	0	0
CATTAAAA	TTTTAATG	0	0	0
CATTAAAC	GTTTAATG	0	0	0
CATTAAAG	CTTTAATG	0	0	0
CATTAACA	TGTTAATG	0	0	0
CATTAACC	GGTTAATG	0	0	0
CATTAACG	CGTTAATG	0	0	0
CATTAAGA	TCTTAATG	0	0	0
CATTAAGC	GCTTAATG	0	0	0
CATTAAGG	CCTTAATG	0	0	0
CATTAATA	TATTAATG	0	0	0
CATTAATC	GATTAATG	0	0	0
CATTAATG	CATTAATG	0	0	0
CATTACAA	TTGTAATG	0	0	0
CATTACAC	GTGTAATG	0	0	0
CATTACAG	CTGTAATG	0	0	0
CATTACCA	TGGTAATG	0	0	0
CATTACCC	GGGTAATG	0	0	0
CATTACCG	CGGTAATG	0	0	0
CATTACGA	TCGTAATG	0	0	0
CATTACGC	GCGTAATG	0	0	0
CATTACGG	CCGTAATG	0	0	0
CATTACTA	TAGTAATG	0	0	0
CATTACTC	GAGTAATG	0	0	0
CATTAGAA	TTCTAATG	0	0	0
CATTAGAC	GTCTAATG	0	0	0
CATTAGAG	CTCTAATG	0	0	0
CATTAGCA	TGCTAATG	0	0	0
CATTAGCC	GGCTAATG	0	0	0
CATTAGCG	CGCTAATG	0	0	0
CATTAGGA	TCCTAATG	0	0	0
CATTAGGC	GCCTAATG	0	0	0
CATTAGGG	CCCTAATG	0	0	0
CATTAGTA	TACTAATG	0	0	0
CATTAGTC	GACTAATG	0	0	0
CATTATAA	TTATAATG	0	0	0
CATTATAC	GTATAATG	0	0	0
CATTATAG	CTATAATG	0	0	0
CATTATCA	TGATAATG	0	0	0
CATTATCC	GGATAATG	0	0	0
CATTATCG	CGATAATG	0	0	0
CATTATGA	TCATAATG	0	0	0
CATTATGC	GCATAATG	0	0	0
CATTATGG	CCATAATG	0	0	0
CATTATTA	TAATAATG	0	0	0
CATTATTC	GAATAATG	0	0	0
CATTCAAA	TTTGAATG	0	0	0
CATTCAAC	GTTGAATG	0	0	0
CATTCAAG	CTTGAATG	0	0	0
CATTCACA	TGTGAATG	0	0	0
CATTCACC	GGTGAATG	0	0	0
CATTCACG	CGTGAATG	0	0	0
CATTCAGA	TCTGAATG	0	0	0
CATTCAGC	GCTGAATG	0	0	0
CATTCAGG	CCTGAATG	0	0	0
CATTCATA	TATGAATG	0	0	0
CATTCATC	GATGAATG	0	0	0
CATTCCAA	TTGGAATG	0	0	0
CATTCCAC	GTGGAATG	0	0	0
CATTCCAG	CTGGAATG	0	0	0
CATTCCCA	TGGGAATG	0	0	0
CATTCCCC	GGGGAATG	0	0	0
CATTCCCG	CGGGAATG	0	0	0
CATTCCGA	TCGGAATG	0	0	0
CATTCCGC	GCGGAATG	0	0	0
CATTCCGG	CCGGAATG	0	0	0
CATTCCTA	TAGGAATG	0	0	0
CATTCCTC	GAGGAATG	0	0	0
CATTCGAA	TTCGAATG	0	0	0
CATTCGAC	GTCGAATG	0	0	0
CATTCGAG	CTCGAATG	0	0	0
CATTCGCA	TGCGAATG	0	0	0
CATTCGCC	GGCGAATG	0	0	0
CATTCGCG	CGCGAATG	0	0	0
CATTCGGA	TCCGAATG	0	0	0
CATTCGGC	GCCGAATG	0	0	0
CATTCGGG	CCCGAATG	0	0	0
CATTCGTA	TACGAATG	0	0	0
CATTCGTC	GACGAATG	0	0	0
CATTCTAA	TTAGAATG	0	0	0
CATTCTAC	GTAGAATG	0	0	0
CATTCTAG	CTAGAATG	0	0	0
CATTCTCA	TGAGAATG	0	0	0
CATTCTCC	GGAGAATG	0	0	0
CATTCTCG	CGAGAATG	0	0	0
CATTCTGA	TCAGAATG	0	0	0
CATTCTGC	GCAGAATG	0	0	0
CATTCTGG	CCAGAATG	0	0	0
CATTCTTA	TAAGAATG	0	0	0
CATTCTTC	GAAGAATG	0	0	0
CATTGAAA	TTTCAATG	0	0	0
CATTGAAC	GTTCAATG	0	0	0
CATTGAAG	CTTCAATG	0	0	0
CATTGACA	TGTCAATG	0	0	0
CATTGACC	GGTCAATG	0	0	0
CATTGACG	CGTCAATG	0	0	0
CATTGAGA	TCTCAATG	0	0	0
CATTGAGC	GCTCAATG	0	0	0
CATTGAGG	CCTCAATG	0	0	0
CATTGATA	TATCAATG	0	0	0
CATTGATC	GATCAATG	0	0	0
CATTGCAA	TTGCAATG	0	0	0
CATTGCAC	GTGCAATG	0	0	0
CATTGCAG	CTGCAATG	0	0	0
CATTGCCA	TGGCAATG	0	0	0
CATTGCCC	GGGCAATG	0	0	0
CATTGCCG	CGGCAATG	0	0	0
CATTGCGA	TCGCAATG	0	0	0
CATTGCGC	GCGCAATG	0	0	0
CATTGCGG	CCGCAATG	0	0	0
CATTGCTA	TAGCAATG	0	0	0
CATTGCTC	GAGCAATG	0	0	0
CATTGGAA	TTCCAATG	0	0	0
CATTGGAC	GTCCAATG	0	0	0
CATTGGAG	CTCCAATG	0	0	0
CATTGGCA	TGCCAATG	0	0	0
CATTGGCC	GGCCAATG	0	0	0
CATTGGCG	CGCCAATG	0	0	0
CATTGGGA	TCCCAATG	0	0	0
CATTGGGC	GCCCAATG	0	0	0
CATTGGGG	CCCCAATG	0	0	0
CATTGGTA	TACCAATG	0	0	0
CATTGGTC	GACCAATG	0	0	0
CATTGTAA	TTACAATG	0	0	0
CATTGTAC	GTACAATG	0	0	0
CATTGTAG	CTACAATG	0	0	0
CATTGTCA	TGACAATG	0	0	0
CATTGTCC	GGACAATG	0	0	0
CATTGTCG	CGACAATG	0	0	0
CATTGTGA	TCACAATG	0	0	0
CATTGTGC	GCACAATG	0	0	0
CATTGTGG	CCACAATG	0	0	0
CATTGTTA	TAACAATG	0	0	0
CATTGTTC	GAACAATG	0	0	0
CATTTAAA	TTTAAATG	0	0	0
CATTTAAC	GTTAAATG	0	0	0
CATTTAAG	CTTAAATG	0	0	0
CATTTACA	TGTAAATG	0	0	0
CATTTACC	GGTAAATG	0	0	0
CATTTACG	CGTAAATG	0	0	0
CATTTAGA	TCTAAATG	0	0	0
CATTTAGC	GCTAAATG	0	0	0
CATTTAGG	CCTAAATG	0	0	0
CATTTATA	TATAAATG	0	0	0
CATTTATC	GATAAATG	0	0	0
CATTTCAA	TTGAAATG	0	0	0
CATTTCAC	GTGAAATG	0	0	0
CATTTCAG	CTGAAATG	0	0	0
CATTTCCA	TGGAAATG	0	0	0
CATTTCCC	GGGAAATG	0	0	0
CATTTCCG	CGGAAATG	0	0	0
CATTTCGA	TCGAAATG	0	0	0
CATTTCGC	GCGAAATG	0	0	0
CATTTCGG	CCGAAATG	0	0	0
CATTTCTA	TAGAAATG	0	0	0
CATTTCTC	GAGAAATG	0	0	0
CATTTGAA	TTCAAATG	0	0	0
CATTTGAC	GTCAAATG	0	0	0
CATTTGAG	CTCAAATG	0	0	0
CATTTGCA	TGCAAATG	0	0	0
CATTTGCC	GGCAAATG	0	0	0
CATTTGCG	CGCAAATG	0	0	0
CATTTGGA	TCCAAATG	0	0	0
CATTTGGC	GCCAAATG	0	0	0
CATTTGGG	CCCAAATG	0	0	0
CATTTGTA	TACAAATG	0	0	0
CATTTGTC	GACAAATG	0	0	0
CATTTTAA	TTAAAATG	0	0	0
CATTTTAC	GTAAAATG	0	0	0
CATTTTAG	CTAAAATG	0	0	0
CATTTTCA	TGAAAATG	0	0	0
CATTTTCC	GGAAAATG	0	0	0
CATTTTCG	CGAAAATG	0	0	0
CATTTTGA	TCAAAATG	0	0	0
CATTTTGC	GCAAAATG	0	0	0
CATTTTGG	CCAAAATG	0	0	0
CATTTTTA	TAAAAATG	0	0	0
CATTTTTC	GAAAAATG	0	0	0
CCAAAAAA	TTTTTTGG	0	0	0
CCAAAAAC	GTTTTTGG	0	0	0
CCAAAAAG	CTTTTTGG	0	0	0
CCAAAACA	TGTTTTGG	0	0	0
CCAAAACC	GGTTTTGG	0	0	0
CCAAAACG	CGTTTTGG	0	0	0
CCAAAAGA	TCTTTTGG	0	0	0
CCAAAAGC	GCTTTTGG	0	0	0
CCAAAAGG	CCTTTTGG	0	0	0
CCAAAATA	TATTTTGG	0	0	0
CCAAAATC	GATTTTGG	0	0	0
CCAAACAA	TTGTTTGG	0	0	0
CCAAACAC	GTGTTTGG	0	0	0
CCAAACAG	CTGTTTGG	0	0	0
CCAAACCA	TGGTTTGG	0	0	0
CCAAACCC	GGGTTTGG	0	0	0
CCAAACCG	CGGTTTGG	0	0	0
CCAAACGA	TCGTTTGG	0	0	0
CCAAACGC	GCGTTTGG	0	0	0
CCAAACGG	CCGTTTGG	0	0	0
CCAAACTA	TAGTTTGG	0	0	0
CCAAACTC	GAGTTTGG	0	0	0
CCAAAGAA	TTCTTTGG	0	0	0
CCAAAGAC	GTCTTTGG	0	0	0
CCAAAGAG	CTCTTTGG	0	0	0
CCAAAGCA	TGCTTTGG	0	0	0
CCAAAGCC	GGCTTTGG	0	0	0
CCAAAGCG	CGCTTTGG	0	0	0
CCAAAGGA	TCCTTTGG	0	0	0
CCAAAGGC	GCCTTTGG	0	0	0
CCAAAGGG	CCCTTTGG	0	0	0
CCAAAGTA	TACTTTGG	0	0	0
CCAAAGTC	GACTTTGG	0	0	0
CCAAATAA	TTATTTGG	0	0	0
CCAAATAC	GTATTTGG	0	0	0
CCAAATAG	CTATTTGG	0	0	0
CCAAATCA	TGATTTGG	0	0	0
CCAAATCC	GGATTTGG	0	0	0
CCAAATCG	CGATTTGG	0	0	0
CCAAATGA	TCATTTGG	0	0	0
CCAAATGC	GCATTTGG	0	0	0
CCAAATGG	CCATTTGG	0	0	0
CCAAATTA	TAATTTGG	0	0	0
CCAAATTC	GAATTTGG	0	0	0
CCAACAAA	TTTGTTGG	0	0	0
CCAACAAC	GTTGTTGG	0	0	0
CCAACAAG	CTTGTTGG	0	0	0
CCAACACA	TGTGTTGG	0	0	0
CCAACACC	GGTGTTGG	0	0	0
CCAACACG	CGTGTTGG	0	0	0
CCAACAGA	TCTGTTGG	0	0	0
CCAACAGC	GCTGTTGG	0	0	0
CCAACAGG	CCTGTTGG	0	0	0
CCAACATA	TATGTTGG	0	0	0
CCAACATC	GATGTTGG	0	0	0
CCAACCAA	TTGGTTGG	0	0	0
CCAACCAC	GTGGTTGG	0	0	0
CCAACCAG	CTGGTTGG	0	0	0
CCAACCCA	TGGGTTGG	0	0	0
CCAACCCC	GGGGTTGG	0	0	0
CCAACCCG	CGGGTTGG	0	0	0
CCAACCGA	TCGGTTGG	0	0	0
CCAACCGC	GCGGTTGG	0	0	0
CCAACCGG	CCGGTTGG	0	0	0
CCAACCTA	TAGGTTGG	0	0	0
CCAACCTC	GAGGTTGG	0	0	0
CCAACGAA	TTCGTTGG	0	0	0
CCAACGAC	GTCGTTGG	0	0	0
CCAACGAG	CTCGTTGG	0	0	0
CCAACGCA	TGCGTTGG	0	0	0
CCAACGCC	GGCGTTGG	0	0	0
CCAACGCG	CGCGTTGG	0	0	0
CCAACGGA	TCCGTTGG	0	0	0
CCAACGGC	GCCGTTGG	0	0	0
CCAACGGG	CCCGTTGG	0	0	0
CCAACGTA	TACGTTGG	0	0	0
CCAACGTC	GACGTTGG	0	0	0
CCAACTAA	TTAGTTGG	0	0	0
CCAACTAC	GTAGTTGG	0	0	0
CCAACTAG	CTAGTTGG	0	0	0
CCAACTCA	TGAGTTGG	0	0	0
CCAACTCC	GGAGTTGG	0	0	0
CCAACTCG	CGAGTTGG	0	0	0
CCAACTGA	TCAGTTGG	0	0	0
CCAACTGC	GCAGTTGG	0	0	0
CCAACTGG	CCAGTTGG	0	0	0
CCAACTTA	TAAGTTGG	0	0	0
CCAACTTC	GAAGTTGG	0	0	0
CCAAGAAA	TTTCTTGG	0	0	0
CCAAGAAC	GTTCTTGG	0	0	0
CCAAGAAG	CTTCTTGG	0	0	0
CCAAGACA	TGTCTTGG	0	0	0
CCAAGACC	GGTCTTGG	0	0	0
CCAAGACG	CGTCTTGG	0	0	0
CCAAGAGA	TCTCTTGG	0	0	0
CCAAGAGC	GCTCTTGG	0	0	0
CCAAGAGG	CCTCTTGG	0	0	0
CCAAGATA	TATCTTGG	0	0	0
CCAAGATC	GATCTTGG	0	0	0
CCAAGCAA	TTGCTTGG	0	0	0
CCAAGCAC	GTGCTTGG	0	0	0
CCAAGCAG	CTGCTTGG	0	0	0
CCAAGCCA	TGGCTTGG	0	0	0
CCAAGCCC	GGGCTTGG	0	0	0
CCAAGCCG	CGGCTTGG	0	0	0
CCAAGCGA	TCGCTTGG	0	0	0
CCAAGCGC	GCGCTTGG	0	0	0
CCAAGCGG	CCGCTTGG	0	0	0
CCAAGCTA	TAGCTTGG	0	0	0
CCAAGCTC	GAGCTTGG	0	0	0
CCAAGGAA	TTCCTTGG	0	0	0
CCAAGGAC	GTCCTTGG	0	0	0
CCAAGGAG	CTCCTTGG	0	0	0
CCAAGGCA	TGCCTTGG	0	0	0
CCAAGGCC	GGCCTTGG	0	0	0
CCAAGGCG	CGCCTTGG	0	0	0
CCAAGGGA	TCCCTTGG	0	0	0
CCAAGGGC	GCCCTTGG	0	0	0
CCAAGGGG	CCCCTTGG	0	0	0
CCAAGGTA	TACCTTGG	0	0	0
CCAAGGTC	GACCTTGG	0	0	0
CCAAGTAA	TTACTTGG	0	0	0
CCAAGTAC	GTACTTGG	0	0	0
CCAAGTAG	CTACTTGG	0	0	0
CCAAGTCA	TGACTTGG	0	0	0
CCAAGTCC	GGACTTGG	0	0	0
CCAAGTCG	CGACTTGG	0	0	0
CCAAGTGA	TCACTTGG	0	0	0
CCAAGTGC	GCACTTGG	0	0	0
CCAAGTGG	CCACTTGG	0	0	0
CCAAGTTA	TAACTTGG	0	0	0
CCAAGTTC	GAACTTGG	0	0	0
CCAATAAA	TTTATTGG	0	0	0
CCAATAAC	GTTATTGG	0	0	0
CCAATAAG	CTTATTGG	0	0	0
CCAATACA	TGTATTGG	0	0	0
CCAATACC	GGTATTGG	0	0	0
CCAATACG	CGTATTGG	0	0	0
CCAATAGA	TCTATTGG	0	0	0
CCAATAGC	GCTATTGG	0	0	0
CCAATAGG	CCTATTGG	0	0	0
CCAATATA	TATATTGG	0	0	0
CCAATATC	GATATTGG	0	0	0
CCAATCAA	TTGATTGG	0	0	0
CCAATCAC	GTGATTGG	0	0	0
CCAATCAG	CTGATTGG	0	0	0
CCAATCCA	TGGATTGG	0	0	0
CCAATCCC	GGGATTGG	0	0	0
CCAATCCG	CGGATTGG	0	0	0
CCAATCGA	TCGATTGG	0	0	0
CCAATCGC	GCGATTGG	0	0	0
CCAATCGG	CCGATTGG	0	0	0
CCAATCTA	TAGATTGG	0	0	0
CCAATCTC	GAGATTGG	0	0	0
CCAATGAA	TTCATTGG	0	0	0
CCAATGAC	GTCATTGG	0	0	0
CCAATGAG	CTCATTGG	0	0	0
CCAATGCA	TGCATTGG	0	0	0
CCAATGCC	GGCATTGG	0	0	0
CCAATGCG	CGCATTGG	0	0	0
CCAATGGA	TCCATTGG	0	0	0
CCAATGGC	GCCATTGG	0	0	0
CCAATGGG	CCCATTGG	0	0	0
CCAATGTA	TACATTGG	0	0	0
CCAATGTC	GACATTGG	0	0	0
CCAATTAA	TTAATTGG	0	0	0
CCAATTAC	GTAATTGG	0	0	0
CCAATTAG	CTAATTGG	0	0	0
CCAATTCA	TGAATTGG	0	0	0
CCAATTCC	GGAATTGG	0	0	0
CCAATTCG	CGAATTGG	0	0	0
CCAATTGA	TCAATTGG	0	0	0
CCAATTGC	GCAATTGG	0	0	0
CCAATTGG	CCAATTGG	0	0	0
CCAATTTA	TAAATTGG	0	0	0
CCAATTTC	GAAATTGG	0	0	0
CCACAAAA	TTTTGTGG	0	0	0
CCACAAAC	GTTTGTGG	0	0	0
CCACAAAG	CTTTGTGG	0	0	0
CCACAACA	TGTTGTGG	0	0	0
CCACAACC	GGTTGTGG	0	0	0
CCACAACG	CGTTGTGG	0	0	0
CCACAAGA	TCTTGTGG	0	0	0
CCACAAGC	GCTTGTGG	0	0	0
CCACAAGG	CCTTGTGG	0	0	0
CCACAATA	TATTGTGG	0	0	0
CCACAATC	GATTGTGG	0	0	0
CCACACAA	TTGTGTGG	0	0	0
CCACACAC	GTGTGTGG	0	0	0
CCACACAG	CTGTGTGG	0	0	0
CCACACCA	TGGTGTGG	0	0	0
CCACACCC	GGGTGTGG	0	0	0
CCACACCG	CGGTGTGG	0	0	0
CCACACGA	TCGTGTGG	0	0	0
CCACACGC	GCGTGTGG	0	0	0
CCACACGG	CCGTGTGG	0	0	0
CCACACTA	TAGTGTGG	0	0	0
CCACACTC	GAGTGTGG	0	0	0
CCACAGAA	TTCTGTGG	0	0	0
CCACAGAC	GTCTGTGG	0	0	0
CCACAGAG	CTCTGTGG	0	0	0
CCACAGCA	TGCTGTGG	0	0	0
CCACAGCC	GGCTGTGG	0	0	0
CCACAGCG	CGCTGTGG	0	0	0
CCACAGGA	TCCTGTGG	0	0	0
CCACAGGC	GCCTGTGG	0	0	0
CCACAGGG	CCCTGTGG	0	0	0
CCACAGTA	TACTGTGG	0	0	0
CCACAGTC	GACTGTGG	0	0	0
CCACATAA	TTATGTGG	0	0	0
CCACATAC	GTATGTGG	0	0	0
CCACATAG	CTATGTGG	0	0	0
CCACATCA	TGATGTGG	0	0	0
CCACATCC	GGATGTGG	0	0	0
CCACATCG	CGATGTGG	0	0	0
CCACATGA	TCATGTGG	0	0	0
CCACATGC	GCATGTGG	0	0	0
CCACATGG	CCATGTGG	0	0	0
CCACATTA	TAATGTGG	0	0	0
CCACATTC	GAATGTGG	0	0	0
CCACCAAA	TTTGGTGG	0	0	0
CCACCAAC	GTTGGTGG	0	0	0
CCACCAAG	CTTGGTGG	0	0	0
CCACCACA	TGTGGTGG	0	0	0
CCACCACC	GGTGGTGG	0	0	0
CCACCACG	CGTGGTGG	0	0	0
CCACCAGA	TCTGGTGG	0	0	0
CCACCAGC	GCTGGTGG	0	0	0
CCACCAGG	CCTGGTGG	0	0	0
CCACCATA	TATGGTGG	0	0	0
CCACCATC	GATGGTGG	0	0	0
CCACCCAA	TTGGGTGG	0	0	0
CCACCCAC	GTGGGTGG	0	0	0
CCACCCAG	CTGGGTGG	0	0	0
CCACCCCA	TGGGGTGG	0	0	0
CCACCCCC	GGGGGTGG	0	0	0
CCACCCCG	CGGGGTGG	0	0	0
CCACCCGA	TCGGGTGG	0	0	0
CCACCCGC	GCGGGTGG	0	0	0
CCACCCGG	CCGGGTGG	0	0	0
CCACCCTA	TAGGGTGG	0	0	0
CCACCCTC	GAGGGTGG	0	0	0
CCACCGAA	TTCGGTGG	0	0	0
CCACCGAC	GTCGGTGG	0	0	0
CCACCGAG	CTCGGTGG	0	0	0
CCACCGCA	TGCGGTGG	0	0	0
CCACCGCC	GGCGGTGG	0	0	0
CCACCGCG	CGCGGTGG	0	0	0
CCACCGGA	TCCGGTGG	0	0	0
CCACCGGC	GCCGGTGG	0	0	0
CCACCGGG	CCCGGTGG	0	0	0
CCACCGTA	TACGGTGG	0	0	0
CCACCGTC	GACGGTGG	0	0	0
CCACCTAA	TTAGGTGG	0	0	0
CCACCTAC	GTAGGTGG	0	0	0
CCACCTAG	CTAGGTGG	0	0	0
CCACCTCA	TGAGGTGG	0	0	0
CCACCTCC	GGAGGTGG	0	0	0
CCACCTCG	CGAGGTGG	0	0	0
CCACCTGA	TCAGGTGG	0	0	0
CCACCTGC	GCAGGTGG	0	0	0
CCACCTGG	CCAGGTGG	0	0	0
CCACCTTA	TAAGGTGG	0	0	0
CCACCTTC	GAAGGTGG	0	0	0
CCACGAAA	TTTCGTGG	0	0	0
CCACGAAC	GTTCGTGG	0	0	0
CCACGAAG	CTTCGTGG	0	0	0
CCACGACA	TGTCGTGG	0	0	0
CCACGACC	GGTCGTGG	0	0	0
CCACGACG	CGTCGTGG	0	0	0
CCACGAGA	TCTCGTGG	0	0	0
CCACGAGC	GCTCGTGG	0	0	0
CCACGAGG	CCTCGTGG	0	0	0
CCACGATA	TATCGTGG	0	0	0
CCACGATC	GATCGTGG	0	0	0
CCACGCAA	TTGCGTGG	0	0	0
CCACGCAC	GTGCGTGG	0	0	0
CCACGCAG	CTGCGTGG	0	0	0
CCACGCCA	TGGCGTGG	0	0	0
CCACGCCC	GGGCGTGG	0	0	0
CCACGCCG	CGGCGTGG	0	0	0
CCACGCGA	TCGCGTGG	0	0	0
CCACGCGC	GCGCGTGG	0	0	0
CCACGCGG	CCGCGTGG	0	0	0
CCACGCTA	TAGCGTGG	0	0	0
CCACGCTC	GAGCGTGG	0	0	0
CCACGGAA	TTCCGTGG	0	0	0
CCACGGAC	GTCCGTGG	0	0	0
CCACGGAG	CTCCGTGG	0	0	0
CCACGGCA	TGCCGTGG	0	0	0
CCACGGCC	GGCCGTGG	0	0	0
CCACGGCG	CGCCGTGG	0	0	0
CCACGGGA	TCCCGTGG	0	0	0
CCACGGGC	GCCCGTGG	0	0	0
CCACGGGG	CCCCGTGG	0	0	0
CCACGGTA	TACCGTGG	0	0	0
CCACGGTC	GACCGTGG	0	0	0
CCACGTAA	TTACGTGG	0	0	0
CCACGTAC	GTACGTGG	0	0	0
CCACGTAG	CTACGTGG	0	0	0
CCACGTCA	TGACGTGG	0	0	0
CCACGTCC	GGACGTGG	0	0	0
CCACGTCG	CGACGTGG	0	0	0
CCACGTGA	TCACGTGG	0	0	0
CCACGTGC	GCACGTGG	0	0	0
CCACGTGG	CCACGTGG	0	0	0
CCACGTTA	TAACGTGG	0	0	0
CCACGTTC	GAACGTGG	0	0	0
CCACTAAA	TTTAGTGG	0	0	0
CCACTAAC	GTTAGTGG	0	0	0
CCACTAAG	CTTAGTGG	0	0	0
CCACTACA	TGTAGTGG	0	0	0
CCACTACC	GGTAGTGG	0	0	0
CCACTACG	CGTAGTGG	0	0	0
CCACTAGA	TCTAGTGG	0	0	0
CCACTAGC	GCTAGTGG	0	0	0
CCACTAGG	CCTAGTGG	0	0	0
CCACTATA	TATAGTGG	0	0	0
CCACTATC	GATAGTGG	0	0	0
CCACTCAA	TTGAGTGG	0	0	0
CCACTCAC	GTGAGTGG	0	0	0
CCACTCAG	CTGAGTGG	0	0	0
CCACTCCA	TGGAGTGG	0	0	0
CCACTCCC	GGGAGTGG	0	0	0
CCACTCCG	CGGAGTGG	0	0	0
CCACTCGA	TCGAGTGG	0	0	0
CCACTCGC	GCGAGTGG	0	0	0
CCACTCGG	CCGAGTGG	0	0	0
CCACTCTA	TAGAGTGG	0	0	0
CCACTCTC	GAGAGTGG	0	0	0
CCACTGAA	TTCAGTGG	0	0	0
CCACTGAC	GTCAGTGG	0	0	0
CCACTGAG	CTCAGTGG	0	0	0
CCACTGCA	TGCAGTGG	0	0	0
CCACTGCC	GGCAGTGG	0	0	0
CCACTGCG	CGCAGTGG	0	0	0
CCACTGGA	TCCAGTGG	0	0	0
CCACTGGC	GCCAGTGG	0	0	0
CCACTGGG	CCCAGTGG	0	0	0
CCACTGTA	TACAGTGG	0	0	0
CCACTGTC	GACAGTGG	0	0	0
CCACTTAA	TTAAGTGG	0	0	0
CCACTTAC	GTAAGTGG	0	0	0
CCACTTAG	CTAAGTGG	0	0	0
CCACTTCA	TGAAGTGG	0	0	0
CCACTTCC	GGAAGTGG	0	0	0
CCACTTCG	CGAAGTGG	0	0	0
CCACTTGA	TCAAGTGG	0	0	0
CCACTTGC	GCAAGTGG	0	0	0
CCACTTTA	TAAAGTGG	0	0	0
CCACTTTC	GAAAGTGG	0	0	0
CCAGAAAA	TTTTCTGG	0	0	0
CCAGAAAC	GTTTCTGG	0	0	0
CCAGAAAG	CTTTCTGG	0	0	0
CCAGAACA	TGTTCTGG	0	0	0
CCAGAACC	GGTTCTGG	0	0	0
CCAGAACG	CGTTCTGG	0	0	0
CCAGAAGA	TCTTCTGG	0	0	0
CCAGAAGC	GCTTCTGG	0	0	0
CCAGAAGG	CCTTCTGG	0	0	0
CCAGAATA	TATTCTGG	0	0	0
CCAGAATC	GATTCTGG	0	0	0
CCAGACAA	TTGTCTGG	0	0	0
CCAGACAC	GTGTCTGG	0	0	0
CCAGACAG	CTGTCTGG	0	0	0
CCAGACCA	TGGTCTGG	0	0	0
CCAGACCC	GGGTCTGG	0	0	0
CCAGACCG	CGGTCTGG	0	0	0
CCAGACGA	TCGTCTGG	0	0	0
CCAGACGC	GCGTCTGG	0	0	0
CCAGACGG	CCGTCTGG	0	0	0
CCAGACTA	TAGTCTGG	0	0	0
CCAGACTC	GAGTCTGG	0	0	0
CCAGAGAA	TTCTCTGG	0	0	0
CCAGAGAC	GTCTCTGG	0	0	0
CCAGAGAG	CTCTCTGG	0	0	0
CCAGAGCA	TGCTCTGG	0	0	0
CCAGAGCC	GGCTCTGG	0	0	0
CCAGAGCG	CGCTCTGG	0	0	0
CCAGAGGA	TCCTCTGG	0	0	0
CCAGAGGC	GCCTCTGG	0	0	0
CCAGAGGG	CCCTCTGG	0	0	0
CCAGAGTA	TACTCTGG	0	0	0
CCAGAGTC	GACTCTGG	0	0	0
CCAGATAA	TTATCTGG	0	0	0
CCAGATAC	GTATCTGG	0	0	0
CCAGATAG	CTATCTGG	0	0	0
CCAGATCA	TGATCTGG	0	0	0
CCAGATCC	GGATCTGG	0	0	0
CCAGATCG	CGATCTGG	0	0	0
CCAGATGA	TCATCTGG	0	0	0
CCAGATGC	GCATCTGG	0	0	0
CCAGATGG	CCATCTGG	0	0	0
CCAGATTA	TAATCTGG	0	0	0
CCAGATTC	GAATCTGG	0	0	0
CCAGCAAA	TTTGCTGG	0	0	0
CCAGCAAC	GTTGCTGG	0	0	0
CCAGCAAG	CTTGCTGG	0	0	0
CCAGCACA	TGTGCTGG	0	0	0
CCAGCACC	GGTGCTGG	0	0	0
CCAGCACG	CGTGCTGG	0	0	0
CCAGCAGA	TCTGCTGG	0	0	0
CCAGCAGC	GCTGCTGG	0	0	0
CCAGCAGG	CCTGCTGG	0	0	0
CCAGCATA	TATGCTGG	0	0	0
CCAGCATC	GATGCTGG	0	0	0
CCAGCCAA	TTGGCTGG	0	0	0
CCAGCCAC	GTGGCTGG	0	0	0
CCAGCCAG	CTGGCTGG	0	0	0
CCAGCCCA	TGGGCTGG	0	0	0
CCAGCCCC	GGGGCTGG	0	0	0
CCAGCCCG	CGGGCTGG	0	0	0
CCAGCCGA	TCGGCTGG	0	0	0
CCAGCCGC	GCGGCTGG	0	0	0
CCAGCCGG	CCGGCTGG	0	0	0
CCAGCCTA	TAGGCTGG	0	0	0
CCAGCCTC	GAGGCTGG	0	0	0
CCAGCGAA	TTCGCTGG	0	0	0
CCAGCGAC	GTCGCTGG	0	0	0
CCAGCGAG	CTCGCTGG	0	0	0
CCAGCGCA	TGCGCTGG	0	0	0
CCAGCGCC	GGCGCTGG	0	0	0
CCAGCGCG	CGCGCTGG	0	0	0
CCAGCGGA	TCCGCTGG	0	0	0
CCAGCGGC	GCCGCTGG	0	0	0
CCAGCGGG	CCCGCTGG	0	0	0
CCAGCGTA	TACGCTGG	0	0	0
CCAGCGTC	GACGCTGG	0	0	0
CCAGCTAA	TTAGCTGG	0	0	0
CCAGCTAC	GTAGCTGG	0	0	0
CCAGCTAG	CTAGCTGG	0	0	0
CCAGCTCA	TGAGCTGG	0	0	0
CCAGCTCC	GGAGCTGG	0	0	0
CCAGCTCG	CGAGCTGG	0	0	0
CCAGCTGA	TCAGCTGG	0	0	0
CCAGCTGC	GCAGCTGG	0	0	0
CCAGCTGG	CCAGCTGG	0	0	0
CCAGCTTA	TAAGCTGG	0	0	0
CCAGCTTC	GAAGCTGG	0	0	0
CCAGGAAA	TTTCCTGG	0	0	0
CCAGGAAC	GTTCCTGG	0	0	0
CCAGGAAG	CTTCCTGG	0	0	0
CCAGGACA	TGTCCTGG	0	0	0
CCAGGACC	GGTCCTGG	0	0	0
CCAGGACG	CGTCCTGG	0	0	0
CCAGGAGA	TCTCCTGG	0	0	0
CCAGGAGC	GCTCCTGG	0	0	0
CCAGGAGG	CCTCCTGG	0	0	0
CCAGGATA	TATCCTGG	0	0	0
CCAGGATC	GATCCTGG	0	0	0
CCAGGCAA	TTGCCTGG	0	0	0
CCAGGCAC	GTGCCTGG	0	0	0
CCAGGCAG	CTGCCTGG	0	0	0
CCAGGCCA	TGGCCTGG	0	0	0
CCAGGCCC	GGGCCTGG	0	0	0
CCAGGCCG	CGGCCTGG	0	0	0
CCAGGCGA	TCGCCTGG	0	0	0
CCAGGCGC	GCGCCTGG	0	0	0
CCAGGCGG	CCGCCTGG	0	0	0
CCAGGCTA	TAGCCTGG	0	0	0
CCAGGCTC	GAGCCTGG	0	0	0
CCAGGGAA	TTCCCTGG	0	0	0
CCAGGGAC	GTCCCTGG	0	0	0
CCAGGGAG	CTCCCTGG	0	0	0
CCAGGGCA	TGCCCTGG	0	0	0
CCAGGGCC	GGCCCTGG	0	0	0
CCAGGGCG	CGCCCTGG	0	0	0
CCAGGGGA	TCCCCTGG	0	0	0
CCAGGGGC	GCCCCTGG	0	0	0
CCAGGGGG	CCCCCTGG	0	0	0
CCAGGGTA	TACCCTGG	0	0	0
CCAGGGTC	GACCCTGG	0	0	0
CCAGGTAA	TTACCTGG	0	0	0
CCAGGTAC	GTACCTGG	0	0	0
CCAGGTAG	CTACCTGG	0	0	0
CCAGGTCA	TGACCTGG	0	0	0
CCAGGTCC	GGACCTGG	0	0	0
CCAGGTCG	CGACCTGG	0	0	0
CCAGGTGA	TCACCTGG	0	0	0
CCAGGTGC	GCACCTGG	0	0	0
CCAGGTTA	TAACCTGG	0	0	0
CCAGGTTC	GAACCTGG	0	0	0
CCAGTAAA	TTTACTGG	0	0	0
CCAGTAAC	GTTACTGG	0	0	0
CCAGTAAG	CTTACTGG	0	0	0
CCAGTACA	TGTACTGG	0	0	0
CCAGTACC	GGTACTGG	0	0	0
CCAGTACG	CGTACTGG	0	0	0
CCAGTAGA	TCTACTGG	0	0	0
CCAGTAGC	GCTACTGG	0	0	0
CCAGTAGG	CCTACTGG	0	0	0
CCAGTATA	TATACTGG	0	0	0
CCAGTATC	GATACTGG	0	0	0
CCAGTCAA	TTGACTGG	0	0	0
CCAGTCAC	GTGACTGG	0	0	0
CCAGTCAG	CTGACTGG	0	0	0
CCAGTCCA	TGGACTGG	0	0	0
CCAGTCCC	GGGACTGG	0	0	0
CCAGTCCG	CGGACTGG	0	0	0
CCAGTCGA	TCGACTGG	0	0	0
CCAGTCGC	GCGACTGG	0	0	0
CCAGTCGG	CCGACTGG	0	0	0
CCAGTCTA	TAGACTGG	0	0	0
CCAGTCTC	GAGACTGG	0	0	0
CCAGTGAA	TTCACTGG	0	0	0
CCAGTGAC	GTCACTGG	0	0	0
CCAGTGAG	CTCACTGG	0	0	0
CCAGTGCA	TGCACTGG	0	0	0
CCAGTGCC	GGCACTGG	0	0	0
CCAGTGCG	CGCACTGG	0	0	0
CCAGTGGA	TCCACTGG	0	0	0
CCAGTGGC	GCCACTGG	0	0	0
CCAGTGGG	CCCACTGG	0	0	0
CCAGTGTA	TACACTGG	0	0	0
CCAGTGTC	GACACTGG	0	0	0
CCAGTTAA	TTAACTGG	0	0	0
CCAGTTAC	GTAACTGG	0	0	0
CCAGTTAG	CTAACTGG	0	0	0
CCAGTTCA	TGAACTGG	0	0	0
CCAGTTCC	GGAACTGG	0	0	0
CCAGTTCG	CGAACTGG	0	0	0
CCAGTTGA	TCAACTGG	0	0	0
CCAGTTGC	GCAACTGG	0	0	0
CCAGTTTA	TAAACTGG	0	0	0
CCAGTTTC	GAAACTGG	0	0	0
CCATAAAA	TTTTATGG	0	0	0
CCATAAAC	GTTTATGG	0	0	0
CCATAAAG	CTTTATGG	0	0	0
CCATAACA	TGTTATGG	0	0	0
CCATAACC	GGTTATGG	0	0	0
CCATAACG	CGTTATGG	0	0	0
CCATAAGA	TCTTATGG	0	0	0
CCATAAGC	GCTTATGG	0	0	0
CCATAAGG	CCTTATGG	0	0	0
CCATAATA	TATTATGG	0	0	0
CCATAATC	GATTATGG	0	0	0
CCATACAA	TTGTATGG	0	0	0
CCATACAC	GTGTATGG	0	0	0
CCATACAG	CTGTATGG	0	0	0
CCATACCA	TGGTATGG	0	0	0
CCATACCC	GGGTATGG	0	0	0
CCATACCG	CGGTATGG	0	0	0
CCATACGA	TCGTATGG	0	0	0
CCATACGC	GCGTATGG	0	0	0
CCATACGG	CCGTATGG	0	0	0
CCATACTA	TAGTATGG	0	0	0
CCATACTC	GAGTATGG	0	0	0
CCATAGAA	TTCTATGG	0	0	0
CCATAGAC	GTCTATGG	0	0	0
CCATAGAG	CTCTATGG	0	0	0
CCATAGCA	TGCTATGG	0	0	0
CCATAGCC	GGCTATGG	0	0	0
CCATAGCG	CGCTATGG	0	0	0
CCATAGGA	TCCTATGG	0	0	0
CCATAGGC	GCCTATGG	0	0	0
CCATAGGG	CCCTATGG	0	0	0
CCATAGTA	TACTATGG	0	0	0
CCATAGTC	GACTATGG	0	0	0
CCATATAA	TTATATGG	0	0	0
CCATATAC	GTATATGG	0	0	0
CCATATAG	CTATATGG	0	0	0
CCATATCA	TGATATGG	0	0	0
CCATATCC	GGATATGG	0	0	0
CCATATCG	CGATATGG	0	0	0
CCATATGA	TCATATGG	0	0	0
CCATATGC	GCATATGG	0	0	0
CCATATGG	CCATATGG	0	0	0
CCATATTA	TAATATGG	0	0	0
CCATATTC	GAATATGG	0	0	0
CCATCAAA	TTTGATGG	0	0	0
CCATCAAC	GTTGATGG	0	0	0
CCATCAAG	CTTGATGG	0	0	0
CCATCACA	TGTGATGG	0	0	0
CCATCACC	GGTGATGG	0	0	0
CCATCACG	CGTGATGG	0	0	0
CCATCAGA	TCTGATGG	0	0	0
CCATCAGC	GCTGATGG	0	0	0
CCATCAGG	CCTGATGG	0	0	0
CCATCATA	TATGATGG	0	0	0
CCATCATC	GATGATGG	0	0	0
CCATCCAA	TTGGATGG	0	0	0
CCATCCAC	GTGGATGG	0	0	0
CCATCCAG	CTGGATGG	0	0	0
CCATCCCA	TGGGATGG	0	0	0
CCATCCCC	GGGGATGG	0	0	0
CCATCCCG	CGGGATGG	0	0	0
CCATCCGA	TCGGATGG	0	0	0
CCATCCGC	GCGGATGG	0	0	0
CCATCCGG	CCGGATGG	0	0	0
CCATCCTA	TAGGATGG	0	0	0
CCATCCTC	GAGGATGG	0	0	0
CCATCGAA	TTCGATGG	0	0	0
CCATCGAC	GTCGATGG	0	0	0
CCATCGAG	CTCGATGG	0	0	0
CCATCGCA	TGCGATGG	0	0	0
CCATCGCC	GGCGATGG	0	0	0
CCATCGCG	CGCGATGG	0	0	0
CCATCGGA	TCCGATGG	0	0	0
CCATCGGC	GCCGATGG	0	0	0
CCATCGGG	CCCGATGG	0	0	0
CCATCGTA	TACGATGG	0	0	0
CCATCGTC	GACGATGG	0	0	0
CCATCTAA	TTAGATGG	0	0	0
CCATCTAC	GTAGATGG	0	0	0
CCATCTAG	CTAGATGG	0	0	0
CCATCTCA	TGAGATGG	0	0	0
CCATCTCC	GGAGATGG	0	0	0
CCATCTCG	CGAGATGG	0	0	0
CCATCTGA	TCAGATGG	0	0	0
CCATCTGC	GCAGATGG	0	0	0
CCATCTTA	TAAGATGG	0	0	0
CCATCTTC	GAAGATGG	0	0	0
CCATGAAA	TTTCATGG	0	0	0
CCATGAAC	GTTCATGG	0	0	0
CCATGAAG	CTTCATGG	0	0	0
CCATGACA	TGTCATGG	0	0	0
CCATGACC	GGTCATGG	0	0	0
CCATGACG	CGTCATGG	0	0	0
CCATGAGA	TCTCATGG	0	0	0
CCATGAGC	GCTCATGG	0	0	0
CCATGAGG	CCTCATGG	0	0	0
CCATGATA	TATCATGG	0	0	0
CCATGATC	GATCATGG	0	0	0
CCATGCAA	TTGCATGG	0	0	0
CCATGCAC	GTGCATGG	0	0	0
CCATGCAG	CTGCATGG	0	0	0
CCATGCCA	TGGCATGG	0	0	0
CCATGCCC	GGGCATGG	0	0	0
CCATGCCG	CGGCATGG	0	0	0
CCATGCGA	TCGCATGG	0	0	0
CCATGCGC	GCGCATGG	0	0	0
CCATGCGG	CCGCATGG	0	0	0
CCATGCTA	TAGCATGG	0	0	0
CCATGCTC	GAGCATGG	0	0	0
CCATGGAA	TTCCATGG	0	0	0
CCATGGAC	GTCCATGG	0	0	0
CCATGGAG	CTCCATGG	0	0	0
CCATGGCA	TGCCATGG	0	0	0
CCATGGCC	GGCCATGG	0	0	0
CCATGGCG	CGCCATGG	0	0	0
CCATGGGA	TCCCATGG	0	0	0
CCATGGGC	GCCCATGG	0	0	0
CCATGGGG	CCCCATGG	0	0	0
CCATGGTA	TACCATGG	0	0	0
CCATGGTC	GACCATGG	0	0	0
CCATGTAA	TTACATGG	0	0	0
CCATGTAC	GTACATGG	0	0	0
CCATGTAG	CTACATGG	0	0	0
CCATGTCA	TGACATGG	0	0	0
CCATGTCC	GGACATGG	0	0	0
CCATGTCG	CGACATGG	0	0	0
CCATGTGA	TCACATGG	0	0	0
CCATGTGC	GCACATGG	0	0	0
CCATGTTA	TAACATGG	0	0	0
CCATGTTC	GAACATGG	0	0	0
CCATTAAA	TTTAATGG	0	0	0
CCATTAAC	GTTAATGG	0	0	0
CCATTAAG	CTTAATGG	0	0	0
CCATTACA	TGTAATGG	0	0	0
CCATTACC	GGTAATGG	0	0	0
CCATTACG	CGTAATGG	0	0	0
CCATTAGA	TCTAATGG	0	0	0
CCATTAGC	GCTAATGG	0	0	0
CCATTAGG	CCTAATGG	0	0	0
CCATTATA	TATAATGG	0	0	0
CCATTATC	GATAATGG	0	0	0
CCATTCAA	TTGAATGG	0	0	0
CCATTCAC	GTGAATGG	0	0	0
CCATTCAG	CTGAATGG	0	0	0
CCATTCCA	TGGAATGG	0	0	0
CCATTCCC	GGGAATGG	0	0	0
CCATTCCG	CGGAATGG	0	0	0
CCATTCGA	TCGAATGG	0	0	0
CCATTCGC	GCGAATGG	0	0	0
CCATTCGG	CCGAATGG	0	0	0
CCATTCTA	TAGAATGG	0	0	0
CCATTCTC	GAGAATGG	0	0	0
CCATTGAA	TTCAATGG	0	0	0
CCATTGAC	GTCAATGG	0	0	0
CCATTGAG	CTCAATGG	0	0	0
CCATTGCA	TGCAATGG	0	0	0
CCATTGCC	GGCAATGG	0	0	0
CCATTGCG	CGCAATGG	0	0	0
CCATTGGA	TCCAATGG	0	0	0
CCATTGGC	GCCAATGG	0	0	0
CCATTGGG	CCCAATGG	0	0	0
CCATTGTA	TACAATGG	0	0	0
CCATTGTC	GACAATGG	0	0	0
CCATTTAA	TTAAATGG	0	0	0
CCATTTAC	GTAAATGG	0	0	0
CCATTTAG	CTAAATGG	0	0	0
CCATTTCA	TGAAATGG	0	0	0
CCATTTCC	GGAAATGG	0	0	0
CCATTTCG	CGAAATGG	0	0	0
CCATTTGA	TCAAATGG	0	0	0
CCATTTGC	GCAAATGG	0	0	0
CCATTTTA	TAAAATGG	0	0	0
CCATTTTC	GAAAATGG	0	0	0
CCCAAAAA	TTTTTGGG	0	0	0
CCCAAAAC	GTTTTGGG	0	0	0
CCCAAAAG	CTTTTGGG	0	0	0
CCCAAACA	TGTTTGGG	0	0	0
CCCAAACC	GGTTTGGG	0	0	0
CCCAAACG	CGTTTGGG	0	0	0
CCCAAAGA	TCTTTGGG	0	0	0
CCCAAAGC	GCTTTGGG	0	0	0
CCCAAAGG	CCTTTGGG	0	0	0
CCCAAATA	TATTTGGG	0	0	0
CCCAAATC	GATTTGGG	0	0	0
CCCAACAA	TTGTTGGG	0	0	0
CCCAACAC	GTGTTGGG	0	0	0
CCCAACAG	CTGTTGGG	0	0	0
CCCAACCA	TGGTTGGG	0	0	0
CCCAACCC	GGGTTGGG	0	0	0
CCCAACCG	CGGTTGGG	0	0	0
CCCAACGA	TCGTTGGG	0	0	0
CCCAACGC	GCGTTGGG	0	0	0
CCCAACGG	CCGTTGGG	0	0	0
CCCAACTA	TAGTTGGG	0	0	0
CCCAACTC	GAGTTGGG	0	0	0
CCCAAGAA	TTCTTGGG	0	0	0
CCCAAGAC	GTCTTGGG	0	0	0
CCCAAGAG	CTCTTGGG	0	0	0
CCCAAGCA	TGCTTGGG	0	0	0
CCCAAGCC	GGCTTGGG	0	0	0
CCCAAGCG	CGCTTGGG	0	0	0
CCCAAGGA	TCCTTGGG	0	0	0
CCCAAGGC	GCCTTGGG	0	0	0
CCCAAGGG	CCCTTGGG	0	0	0
CCCAAGTA	TACTTGGG	0	0	0
CCCAAGTC	GACTTGGG	0	0	0
CCCAATAA	TTATTGGG	0	0	0
CCCAATAC	GTATTGGG	0	0	0
CCCAATAG	CTATTGGG	0	0	0
CCCAATCA	TGATTGGG	0	0	0
CCCAATCC	GGATTGGG	0	0	0
CCCAATCG	CGATTGGG	0	0	0
CCCAATGA	TCATTGGG	0	0	0
CCCAATGC	GCATTGGG	0	0	0
CCCAATTA	TAATTGGG	0	0	0
CCCAATTC	GAATTGGG	0	0	0
CCCACAAA	TTTGTGGG	0	0	0
CCCACAAC	GTTGTGGG	0	0	0
CCCACAAG	CTTGTGGG	0	0	0
CCCACACA	TGTGTGGG	0	0	0
CCCACACC	GGTGTGGG	0	0	0
CCCACACG	CGTGTGGG	0	0	0
CCCACAGA	TCTGTGGG	0	0	0
CCCACAGC	GCTGTGGG	0	0	0
CCCACAGG	CCTGTGGG	0	0	0
CCCACATA	TATGTGGG	0	0	0
CCCACATC	GATGTGGG	0	0	0
CCCACCAA	TTGGTGGG	0	0	0
CCCACCAC	GTGGTGGG	0	0	0
CCCACCAG	CTGGTGGG	0	0	0
CCCACCCA	TGGGTGGG	0	0	0
CCCACCCC	GGGGTGGG	0	0	0
CCCACCCG	CGGGTGGG	0	0	0
CCCACCGA	TCGGTGGG	0	0	0
CCCACCGC	GCGGTGGG	0	0	0
CCCACCGG	CCGGTGGG	0	0	0
CCCACCTA	TAGGTGGG	0	0	0
CCCACCTC	GAGGTGGG	0	0	0
CCCACGAA	TTCGTGGG	0	0	0
CCCACGAC	GTCGTGGG	0	0	0
CCCACGAG	CTCGTGGG	0	0	0
CCCACGCA	TGCGTGGG	0	0	0
CCCACGCC	GGCGTGGG	0	0	0
CCCACGCG	CGCGTGGG	0	0	0
CCCACGGA	TCCGTGGG	0	0	0
CCCACGGC	GCCGTGGG	0	0	0
CCCACGGG	CCCGTGGG	0	0	0
CCCACGTA	TACGTGGG	0	0	0
CCCACGTC	GACGTGGG	0	0	0
CCCACTAA	TTAGTGGG	0	0	0
CCCACTAC	GTAGTGGG	0	0	0
CCCACTAG	CTAGTGGG	0	0	0
CCCACTCA	TGAGTGGG	0	0	0
CCCACTCC	GGAGTGGG	0	0	0
CCCACTCG	CGAGTGGG	0	0	0
CCCACTGA	TCAGTGGG	0	0	0
CCCACTGC	GCAGTGGG	0	0	0
CCCACTTA	TAAGTGGG	0	0	0
CCCACTTC	GAAGTGGG	0	0	0
CCCAGAAA	TTTCTGGG	0	0	0
CCCAGAAC	GTTCTGGG	0	0	0
CCCAGAAG	CTTCTGGG	0	0	0
CCCAGACA	TGTCTGGG	0	0	0
CCCAGACC	GGTCTGGG	0	0	0
CCCAGACG	CGTCTGGG	0	0	0
CCCAGAGA	TCTCTGGG	0	0	0
CCCAGAGC	GCTCTGGG	0	0	0
CCCAGAGG	CCTCTGGG	0	0	0
CCCAGATA	TATCTGGG	0	0	0
CCCAGATC	GATCTGGG	0	0	0
CCCAGCAA	TTGCTGGG	0	0	0
CCCAGCAC	GTGCTGGG	0	0	0
CCCAGCAG	CTGCTGGG	0	0	0
CCCAGCCA	TGGCTGGG	0	0	0
CCCAGCCC	GGGCTGGG	0	0	0
CCCAGCCG	CGGCTGGG	0	0	0
CCCAGCGA	TCGCTGGG	0	0	0
CCCAGCGC	GCGCTGGG	0	0	0
CCCAGCGG	CCGCTGGG	0	0	0
CCCAGCTA	TAGCTGGG	0	0	0
CCCAGCTC	GAGCTGGG	0	0	0
CCCAGGAA	TTCCTGGG	0	0	0
CCCAGGAC	GTCCTGGG	0	0	0
CCCAGGAG	CTCCTGGG	0	0	0
CCCAGGCA	TGCCTGGG	0	0	0
CCCAGGCC	GGCCTGGG	0	0	0
CCCAGGCG	CGCCTGGG	0	0	0
CCCAGGGA	TCCCTGGG	0	0	0
CCCAGGGC	GCCCTGGG	0	0	0
CCCAGGGG	CCCCTGGG	0	0	0
CCCAGGTA	TACCTGGG	0	0	0
CCCAGGTC	GACCTGGG	0	0	0
CCCAGTAA	TTACTGGG	0	0	0
CCCAGTAC	GTACTGGG	0	0	0
CCCAGTAG	CTACTGGG	0	0	0
CCCAGTCA	TGACTGGG	0	0	0
CCCAGTCC	GGACTGGG	0	0	0
CCCAGTCG	CGACTGGG	0	0	0
CCCAGTGA	TCACTGGG	0	0	0
CCCAGTGC	GCACTGGG	0	0	0
CCCAGTTA	TAACTGGG	0	0	0
CCCAGTTC	GAACTGGG	0	0	0
CCCATAAA	TTTATGGG	0	0	0
CCCATAAC	GTTATGGG	0	0	0
CCCATAAG	CTTATGGG	0	0	0
CCCATACA	TGTATGGG	0	0	0
CCCATACC	GGTATGGG	0	0	0
CCCATACG	CGTATGGG	0	0	0
CCCATAGA	TCTATGGG	0	0	0
CCCATAGC	GCTATGGG	0	0	0
CCCATAGG	CCTATGGG	0	0	0
CCCATATA	TATATGGG	0	0	0
CCCATATC	GATATGGG	0	0	0
CCCATCAA	TTGATGGG	0	0	0
CCCATCAC	GTGATGGG	0	0	0
CCCATCAG	CTGATGGG	0	0	0
CCCATCCA	TGGATGGG	0	0	0
CCCATCCC	GGGATGGG	0	0	0
CCCATCCG	CGGATGGG	0	0	0
CCCATCGA	TCGATGGG	0	0	0
CCCATCGC	GCGATGGG	0	0	0
CCCATCGG	CCGATGGG	0	0	0
CCCATCTA	TAGATGGG	0	0	0
CCCATCTC	GAGATGGG	0	0	0
CCCATGAA	TTCATGGG	0	0	0
CCCATGAC	GTCATGGG	0	0	0
CCCATGAG	CTCATGGG	0	0	0
CCCATGCA	TGCATGGG	0	0	0
CCCATGCC	GGCATGGG	0	0	0
CCCATGCG	CGCATGGG	0	0	0
CCCATGGA	TCCATGGG	0	0	0
CCCATGGC	GCCATGGG	0	0	0
CCCATGGG	CCCATGGG	0	0	0
CCCATGTA	TACATGGG	0	0	0
CCCATGTC	GACATGGG	0	0	0
CCCATTAA	TTAATGGG	0	0	0
CCCATTAC	GTAATGGG	0	0	0
CCCATTAG	CTAATGGG	0	0	0
CCCATTCA	TGAATGGG	0	0	0
CCCATTCC	GGAATGGG	0	0	0
CCCATTCG	CGAATGGG	0	0	0
CCCATTGA	TCAATGGG	0	0	0
CCCATTGC	GCAATGGG	0	0	0
CCCATTTA	TAAATGGG	0	0	0
CCCATTTC	GAAATGGG	0	0	0
CCCCAAAA	TTTTGGGG	0	0	0
CCCCAAAC	GTTTGGGG	0	0	0
CCCCAAAG	CTTTGGGG	0	0	0
CCCCAACA	TGTTGGGG	0	0	0
CCCCAACC	GGTTGGGG	0	0	0
CCCCAACG	CGTTGGGG	0	0	0
CCCCAAGA	TCTTGGGG	0	0	0
CCCCAAGC	GCTTGGGG	0	0	0
CCCCAAGG	CCTTGGGG	0	0	0
CCCCAATA	TATTGGGG	0	0	0
CCCCAATC	GATTGGGG	0	0	0
CCCCACAA	TTGTGGGG	0	0	0
CCCCACAC	GTGTGGGG	0	0	0
CCCCACAG	CTGTGGGG	0	0	0
CCCCACCA	TGGTGGGG	0	0	0
CCCCACCC	GGGTGGGG	0	0	0
CCCCACCG	CGGTGGGG	0	0	0
CCCCACGA	TCGTGGGG	0	0	0
CCCCACGC	GCGTGGGG	0	0	0
CCCCACGG	CCGTGGGG	0	0	0
CCCCACTA	TAGTGGGG	0	0	0
CCCCACTC	GAGTGGGG	0	0	0
CCCCAGAA	TTCTGGGG	0	0	0
CCCCAGAC	GTCTGGGG	0	0	0
CCCCAGAG	CTCTGGGG	0	0	0
CCCCAGCA	TGCTGGGG	0	0	0
CCCCAGCC	GGCTGGGG	0	0	0
CCCCAGCG	CGCTGGGG	0	0	0
CCCCAGGA	TCCTGGGG	0	0	0
CCCCAGGC	GCCTGGGG	0	0	0
CCCCAGGG	CCCTGGGG	0	0	0
CCCCAGTA	TACTGGGG	0	0	0
CCCCAGTC	GACTGGGG	0	0	0
CCCCATAA	TTATGGGG	0	0	0
CCCCATAC	GTATGGGG	0	0	0
CCCCATAG	CTATGGGG	0	0	0
CCCCATCA	TGATGGGG	0	0	0
CCCCATCC	GGATGGGG	0	0	0
CCCCATCG	CGATGGGG	0	0	0
CCCCATGA	TCATGGGG	0	0	0
CCCCATGC	GCATGGGG	0	0	0
CCCCATTA	TAATGGGG	0	0	0
CCCCATTC	GAATGGGG	0	0	0
CCCCCAAA	TTTGGGGG	0	0	0
CCCCCAAC	GTTGGGGG	0	0	0
CCCCCAAG	CTTGGGGG	0	0	0
CCCCCACA	TGTGGGGG	0	0	0
CCCCCACC	GGTGGGGG	0	0	0
CCCCCACG	CGTGGGGG	0	0	0
CCCCCAGA	TCTGGGGG	0	0	0
CCCCCAGC	GCTGGGGG	0	0	0
CCCCCAGG	CCTGGGGG	0	0	0
CCCCCATA	TATGGGGG	0	0	0
CCCCCATC	GATGGGGG	0	0	0
CCCCCCAA	TTGGGGGG	0	0	0
CCCCCCAC	GTGGGGGG	0	0	0
CCCCCCAG	CTGGGGGG	0	0	0
CCCCCCCA	TGGGGGGG	0	0	0
CCCCCCCC	GGGGGGGG	0	0	0
CCCCCCCG	CGGGGGGG	0	0	0
CCCCCCGA	TCGGGGGG	0	0	0
CCCCCCGC	GCGGGGGG	0	0	0
CCCCCCGG	CCGGGGGG	0	0	0
CCCCCCTA	TAGGGGGG	0	0	0
CCCCCCTC	GAGGGGGG	0	0	0
CCCCCGAA	TTCGGGGG	0	0	0
CCCCCGAC	GTCGGGGG	0	0	0
CCCCCGAG	CTCGGGGG	0	0	0
CCCCCGCA	TGCGGGGG	0	0	0
CCCCCGCC	GGCGGGGG	0	0	0
CCCCCGCG	CGCGGGGG	0	0	0
CCCCCGGA	TCCGGGGG	0	0	0
CCCCCGGC	GCCGGGGG	0	0	0
CCCCCGGG	CCCGGGGG	0	0	0
CCCCCGTA	TACGGGGG	0	0	0
CCCCCGTC	GACGGGGG	0	0	0
CCCCCTAA	TTAGGGGG	0	0	0
CCCCCTAC	GTAGGGGG	0	0	0
CCCCCTAG	CTAGGGGG	0	0	0
CCCCCTCA	TGAGGGGG	0	0	0
CCCCCTCC	GGAGGGGG	0	0	0
CCCCCTCG	CGAGGGGG	0	0	0
CCCCCTGA	TCAGGGGG	0	0	0
CCCCCTGC	GCAGGGGG	0	0	0
CCCCCTTA	TAAGGGGG	0	0	0
CCCCCTTC	GAAGGGGG	0	0	0
CCCCGAAA	TTTCGGGG	0	0	0
CCCCGAAC	GTTCGGGG	0	0	0
CCCCGAAG	CTTCGGGG	0	0	0
CCCCGACA	TGTCGGGG	0	0	0
CCCCGACC	GGTCGGGG	0	0	0
CCCCGACG	CGTCGGGG	0	0	0
CCCCGAGA	TCTCGGGG	0	0	0
CCCCGAGC	GCTCGGGG	0	0	0
CCCCGAGG	CCTCGGGG	0	0	0
CCCCGATA	TATCGGGG	0	0	0
CCCCGATC	GATCGGGG	0	0	0
CCCCGCAA	TTGCGGGG	0	0	0
CCCCGCAC	GTGCGGGG	0	0	0
CCCCGCAG	CTGCGGGG	0	0	0
CCCCGCCA	TGGCGGGG	0	0	0
CCCCGCCC	GGGCGGGG	0	0	0
CCCCGCCG	CGGCGGGG	0	0	0
CCCCGCGA	TCGCGGGG	0	0	0
CCCCGCGC	GCGCGGGG	0	0	0
CCCCGCGG	CCGCGGGG	0	0	0
CCCCGCTA	TAGCGGGG	0	0	0
CCCCGCTC	GAGCGGGG	0	0	0
CCCCGGAA	TTCCGGGG	0	0	0
CCCCGGAC	GTCCGGGG	0	0	0
CCCCGGAG	CTCCGGGG	0	0	0
CCCCGGCA	TGCCGGGG	0	0	0
CCCCGGCC	GGCCGGGG	0	0	0
CCCCGGCG	CGCCGGGG	0	0	0
CCCCGGGA	TCCCGGGG	0	0	0
CCCCGGGC	GCCCGGGG	0	0	0
CCCCGGGG	CCCCGGGG	0	0	0
CCCCGGTA	TACCGGGG	0	0	0
CCCCGGTC	GACCGGGG	0	0	0
CCCCGTAA	TTACGGGG	0	0	0
CCCCGTAC	GTACGGGG	0	0	0
CCCCGTAG	CTACGGGG	0	0	0
CCCCGTCA	TGACGGGG	0	0	0
CCCCGTCC	GGACGGGG	0	0	0
CCCCGTCG	CGACGGGG	0	0	0
CCCCGTGA	TCACGGGG	0	0	0
CCCCGTGC	GCACGGGG	0	0	0
CCCCGTTA	TAACGGGG	0	0	0
CCCCGTTC	GAACGGGG	0	0	0
CCCCTAAA	TTTAGGGG	0	0	0
CCCCTAAC	GTTAGGGG	0	0	0
CCCCTAAG	CTTAGGGG	0	0	0
CCCCTACA	TGTAGGGG	0	0	0
CCCCTACC	GGTAGGGG	0	0	0
CCCCTACG	CGTAGGGG	0	0	0
CCCCTAGA	TCTAGGGG	0	0	0
CCCCTAGC	GCTAGGGG	0	0	0
CCCCTAGG	CCTAGGGG	0	0	0
CCCCTATA	TATAGGGG	0	0	0
CCCCTATC	GATAGGGG	0	0	0
CCCCTCAA	TTGAGGGG	0	0	0
CCCCTCAC	GTGAGGGG	0	0	0
CCCCTCAG	CTGAGGGG	0	0	0
CCCCTCCA	TGGAGGGG	0	0	0
CCCCTCCC	GGGAGGGG	0	0	0
CCCCTCCG	CGGAGGGG	0	0	0
CCCCTCGA	TCGAGGGG	0	0	0
CCCCTCGC	GCGAGGGG	0	0	0
CCCCTCGG	CCGAGGGG	0	0	0
CCCCTCTA	TAGAGGGG	0	0	0
CCCCTCTC	GAGAGGGG	0	0	0
CCCCTGAA	TTCAGGGG	0	0	0
CCCCTGAC	GTCAGGGG	0	0	0
CCCCTGAG	CTCAGGGG	0	0	0
CCCCTGCA	TGCAGGGG	0	0	0
CCCCTGCC	GGCAGGGG	0	0	0
CCCCTGCG	CGCAGGGG	0	0	0
CCCCTGGA	TCCAGGGG	0	0	0
CCCCTGGC	GCCAGGGG	0	0	0
CCCCTGTA	TACAGGGG	0	0	0
CCCCTGTC	GACAGGGG	0	0	0
CCCCTTAA	TTAAGGGG	0	0	0
CCCCTTAC	GTAAGGGG	0	0	0
CCCCTTAG	CTAAGGGG	0	0	0
CCCCTTCA	TGAAGGGG	0	0	0
CCCCTTCC	GGAAGGGG	0	0	0
CCCCTTCG	CGAAGGGG	0	0	0
CCCCTTGA	TCAAGGGG	0	0	0
CCCCTTGC	GCAAGGGG	0	0	0
CCCCTTTA	TAAAGGGG	0	0	0
CCCCTTTC	GAAAGGGG	0	0	0
CCCGAAAA	TTTTCGGG	0	0	0
CCCGAAAC	GTTTCGGG	0	0	0
CCCGAAAG	CTTTCGGG	0	0	0
CCCGAACA	TGTTCGGG	0	0	0
CCCGAACC	GGTTCGGG	0	0	0
CCCGAACG	CGTTCGGG	0	0	0
CCCGAAGA	TCTTCGGG	0	0	0
CCCGAAGC	GCTTCGGG	0	0	0
CCCGAAGG	CCTTCGGG	0	0	0
CCCGAATA	TATTCGGG	0	0	0
CCCGAATC	GATTCGGG	0	0	0
CCCGACAA	TTGTCGGG	0	0	0
CCCGACAC	GTGTCGGG	0	0	0
CCCGACAG	CTGTCGGG	0	0	0
CCCGACCA	TGGTCGGG	0	0	0
CCCGACCC	GGGTCGGG	0	0	0
CCCGACCG	CGGTCGGG	0	0	0
CCCGACGA	TCGTCGGG	0	0	0
CCCGACGC	GCGTCGGG	0	0	0
CCCGACGG	CCGTCGGG	0	0	0
CCCGACTA	TAGTCGGG	0	0	0
CCCGACTC	GAGTCGGG	0	0	0
CCCGAGAA	TTCTCGGG	0	0	0
CCCGAGAC	GTCTCGGG	0	0	0
CCCGAGAG	CTCTCGGG	0	0	0
CCCGAGCA	TGCTCGGG	0	0	0
CCCGAGCC	GGCTCGGG	0	0	0
CCCGAGCG	CGCTCGGG	0	0	0
CCCGAGGA	TCCTCGGG	0	0	0
CCCGAGGC	GCCTCGGG	0	0	0
CCCGAGGG	CCCTCGGG	0	0	0
CCCGAGTA	TACTCGGG	0	0	0
CCCGAGTC	GACTCGGG	0	0	0
CCCGATAA	TTATCGGG	0	0	0
CCCGATAC	GTATCGGG	0	0	0
CCCGATAG	CTATCGGG	0	0	0
CCCGATCA	TGATCGGG	0	0	0
CCCGATCC	GGATCGGG	0	0	0
CCCGATCG	CGATCGGG	0	0	0
CCCGATGA	TCATCGGG	0	0	0
CCCGATGC	GCATCGGG	0	0	0
CCCGATTA	TAATCGGG	0	0	0
CCCGATTC	GAATCGGG	0	0	0
CCCGCAAA	TTTGCGGG	0	0	0
CCCGCAAC	GTTGCGGG	0	0	0
CCCGCAAG	CTTGCGGG	0	0	0
CCCGCACA	TGTGCGGG	0	0	0
CCCGCACC	GGTGCGGG	0	0	0
CCCGCACG	CGTGCGGG	0	0	0
CCCGCAGA	TCTGCGGG	0	0	0
CCCGCAGC	GCTGCGGG	0	0	0
CCCGCAGG	CCTGCGGG	0	0	0
CCCGCATA	TATGCGGG	0	0	0
CCCGCATC	GATGCGGG	0	0	0
CCCGCCAA	TTGGCGGG	0	0	0
CCCGCCAC	GTGGCGGG	0	0	0
CCCGCCAG	CTGGCGGG	0	0	0
CCCGCCCA	TGGGCGGG	0	0	0
CCCGCCCC	GGGGCGGG	0	0	0
CCCGCCCG	CGGGCGGG	0	0	0
CCCGCCGA	TCGGCGGG	0	0	0
CCCGCCGC	GCGGCGGG	0	0	0
CCCGCCGG	CCGGCGGG	0	0	0
CCCGCCTA	TAGGCGGG	0	0	0
CCCGCCTC	GAGGCGGG	0	0	0
CCCGCGAA	TTCGCGGG	0	0	0
CCCGCGAC	GTCGCGGG	0	0	0
CCCGCGAG	CTCGCGGG	0	0	0
CCCGCGCA	TGCGCGGG	0	0	0
CCCGCGCC	GGCGCGGG	0	0	0
CCCGCGCG	CGCGCGGG	0	0	0
CCCGCGGA	TCCGCGGG	0	0	0
CCCGCGGC	GCCGCGGG	0	0	0
CCCGCGGG	CCCGCGGG	0	0	0
CCCGCGTA	TACGCGGG	0	0	0
CCCGCGTC	GACGCGGG	0	0	0
CCCGCTAA	TTAGCGGG	0	0	0
CCCGCTAC	GTAGCGGG	0	0	0
CCCGCTAG	CTAGCGGG	0	0	0
CCCGCTCA	TGAGCGGG	0	0	0
CCCGCTCC	GGAGCGGG	0	0	0
CCCGCTCG	CGAGCGGG	0	0	0
CCCGCTGA	TCAGCGGG	0	0	0
CCCGCTGC	GCAGCGGG	0	0	0
CCCGCTTA	TAAGCGGG	0	0	0
CCCGCTTC	GAAGCGGG	0	0	0
CCCGGAAA	TTTCCGGG	0	0	0
CCCGGAAC	GTTCCGGG	0	0	0
CCCGGAAG	CTTCCGGG	0	0	0
CCCGGACA	TGTCCGGG	0	0	0
CCCGGACC	GGTCCGGG	0	0	0
CCCGGACG	CGTCCGGG	0	0	0
CCCGGAGA	TCTCCGGG	0	0	0
CCCGGAGC	GCTCCGGG	0	0	0
CCCGGAGG	CCTCCGGG	0	0	0
CCCGGATA	TATCCGGG	0	0	0
CCCGGATC	GATCCGGG	0	0	0
CCCGGCAA	TTGCCGGG	0	0	0
CCCGGCAC	GTGCCGGG	0	0	0
CCCGGCAG	CTGCCGGG	0	0	0
CCCGGCCA	TGGCCGGG	0	0	0
CCCGGCCC	GGGCCGGG	0	0	0
CCCGGCCG	CGGCCGGG	0	0	0
CCCGGCGA	TCGCCGGG	0	0	0
CCCGGCGC	GCGCCGGG	0	0	0
CCCGGCGG	CCGCCGGG	0	0	0
CCCGGCTA	TAGCCGGG	0	0	0
CCCGGCTC	GAGCCGGG	0	0	0
CCCGGGAA	TTCCCGGG	0	0	0
CCCGGGAC	GTCCCGGG	0	0	0
CCCGGGAG	CTCCCGGG	0	0	0
CCCGGGCA	TGCCCGGG	0	0	0
CCCGGGCC	GGCCCGGG	0	0	0
CCCGGGCG	CGCCCGGG	0	0	0
CCCGGGGA	TCCCCGGG	0	0	0
CCCGGGGC	GCCCCGGG	0	0	0
CCCGGGTA	TACCCGGG	0	0	0
CCCGGGTC	GACCCGGG	0	0	0
CCCGGTAA	TTACCGGG	0	0	0
CCCGGTAC	GTACCGGG	0	0	0
CCCGGTAG	CTACCGGG	0	0	0
CCCGGTCA	TGACCGGG	0	0	0
CCCGGTCC	GGACCGGG	0	0	0
CCCGGTCG	CGACCGGG	0	0	0
CCCGGTGA	TCACCGGG	0	0	0
CCCGGTGC	GCACCGGG	0	0	0
CCCGGTTA	TAACCGGG	0	0	0
CCCGGTTC	GAACCGGG	0	0	0
CCCGTAAA	TTTACGGG	0	0	0
CCCGTAAC	GTTACGGG	0	0	0
CCCGTAAG	CTTACGGG	0	0	0
CCCGTACA	TGTACGGG	0	0	0
CCCGTACC	GGTACGGG	0	0	0
CCCGTACG	CGTACGGG	0	0	0
CCCGTAGA	TCTACGGG	0	0	0
CCCGTAGC	GCTACGGG	0	0	0
CCCGTAGG	CCTACGGG	0	0	0
CCCGTATA	TATACGGG	0	0	0
CCCGTATC	GATACGGG	0	0	0
CCCGTCAA	TTGACGGG	0	0	0
CCCGTCAC	GTGACGGG	0	0	0
CCCGTCAG	CTGACGGG	0	0	0
CCCGTCCA	TGGACGGG	0	0	0
CCCGTCCC	GGGACGGG	0	0	0
CCCGTCCG	CGGACGGG	0	0	0
CCCGTCGA	TCGACGGG	0	0	0
CCCGTCGC	GCGACGGG	0	0	0
CCCGTCGG	CCGACGGG	0	0	0
CCCGTCTA	TAGACGGG	0	0	0
CCCGTCTC	GAGACGGG	0	0	0
CCCGTGAA	TTCACGGG	0	0	0
CCCGTGAC	GTCACGGG	0	0	0
CCCGTGAG	CTCACGGG	0	0	0
CCCGTGCA	TGCACGGG	0	0	0
CCCGTGCC	GGCACGGG	0	0	0
CCCGTGCG	CGCACGGG	0	0	0
CCCGTGGA	TCCACGGG	0	0	0
CCCGTGGC	GCCACGGG	0	0	0
CCCGTGTA	TACACGGG	0	0	0
CCCGTGTC	GACACGGG	0	0	0
CCCGTTAA	TTAACGGG	0	0	0
CCCGTTAC	GTAACGGG	0	0	0
CCCGTTAG	CTAACGGG	0	0	0
CCCGTTCA	TGAACGGG	0	0	0
CCCGTTCC	GGAACGGG	0	0	0
CCCGTTCG	CGAACGGG	0	0	0
CCCGTTGA	TCAACGGG	0	0	0
CCCGTTGC	GCAACGGG	0	0	0
CCCGTTTA	TAAACGGG	0	0	0
CCCGTTTC	GAAACGGG	0	0	0
CCCTAAAA	TTTTAGGG	0	0	0
CCCTAAAC	GTTTAGGG	0	0	0
CCCTAAAG	CTTTAGGG	0	0	0
CCCTAACA	TGTTAGGG	0	0	0
CCCTAACC	GGTTAGGG	0	0	0
CCCTAACG	CGTTAGGG	0	0	0
CCCTAAGA	TCTTAGGG	0	0	0
CCCTAAGC	GCTTAGGG	0	0	0
CCCTAAGG	CCTTAGGG	0	0	0
CCCTAATA	TATTAGGG	0	0	0
CCCTAATC	GATTAGGG	0	0	0
CCCTACAA	TTGTAGGG	0	0	0
CCCTACAC	GTGTAGGG	0	0	0
CCCTACAG	CTGTAGGG	0	0	0
CCCTACCA	TGGTAGGG	0	0	0
CCCTACCC	GGGTAGGG	0	0	0
CCCTACCG	CGGTAGGG	0	0	0
CCCTACGA	TCGTAGGG	0	0	0
CCCTACGC	GCGTAGGG	0	0	0
CCCTACGG	CCGTAGGG	0	0	0
CCCTACTA	TAGTAGGG	0	0	0
CCCTACTC	GAGTAGGG	0	0	0
CCCTAGAA	TTCTAGGG	0	0	0
CCCTAGAC	GTCTAGGG	0	0	0
CCCTAGAG	CTCTAGGG	0	0	0
CCCTAGCA	TGCTAGGG	0	0	0
CCCTAGCC	GGCTAGGG	0	0	0
CCCTAGCG	CGCTAGGG	0	0	0
CCCTAGGA	TCCTAGGG	0	0	0
CCCTAGGC	GCCTAGGG	0	0	0
CCCTAGGG	CCCTAGGG	0	0	0
CCCTAGTA	TACTAGGG	0	0	0
CCCTAGTC	GACTAGGG	0	0	0
CCCTATAA	TTATAGGG	0	0	0
CCCTATAC	GTATAGGG	0	0	0
CCCTATAG	CTATAGGG	0	0	0
CCCTATCA	TGATAGGG	0	0	0
CCCTATCC	GGATAGGG	0	0	0
CCCTATCG	CGATAGGG	0	0	0
CCCTATGA	TCATAGGG	0	0	0
CCCTATGC	GCATAGGG	0	0	0
CCCTATTA	TAATAGGG	0	0	0
CCCTATTC	GAATAGGG	0	0	0
CCCTCAAA	TTTGAGGG	0	0	0
CCCTCAAC	GTTGAGGG	0	0	0
CCCTCAAG	CTTGAGGG	0	0	0
CCCTCACA	TGTGAGGG	0	0	0
CCCTCACC	GGTGAGGG	0	0	0
CCCTCACG	CGTGAGGG	0	0	0
CCCTCAGA	TCTGAGGG	0	0	0
CCCTCAGC	GCTGAGGG	0	0	0
CCCTCAGG	CCTGAGGG	0	0	0
CCCTCATA	TATGAGGG	0	0	0
CCCTCATC	GATGAGGG	0	0	0
CCCTCCAA	TTGGAGGG	0	0	0
CCCTCCAC	GTGGAGGG	0	0	0
CCCTCCAG	CTGGAGGG	0	0	0
CCCTCCCA	TGGGAGGG	0	0	0
CCCTCCCC	GGGGAGGG	0	0	0
CCCTCCCG	CGGGAGGG	0	0	0
CCCTCCGA	TCGGAGGG	0	0	0
CCCTCCGC	GCGGAGGG	0	0	0
CCCTCCGG	CCGGAGGG	0	0	0
CCCTCCTA	TAGGAGGG	0	0	0
CCCTCCTC	GAGGAGGG	0	0	0
CCCTCGAA	TTCGAGGG	0	0	0
CCCTCGAC	GTCGAGGG	0	0	0
CCCTCGAG	CTCGAGGG	0	0	0
CCCTCGCA	TGCGAGGG	0	0	0
CCCTCGCC	GGCGAGGG	0	0	0
CCCTCGCG	CGCGAGGG	0	0	0
CCCTCGGA	TCCGAGGG	0	0	0
CCCTCGGC	GCCGAGGG	0	0	0
CCCTCGTA	TACGAGGG	0	0	0
CCCTCGTC	GACGAGGG	0	0	0
CCCTCTAA	TTAGAGGG	0	0	0
CCCTCTAC	GTAGAGGG	0	0	0
CCCTCTAG	CTAGAGGG	0	0	0
CCCTCTCA	TGAGAGGG	0	0	0
CCCTCTCC	GGAGAGGG	0	0	0
CCCTCTCG	CGAGAGGG	0	0	0
CCCTCTGA	TCAGAGGG	0	0	0
CCCTCTGC	GCAGAGGG	0	0	0
CCCTCTTA	TAAGAGGG	0	0	0
CCCTCTTC	GAAGAGGG	0	0	0
CCCTGAAA	TTTCAGGG	0	0	0
CCCTGAAC	GTTCAGGG	0	0	0
CCCTGAAG	CTTCAGGG	0	0	0
CCCTGACA	TGTCAGGG	0	0	0
CCCTGACC	GGTCAGGG	0	0	0
CCCTGACG	CGTCAGGG	0	0	0
CCCTGAGA	TCTCAGGG	0	0	0
CCCTGAGC	GCTCAGGG	0	0	0
CCCTGAGG	CCTCAGGG	0	0	0
CCCTGATA	TATCAGGG	0	0	0
CCCTGATC	GATCAGGG	0	0	0
CCCTGCAA	TTGCAGGG	0	0	0
CCCTGCAC	GTGCAGGG	0	0	0
CCCTGCAG	CTGCAGGG	0	0	0
CCCTGCCA	TGGCAGGG	0	0	0
CCCTGCCC	GGGCAGGG	0	0	0
CCCTGCCG	CGGCAGGG	0	0	0
CCCTGCGA	TCGCAGGG	0	0	0
CCCTGCGC	GCGCAGGG	0	0	0
CCCTGCGG	CCGCAGGG	0	0	0
CCCTGCTA	TAGCAGGG	0	0	0
CCCTGCTC	GAGCAGGG	0	0	0
CCCTGGAA	TTCCAGGG	0	0	0
CCCTGGAC	GTCCAGGG	0	0	0
CCCTGGAG	CTCCAGGG	0	0	0
CCCTGGCA	TGCCAGGG	0	0	0
CCCTGGCC	GGCCAGGG	0	0	0
CCCTGGCG	CGCCAGGG	0	0	0
CCCTGGGA	TCCCAGGG	0	0	0
CCCTGGGC	GCCCAGGG	0	0	0
CCCTGGTA	TACCAGGG	0	0	0
CCCTGGTC	GACCAGGG	0	0	0
CCCTGTAA	TTACAGGG	0	0	0
CCCTGTAC	GTACAGGG	0	0	0
CCCTGTAG	CTACAGGG	0	0	0
CCCTGTCA	TGACAGGG	0	0	0
CCCTGTCC	GGACAGGG	0	0	0
CCCTGTCG	CGACAGGG	0	0	0
CCCTGTGA	TCACAGGG	0	0	0
CCCTGTGC	GCACAGGG	0	0	0
CCCTGTTA	TAACAGGG	0	0	0
CCCTGTTC	GAACAGGG	0	0	0
CCCTTAAA	TTTAAGGG	0	0	0
CCCTTAAC	GTTAAGGG	0	0	0
CCCTTAAG	CTTAAGGG	0	0	0
CCCTTACA	TGTAAGGG	0	0	0
CCCTTACC	GGTAAGGG	0	0	0
CCCTTACG	CGTAAGGG	0	0	0
CCCTTAGA	TCTAAGGG	0	0	0
CCCTTAGC	GCTAAGGG	0	0	0
CCCTTAGG	CCTAAGGG	0	0	0
CCCTTATA	TATAAGGG	0	0	0
CCCTTATC	GATAAGGG	0	0	0
CCCTTCAA	TTGAAGGG	0	0	0
CCCTTCAC	GTGAAGGG	0	0	0
CCCTTCAG	CTGAAGGG	0	0	0
CCCTTCCA	TGGAAGGG	0	0	0
CCCTTCCC	GGGAAGGG	0	0	0
CCCTTCCG	CGGAAGGG	0	0	0
CCCTTCGA	TCGAAGGG	0	0	0
CCCTTCGC	GCGAAGGG	0	0	0
CCCTTCGG	CCGAAGGG	0	0	0
CCCTTCTA	TAGAAGGG	0	0	0
CCCTTCTC	GAGAAGGG	0	0	0
CCCTTGAA	TTCAAGGG	0	0	0
CCCTTGAC	GTCAAGGG	0	0	0
CCCTTGAG	CTCAAGGG	0	0	0
CCCTTGCA	TGCAAGGG	0	0	0
CCCTTGCC	GGCAAGGG	0	0	0
CCCTTGCG	CGCAAGGG	0	0	0
CCCTTGGA	TCCAAGGG	0	0	0
CCCTTGGC	GCCAAGGG	0	0	0
CCCTTGTA	TACAAGGG	0	0	0
CCCTTGTC	GACAAGGG	0	0	0
CCCTTTAA	TTAAAGGG	0	0	0
CCCTTTAC	GTAAAGGG	0	0	0
CCCTTTAG	CTAAAGGG	0	0	0
CCCTTTCA	TGAAAGGG	0	0	0
CCCTTTCC	GGAAAGGG	0	0	0
CCCTTTCG	CGAAAGGG	0	0	0
CCCTTTGA	TCAAAGGG	0	0	0
CCCTTTGC	GCAAAGGG	0	0	0
CCCTTTTA	TAAAAGGG	0	0	0
CCCTTTTC	GAAAAGGG	0	0	0
CCGAAAAA	TTTTTCGG	0	0	0
CCGAAAAC	GTTTTCGG	0	0	0
CCGAAAAG	CTTTTCGG	0	0	0
CCGAAACA	TGTTTCGG	0	0	0
CCGAAACC	GGTTTCGG	0	0	0
CCGAAACG	CGTTTCGG	0	0	0
CCGAAAGA	TCTTTCGG	0	0	0
CCGAAAGC	GCTTTCGG	0	0	0
CCGAAAGG	CCTTTCGG	0	0	0
CCGAAATA	TATTTCGG	0	0	0
CCGAAATC	GATTTCGG	0	0	0
CCGAACAA	TTGTTCGG	0	0	0
CCGAACAC	GTGTTCGG	0	0	0
CCGAACAG	CTGTTCGG	0	0	0
CCGAACCA	TGGTTCGG	0	0	0
CCGAACCC	GGGTTCGG	0	0	0
CCGAACCG	CGGTTCGG	0	0	0
CCGAACGA	TCGTTCGG	0	0	0
CCGAACGC	GCGTTCGG	0	0	0
CCGAACGG	CCGTTCGG	0	0	0
CCGAACTA	TAGTTCGG	0	0	0
CCGAACTC	GAGTTCGG	0	0	0
CCGAAGAA	TTCTTCGG	0	0	0
CCGAAGAC	GTCTTCGG	0	0	0
CCGAAGAG	CTCTTCGG	0	0	0
CCGAAGCA	TGCTTCGG	0	0	0
CCGAAGCC	GGCTTCGG	0	0	0
CCGAAGCG	CGCTTCGG	0	0	0
CCGAAGGA	TCCTTCGG	0	0	0
CCGAAGGC	GCCTTCGG	0	0	0
CCGAAGTA	TACTTCGG	0	0	0
CCGAAGTC	GACTTCGG	0	0	0
CCGAATAA	TTATTCGG	0	0	0
CCGAATAC	GTATTCGG	0	0	0
CCGAATAG	CTATTCGG	0	0	0
CCGAATCA	TGATTCGG	0	0	0
CCGAATCC	GGATTCGG	0	0	0
CCGAATCG	CGATTCGG	0	0	0
CCGAATGA	TCATTCGG	0	0	0
CCGAATGC	GCATTCGG	0	0	0
CCGAATTA	TAATTCGG	0	0	0
CCGAATTC	GAATTCGG	0	0	0
CCGACAAA	TTTGTCGG	0	0	0
CCGACAAC	GTTGTCGG	0	0	0
CCGACAAG	CTTGTCGG	0	0	0
CCGACACA	TGTGTCGG	0	0	0
CCGACACC	GGTGTCGG	0	0	0
CCGACACG	CGTGTCGG	0	0	0
CCGACAGA	TCTGTCGG	0	0	0
CCGACAGC	GCTGTCGG	0	0	0
CCGACAGG	CCTGTCGG	0	0	0
CCGACATA	TATGTCGG	0	0	0
CCGACATC	GATGTCGG	0	0	0
CCGACCAA	TTGGTCGG	0	0	0
CCGACCAC	GTGGTCGG	0	0	0
CCGACCAG	CTGGTCGG	0	0	0
CCGACCCA	TGGGTCGG	0	0	0
CCGACCCC	GGGGTCGG	0	0	0
CCGACCCG	CGGGTCGG	0	0	0
CCGACCGA	TCGGTCGG	0	0	0
CCGACCGC	GCGGTCGG	0	0	0
CCGACCGG	CCGGTCGG	0	0	0
CCGACCTA	TAGGTCGG	0	0	0
CCGACCTC	GAGGTCGG	0	0	0
CCGACGAA	TTCGTCGG	0	0	0
CCGACGAC	GTCGTCGG	0	0	0
CCGACGAG	CTCGTCGG	0	0	0
CCGACGCA	TGCGTCGG	0	0	0
CCGACGCC	GGCGTCGG	0	0	0
CCGACGCG	CGCGTCGG	0	0	0
CCGACGGA	TCCGTCGG	0	0	0
CCGACGGC	GCCGTCGG	0	0	0
CCGACGTA	TACGTCGG	0	0	0
CCGACGTC	GACGTCGG	0	0	0
CCGACTAA	TTAGTCGG	0	0	0
CCGACTAC	GTAGTCGG	0	0	0
CCGACTAG	CTAGTCGG	0	0	0
CCGACTCA	TGAGTCGG	0	0	0
CCGACTCC	GGAGTCGG	0	0	0
CCGACTCG	CGAGTCGG	0	0	0
CCGACTGA	TCAGTCGG	0	0	0
CCGACTGC	GCAGTCGG	0	0	0
CCGACTTA	TAAGTCGG	0	0	0
CCGACTTC	GAAGTCGG	0	0	0
CCGAGAAA	TTTCTCGG	0	0	0
CCGAGAAC	GTTCTCGG	0	0	0
CCGAGAAG	CTTCTCGG	0	0	0
CCGAGACA	TGTCTCGG	0	0	0
CCGAGACC	GGTCTCGG	0	0	0
CCGAGACG	CGTCTCGG	0	0	0
CCGAGAGA	TCTCTCGG	0	0	0
CCGAGAGC	GCTCTCGG	0	0	0
CCGAGAGG	CCTCTCGG	0	0	0
CCGAGATA	TATCTCGG	0	0	0
CCGAGATC	GATCTCGG	0	0	0
CCGAGCAA	TTGCTCGG	0	0	0
CCGAGCAC	GTGCTCGG	0	0	0
CCGAGCAG	CTGCTCGG	0	0	0
CCGAGCCA	TGGCTCGG	0	0	0
CCGAGCCC	GGGCTCGG	0	0	0
CCGAGCCG	CGGCTCGG	0	0	0
CCGAGCGA	TCGCTCGG	0	0	0
CCGAGCGC	GCGCTCGG	0	0	0
CCGAGCGG	CCGCTCGG	0	0	0
CCGAGCTA	TAGCTCGG	0	0	0
CCGAGCTC	GAGCTCGG	0	0	0
CCGAGGAA	TTCCTCGG	0	0	0
CCGAGGAC	GTCCTCGG	0	0	0
CCGAGGAG	CTCCTCGG	0	0	0
CCGAGGCA	TGCCTCGG	0	0	0
CCGAGGCC	GGCCTCGG	0	0	0
CCGAGGCG	CGCCTCGG	0	0	0
CCGAGGGA	TCCCTCGG	0	0	0
CCGAGGGC	GCCCTCGG	0	0	0
CCGAGGTA	TACCTCGG	0	0	0
CCGAGGTC	GACCTCGG	0	0	0
CCGAGTAA	TTACTCGG	0	0	0
CCGAGTAC	GTACTCGG	0	0	0
CCGAGTAG	CTACTCGG	0	0	0
CCGAGTCA	TGACTCGG	0	0	0
CCGAGTCC	GGACTCGG	0	0	0
CCGAGTCG	CGACTCGG	0	0	0
CCGAGTGA	TCACTCGG	0	0	0
CCGAGTGC	GCACTCGG	0	0	0
CCGAGTTA	TAACTCGG	0	0	0
CCGAGTTC	GAACTCGG	0	0	0
CCGATAAA	TTTATCGG	0	0	0
CCGATAAC	GTTATCGG	0	0	0
CCGATAAG	CTTATCGG	0	0	0
CCGATACA	TGTATCGG	0	0	0
CCGATACC	GGTATCGG	0	0	0
CCGATACG	CGTATCGG	0	0	0
CCGATAGA	TCTATCGG	0	0	0
CCGATAGC	GCTATCGG	0	0	0
CCGATAGG	CCTATCGG	0	0	0
CCGATATA	TATATCGG	0	0	0
CCGATATC	GATATCGG	0	0	0
CCGATCAA	TTGATCGG	0	0	0
CCGATCAC	GTGATCGG	0	0	0
CCGATCAG	CTGATCGG	0	0	0
CCGATCCA	TGGATCGG	0	0	0
CCGATCCC	GGGATCGG	0	0	0
CCGATCCG	CGGATCGG	0	0	0
CCGATCGA	TCGATCGG	0	0	0
CCGATCGC	GCGATCGG	0	0	0
CCGATCGG	CCGATCGG	0	0	0
CCGATCTA	TAGATCGG	0	0	0
CCGATCTC	GAGATCGG	0	0	0
CCGATGAA	TTCATCGG	0	0	0
CCGATGAC	GTCATCGG	0	0	0
CCGATGAG	CTCATCGG	0	0	0
CCGATGCA	TGCATCGG	0	0	0
CCGATGCC	GGCATCGG	0	0	0
CCGATGCG	CGCATCGG	0	0	0
CCGATGGA	TCCATCGG	0	0	0
CCGATGGC	GCCATCGG	0	0	0
CCGATGTA	TACATCGG	0	0	0
CCGATGTC	GACATCGG	0	0	0
CCGATTAA	TTAATCGG	0	0	0
CCGATTAC	GTAATCGG	0	0	0
CCGATTAG	CTAATCGG	0	0	0
CCGATTCA	TGAATCGG	0	0	0
CCGATTCC	GGAATCGG	0	0	0
CCGATTCG	CGAATCGG	0	0	0
CCGATTGA	TCAATCGG	0	0	0
CCGATTGC	GCAATCGG	0	0	0
CCGATTTA	TAAATCGG	0	0	0
CCGATTTC	GAAATCGG	0	0	0
CCGCAAAA	TTTTGCGG	0	0	0
CCGCAAAC	GTTTGCGG	0	0	0
CCGCAAAG	CTTTGCGG	0	0	0
CCGCAACA	TGTTGCGG	0	0	0
CCGCAACC	GGTTGCGG	0	0	0
CCGCAACG	CGTTGCGG	0	0	0
CCGCAAGA	TCTTGCGG	0	0	0
CCGCAAGC	GCTTGCGG	0	0	0
CCGCAAGG	CCTTGCGG	0	0	0
CCGCAATA	TATTGCGG	0	0	0
CCGCAATC	GATTGCGG	0	0	0
CCGCACAA	TTGTGCGG	0	0	0
CCGCACAC	GTGTGCGG	0	0	0
CCGCACAG	CTGTGCGG	0	0	0
CCGCACCA	TGGTGCGG	0	0	0
CCGCACCC	GGGTGCGG	0	0	0
CCGCACCG	CGGTGCGG	0	0	0
CCGCACGA	TCGTGCGG	0	0	0
CCGCACGC	GCGTGCGG	0	0	0
CCGCACGG	CCGTGCGG	0	0	0
CCGCACTA	TAGTGCGG	0	0	0
CCGCACTC	GAGTGCGG	0	0	0
CCGCAGAA	TTCTGCGG	0	0	0
CCGCAGAC	GTCTGCGG	0	0	0
CCGCAGAG	CTCTGCGG	0	0	0
CCGCAGCA	TGCTGCGG	0	0	0
CCGCAGCC	GGCTGCGG	0	0	0
CCGCAGCG	CGCTGCGG	0	0	0
CCGCAGGA	TCCTGCGG	0	0	0
CCGCAGGC	GCCTGCGG	0	0	0
CCGCAGTA	TACTGCGG	0	0	0
CCGCAGTC	GACTGCGG	0	0	0
CCGCATAA	TTATGCGG	0	0	0
CCGCATAC	GTATGCGG	0	0	0
CCGCATAG	CTATGCGG	0	0	0
CCGCATCA	TGATGCGG	0	0	0
CCGCATCC	GGATGCGG	0	0	0
CCGCATCG	CGATGCGG	0	0	0
CCGCATGA	TCATGCGG	0	0	0
CCGCATGC	GCATGCGG	0	0	0
CCGCATTA	TAATGCGG	0	0	0
CCGCATTC	GAATGCGG	0	0	0
CCGCCAAA	TTTGGCGG	0	0	0
CCGCCAAC	GTTGGCGG	0	0	0
CCGCCAAG	CTTGGCGG	0	0	0
CCGCCACA	TGTGGCGG	0	0	0
CCGCCACC	GGTGGCGG	0	0	0
CCGCCACG	CGTGGCGG	0	0	0
CCGCCAGA	TCTGGCGG	0	0	0
CCGCCAGC	GCTGGCGG	0	0	0
CCGCCAGG	CCTGGCGG	0	0	0
CCGCCATA	TATGGCGG	0	0	0
CCGCCATC	GATGGCGG	0	0	0
CCGCCCAA	TTGGGCGG	0	0	0
CCGCCCAC	GTGGGCGG	0	0	0
CCGCCCAG	CTGGGCGG	0	0	0
CCGCCCCA	TGGGGCGG	0	0	0
CCGCCCCC	GGGGGCGG	0	0	0
CCGCCCCG	CGGGGCGG	0	0	0
CCGCCCGA	TCGGGCGG	0	0	0
CCGCCCGC	GCGGGCGG	0	0	0
CCGCCCGG	CCGGGCGG	0	0	0
CCGCCCTA	TAGGGCGG	0	0	0
CCGCCCTC	GAGGGCGG	0	0	0
CCGCCGAA	TTCGGCGG	0	0	0
CCGCCGAC	GTCGGCGG	0	0	0
CCGCCGAG	CTCGGCGG	0	0	0
CCGCCGCA	TGCGGCGG	0	0	0
CCGCCGCC	GGCGGCGG	0	0	0
CCGCCGCG	CGCGGCGG	0	0	0
CCGCCGGA	TCCGGCGG	0	0	0
CCGCCGGC	GCCGGCGG	0	0	0
CCGCCGTA	TACGGCGG	0	0	0
CCGCCGTC	GACGGCGG	0	0	0
CCGCCTAA	TTAGGCGG	0	0	0
CCGCCTAC	GTAGGCGG	0	0	0
CCGCCTAG	CTAGGCGG	0	0	0
CCGCCTCA	TGAGGCGG	0	0	0
CCGCCTCC	GGAGGCGG	0	0	0
CCGCCTCG	CGAGGCGG	0	0	0
CCGCCTGA	TCAGGCGG	0	0	0
CCGCCTGC	GCAGGCGG	0	0	0
CCGCCTTA	TAAGGCGG	0	0	0
CCGCCTTC	GAAGGCGG	0	0	0
CCGCGAAA	TTTCGCGG	0	0	0
CCGCGAAC	GTTCGCGG	0	0	0
CCGCGAAG	CTTCGCGG	0	0	0
CCGCGACA	TGTCGCGG	0	0	0
CCGCGACC	GGTCGCGG	0	0	0
CCGCGACG	CGTCGCGG	0	0	0
CCGCGAGA	TCTCGCGG	0	0	0
CCGCGAGC	GCTCGCGG	0	0	0
CCGCGAGG	CCTCGCGG	0	0	0
CCGCGATA	TATCGCGG	0	0	0
CCGCGATC	GATCGCGG	0	0	0
CCGCGCAA	TTGCGCGG	0	0	0
CCGCGCAC	GTGCGCGG	0	0	0
CCGCGCAG	CTGCGCGG	0	0	0
CCGCGCCA	TGGCGCGG	0	0	0
CCGCGCCC	GGGCGCGG	0	0	0
CCGCGCCG	CGGCGCGG	0	0	0
CCGCGCGA	TCGCGCGG	0	0	0
CCGCGCGC	GCGCGCGG	0	0	0
CCGCGCGG	CCGCGCGG	0	0	0
CCGCGCTA	TAGCGCGG	0	0	0
CCGCGCTC	GAGCGCGG	0	0	0
CCGCGGAA	TTCCGCGG	0	0	0
CCGCGGAC	GTCCGCGG	0	0	0
CCGCGGAG	CTCCGCGG	0	0	0
CCGCGGCA	TGCCGCGG	0	0	0
CCGCGGCC	GGCCGCGG	0	0	0
CCGCGGCG	CGCCGCGG	0	0	0
CCGCGGGA	TCCCGCGG	0	0	0
CCGCGGGC	GCCCGCGG	0	0	0
CCGCGGTA	TACCGCGG	0	0	0
CCGCGGTC	GACCGCGG	0	0	0
CCGCGTAA	TTACGCGG	0	0	0
CCGCGTAC	GTACGCGG	0	0	0
CCGCGTAG	CTACGCGG	0	0	0
CCGCGTCA	TGACGCGG	0	0	0
CCGCGTCC	GGACGCGG	0	0	0
CCGCGTCG	CGACGCGG	0	0	0
CCGCGTGA	TCACGCGG	0	0	0
CCGCGTGC	GCACGCGG	0	0	0
CCGCGTTA	TAACGCGG	0	0	0
CCGCGTTC	GAACGCGG	0	0	0
CCGCTAAA	TTTAGCGG	0	0	0
CCGCTAAC	GTTAGCGG	0	0	0
CCGCTAAG	CTTAGCGG	0	0	0
CCGCTACA	TGTAGCGG	0	0	0
CCGCTACC	GGTAGCGG	0	0	0
CCGCTACG	CGTAGCGG	0	0	0
CCGCTAGA	TCTAGCGG	0	0	0
CCGCTAGC	GCTAGCGG	0	0	0
CCGCTAGG	CCTAGCGG	0	0	0
CCGCTATA	TATAGCGG	0	0	0
CCGCTATC	GATAGCGG	0	0	0
CCGCTCAA	TTGAGCGG	0	0	0
CCGCTCAC	GTGAGCGG	0	0	0
CCGCTCAG	CTGAGCGG	0	0	0
CCGCTCCA	TGGAGCGG	0	0	0
CCGCTCCC	GGGAGCGG	0	0	0
CCGCTCCG	CGGAGCGG	0	0	0
CCGCTCGA	TCGAGCGG	0	0	0
CCGCTCGC	GCGAGCGG	0	0	0
CCGCTCTA	TAGAGCGG	0	0	0
CCGCTCTC	GAGAGCGG	0	0	0
CCGCTGAA	TTCAGCGG	0	0	0
CCGCTGAC	GTCAGCGG	0	0	0
CCGCTGAG	CTCAGCGG	0	0	0
CCGCTGCA	TGCAGCGG	0	0	0
CCGCTGCC	GGCAGCGG	0	0	0
CCGCTGCG	CGCAGCGG	0	0	0
CCGCTGGA	TCCAGCGG	0	0	0
CCGCTGGC	GCCAGCGG	0	0	0
CCGCTGTA	TACAGCGG	0	0	0
CCGCTGTC	GACAGCGG	0	0	0
CCGCTTAA	TTAAGCGG	0	0	0
CCGCTTAC	GTAAGCGG	0	0	0
CCGCTTAG	CTAAGCGG	0	0	0
CCGCTTCA	TGAAGCGG	0	0	0
CCGCTTCC	GGAAGCGG	0	0	0
CCGCTTCG	CGAAGCGG	0	0	0
CCGCTTGA	TCAAGCGG	0	0	0
CCGCTTGC	GCAAGCGG	0	0	0
CCGCTTTA	TAAAGCGG	0	0	0
CCGCTTTC	GAAAGCGG	0	0	0
CCGGAAAA	TTTTCCGG	0	0	0
CCGGAAAC	GTTTCCGG	0	0	0
CCGGAAAG	CTTTCCGG	0	0	0
CCGGAACA	TGTTCCGG	0	0	0
CCGGAACC	GGTTCCGG	0	0	0
CCGGAACG	CGTTCCGG	0	0	0
CCGGAAGA	TCTTCCGG	0	0	0
CCGGAAGC	GCTTCCGG	0	0	0
CCGGAAGG	CCTTCCGG	0	0	0
CCGGAATA	TATTCCGG	0	0	0
CCGGAATC	GATTCCGG	0	0	0
CCGGACAA	TTGTCCGG	0	0	0
CCGGACAC	GTGTCCGG	0	0	0
CCGGACAG	CTGTCCGG	0	0	0
CCGGACCA	TGGTCCGG	0	0	0
CCGGACCC	GGGTCCGG	0	0	0
CCGGACCG	CGGTCCGG	0	0	0
CCGGACGA	TCGTCCGG	0	0	0
CCGGACGC	GCGTCCGG	0	0	0
CCGGACGG	CCGTCCGG	0	0	0
CCGGACTA	TAGTCCGG	0	0	0
CCGGACTC	GAGTCCGG	0	0	0
CCGGAGAA	TTCTCCGG	0	0	0
CCGGAGAC	GTCTCCGG	0	0	0
CCGGAGAG	CTCTCCGG	0	0	0
CCGGAGCA	TGCTCCGG	0	0	0
CCGGAGCC	GGCTCCGG	0	0	0
CCGGAGCG	CGCTCCGG	0	0	0
CCGGAGGA	TCCTCCGG	0	0	0
CCGGAGGC	GCCTCCGG	0	0	0
CCGGAGTA	TACTCCGG	0	0	0
CCGGAGTC	GACTCCGG	0	0	0
CCGGATAA	TTATCCGG	0	0	0
CCGGATAC	GTATCCGG	0	0	0
CCGGATAG	CTATCCGG	0	0	0
CCGGATCA	TGATCCGG	0	0	0
CCGGATCC	GGATCCGG	0	0	0
CCGGATCG	CGATCCGG	0	0	0
CCGGATGA	TCATCCGG	0	0	0
CCGGATGC	GCATCCGG	0	0	0
CCGGATTA	TAATCCGG	0	0	0
CCGGATTC	GAATCCGG	0	0	0
CCGGCAAA	TTTGCCGG	0	0	0
CCGGCAAC	GTTGCCGG	0	0	0
CCGGCAAG	CTTGCCGG	0	0	0
CCGGCACA	TGTGCCGG	0	0	0
CCGGCACC	GGTGCCGG	0	0	0
CCGGCACG	CGTGCCGG	0	0	0
CCGGCAGA	TCTGCCGG	0	0	0
CCGGCAGC	GCTGCCGG	0	0	0
CCGGCAGG	CCTGCCGG	0	0	0
CCGGCATA	TATGCCGG	0	0	0
CCGGCATC	GATGCCGG	0	0	0
CCGGCCAA	TTGGCCGG	0	0	0
CCGGCCAC	GTGGCCGG	0	0	0
CCGGCCAG	CTGGCCGG	0	0	0
CCGGCCCA	TGGGCCGG	0	0	0
CCGGCCCC	GGGGCCGG	0	0	0
CCGGCCCG	CGGGCCGG	0	0	0
CCGGCCGA	TCGGCCGG	0	0	0
CCGGCCGC	GCGGCCGG	0	0	0
CCGGCCGG	CCGGCCGG	0	0	0
CCGGCCTA	TAGGCCGG	0	0	0
CCGGCCTC	GAGGCCGG	0	0	0
CCGGCGAA	TTCGCCGG	0	0	0
CCGGCGAC	GTCGCCGG	0	0	0
CCGGCGAG	CTCGCCGG	0	0	0
CCGGCGCA	TGCGCCGG	0	0	0
CCGGCGCC	GGCGCCGG	0	0	0
CCGGCGCG	CGCGCCGG	0	0	0
CCGGCGGA	TCCGCCGG	0	0	0
CCGGCGGC	GCCGCCGG	0	0	0
CCGGCGTA	TACGCCGG	0	0	0
CCGGCGTC	GACGCCGG	0	0	0
CCGGCTAA	TTAGCCGG	0	0	0
CCGGCTAC	GTAGCCGG	0	0	0
CCGGCTAG	CTAGCCGG	0	0	0
CCGGCTCA	TGAGCCGG	0	0	0
CCGGCTCC	GGAGCCGG	0	0	0
CCGGCTCG	CGAGCCGG	0	0	0
CCGGCTGA	TCAGCCGG	0	0	0
CCGGCTGC	GCAGCCGG	0	0	0
CCGGCTTA	TAAGCCGG	0	0	0
CCGGCTTC	GAAGCCGG	0	0	0
CCGGGAAA	TTTCCCGG	0	0	0
CCGGGAAC	GTTCCCGG	0	0	0
CCGGGAAG	CTTCCCGG	0	0	0
CCGGGACA	TGTCCCGG	0	0	0
CCGGGACC	GGTCCCGG	0	0	0
CCGGGACG	CGTCCCGG	0	0	0
CCGGGAGA	TCTCCCGG	0	0	0
CCGGGAGC	GCTCCCGG	0	0	0
CCGGGAGG	CCTCCCGG	0	0	0
CCGGGATA	TATCCCGG	0	0	0
CCGGGATC	GATCCCGG	0	0	0
CCGGGCAA	TTGCCCGG	0	0	0
CCGGGCAC	GTGCCCGG	0	0	0
CCGGGCAG	CTGCCCGG	0	0	0
CCGGGCCA	TGGCCCGG	0	0	0
CCGGGCCC	GGGCCCGG	0	0	0
CCGGGCCG	CGGCCCGG	0	0	0
CCGGGCGA	TCGCCCGG	0	0	0
CCGGGCGC	GCGCCCGG	0	0	0
CCGGGCTA	TAGCCCGG	0	0	0
CCGGGCTC	GAGCCCGG	0	0	0
CCGGGGAA	TTCCCCGG	0	0	0
CCGGGGAC	GTCCCCGG	0	0	0
CCGGGGAG	CTCCCCGG	0	0	0
CCGGGGCA	TGCCCCGG	0	0	0
CCGGGGCC	GGCCCCGG	0	0	0
CCGGGGCG	CGCCCCGG	0	0	0
CCGGGGGA	TCCCCCGG	0	0	0
CCGGGGGC	GCCCCCGG	0	0	0
CCGGGGTA	TACCCCGG	0	0	0
CCGGGGTC	GACCCCGG	0	0	0
CCGGGTAA	TTACCCGG	0	0	0
CCGGGTAC	GTACCCGG	0	0	0
CCGGGTAG	CTACCCGG	0	0	0
CCGGGTCA	TGACCCGG	0	0	0
CCGGGTCC	GGACCCGG	0	0	0
CCGGGTCG	CGACCCGG	0	0	0
CCGGGTGA	TCACCCGG	0	0	0
CCGGGTGC	GCACCCGG	0	0	0
CCGGGTTA	TAACCCGG	0	0	0
CCGGGTTC	GAACCCGG	0	0	0
CCGGTAAA	TTTACCGG	0	0	0
CCGGTAAC	GTTACCGG	0	0	0
CCGGTAAG	CTTACCGG	0	0	0
CCGGTACA	TGTACCGG	0	0	0
CCGGTACC	GGTACCGG	0	0	0
CCGGTACG	CGTACCGG	0	0	0
CCGGTAGA	TCTACCGG	0	0	0
CCGGTAGC	GCTACCGG	0	0	0
CCGGTAGG	CCTACCGG	0	0	0
CCGGTATA	TATACCGG	0	0	0
CCGGTATC	GATACCGG	0	0	0
CCGGTCAA	TTGACCGG	0	0	0
CCGGTCAC	GTGACCGG	0	0	0
CCGGTCAG	CTGACCGG	0	0	0
CCGGTCCA	TGGACCGG	0	0	0
CCGGTCCC	GGGACCGG	0	0	0
CCGGTCCG	CGGACCGG	0	0	0
CCGGTCGA	TCGACCGG	0	0	0
CCGGTCGC	GCGACCGG	0	0	0
CCGGTCTA	TAGACCGG	0	0	0
CCGGTCTC	GAGACCGG	0	0	0
CCGGTGAA	TTCACCGG	0	0	0
CCGGTGAC	GTCACCGG	0	0	0
CCGGTGAG	CTCACCGG	0	0	0
CCGGTGCA	TGCACCGG	0	0	0
CCGGTGCC	GGCACCGG	0	0	0
CCGGTGCG	CGCACCGG	0	0	0
CCGGTGGA	TCCACCGG	0	0	0
CCGGTGGC	GCCACCGG	0	0	0
CCGGTGTA	TACACCGG	0	0	0
CCGGTGTC	GACACCGG	0	0	0
CCGGTTAA	TTAACCGG	0	0	0
CCGGTTAC	GTAACCGG	0	0	0
CCGGTTAG	CTAACCGG	0	0	0
CCGGTTCA	TGAACCGG	0	0	0
CCGGTTCC	GGAACCGG	0	0	0
CCGGTTCG	CGAACCGG	0	0	0
CCGGTTGA	TCAACCGG	0	0	0
CCGGTTGC	GCAACCGG	0	0	0
CCGGTTTA	TAAACCGG	0	0	0
CCGGTTTC	GAAACCGG	0	0	0
CCGTAAAA	TTTTACGG	0	0	0
CCGTAAAC	GTTTACGG	0	0	0
CCGTAAAG	CTTTACGG	0	0	0
CCGTAACA	TGTTACGG	0	0	0
CCGTAACC	GGTTACGG	0	0	0
CCGTAACG	CGTTACGG	0	0	0
CCGTAAGA	TCTTACGG	0	0	0
CCGTAAGC	GCTTACGG	0	0	0
CCGTAAGG	CCTTACGG	0	0	0
CCGTAATA	TATTACGG	0	0	0
CCGTAATC	GATTACGG	0	0	0
CCGTACAA	TTGTACGG	0	0	0
CCGTACAC	GTGTACGG	0	0	0
CCGTACAG	CTGTACGG	0	0	0
CCGTACCA	TGGTACGG	0	0	0
CCGTACCC	GGGTACGG	0	0	0
CCGTACCG	CGGTACGG	0	0	0
CCGTACGA	TCGTACGG	0	0	0
CCGTACGC	GCGTACGG	0	0	0
CCGTACGG	CCGTACGG	0	0	0
CCGTACTA	TAGTACGG	0	0	0
CCGTACTC	GAGTACGG	0	0	0
CCGTAGAA	TTCTACGG	0	0	0
CCGTAGAC	GTCTACGG	0	0	0
CCGTAGAG	CTCTACGG	0	0	0
CCGTAGCA	TGCTACGG	0	0	0
CCGTAGCC	GGCTACGG	0	0	0
CCGTAGCG	CGCTACGG	0	0	0
CCGTAGGA	TCCTACGG	0	0	0
CCGTAGGC	GCCTACGG	0	0	0
CCGTAGTA	TACTACGG	0	0	0
CCGTAGTC	GACTACGG	0	0	0
CCGTATAA	TTATACGG	0	0	0
CCGTATAC	GTATACGG	0	0	0
CCGTATAG	CTATACGG	0	0	0
CCGTATCA	TGATACGG	0	0	0
CCGTATCC	GGATACGG	0	0	0
CCGTATCG	CGATACGG	0	0	0
CCGTATGA	TCATACGG	0	0	0
CCGTATGC	GCATACGG	0	0	0
CCGTATTA	TAATACGG	0	0	0
CCGTATTC	GAATACGG	0	0	0
CCGTCAAA	TTTGACGG	0	0	0
CCGTCAAC	GTTGACGG	0	0	0
CCGTCAAG	CTTGACGG	0	0	0
CCGTCACA	TGTGACGG	0	0	0
CCGTCACC	GGTGACGG	0	0	0
CCGTCACG	CGTGACGG	0	0	0
CCGTCAGA	TCTGACGG	0	0	0
CCGTCAGC	GCTGACGG	0	0	0
CCGTCAGG	CCTGACGG	0	0	0
CCGTCATA	TATGACGG	0	0	0
CCGTCATC	GATGACGG	0	0	0
CCGTCCAA	TTGGACGG	0	0	0
CCGTCCAC	GTGGACGG	0	0	0
CCGTCCAG	CTGGACGG	0	0	0
CCGTCCCA	TGGGACGG	0	0	0
CCGTCCCC	GGGGACGG	0	0	0
CCGTCCCG	CGGGACGG	0	0	0
CCGTCCGA	TCGGACGG	0	0	0
CCGTCCGC	GCGGACGG	0	0	0
CCGTCCTA	TAGGACGG	0	0	0
CCGTCCTC	GAGGACGG	0	0	0
CCGTCGAA	TTCGACGG	0	0	0
CCGTCGAC	GTCGACGG	0	0	0
CCGTCGAG	CTCGACGG	0	0	0
CCGTCGCA	TGCGACGG	0	0	0
CCGTCGCC	GGCGACGG	0	0	0
CCGTCGCG	CGCGACGG	0	0	0
CCGTCGGA	TCCGACGG	0	0	0
CCGTCGGC	GCCGACGG	0	0	0
CCGTCGTA	TACGACGG	0	0	0
CCGTCGTC	GACGACGG	0	0	0
CCGTCTAA	TTAGACGG	0	0	0
CCGTCTAC	GTAGACGG	0	0	0
CCGTCTAG	CTAGACGG	0	0	0
CCGTCTCA	TGAGACGG	0	0	0
CCGTCTCC	GGAGACGG	0	0	0
CCGTCTCG	CGAGACGG	0	0	0
CCGTCTGA	TCAGACGG	0	0	0
CCGTCTGC	GCAGACGG	0	0	0
CCGTCTTA	TAAGACGG	0	0	0
CCGTCTTC	GAAGACGG	0	0	0
CCGTGAAA	TTTCACGG	0	0	0
CCGTGAAC	GTTCACGG	0	0	0
CCGTGAAG	CTTCACGG	0	0	0
CCGTGACA	TGTCACGG	0	0	0
CCGTGACC	GGTCACGG	0	0	0
CCGTGACG	CGTCACGG	0	0	0
CCGTGAGA	TCTCACGG	0	0	0
CCGTGAGC	GCTCACGG	0	0	0
CCGTGAGG	CCTCACGG	0	0	0
CCGTGATA	TATCACGG	0	0	0
CCGTGATC	GATCACGG	0	0	0
CCGTGCAA	TTGCACGG	0	0	0
CCGTGCAC	GTGCACGG	0	0	0
CCGTGCAG	CTGCACGG	0	0	0
CCGTGCCA	TGGCACGG	0	0	0
CCGTGCCC	GGGCACGG	0	0	0
CCGTGCCG	CGGCACGG	0	0	0
CCGTGCGA	TCGCACGG	0	0	0
CCGTGCGC	GCGCACGG	0	0	0
CCGTGCTA	TAGCACGG	0	0	0
CCGTGCTC	GAGCACGG	0	0	0
CCGTGGAA	TTCCACGG	0	0	0
CCGTGGAC	GTCCACGG	0	0	0
CCGTGGAG	CTCCACGG	0	0	0
CCGTGGCA	TGCCACGG	0	0	0
CCGTGGCC	GGCCACGG	0	0	0
CCGTGGCG	CGCCACGG	0	0	0
CCGTGGGA	TCCCACGG	0	0	0
CCGTGGGC	GCCCACGG	0	0	0
CCGTGGTA	TACCACGG	0	0	0
CCGTGGTC	GACCACGG	0	0	0
CCGTGTAA	TTACACGG	0	0	0
CCGTGTAC	GTACACGG	0	0	0
CCGTGTAG	CTACACGG	0	0	0
CCGTGTCA	TGACACGG	0	0	0
CCGTGTCC	GGACACGG	0	0	0
CCGTGTCG	CGACACGG	0	0	0
CCGTGTGA	TCACACGG	0	0	0
CCGTGTGC	GCACACGG	0	0	0
CCGTGTTA	TAACACGG	0	0	0
CCGTGTTC	GAACACGG	0	0	0
CCGTTAAA	TTTAACGG	0	0	0
CCGTTAAC	GTTAACGG	0	0	0
CCGTTAAG	CTTAACGG	0	0	0
CCGTTACA	TGTAACGG	0	0	0
CCGTTACC	GGTAACGG	0	0	0
CCGTTACG	CGTAACGG	0	0	0
CCGTTAGA	TCTAACGG	0	0	0
CCGTTAGC	GCTAACGG	0	0	0
CCGTTAGG	CCTAACGG	0	0	0
CCGTTATA	TATAACGG	0	0	0
CCGTTATC	GATAACGG	0	0	0
CCGTTCAA	TTGAACGG	0	0	0
CCGTTCAC	GTGAACGG	0	0	0
CCGTTCAG	CTGAACGG	0	0	0
CCGTTCCA	TGGAACGG	0	0	0
CCGTTCCC	GGGAACGG	0	0	0
CCGTTCCG	CGGAACGG	0	0	0
CCGTTCGA	TCGAACGG	0	0	0
CCGTTCGC	GCGAACGG	0	0	0
CCGTTCTA	TAGAACGG	0	0	0
CCGTTCTC	GAGAACGG	0	0	0
CCGTTGAA	TTCAACGG	0	0	0
CCGTTGAC	GTCAACGG	0	0	0
CCGTTGAG	CTCAACGG	0	0	0
CCGTTGCA	TGCAACGG	0	0	0
CCGTTGCC	GGCAACGG	0	0	0
CCGTTGCG	CGCAACGG	0	0	0
CCGTTGGA	TCCAACGG	0	0	0
CCGTTGGC	GCCAACGG	0	0	0
CCGTTGTA	TACAACGG	0	0	0
CCGTTGTC	GACAACGG	0	0	0
CCGTTTAA	TTAAACGG	0	0	0
CCGTTTAC	GTAAACGG	0	0	0
CCGTTTAG	CTAAACGG	0	0	0
CCGTTTCA	TGAAACGG	0	0	0
CCGTTTCC	GGAAACGG	0	0	0
CCGTTTCG	CGAAACGG	0	0	0
CCGTTTGA	TCAAACGG	0	0	0
CCGTTTGC	GCAAACGG	0	0	0
CCGTTTTA	TAAAACGG	0	0	0
CCGTTTTC	GAAAACGG	0	0	0
CCTAAAAA	TTTTTAGG	0	0	0
CCTAAAAC	GTTTTAGG	0	0	0
CCTAAAAG	CTTTTAGG	0	0	0
CCTAAACA	TGTTTAGG	0	0	0
CCTAAACC	GGTTTAGG	0	0	0
CCTAAACG	CGTTTAGG	0	0	0
CCTAAAGA	TCTTTAGG	0	0	0
CCTAAAGC	GCTTTAGG	0	0	0
CCTAAAGG	CCTTTAGG	0	0	0
CCTAAATA	TATTTAGG	0	0	0
CCTAAATC	GATTTAGG	0	0	0
CCTAACAA	TTGTTAGG	0	0	0
CCTAACAC	GTGTTAGG	0	0	0
CCTAACAG	CTGTTAGG	0	0	0
CCTAACCA	TGGTTAGG	0	0	0
CCTAACCC	GGGTTAGG	0	0	0
CCTAACCG	CGGTTAGG	0	0	0
CCTAACGA	TCGTTAGG	0	0	0
CCTAACGC	GCGTTAGG	0	0	0
CCTAACTA	TAGTTAGG	0	0	0
CCTAACTC	GAGTTAGG	0	0	0
CCTAAGAA	TTCTTAGG	0	0	0
CCTAAGAC	GTCTTAGG	0	0	0
CCTAAGAG	CTCTTAGG	0	0	0
CCTAAGCA	TGCTTAGG	0	0	0
CCTAAGCC	GGCTTAGG	0	0	0
CCTAAGCG	CGCTTAGG	0	0	0
CCTAAGGA	TCCTTAGG	0	0	0
CCTAAGGC	GCCTTAGG	0	0	0
CCTAAGTA	TACTTAGG	0	0	0
CCTAAGTC	GACTTAGG	0	0	0
CCTAATAA	TTATTAGG	0	0	0
CCTAATAC	GTATTAGG	0	0	0
CCTAATAG	CTATTAGG	0	0	0
CCTAATCA	TGATTAGG	0	0	0
CCTAATCC	GGATTAGG	0	0	0
CCTAATCG	CGATTAGG	0	0	0
CCTAATGA	TCATTAGG	0	0	0
CCTAATGC	GCATTAGG	0	0	0
CCTAATTA	TAATTAGG	0	0	0
CCTAATTC	GAATTAGG	0	0	0
CCTACAAA	TTTGTAGG	0	0	0
CCTACAAC	GTTGTAGG	0	0	0
CCTACAAG	CTTGTAGG	0	0	0
CCTACACA	TGTGTAGG	0	0	0
CCTACACC	GGTGTAGG	0	0	0
CCTACACG	CGTGTAGG	0	0	0
CCTACAGA	TCTGTAGG	0	0	0
CCTACAGC	GCTGTAGG	0	0	0
CCTACAGG	CCTGTAGG	0	0	0
CCTACATA	TATGTAGG	0	0	0
CCTACATC	GATGTAGG	0	0	0
CCTACCAA	TTGGTAGG	0	0	0
CCTACCAC	GTGGTAGG	0	0	0
CCTACCAG	CTGGTAGG	0	0	0
CCTACCCA	TGGGTAGG	0	0	0
CCTACCCC	GGGGTAGG	0	0	0
CCTACCCG	CGGGTAGG	0	0	0
CCTACCGA	TCGGTAGG	0	0	0
CCTACCGC	GCGGTAGG	0	0	0
CCTACCTA	TAGGTAGG	0	0	0
CCTACCTC	GAGGTAGG	0	0	0
CCTACGAA	TTCGTAGG	0	0	0
CCTACGAC	GTCGTAGG	0	0	0
CCTACGAG	CTCGTAGG	0	0	0
CCTACGCA	TGCGTAGG	0	0	0
CCTACGCC	GGCGTAGG	0	0	0
CCTACGCG	CGCGTAGG	0	0	0
CCTACGGA	TCCGTAGG	0	0	0
CCTACGGC	GCCGTAGG	0	0	0
CCTACGTA	TACGTAGG	0	0	0
CCTACGTC	GACGTAGG	0	0	0
CCTACTAA	TTAGTAGG	0	0	0
CCTACTAC	GTAGTAGG	0	0	0
CCTACTAG	CTAGTAGG	0	0	0
CCTACTCA	TGAGTAGG	0	0	0
CCTACTCC	GGAGTAGG	0	0	0
CCTACTCG	CGAGTAGG	0	0	0
CCTACTGA	TCAGTAGG	0	0	0
CCTACTGC	GCAGTAGG	0	0	0
CCTACTTA	TAAGTAGG	0	0	0
CCTACTTC	GAAGTAGG	0	0	0
CCTAGAAA	TTTCTAGG	0	0	0
CCTAGAAC	GTTCTAGG	0	0	0
CCTAGAAG	CTTCTAGG	0	0	0
CCTAGACA	TGTCTAGG	0	0	0
CCTAGACC	GGTCTAGG	0	0	0
CCTAGACG	CGTCTAGG	0	0	0
CCTAGAGA	TCTCTAGG	0	0	0
CCTAGAGC	GCTCTAGG	0	0	0
CCTAGAGG	CCTCTAGG	0	0	0
CCTAGATA	TATCTAGG	0	0	0
CCTAGATC	GATCTAGG	0	0	0
CCTAGCAA	TTGCTAGG	0	0	0
CCTAGCAC	GTGCTAGG	0	0	0
CCTAGCAG	CTGCTAGG	0	0	0
CCTAGCCA	TGGCTAGG	0	0	0
CCTAGCCC	GGGCTAGG	0	0	0
CCTAGCCG	CGGCTAGG	0	0	0
CCTAGCGA	TCGCTAGG	0	0	0
CCTAGCGC	GCGCTAGG	0	0	0
CCTAGCTA	TAGCTAGG	0	0	0
CCTAGCTC	GAGCTAGG	0	0	0
CCTAGGAA	TTCCTAGG	0	0	0
CCTAGGAC	GTCCTAGG	0	0	0
CCTAGGAG	CTCCTAGG	0	0	0
CCTAGGCA	TGCCTAGG	0	0	0
CCTAGGCC	GGCCTAGG	0	0	0
CCTAGGCG	CGCCTAGG	0	0	0
CCTAGGGA	TCCCTAGG	0	0	0
CCTAGGGC	GCCCTAGG	0	0	0
CCTAGGTA	TACCTAGG	0	0	0
CCTAGGTC	GACCTAGG	0	0	0
CCTAGTAA	TTACTAGG	0	0	0
CCTAGTAC	GTACTAGG	0	0	0
CCTAGTAG	CTACTAGG	0	0	0
CCTAGTCA	TGACTAGG	0	0	0
CCTAGTCC	GGACTAGG	0	0	0
CCTAGTCG	CGACTAGG	0	0	0
CCTAGTGA	TCACTAGG	0	0	0
CCTAGTGC	GCACTAGG	0	0	0
CCTAGTTA	TAACTAGG	0	0	0
CCTAGTTC	GAACTAGG	0	0	0
CCTATAAA	TTTATAGG	0	0	0
CCTATAAC	GTTATAGG	0	0	0
CCTATAAG	CTTATAGG	0	0	0
CCTATACA	TGTATAGG	0	0	0
CCTATACC	GGTATAGG	0	0	0
CCTATACG	CGTATAGG	0	0	0
CCTATAGA	TCTATAGG	0	0	0
CCTATAGC	GCTATAGG	0	0	0
CCTATAGG	CCTATAGG	0	0	0
CCTATATA	TATATAGG	0	0	0
CCTATATC	GATATAGG	0	0	0
CCTATCAA	TTGATAGG	0	0	0
CCTATCAC	GTGATAGG	0	0	0
CCTATCAG	CTGATAGG	0	0	0
CCTATCCA	TGGATAGG	0	0	0
CCTATCCC	GGGATAGG	0	0	0
CCTATCCG	CGGATAGG	0	0	0
CCTATCGA	TCGATAGG	0	0	0
CCTATCGC	GCGATAGG	0	0	0
CCTATCTA	TAGATAGG	0	0	0
CCTATCTC	GAGATAGG	0	0	0
CCTATGAA	TTCATAGG	0	0	0
CCTATGAC	GTCATAGG	0	0	0
CCTATGAG	CTCATAGG	0	0	0
CCTATGCA	TGCATAGG	0	0	0
CCTATGCC	GGCATAGG	0	0	0
CCTATGCG	CGCATAGG	0	0	0
CCTATGGA	TCCATAGG	0	0	0
CCTATGGC	GCCATAGG	0	0	0
CCTATGTA	TACATAGG	0	0	0
CCTATGTC	GACATAGG	0	0	0
CCTATTAA	TTAATAGG	0	0	0
CCTATTAC	GTAATAGG	0	0	0
CCTATTAG	CTAATAGG	0	0	0
CCTATTCA	TGAATAGG	0	0	0
CCTATTCC	GGAATAGG	0	0	0
CCTATTCG	CGAATAGG	0	0	0
CCTATTGA	TCAATAGG	0	0	0
CCTATTGC	GCAATAGG	0	0	0
CCTATTTA	TAAATAGG	0	0	0
CCTATTTC	GAAATAGG	0	0	0
CCTCAAAA	TTTTGAGG	0	0	0
CCTCAAAC	GTTTGAGG	0	0	0
CCTCAAAG	CTTTGAGG	0	0	0
CCTCAACA	TGTTGAGG	0	0	0
CCTCAACC	GGTTGAGG	0	0	0
CCTCAACG	CGTTGAGG	0	0	0
CCTCAAGA	TCTTGAGG	0	0	0
CCTCAAGC	GCTTGAGG	0	0	0
CCTCAAGG	CCTTGAGG	0	0	0
CCTCAATA	TATTGAGG	0	0	0
CCTCAATC	GATTGAGG	0	0	0
CCTCACAA	TTGTGAGG	0	0	0
CCTCACAC	GTGTGAGG	0	0	0
CCTCACAG	CTGTGAGG	0	0	0
CCTCACCA	TGGTGAGG	0	0	0
CCTCACCC	GGGTGAGG	0	0	0
CCTCACCG	CGGTGAGG	0	0	0
CCTCACGA	TCGTGAGG	0	0	0
CCTCACGC	GCGTGAGG	0	0	0
CCTCACTA	TAGTGAGG	0	0	0
CCTCACTC	GAGTGAGG	0	0	0
CCTCAGAA	TTCTGAGG	0	0	0
CCTCAGAC	GTCTGAGG	0	0	0
CCTCAGAG	CTCTGAGG	0	0	0
CCTCAGCA	TGCTGAGG	0	0	0
CCTCAGCC	GGCTGAGG	0	0	0
CCTCAGCG	CGCTGAGG	0	0	0
CCTCAGGA	TCCTGAGG	0	0	0
CCTCAGGC	GCCTGAGG	0	0	0
CCTCAGTA	TACTGAGG	0	0	0
CCTCAGTC	GACTGAGG	0	0	0
CCTCATAA	TTATGAGG	0	0	0
CCTCATAC	GTATGAGG	0	0	0
CCTCATAG	CTATGAGG	0	0	0
CCTCATCA	TGATGAGG	0	0	0
CCTCATCC	GGATGAGG	0	0	0
CCTCATCG	CGATGAGG	0	0	0
CCTCATGA	TCATGAGG	0	0	0
CCTCATGC	GCATGAGG	0	0	0
CCTCATTA	TAATGAGG	0	0	0
CCTCATTC	GAATGAGG	0	0	0
CCTCCAAA	TTTGGAGG	0	0	0
CCTCCAAC	GTTGGAGG	0	0	0
CCTCCAAG	CTTGGAGG	0	0	0
CCTCCACA	TGTGGAGG	0	0	0
CCTCCACC	GGTGGAGG	0	0	0
CCTCCACG	CGTGGAGG	0	0	0
CCTCCAGA	TCTGGAGG	0	0	0
CCTCCAGC	GCTGGAGG	0	0	0
CCTCCAGG	CCTGGAGG	0	0	0
CCTCCATA	TATGGAGG	0	0	0
CCTCCATC	GATGGAGG	0	0	0
CCTCCCAA	TTGGGAGG	0	0	0
CCTCCCAC	GTGGGAGG	0	0	0
CCTCCCAG	CTGGGAGG	0	0	0
CCTCCCCA	TGGGGAGG	0	0	0
CCTCCCCC	GGGGGAGG	0	0	0
CCTCCCCG	CGGGGAGG	0	0	0
CCTCCCGA	TCGGGAGG	0	0	0
CCTCCCGC	GCGGGAGG	0	0	0
CCTCCCTA	TAGGGAGG	0	0	0
CCTCCCTC	GAGGGAGG	0	0	0
CCTCCGAA	TTCGGAGG	0	0	0
CCTCCGAC	GTCGGAGG	0	0	0
CCTCCGAG	CTCGGAGG	0	0	0
CCTCCGCA	TGCGGAGG	0	0	0
CCTCCGCC	GGCGGAGG	0	0	0
CCTCCGCG	CGCGGAGG	0	0	0
CCTCCGGA	TCCGGAGG	0	0	0
CCTCCGGC	GCCGGAGG	0	0	0
CCTCCGTA	TACGGAGG	0	0	0
CCTCCGTC	GACGGAGG	0	0	0
CCTCCTAA	TTAGGAGG	0	0	0
CCTCCTAC	GTAGGAGG	0	0	0
CCTCCTAG	CTAGGAGG	0	0	0
CCTCCTCA	TGAGGAGG	0	0	0
CCTCCTCC	GGAGGAGG	0	0	0
CCTCCTCG	CGAGGAGG	0	0	0
CCTCCTGA	TCAGGAGG	0	0	0
CCTCCTGC	GCAGGAGG	0	0	0
CCTCCTTA	TAAGGAGG	0	0	0
CCTCCTTC	GAAGGAGG	0	0	0
CCTCGAAA	TTTCGAGG	0	0	0
CCTCGAAC	GTTCGAGG	0	0	0
CCTCGAAG	CTTCGAGG	0	0	0
CCTCGACA	TGTCGAGG	0	0	0
CCTCGACC	GGTCGAGG	0	0	0
CCTCGACG	CGTCGAGG	0	0	0
CCTCGAGA	TCTCGAGG	0	0	0
CCTCGAGC	GCTCGAGG	0	0	0
CCTCGAGG	CCTCGAGG	0	0	0
CCTCGATA	TATCGAGG	0	0	0
CCTCGATC	GATCGAGG	0	0	0
CCTCGCAA	TTGCGAGG	0	0	0
CCTCGCAC	GTGCGAGG	0	0	0
CCTCGCAG	CTGCGAGG	0	0	0
CCTCGCCA	TGGCGAGG	0	0	0
CCTCGCCC	GGGCGAGG	0	0	0
CCTCGCCG	CGGCGAGG	0	0	0
CCTCGCGA	TCGCGAGG	0	0	0
CCTCGCGC	GCGCGAGG	0	0	0
CCTCGCTA	TAGCGAGG	0	0	0
CCTCGCTC	GAGCGAGG	0	0	0
CCTCGGAA	TTCCGAGG	0	0	0
CCTCGGAC	GTCCGAGG	0	0	0
CCTCGGAG	CTCCGAGG	0	0	0
CCTCGGCA	TGCCGAGG	0	0	0
CCTCGGCC	GGCCGAGG	0	0	0
CCTCGGCG	CGCCGAGG	0	0	0
CCTCGGGA	TCCCGAGG	0	0	0
CCTCGGGC	GCCCGAGG	0	0	0
CCTCGGTA	TACCGAGG	0	0	0
CCTCGGTC	GACCGAGG	0	0	0
CCTCGTAA	TTACGAGG	0	0	0
CCTCGTAC	GTACGAGG	0	0	0
CCTCGTAG	CTACGAGG	0	0	0
CCTCGTCA	TGACGAGG	0	0	0
CCTCGTCC	GGACGAGG	0	0	0
CCTCGTCG	CGACGAGG	0	0	0
CCTCGTGA	TCACGAGG	0	0	0
CCTCGTGC	GCACGAGG	0	0	0
CCTCGTTA	TAACGAGG	0	0	0
CCTCGTTC	GAACGAGG	0	0	0
CCTCTAAA	TTTAGAGG	0	0	0
CCTCTAAC	GTTAGAGG	0	0	0
CCTCTAAG	CTTAGAGG	0	0	0
CCTCTACA	TGTAGAGG	0	0	0
CCTCTACC	GGTAGAGG	0	0	0
CCTCTACG	CGTAGAGG	0	0	0
CCTCTAGA	TCTAGAGG	0	0	0
CCTCTAGC	GCTAGAGG	0	0	0
CCTCTATA	TATAGAGG	0	0	0
CCTCTATC	GATAGAGG	0	0	0
CCTCTCAA	TTGAGAGG	0	0	0
CCTCTCAC	GTGAGAGG	0	0	0
CCTCTCAG	CTGAGAGG	0	0	0
CCTCTCCA	TGGAGAGG	0	0	0
CCTCTCCC	GGGAGAGG	0	0	0
CCTCTCCG	CGGAGAGG	0	0	0
CCTCTCGA	TCGAGAGG	0	0	0
CCTCTCGC	GCGAGAGG	0	0	0
CCTCTCTA	TAGAGAGG	0	0	0
CCTCTCTC	GAGAGAGG	0	0	0
CCTCTGAA	TTCAGAGG	0	0	0
CCTCTGAC	GTCAGAGG	0	0	0
CCTCTGAG	CTCAGAGG	0	0	0
CCTCTGCA	TGCAGAGG	0	0	0
CCTCTGCC	GGCAGAGG	0	0	0
CCTCTGCG	CGCAGAGG	0	0	0
CCTCTGGA	TCCAGAGG	0	0	0
CCTCTGGC	GCCAGAGG	0	0	0
CCTCTGTA	TACAGAGG	0	0	0
CCTCTGTC	GACAGAGG	0	0	0
CCTCTTAA	TTAAGAGG	0	0	0
CCTCTTAC	GTAAGAGG	0	0	0
CCTCTTAG	CTAAGAGG	0	0	0
CCTCTTCA	TGAAGAGG	0	0	0
CCTCTTCC	GGAAGAGG	0	0	0
CCTCTTCG	CGAAGAGG	0	0	0
CCTCTTGA	TCAAGAGG	0	0	0
CCTCTTGC	GCAAGAGG	0	0	0
CCTCTTTA	TAAAGAGG	0	0	0
CCTCTTTC	GAAAGAGG	0	0	0
CCTGAAAA	TTTTCAGG	0	0	0
CCTGAAAC	GTTTCAGG	0	0	0
CCTGAAAG	CTTTCAGG	0	0	0
CCTGAACA	TGTTCAGG	0	0	0
CCTGAACC	GGTTCAGG	0	0	0
CCTGAACG	CGTTCAGG	0	0	0
CCTGAAGA	TCTTCAGG	0	0	0
CCTGAAGC	GCTTCAGG	0	0	0
CCTGAAGG	CCTTCAGG	0	0	0
CCTGAATA	TATTCAGG	0	0	0
CCTGAATC	GATTCAGG	0	0	0
CCTGACAA	TTGTCAGG	0	0	0
CCTGACAC	GTGTCAGG	0	0	0
CCTGACAG	CTGTCAGG	0	0	0
CCTGACCA	TGGTCAGG	0	0	0
CCTGACCC	GGGTCAGG	0	0	0
CCTGACCG	CGGTCAGG	0	0	0
CCTGACGA	TCGTCAGG	0	0	0
CCTGACGC	GCGTCAGG	0	0	0
CCTGACTA	TAGTCAGG	0	0	0
CCTGACTC	GAGTCAGG	0	0	0
CCTGAGAA	TTCTCAGG	0	0	0
CCTGAGAC	GTCTCAGG	0	0	0
CCTGAGAG	CTCTCAGG	0	0	0
CCTGAGCA	TGCTCAGG	0	0	0
CCTGAGCC	GGCTCAGG	0	0	0
CCTGAGCG	CGCTCAGG	0	0	0
CCTGAGGA	TCCTCAGG	0	0	0
CCTGAGGC	GCCTCAGG	0	0	0
CCTGAGTA	TACTCAGG	0	0	0
CCTGAGTC	GACTCAGG	0	0	0
CCTGATAA	TTATCAGG	0	0	0
CCTGATAC	GTATCAGG	0	0	0
CCTGATAG	CTATCAGG	0	0	0
CCTGATCA	TGATCAGG	0	0	0
CCTGATCC	GGATCAGG	0	0	0
CCTGATCG	CGATCAGG	0	0	0
CCTGATGA	TCATCAGG	0	0	0
CCTGATGC	GCATCAGG	0	0	0
CCTGATTA	TAATCAGG	0	0	0
CCTGATTC	GAATCAGG	0	0	0
CCTGCAAA	TTTGCAGG	0	0	0
CCTGCAAC	GTTGCAGG	0	0	0
CCTGCAAG	CTTGCAGG	0	0	0
CCTGCACA	TGTGCAGG	0	0	0
CCTGCACC	GGTGCAGG	0	0	0
CCTGCACG	CGTGCAGG	0	0	0
CCTGCAGA	TCTGCAGG	0	0	0
CCTGCAGC	GCTGCAGG	0	0	0
CCTGCAGG	CCTGCAGG	0	0	0
CCTGCATA	TATGCAGG	0	0	0
CCTGCATC	GATGCAGG	0	0	0
CCTGCCAA	TTGGCAGG	0	0	0
CCTGCCAC	GTGGCAGG	0	0	0
CCTGCCAG	CTGGCAGG	0	0	0
CCTGCCCA	TGGGCAGG	0	0	0
CCTGCCCC	GGGGCAGG	0	0	0
CCTGCCCG	CGGGCAGG	0	0	0
CCTGCCGA	TCGGCAGG	0	0	0
CCTGCCGC	GCGGCAGG	0	0	0
CCTGCCTA	TAGGCAGG	0	0	0
CCTGCCTC	GAGGCAGG	0	0	0
CCTGCGAA	TTCGCAGG	0	0	0
CCTGCGAC	GTCGCAGG	0	0	0
CCTGCGAG	CTCGCAGG	0	0	0
CCTGCGCA	TGCGCAGG	0	0	0
CCTGCGCC	GGCGCAGG	0	0	0
CCTGCGCG	CGCGCAGG	0	0	0
CCTGCGGA	TCCGCAGG	0	0	0
CCTGCGGC	GCCGCAGG	0	0	0
CCTGCGTA	TACGCAGG	0	0	0
CCTGCGTC	GACGCAGG	0	0	0
CCTGCTAA	TTAGCAGG	0	0	0
CCTGCTAC	GTAGCAGG	0	0	0
CCTGCTAG	CTAGCAGG	0	0	0
CCTGCTCA	TGAGCAGG	0	0	0
CCTGCTCC	GGAGCAGG	0	0	0
CCTGCTCG	CGAGCAGG	0	0	0
CCTGCTGA	TCAGCAGG	0	0	0
CCTGCTGC	GCAGCAGG	0	0	0
CCTGCTTA	TAAGCAGG	0	0	0
CCTGCTTC	GAAGCAGG	0	0	0
CCTGGAAA	TTTCCAGG	0	0	0
CCTGGAAC	GTTCCAGG	0	0	0
CCTGGAAG	CTTCCAGG	0	0	0
CCTGGACA	TGTCCAGG	0	0	0
CCTGGACC	GGTCCAGG	0	0	0
CCTGGACG	CGTCCAGG	0	0	0
CCTGGAGA	TCTCCAGG	0	0	0
CCTGGAGC	GCTCCAGG	0	0	0
CCTGGATA	TATCCAGG	0	0	0
CCTGGATC	GATCCAGG	0	0	0
CCTGGCAA	TTGCCAGG	0	0	0
CCTGGCAC	GTGCCAGG	0	0	0
CCTGGCAG	CTGCCAGG	0	0	0
CCTGGCCA	TGGCCAGG	0	0	0
CCTGGCCC	GGGCCAGG	0	0	0
CCTGGCCG	CGGCCAGG	0	0	0
CCTGGCGA	TCGCCAGG	0	0	0
CCTGGCGC	GCGCCAGG	0	0	0
CCTGGCTA	TAGCCAGG	0	0	0
CCTGGCTC	GAGCCAGG	0	0	0
CCTGGGAA	TTCCCAGG	0	0	0
CCTGGGAC	GTCCCAGG	0	0	0
CCTGGGAG	CTCCCAGG	0	0	0
CCTGGGCA	TGCCCAGG	0	0	0
CCTGGGCC	GGCCCAGG	0	0	0
CCTGGGCG	CGCCCAGG	0	0	0
CCTGGGGA	TCCCCAGG	0	0	0
CCTGGGGC	GCCCCAGG	0	0	0
CCTGGGTA	TACCCAGG	0	0	0
CCTGGGTC	GACCCAGG	0	0	0
CCTGGTAA	TTACCAGG	0	0	0
CCTGGTAC	GTACCAGG	0	0	0
CCTGGTAG	CTACCAGG	0	0	0
CCTGGTCA	TGACCAGG	0	0	0
CCTGGTCC	GGACCAGG	0	0	0
CCTGGTCG	CGACCAGG	0	0	0
CCTGGTGA	TCACCAGG	0	0	0
CCTGGTGC	GCACCAGG	0	0	0
CCTGGTTA	TAACCAGG	0	0	0
CCTGGTTC	GAACCAGG	0	0	0
CCTGTAAA	TTTACAGG	0	0	0
CCTGTAAC	GTTACAGG	0	0	0
CCTGTAAG	CTTACAGG	0	0	0
CCTGTACA	TGTACAGG	0	0	0
CCTGTACC	GGTACAGG	0	0	0
CCTGTACG	CGTACAGG	0	0	0
CCTGTAGA	TCTACAGG	0	0	0
CCTGTAGC	GCTACAGG	0	0	0
CCTGTATA	TATACAGG	0	0	0
CCTGTATC	GATACAGG	0	0	0
CCTGTCAA	TTGACAGG	0	0	0
CCTGTCAC	GTGACAGG	0	0	0
CCTGTCAG	CTGACAGG	0	0	0
CCTGTCCA	TGGACAGG	0	0	0
CCTGTCCC	GGGACAGG	0	0	0
CCTGTCCG	CGGACAGG	0	0	0
CCTGTCGA	TCGACAGG	0	0	0
CCTGTCGC	GCGACAGG	0	0	0
CCTGTCTA	TAGACAGG	0	0	0
CCTGTCTC	GAGACAGG	0	0	0
CCTGTGAA	TTCACAGG	0	0	0
CCTGTGAC	GTCACAGG	0	0	0
CCTGTGAG	CTCACAGG	0	0	0
CCTGTGCA	TGCACAGG	0	0	0
CCTGTGCC	GGCACAGG	0	0	0
CCTGTGCG	CGCACAGG	0	0	0
CCTGTGGA	TCCACAGG	0	0	0
CCTGTGGC	GCCACAGG	0	0	0
CCTGTGTA	TACACAGG	0	0	0
CCTGTGTC	GACACAGG	0	0	0
CCTGTTAA	TTAACAGG	0	0	0
CCTGTTAC	GTAACAGG	0	0	0
CCTGTTAG	CTAACAGG	0	0	0
CCTGTTCA	TGAACAGG	0	0	0
CCTGTTCC	GGAACAGG	0	0	0
CCTGTTCG	CGAACAGG	0	0	0
CCTGTTGA	TCAACAGG	0	0	0
CCTGTTGC	GCAACAGG	0	0	0
CCTGTTTA	TAAACAGG	0	0	0
CCTGTTTC	GAAACAGG	0	0	0
CCTTAAAA	TTTTAAGG	0	0	0
CCTTAAAC	GTTTAAGG	0	0	0
CCTTAAAG	CTTTAAGG	0	0	0
CCTTAACA	TGTTAAGG	0	0	0
CCTTAACC	GGTTAAGG	0	0	0
CCTTAACG	CGTTAAGG	0	0	0
CCTTAAGA	TCTTAAGG	0	0	0
CCTTAAGC	GCTTAAGG	0	0	0
CCTTAAGG	CCTTAAGG	0	0	0
CCTTAATA	TATTAAGG	0	0	0
CCTTAATC	GATTAAGG	0	0	0
CCTTACAA	TTGTAAGG	0	0	0
CCTTACAC	GTGTAAGG	0	0	0
CCTTACAG	CTGTAAGG	0	0	0
CCTTACCA	TGGTAAGG	0	0	0
CCTTACCC	GGGTAAGG	0	0	0
CCTTACCG	CGGTAAGG	0	0	0
CCTTACGA	TCGTAAGG	0	0	0
CCTTACGC	GCGTAAGG	0	0	0
CCTTACTA	TAGTAAGG	0	0	0
CCTTACTC	GAGTAAGG	0	0	0
CCTTAGAA	TTCTAAGG	0	0	0
CCTTAGAC	GTCTAAGG	0	0	0
CCTTAGAG	CTCTAAGG	0	0	0
CCTTAGCA	TGCTAAGG	0	0	0
CCTTAGCC	GGCTAAGG	0	0	0
CCTTAGCG	CGCTAAGG	0	0	0
CCTTAGGA	TCCTAAGG	0	0	0
CCTTAGGC	GCCTAAGG	0	0	0
CCTTAGTA	TACTAAGG	0	0	0
CCTTAGTC	GACTAAGG	0	0	0
CCTTATAA	TTATAAGG	0	0	0
CCTTATAC	GTATAAGG	0	0	0
CCTTATAG	CTATAAGG	0	0	0
CCTTATCA	TGATAAGG	0	0	0
CCTTATCC	GGATAAGG	0	0	0
CCTTATCG	CGATAAGG	0	0	0
CCTTATGA	TCATAAGG	0	0	0
CCTTATGC	GCATAAGG	0	0	0
CCTTATTA	TAATAAGG	0	0	0
CCTTATTC	GAATAAGG	0	0	0
CCTTCAAA	TTTGAAGG	0	0	0
CCTTCAAC	GTTGAAGG	0	0	0
CCTTCAAG	CTTGAAGG	0	0	0
CCTTCACA	TGTGAAGG	0	0	0
CCTTCACC	GGTGAAGG	0	0	0
CCTTCACG	CGTGAAGG	0	0	0
CCTTCAGA	TCTGAAGG	0	0	0
CCTTCAGC	GCTGAAGG	0	0	0
CCTTCATA	TATGAAGG	0	0	0
CCTTCATC	GATGAAGG	0	0	0
CCTTCCAA	TTGGAAGG	0	0	0
CCTTCCAC	GTGGAAGG	0	0	0
CCTTCCAG	CTGGAAGG	0	0	0
CCTTCCCA	TGGGAAGG	0	0	0
CCTTCCCC	GGGGAAGG	0	0	0
CCTTCCCG	CGGGAAGG	0	0	0
CCTTCCGA	TCGGAAGG	0	0	0
CCTTCCGC	GCGGAAGG	0	0	0
CCTTCCTA	TAGGAAGG	0	0	0
CCTTCCTC	GAGGAAGG	0	0	0
CCTTCGAA	TTCGAAGG	0	0	0
CCTTCGAC	GTCGAAGG	0	0	0
CCTTCGAG	CTCGAAGG	0	0	0
CCTTCGCA	TGCGAAGG	0	0	0
CCTTCGCC	GGCGAAGG	0	0	0
CCTTCGCG	CGCGAAGG	0	0	0
CCTTCGGA	TCCGAAGG	0	0	0
CCTTCGGC	GCCGAAGG	0	0	0
CCTTCGTA	TACGAAGG	0	0	0
CCTTCGTC	GACGAAGG	0	0	0
CCTTCTAA	TTAGAAGG	0	0	0
CCTTCTAC	GTAGAAGG	0	0	0
CCTTCTAG	CTAGAAGG	0	0	0
CCTTCTCA	TGAGAAGG	0	0	0
CCTTCTCC	GGAGAAGG	0	0	0
CCTTCTCG	CGAGAAGG	0	0	0
CCTTCTGA	TCAGAAGG	0	0	0
CCTTCTGC	GCAGAAGG	0	0	0
CCTTCTTA	TAAGAAGG	0	0	0
CCTTCTTC	GAAGAAGG	0	0	0
CCTTGAAA	TTTCAAGG	0	0	0
CCTTGAAC	GTTCAAGG	0	0	0
CCTTGAAG	CTTCAAGG	0	0	0
CCTTGACA	TGTCAAGG	0	0	0
CCTTGACC	GGTCAAGG	0	0	0
CCTTGACG	CGTCAAGG	0	0	0
CCTTGAGA	TCTCAAGG	0	0	0
CCTTGAGC	GCTCAAGG	0	0	0
CCTTGATA	TATCAAGG	0	0	0
CCTTGATC	GATCAAGG	0	0	0
CCTTGCAA	TTGCAAGG	0	0	0
CCTTGCAC	GTGCAAGG	0	0	0
CCTTGCAG	CTGCAAGG	0	0	0
CCTTGCCA	TGGCAAGG	0	0	0
CCTTGCCC	GGGCAAGG	0	0	0
CCTTGCCG	CGGCAAGG	0	0	0
CCTTGCGA	TCGCAAGG	0	0	0
CCTTGCGC	GCGCAAGG	0	0	0
CCTTGCTA	TAGCAAGG	0	0	0
CCTTGCTC	GAGCAAGG	0	0	0
CCTTGGAA	TTCCAAGG	0	0	0
CCTTGGAC	GTCCAAGG	0	0	0
CCTTGGAG	CTCCAAGG	0	0	0
CCTTGGCA	TGCCAAGG	0	0	0
CCTTGGCC	GGCCAAGG	0	0	0
CCTTGGCG	CGCCAAGG	0	0	0
CCTTGGGA	TCCCAAGG	0	0	0
CCTTGGGC	GCCCAAGG	0	0	0
CCTTGGTA	TACCAAGG	0	0	0
CCTTGGTC	GACCAAGG	0	0	0
CCTTGTAA	TTACAAGG	0	0	0
CCTTGTAC	GTACAAGG	0	0	0
CCTTGTAG	CTACAAGG	0	0	0
CCTTGTCA	TGACAAGG	0	0	0
CCTTGTCC	GGACAAGG	0	0	0
CCTTGTCG	CGACAAGG	0	0	0
CCTTGTGA	TCACAAGG	0	0	0
CCTTGTGC	GCACAAGG	0	0	0
CCTTGTTA	TAACAAGG	0	0	0
CCTTGTTC	GAACAAGG	0	0	0
CCTTTAAA	TTTAAAGG	0	0	0
CCTTTAAC	GTTAAAGG	0	0	0
CCTTTAAG	CTTAAAGG	0	0	0
CCTTTACA	TGTAAAGG	0	0	0
CCTTTACC	GGTAAAGG	0	0	0
CCTTTACG	CGTAAAGG	0	0	0
CCTTTAGA	TCTAAAGG	0	0	0
CCTTTAGC	GCTAAAGG	0	0	0
CCTTTATA	TATAAAGG	0	0	0
CCTTTATC	GATAAAGG	0	0	0
CCTTTCAA	TTGAAAGG	0	0	0
CCTTTCAC	GTGAAAGG	0	0	0
CCTTTCAG	CTGAAAGG	0	0	0
CCTTTCCA	TGGAAAGG	0	0	0
CCTTTCCC	GGGAAAGG	0	0	0
CCTTTCCG	CGGAAAGG	0	0	0
CCTTTCGA	TCGAAAGG	0	0	0
CCTTTCGC	GCGAAAGG	0	0	0
CCTTTCTA	TAGAAAGG	0	0	0
CCTTTCTC	GAGAAAGG	0	0	0
CCTTTGAA	TTCAAAGG	0	0	0
CCTTTGAC	GTCAAAGG	0	0	0
CCTTTGAG	CTCAAAGG	0	0	0
CCTTTGCA	TGCAAAGG	0	0	0
CCTTTGCC	GGCAAAGG	0	0	0
CCTTTGCG	CGCAAAGG	0	0	0
CCTTTGGA	TCCAAAGG	0	0	0
CCTTTGGC	GCCAAAGG	0	0	0
CCTTTGTA	TACAAAGG	0	0	0
CCTTTGTC	GACAAAGG	0	0	0
CCTTTTAA	TTAAAAGG	0	0	0
CCTTTTAC	GTAAAAGG	0	0	0
CCTTTTAG	CTAAAAGG	0	0	0
CCTTTTCA	TGAAAAGG	0	0	0
CCTTTTCC	GGAAAAGG	0	0	0
CCTTTTCG	CGAAAAGG	0	0	0
CCTTTTGA	TCAAAAGG	0	0	0
CCTTTTGC	GCAAAAGG	0	0	0
CCTTTTTA	TAAAAAGG	0	0	0
CCTTTTTC	GAAAAAGG	0	0	0
CGAAAAAA	TTTTTTCG	0	0	0
CGAAAAAC	GTTTTTCG	0	0	0
CGAAAAAG	CTTTTTCG	0	0	0
CGAAAACA	TGTTTTCG	0	0	0
CGAAAACC	GGTTTTCG	0	0	0
CGAAAACG	CGTTTTCG	0	0	0
CGAAAAGA	TCTTTTCG	0	0	0
CGAAAAGC	GCTTTTCG	0	0	0
CGAAAATA	TATTTTCG	0	0	0
CGAAAATC	GATTTTCG	0	0	0
CGAAACAA	TTGTTTCG	0	0	0
CGAAACAC	GTGTTTCG	0	0	0
CGAAACAG	CTGTTTCG	0	0	0
CGAAACCA	TGGTTTCG	0	0	0
CGAAACCC	GGGTTTCG	0	0	0
CGAAACCG	CGGTTTCG	0	0	0
CGAAACGA	TCGTTTCG	0	0	0
CGAAACGC	GCGTTTCG	0	0	0
CGAAACTA	TAGTTTCG	0	0	0
CGAAACTC	GAGTTTCG	0	0	0
CGAAAGAA	TTCTTTCG	0	0	0
CGAAAGAC	GTCTTTCG	0	0	0
CGAAAGAG	CTCTTTCG	0	0	0
CGAAAGCA	TGCTTTCG	0	0	0
CGAAAGCC	GGCTTTCG	0	0	0
CGAAAGCG	CGCTTTCG	0	0	0
CGAAAGGA	TCCTTTCG	0	0	0
CGAAAGGC	GCCTTTCG	0	0	0
CGAAAGTA	TACTTTCG	0	0	0
CGAAAGTC	GACTTTCG	0	0	0
CGAAATAA	TTATTTCG	0	0	0
CGAAATAC	GTATTTCG	0	0	0
CGAAATAG	CTATTTCG	0	0	0
CGAAATCA	TGATTTCG	0	0	0
CGAAATCC	GGATTTCG	0	0	0
CGAAATCG	CGATTTCG	0	0	0
CGAAATGA	TCATTTCG	0	0	0
CGAAATGC	GCATTTCG	0	0	0
CGAAATTA	TAATTTCG	0	0	0
CGAAATTC	GAATTTCG	0	0	0
CGAACAAA	TTTGTTCG	0	0	0
CGAACAAC	GTTGTTCG	0	0	0
CGAACAAG	CTTGTTCG	0	0	0
CGAACACA	TGTGTTCG	0	0	0
CGAACACC	GGTGTTCG	0	0	0
CGAACACG	CGTGTTCG	0	0	0
CGAACAGA	TCTGTTCG	0	0	0
CGAACAGC	GCTGTTCG	0	0	0
CGAACATA	TATGTTCG	0	0	0
CGAACATC	GATGTTCG	0	0	0
CGAACCAA	TTGGTTCG	0	0	0
CGAACCAC	GTGGTTCG	0	0	0
CGAACCAG	CTGGTTCG	0	0	0
CGAACCCA	TGGGTTCG	0	0	0
CGAACCCC	GGGGTTCG	0	0	0
CGAACCCG	CGGGTTCG	0	0	0
CGAACCGA	TCGGTTCG	0	0	0
CGAACCGC	GCGGTTCG	0	0	0
CGAACCTA	TAGGTTCG	0	0	0
CGAACCTC	GAGGTTCG	0	0	0
CGAACGAA	TTCGTTCG	0	0	0
CGAACGAC	GTCGTTCG	0	0	0
CGAACGAG	CTCGTTCG	0	0	0
CGAACGCA	TGCGTTCG	0	0	0
CGAACGCC	GGCGTTCG	0	0	0
CGAACGCG	CGCGTTCG	0	0	0
CGAACGGA	TCCGTTCG	0	0	0
CGAACGGC	GCCGTTCG	0	0	0
CGAACGTA	TACGTTCG	0	0	0
CGAACGTC	GACGTTCG	0	0	0
CGAACTAA	TTAGTTCG	0	0	0
CGAACTAC	GTAGTTCG	0	0	0
CGAACTAG	CTAGTTCG	0	0	0
CGAACTCA	TGAGTTCG	0	0	0
CGAACTCC	GGAGTTCG	0	0	0
CGAACTCG	CGAGTTCG	0	0	0
CGAACTGA	TCAGTTCG	0	0	0
CGAACTGC	GCAGTTCG	0	0	0
CGAACTTA	TAAGTTCG	0	0	0
CGAACTTC	GAAGTTCG	0	0	0
CGAAGAAA	TTTCTTCG	0	0	0
CGAAGAAC	GTTCTTCG	0	0	0
CGAAGAAG	CTTCTTCG	0	0	0
CGAAGACA	TGTCTTCG	0	0	0
CGAAGACC	GGTCTTCG	0	0	0
CGAAGACG	CGTCTTCG	0	0	0
CGAAGAGA	TCTCTTCG	0	0	0
CGAAGAGC	GCTCTTCG	0	0	0
CGAAGATA	TATCTTCG	0	0	0
CGAAGATC	GATCTTCG	0	0	0
CGAAGCAA	TTGCTTCG	0	0	0
CGAAGCAC	GTGCTTCG	0	0	0
CGAAGCAG	CTGCTTCG	0	0	0
CGAAGCCA	TGGCTTCG	0	0	0
CGAAGCCC	GGGCTTCG	0	0	0
CGAAGCCG	CGGCTTCG	0	0	0
CGAAGCGA	TCGCTTCG	0	0	0
CGAAGCGC	GCGCTTCG	0	0	0
CGAAGCTA	TAGCTTCG	0	0	0
CGAAGCTC	GAGCTTCG	0	0	0
CGAAGGAA	TTCCTTCG	0	0	0
CGAAGGAC	GTCCTTCG	0	0	0
CGAAGGAG	CTCCTTCG	0	0	0
CGAAGGCA	TGCCTTCG	0	0	0
CGAAGGCC	GGCCTTCG	0	0	0
CGAAGGCG	CGCCTTCG	0	0	0
CGAAGGGA	TCCCTTCG	0	0	0
CGAAGGGC	GCCCTTCG	0	0	0
CGAAGGTA	TACCTTCG	0	0	0
CGAAGGTC	GACCTTCG	0	0	0
CGAAGTAA	TTACTTCG	0	0	0
CGAAGTAC	GTACTTCG	0	0	0
CGAAGTAG	CTACTTCG	0	0	0
CGAAGTCA	TGACTTCG	0	0	0
CGAAGTCC	GGACTTCG	0	0	0
CGAAGTCG	CGACTTCG	0	0	0
CGAAGTGA	TCACTTCG	0	0	0
CGAAGTGC	GCACTTCG	0	0	0
CGAAGTTA	TAACTTCG	0	0	0
CGAAGTTC	GAACTTCG	0	0	0
CGAATAAA	TTTATTCG	0	0	0
CGAATAAC	GTTATTCG	0	0	0
CGAATAAG	CTTATTCG	0	0	0
CGAATACA	TGTATTCG	0	0	0
CGAATACC	GGTATTCG	0	0	0
CGAATACG	CGTATTCG	0	0	0
CGAATAGA	TCTATTCG	0	0	0
CGAATAGC	GCTATTCG	0	0	0
CGAATATA	TATATTCG	0	0	0
CGAATATC	GATATTCG	0	0	0
CGAATCAA	TTGATTCG	0	0	0
CGAATCAC	GTGATTCG	0	0	0
CGAATCAG	CTGATTCG	0	0	0
CGAATCCA	TGGATTCG	0	0	0
CGAATCCC	GGGATTCG	0	0	0
CGAATCCG	CGGATTCG	0	0	0
CGAATCGA	TCGATTCG	0	0	0
CGAATCGC	GCGATTCG	0	0	0
CGAATCTA	TAGATTCG	0	0	0
CGAATCTC	GAGATTCG	0	0	0
CGAATGAA	TTCATTCG	0	0	0
CGAATGAC	GTCATTCG	0	0	0
CGAATGAG	CTCATTCG	0	0	0
CGAATGCA	TGCATTCG	0	0	0
CGAATGCC	GGCATTCG	0	0	0
CGAATGCG	CGCATTCG	0	0	0
CGAATGGA	TCCATTCG	0	0	0
CGAATGGC	GCCATTCG	0	0	0
CGAATGTA	TACATTCG	0	0	0
CGAATGTC	GACATTCG	0	0	0
CGAATTAA	TTAATTCG	0	0	0
CGAATTAC	GTAATTCG	0	0	0
CGAATTAG	CTAATTCG	0	0	0
CGAATTCA	TGAATTCG	0	0	0
CGAATTCC	GGAATTCG	0	0	0
CGAATTCG	CGAATTCG	0	0	0
CGAATTGA	TCAATTCG	0	0	0
CGAATTGC	GCAATTCG	0	0	0
CGAATTTA	TAAATTCG	0	0	0
CGAATTTC	GAAATTCG	0	0	0
CGACAAAA	TTTTGTCG	0	0	0
CGACAAAC	GTTTGTCG	0	0	0
CGACAAAG	CTTTGTCG	0	0	0
CGACAACA	TGTTGTCG	0	0	0
CGACAACC	GGTTGTCG	0	0	0
CGACAACG	CGTTGTCG	0	0	0
CGACAAGA	TCTTGTCG	0	0	0
CGACAAGC	GCTTGTCG	0	0	0
CGACAATA	TATTGTCG	0	0	0
CGACAATC	GATTGTCG	0	0	0
CGACACAA	TTGTGTCG	0	0	0
CGACACAC	GTGTGTCG	0	0	0
CGACACAG	CTGTGTCG	0	0	0
CGACACCA	TGGTGTCG	0	0	0
CGACACCC	GGGTGTCG	0	0	0
CGACACCG	CGGTGTCG	0	0	0
CGACACGA	TCGTGTCG	0	0	0
CGACACGC	GCGTGTCG	0	0	0
CGACACTA	TAGTGTCG	0	0	0
CGACACTC	GAGTGTCG	0	0	0
CGACAGAA	TTCTGTCG	0	0	0
CGACAGAC	GTCTGTCG	0	0	0
CGACAGAG	CTCTGTCG	0	0	0
CGACAGCA	TGCTGTCG	0	0	0
CGACAGCC	GGCTGTCG	0	0	0
CGACAGCG	CGCTGTCG	0	0	0
CGACAGGA	TCCTGTCG	0	0	0
CGACAGGC	GCCTGTCG	0	0	0
CGACAGTA	TACTGTCG	0	0	0
CGACAGTC	GACTGTCG	0	0	0
CGACATAA	TTATGTCG	0	0	0
CGACATAC	GTATGTCG	0	0	0
CGACATAG	CTATGTCG	0	0	0
CGACATCA	TGATGTCG	0	0	0
CGACATCC	GGATGTCG	0	0	0
CGACATCG	CGATGTCG	0	0	0
CGACATGA	TCATGTCG	0	0	0
CGACATGC	GCATGTCG	0	0	0
CGACATTA	TAATGTCG	0	0	0
CGACATTC	GAATGTCG	0	0	0
CGACCAAA	TTTGGTCG	0	0	0
CGACCAAC	GTTGGTCG	0	0	0
CGACCAAG	CTTGGTCG	0	0	0
CGACCACA	TGTGGTCG	0	0	0
CGACCACC	GGTGGTCG	0	0	0
CGACCACG	CGTGGTCG	0	0	0
CGACCAGA	TCTGGTCG	0	0	0
CGACCAGC	GCTGGTCG	0	0	0
CGACCATA	TATGGTCG	0	0	0
CGACCATC	GATGGTCG	0	0	0
CGACCCAA	TTGGGTCG	0	0	0
CGACCCAC	GTGGGTCG	0	0	0
CGACCCAG	CTGGGTCG	0	0	0
CGACCCCA	TGGGGTCG	0	0	0
CGACCCCC	GGGGGTCG	0	0	0
CGACCCCG	CGGGGTCG	0	0	0
CGACCCGA	TCGGGTCG	0	0	0
CGACCCGC	GCGGGTCG	0	0	0
CGACCCTA	TAGGGTCG	0	0	0
CGACCCTC	GAGGGTCG	0	0	0
CGACCGAA	TTCGGTCG	0	0	0
CGACCGAC	GTCGGTCG	0	0	0
CGACCGAG	CTCGGTCG	0	0	0
CGACCGCA	TGCGGTCG	0	0	0
CGACCGCC	GGCGGTCG	0	0	0
CGACCGCG	CGCGGTCG	0	0	0
CGACCGGA	TCCGGTCG	0	0	0
CGACCGGC	GCCGGTCG	0	0	0
CGACCGTA	TACGGTCG	0	0	0
CGACCGTC	GACGGTCG	0	0	0
CGACCTAA	TTAGGTCG	0	0	0
CGACCTAC	GTAGGTCG	0	0	0
CGACCTAG	CTAGGTCG	0	0	0
CGACCTCA	TGAGGTCG	0	0	0
CGACCTCC	GGAGGTCG	0	0	0
CGACCTCG	CGAGGTCG	0	0	0
CGACCTGA	TCAGGTCG	0	0	0
CGACCTGC	GCAGGTCG	0	0	0
CGACCTTA	TAAGGTCG	0	0	0
CGACCTTC	GAAGGTCG	0	0	0
CGACGAAA	TTTCGTCG	0	0	0
CGACGAAC	GTTCGTCG	0	0	0
CGACGAAG	CTTCGTCG	0	0	0
CGACGACA	TGTCGTCG	0	0	0
CGACGACC	GGTCGTCG	0	0	0
CGACGACG	CGTCGTCG	0	0	0
CGACGAGA	TCTCGTCG	0	0	0
CGACGAGC	GCTCGTCG	0	0	0
CGACGATA	TATCGTCG	0	0	0
CGACGATC	GATCGTCG	0	0	0
CGACGCAA	TTGCGTCG	0	0	0
CGACGCAC	GTGCGTCG	0	0	0
CGACGCAG	CTGCGTCG	0	0	0
CGACGCCA	TGGCGTCG	0	0	0
CGACGCCC	GGGCGTCG	0	0	0
CGACGCCG	CGGCGTCG	0	0	0
CGACGCGA	TCGCGTCG	0	0	0
CGACGCGC	GCGCGTCG	0	0	0
CGACGCTA	TAGCGTCG	0	0	0
CGACGCTC	GAGCGTCG	0	0	0
CGACGGAA	TTCCGTCG	0	0	0
CGACGGAC	GTCCGTCG	0	0	0
CGACGGAG	CTCCGTCG	0	0	0
CGACGGCA	TGCCGTCG	0	0	0
CGACGGCC	GGCCGTCG	0	0	0
CGACGGCG	CGCCGTCG	0	0	0
CGACGGGA	TCCCGTCG	0	0	0
CGACGGGC	GCCCGTCG	0	0	0
CGACGGTA	TACCGTCG	0	0	0
CGACGGTC	GACCGTCG	0	0	0
CGACGTAA	TTACGTCG	0	0	0
CGACGTAC	GTACGTCG	0	0	0
CGACGTAG	CTACGTCG	0	0	0
CGACGTCA	TGACGTCG	0	0	0
CGACGTCC	GGACGTCG	0	0	0
CGACGTCG	CGACGTCG	0	0	0
CGACGTGA	TCACGTCG	0	0	0
CGACGTGC	GCACGTCG	0	0	0
CGACGTTA	TAACGTCG	0	0	0
CGACGTTC	GAACGTCG	0	0	0
CGACTAAA	TTTAGTCG	0	0	0
CGACTAAC	GTTAGTCG	0	0	0
CGACTAAG	CTTAGTCG	0	0	0
CGACTACA	TGTAGTCG	0	0	0
CGACTACC	GGTAGTCG	0	0	0
CGACTACG	CGTAGTCG	0	0	0
CGACTAGA	TCTAGTCG	0	0	0
CGACTAGC	GCTAGTCG	0	0	0
CGACTATA	TATAGTCG	0	0	0
CGACTATC	GATAGTCG	0	0	0
CGACTCAA	TTGAGTCG	0	0	0
CGACTCAC	GTGAGTCG	0	0	0
CGACTCAG	CTGAGTCG	0	0	0
CGACTCCA	TGGAGTCG	0	0	0
CGACTCCC	GGGAGTCG	0	0	0
CGACTCCG	CGGAGTCG	0	0	0
CGACTCGA	TCGAGTCG	0	0	0
CGACTCGC	GCGAGTCG	0	0	0
CGACTCTA	TAGAGTCG	0	0	0
CGACTCTC	GAGAGTCG	0	0	0
CGACTGAA	TTCAGTCG	0	0	0
CGACTGAC	GTCAGTCG	0	0	0
CGACTGAG	CTCAGTCG	0	0	0
CGACTGCA	TGCAGTCG	0	0	0
CGACTGCC	GGCAGTCG	0	0	0
CGACTGCG	CGCAGTCG	0	0	0
CGACTGGA	TCCAGTCG	0	0	0
CGACTGGC	GCCAGTCG	0	0	0
CGACTGTA	TACAGTCG	0	0	0
CGACTGTC	GACAGTCG	0	0	0
CGACTTAA	TTAAGTCG	0	0	0
CGACTTAC	GTAAGTCG	0	0	0
CGACTTAG	CTAAGTCG	0	0	0
CGACTTCA	TGAAGTCG	0	0	0
CGACTTCC	GGAAGTCG	0	0	0
CGACTTGA	TCAAGTCG	0	0	0
CGACTTGC	GCAAGTCG	0	0	0
CGACTTTA	TAAAGTCG	0	0	0
CGACTTTC	GAAAGTCG	0	0	0
CGAGAAAA	TTTTCTCG	0	0	0
CGAGAAAC	GTTTCTCG	0	0	0
CGAGAAAG	CTTTCTCG	0	0	0
CGAGAACA	TGTTCTCG	0	0	0
CGAGAACC	GGTTCTCG	0	0	0
CGAGAACG	CGTTCTCG	0	0	0
CGAGAAGA	TCTTCTCG	0	0	0
CGAGAAGC	GCTTCTCG	0	0	0
CGAGAATA	TATTCTCG	0	0	0
CGAGAATC	GATTCTCG	0	0	0
CGAGACAA	TTGTCTCG	0	0	0
CGAGACAC	GTGTCTCG	0	0	0
CGAGACAG	CTGTCTCG	0	0	0
CGAGACCA	TGGTCTCG	0	0	0
CGAGACCC	GGGTCTCG	0	0	0
CGAGACCG	CGGTCTCG	0	0	0
CGAGACGA	TCGTCTCG	0	0	0
CGAGACGC	GCGTCTCG	0	0	0
CGAGACTA	TAGTCTCG	0	0	0
CGAGACTC	GAGTCTCG	0	0	0
CGAGAGAA	TTCTCTCG	0	0	0
CGAGAGAC	GTCTCTCG	0	0	0
CGAGAGAG	CTCTCTCG	0	0	0
CGAGAGCA	TGCTCTCG	0	0	0
CGAGAGCC	GGCTCTCG	0	0	0
CGAGAGCG	CGCTCTCG	0	0	0
CGAGAGGA	TCCTCTCG	0	0	0
CGAGAGGC	GCCTCTCG	0	0	0
CGAGAGTA	TACTCTCG	0	0	0
CGAGAGTC	GACTCTCG	0	0	0
CGAGATAA	TTATCTCG	0	0	0
CGAGATAC	GTATCTCG	0	0	0
CGAGATAG	CTATCTCG	0	0	0
CGAGATCA	TGATCTCG	0	0	0
CGAGATCC	GGATCTCG	0	0	0
CGAGATCG	CGATCTCG	0	0	0
CGAGATGA	TCATCTCG	0	0	0
CGAGATGC	GCATCTCG	0	0	0
CGAGATTA	TAATCTCG	0	0	0
CGAGATTC	GAATCTCG	0	0	0
CGAGCAAA	TTTGCTCG	0	0	0
CGAGCAAC	GTTGCTCG	0	0	0
CGAGCAAG	CTTGCTCG	0	0	0
CGAGCACA	TGTGCTCG	0	0	0
CGAGCACC	GGTGCTCG	0	0	0
CGAGCACG	CGTGCTCG	0	0	0
CGAGCAGA	TCTGCTCG	0	0	0
CGAGCAGC	GCTGCTCG	0	0	0
CGAGCATA	TATGCTCG	0	0	0
CGAGCATC	GATGCTCG	0	0	0
CGAGCCAA	TTGGCTCG	0	0	0
CGAGCCAC	GTGGCTCG	0	0	0
CGAGCCAG	CTGGCTCG	0	0	0
CGAGCCCA	TGGGCTCG	0	0	0
CGAGCCCC	GGGGCTCG	0	0	0
CGAGCCCG	CGGGCTCG	0	0	0
CGAGCCGA	TCGGCTCG	0	0	0
CGAGCCGC	GCGGCTCG	0	0	0
CGAGCCTA	TAGGCTCG	0	0	0
CGAGCCTC	GAGGCTCG	0	0	0
CGAGCGAA	TTCGCTCG	0	0	0
CGAGCGAC	GTCGCTCG	0	0	0
CGAGCGAG	CTCGCTCG	0	0	0
CGAGCGCA	TGCGCTCG	0	0	0
CGAGCGCC	GGCGCTCG	0	0	0
CGAGCGCG	CGCGCTCG	0	0	0
CGAGCGGA	TCCGCTCG	0	0	0
CGAGCGGC	GCCGCTCG	0	0	0
CGAGCGTA	TACGCTCG	0	0	0
CGAGCGTC	GACGCTCG	0	0	0
CGAGCTAA	TTAGCTCG	0	0	0
CGAGCTAC	GTAGCTCG	0	0	0
CGAGCTAG	CTAGCTCG	0	0	0
CGAGCTCA	TGAGCTCG	0	0	0
CGAGCTCC	GGAGCTCG	0	0	0
CGAGCTCG	CGAGCTCG	0	0	0
CGAGCTGA	TCAGCTCG	0	0	0
CGAGCTGC	GCAGCTCG	0	0	0
CGAGCTTA	TAAGCTCG	0	0	0
CGAGCTTC	GAAGCTCG	0	0	0
CGAGGAAA	TTTCCTCG	0	0	0
CGAGGAAC	GTTCCTCG	0	0	0
CGAGGAAG	CTTCCTCG	0	0	0
CGAGGACA	TGTCCTCG	0	0	0
CGAGGACC	GGTCCTCG	0	0	0
CGAGGACG	CGTCCTCG	0	0	0
CGAGGAGA	TCTCCTCG	0	0	0
CGAGGAGC	GCTCCTCG	0	0	0
CGAGGATA	TATCCTCG	0	0	0
CGAGGATC	GATCCTCG	0	0	0
CGAGGCAA	TTGCCTCG	0	0	0
CGAGGCAC	GTGCCTCG	0	0	0
CGAGGCAG	CTGCCTCG	0	0	0
CGAGGCCA	TGGCCTCG	0	0	0
CGAGGCCC	GGGCCTCG	0	0	0
CGAGGCCG	CGGCCTCG	0	0	0
CGAGGCGA	TCGCCTCG	0	0	0
CGAGGCGC	GCGCCTCG	0	0	0
CGAGGCTA	TAGCCTCG	0	0	0
CGAGGCTC	GAGCCTCG	0	0	0
CGAGGGAA	TTCCCTCG	0	0	0
CGAGGGAC	GTCCCTCG	0	0	0
CGAGGGAG	CTCCCTCG	0	0	0
CGAGGGCA	TGCCCTCG	0	0	0
CGAGGGCC	GGCCCTCG	0	0	0
CGAGGGCG	CGCCCTCG	0	0	0
CGAGGGGA	TCCCCTCG	0	0	0
CGAGGGGC	GCCCCTCG	0	0	0
CGAGGGTA	TACCCTCG	0	0	0
CGAGGGTC	GACCCTCG	0	0	0
CGAGGTAA	TTACCTCG	0	0	0
CGAGGTAC	GTACCTCG	0	0	0
CGAGGTAG	CTACCTCG	0	0	0
CGAGGTCA	TGACCTCG	0	0	0
CGAGGTCC	GGACCTCG	0	0	0
CGAGGTGA	TCACCTCG	0	0	0
CGAGGTGC	GCACCTCG	0	0	0
CGAGGTTA	TAACCTCG	0	0	0
CGAGGTTC	GAACCTCG	0	0	0
CGAGTAAA	TTTACTCG	0	0	0
CGAGTAAC	GTTACTCG	0	0	0
CGAGTAAG	CTTACTCG	0	0	0
CGAGTACA	TGTACTCG	0	0	0
CGAGTACC	GGTACTCG	0	0	0
CGAGTACG	CGTACTCG	0	0	0
CGAGTAGA	TCTACTCG	0	0	0
CGAGTAGC	GCTACTCG	0	0	0
CGAGTATA	TATACTCG	0	0	0
CGAGTATC	GATACTCG	0	0	0
CGAGTCAA	TTGACTCG	0	0	0
CGAGTCAC	GTGACTCG	0	0	0
CGAGTCAG	CTGACTCG	0	0	0
CGAGTCCA	TGGACTCG	0	0	0
CGAGTCCC	GGGACTCG	0	0	0
CGAGTCCG	CGGACTCG	0	0	0
CGAGTCGA	TCGACTCG	0	0	0
CGAGTCGC	GCGACTCG	0	0	0
CGAGTCTA	TAGACTCG	0	0	0
CGAGTCTC	GAGACTCG	0	0	0
CGAGTGAA	TTCACTCG	0	0	0
CGAGTGAC	GTCACTCG	0	0	0
CGAGTGAG	CTCACTCG	0	0	0
CGAGTGCA	TGCACTCG	0	0	0
CGAGTGCC	GGCACTCG	0	0	0
CGAGTGCG	CGCACTCG	0	0	0
CGAGTGGA	TCCACTCG	0	0	0
CGAGTGGC	GCCACTCG	0	0	0
CGAGTGTA	TACACTCG	0	0	0
CGAGTGTC	GACACTCG	0	0	0
CGAGTTAA	TTAACTCG	0	0	0
CGAGTTAC	GTAACTCG	0	0	0
CGAGTTAG	CTAACTCG	0	0	0
CGAGTTCA	TGAACTCG	0	0	0
CGAGTTCC	GGAACTCG	0	0	0
CGAGTTGA	TCAACTCG	0	0	0
CGAGTTGC	GCAACTCG	0	0	0
CGAGTTTA	TAAACTCG	0	0	0
CGAGTTTC	GAAACTCG	0	0	0
CGATAAAA	TTTTATCG	0	0	0
CGATAAAC	GTTTATCG	0	0	0
CGATAAAG	CTTTATCG	0	0	0
CGATAACA	TGTTATCG	0	0	0
CGATAACC	GGTTATCG	0	0	0
CGATAACG	CGTTATCG	0	0	0
CGATAAGA	TCTTATCG	0	0	0
CGATAAGC	GCTTATCG	0	0	0
CGATAATA	TATTATCG	0	0	0
CGATAATC	GATTATCG	0	0	0
CGATACAA	TTGTATCG	0	0	0
CGATACAC	GTGTATCG	0	0	0
CGATACAG	CTGTATCG	0	0	0
CGATACCA	TGGTATCG	0	0	0
CGATACCC	GGGTATCG	0	0	0
CGATACCG	CGGTATCG	0	0	0
CGATACGA	TCGTATCG	0	0	0
CGATACGC	GCGTATCG	0	0	0
CGATACTA	TAGTATCG	0	0	0
CGATACTC	GAGTATCG	0	0	0
CGATAGAA	TTCTATCG	0	0	0
CGATAGAC	GTCTATCG	0	0	0
CGATAGAG	CTCTATCG	0	0	0
CGATAGCA	TGCTATCG	0	0	0
CGATAGCC	GGCTATCG	0	0	0
CGATAGCG	CGCTATCG	0	0	0
CGATAGGA	TCCTATCG	0	0	0
CGATAGGC	GCCTATCG	0	0	0
CGATAGTA	TACTATCG	0	0	0
CGATAGTC	GACTATCG	0	0	0
CGATATAA	TTATATCG	0	0	0
CGATATAC	GTATATCG	0	0	0
CGATATAG	CTATATCG	0	0	0
CGATATCA	TGATATCG	0	0	0
CGATATCC	GGATATCG	0	0	0
CGATATCG	CGATATCG	0	0	0
CGATATGA	TCATATCG	0	0	0
CGATATGC	GCATATCG	0	0	0
CGATATTA	TAATATCG	0	0	0
CGATATTC	GAATATCG	0	0	0
CGATCAAA	TTTGATCG	0	0	0
CGATCAAC	GTTGATCG	0	0	0
CGATCAAG	CTTGATCG	0	0	0
CGATCACA	TGTGATCG	0	0	0
CGATCACC	GGTGATCG	0	0	0
CGATCACG	CGTGATCG	0	0	0
CGATCAGA	TCTGATCG	0	0	0
CGATCAGC	GCTGATCG	0	0	0
CGATCATA	TATGATCG	0	0	0
CGATCATC	GATGATCG	0	0	0
CGATCCAA	TTGGATCG	0	0	0
CGATCCAC	GTGGATCG	0	0	0
CGATCCAG	CTGGATCG	0	0	0
CGATCCCA	TGGGATCG	0	0	0
CGATCCCC	GGGGATCG	0	0	0
CGATCCCG	CGGGATCG	0	0	0
CGATCCGA	TCGGATCG	0	0	0
CGATCCGC	GCGGATCG	0	0	0
CGATCCTA	TAGGATCG	0	0	0
CGATCCTC	GAGGATCG	0	0	0
CGATCGAA	TTCGATCG	0	0	0
CGATCGAC	GTCGATCG	0	0	0
CGATCGAG	CTCGATCG	0	0	0
CGATCGCA	TGCGATCG	0	0	0
CGATCGCC	GGCGATCG	0	0	0
CGATCGCG	CGCGATCG	0	0	0
CGATCGGA	TCCGATCG	0	0	0
CGATCGGC	GCCGATCG	0	0	0
CGATCGTA	TACGATCG	0	0	0
CGATCGTC	GACGATCG	0	0	0
CGATCTAA	TTAGATCG	0	0	0
CGATCTAC	GTAGATCG	0	0	0
CGATCTAG	CTAGATCG	0	0	0
CGATCTCA	TGAGATCG	0	0	0
CGATCTCC	GGAGATCG	0	0	0
CGATCTGA	TCAGATCG	0	0	0
CGATCTGC	GCAGATCG	0	0	0
CGATCTTA	TAAGATCG	0	0	0
CGATCTTC	GAAGATCG	0	0	0
CGATGAAA	TTTCATCG	0	0	0
CGATGAAC	GTTCATCG	0	0	0
CGATGAAG	CTTCATCG	0	0	0
CGATGACA	TGTCATCG	0	0	0
CGATGACC	GGTCATCG	0	0	0
CGATGACG	CGTCATCG	0	0	0
CGATGAGA	TCTCATCG	0	0	0
CGATGAGC	GCTCATCG	0	0	0
CGATGATA	TATCATCG	0	0	0
CGATGATC	GATCATCG	0	0	0
CGATGCAA	TTGCATCG	0	0	0
CGATGCAC	GTGCATCG	0	0	0
CGATGCAG	CTGCATCG	0	0	0
CGATGCCA	TGGCATCG	0	0	0
CGATGCCC	GGGCATCG	0	0	0
CGATGCCG	CGGCATCG	0	0	0
CGATGCGA	TCGCATCG	0	0	0
CGATGCGC	GCGCATCG	0	0	0
CGATGCTA	TAGCATCG	0	0	0
CGATGCTC	GAGCATCG	0	0	0
CGATGGAA	TTCCATCG	0	0	0
CGATGGAC	GTCCATCG	0	0	0
CGATGGAG	CTCCATCG	0	0	0
CGATGGCA	TGCCATCG	0	0	0
CGATGGCC	GGCCATCG	0	0	0
CGATGGCG	CGCCATCG	0	0	0
CGATGGGA	TCCCATCG	0	0	0
CGATGGGC	GCCCATCG	0	0	0
CGATGGTA	TACCATCG	0	0	0
CGATGGTC	GACCATCG	0	0	0
CGATGTAA	TTACATCG	0	0	0
CGATGTAC	GTACATCG	0	0	0
CGATGTAG	CTACATCG	0	0	0
CGATGTCA	TGACATCG	0	0	0
CGATGTCC	GGACATCG	0	0	0
CGATGTGA	TCACATCG	0	0	0
CGATGTGC	GCACATCG	0	0	0
CGATGTTA	TAACATCG	0	0	0
CGATGTTC	GAACATCG	0	0	0
CGATTAAA	TTTAATCG	0	0	0
CGATTAAC	GTTAATCG	0	0	0
CGATTAAG	CTTAATCG	0	0	0
CGATTACA	TGTAATCG	0	0	0
CGATTACC	GGTAATCG	0	0	0
CGATTACG	CGTAATCG	0	0	0
CGATTAGA	TCTAATCG	0	0	0
CGATTAGC	GCTAATCG	0	0	0
CGATTATA	TATAATCG	0	0	0
CGATTATC	GATAATCG	0	0	0
CGATTCAA	TTGAATCG	0	0	0
CGATTCAC	GTGAATCG	0	0	0
CGATTCAG	CTGAATCG	0	0	0
CGATTCCA	TGGAATCG	0	0	0
CGATTCCC	GGGAATCG	0	0	0
CGATTCCG	CGGAATCG	0	0	0
CGATTCGA	TCGAATCG	0	0	0
CGATTCGC	GCGAATCG	0	0	0
CGATTCTA	TAGAATCG	0	0	0
CGATTCTC	GAGAATCG	0	0	0
CGATTGAA	TTCAATCG	0	0	0
CGATTGAC	GTCAATCG	0	0	0
CGATTGAG	CTCAATCG	0	0	0
CGATTGCA	TGCAATCG	0	0	0
CGATTGCC	GGCAATCG	0	0	0
CGATTGCG	CGCAATCG	0	0	0
CGATTGGA	TCCAATCG	0	0	0
CGATTGGC	GCCAATCG	0	0	0
CGATTGTA	TACAATCG	0	0	0
CGATTGTC	GACAATCG	0	0	0
CGATTTAA	TTAAATCG	0	0	0
CGATTTAC	GTAAATCG	0	0	0
CGATTTAG	CTAAATCG	0	0	0
CGATTTCA	TGAAATCG	0	0	0
CGATTTCC	GGAAATCG	0	0	0
CGATTTGA	TCAAATCG	0	0	0
CGATTTGC	GCAAATCG	0	0	0
CGATTTTA	TAAAATCG	0	0	0
CGATTTTC	GAAAATCG	0	0	0
CGCAAAAA	TTTTTGCG	0	0	0
CGCAAAAC	GTTTTGCG	0	0	0
CGCAAAAG	CTTTTGCG	0	0	0
CGCAAACA	TGTTTGCG	0	0	0
CGCAAACC	GGTTTGCG	0	0	0
CGCAAACG	CGTTTGCG	0	0	0
CGCAAAGA	TCTTTGCG	0	0	0
CGCAAAGC	GCTTTGCG	0	0	0
CGCAAATA	TATTTGCG	0	0	0
CGCAAATC	GATTTGCG	0	0	0
CGCAACAA	TTGTTGCG	0	0	0
CGCAACAC	GTGTTGCG	0	0	0
CGCAACAG	CTGTTGCG	0	0	0
CGCAACCA	TGGTTGCG	0	0	0
CGCAACCC	GGGTTGCG	0	0	0
CGCAACCG	CGGTTGCG	0	0	0
CGCAACGA	TCGTTGCG	0	0	0
CGCAACGC	GCGTTGCG	0	0	0
CGCAACTA	TAGTTGCG	0	0	0
CGCAACTC	GAGTTGCG	0	0	0
CGCAAGAA	TTCTTGCG	0	0	0
CGCAAGAC	GTCTTGCG	0	0	0
CGCAAGAG	CTCTTGCG	0	0	0
CGCAAGCA	TGCTTGCG	0	0	0
CGCAAGCC	GGCTTGCG	0	0	0
CGCAAGCG	CGCTTGCG	0	0	0
CGCAAGGA	TCCTTGCG	0	0	0
CGCAAGGC	GCCTTGCG	0	0	0
CGCAAGTA	TACTTGCG	0	0	0
CGCAAGTC	GACTTGCG	0	0	0
CGCAATAA	TTATTGCG	0	0	0
CGCAATAC	GTATTGCG	0	0	0
CGCAATAG	CTATTGCG	0	0	0
CGCAATCA	TGATTGCG	0	0	0
CGCAATCC	GGATTGCG	0	0	0
CGCAATGA	TCATTGCG	0	0	0
CGCAATGC	GCATTGCG	0	0	0
CGCAATTA	TAATTGCG	0	0	0
CGCAATTC	GAATTGCG	0	0	0
CGCACAAA	TTTGTGCG	0	0	0
CGCACAAC	GTTGTGCG	0	0	0
CGCACAAG	CTTGTGCG	0	0	0
CGCACACA	TGTGTGCG	0	0	0
CGCACACC	GGTGTGCG	0	0	0
CGCACACG	CGTGTGCG	0	0	0
CGCACAGA	TCTGTGCG	0	0	0
CGCACAGC	GCTGTGCG	0	0	0
CGCACATA	TATGTGCG	0	0	0
CGCACATC	GATGTGCG	0	0	0
CGCACCAA	TTGGTGCG	0	0	0
CGCACCAC	GTGGTGCG	0	0	0
CGCACCAG	CTGGTGCG	0	0	0
CGCACCCA	TGGGTGCG	0	0	0
CGCACCCC	GGGGTGCG	0	0	0
CGCACCCG	CGGGTGCG	0	0	0
CGCACCGA	TCGGTGCG	0	0	0
CGCACCGC	GCGGTGCG	0	0	0
CGCACCTA	TAGGTGCG	0	0	0
CGCACCTC	GAGGTGCG	0	0	0
CGCACGAA	TTCGTGCG	0	0	0
CGCACGAC	GTCGTGCG	0	0	0
CGCACGAG	CTCGTGCG	0	0	0
CGCACGCA	TGCGTGCG	0	0	0
CGCACGCC	GGCGTGCG	0	0	0
CGCACGCG	CGCGTGCG	0	0	0
CGCACGGA	TCCGTGCG	0	0	0
CGCACGGC	GCCGTGCG	0	0	0
CGCACGTA	TACGTGCG	0	0	0
CGCACGTC	GACGTGCG	0	0	0
CGCACTAA	TTAGTGCG	0	0	0
CGCACTAC	GTAGTGCG	0	0	0
CGCACTAG	CTAGTGCG	0	0	0
CGCACTCA	TGAGTGCG	0	0	0
CGCACTCC	GGAGTGCG	0	0	0
CGCACTGA	TCAGTGCG	0	0	0
CGCACTGC	GCAGTGCG	0	0	0
CGCACTTA	TAAGTGCG	0	0	0
CGCACTTC	GAAGTGCG	0	0	0
CGCAGAAA	TTTCTGCG	0	0	0
CGCAGAAC	GTTCTGCG	0	0	0
CGCAGAAG	CTTCTGCG	0	0	0
CGCAGACA	TGTCTGCG	0	0	0
CGCAGACC	GGTCTGCG	0	0	0
CGCAGACG	CGTCTGCG	0	0	0
CGCAGAGA	TCTCTGCG	0	0	0
CGCAGAGC	GCTCTGCG	0	0	0
CGCAGATA	TATCTGCG	0	0	0
CGCAGATC	GATCTGCG	0	0	0
CGCAGCAA	TTGCTGCG	0	0	0
CGCAGCAC	GTGCTGCG	0	0	0
CGCAGCAG	CTGCTGCG	0	0	0
CGCAGCCA	TGGCTGCG	0	0	0
CGCAGCCC	GGGCTGCG	0	0	0
CGCAGCCG	CGGCTGCG	0	0	0
CGCAGCGA	TCGCTGCG	0	0	0
CGCAGCGC	GCGCTGCG	0	0	0
CGCAGCTA	TAGCTGCG	0	0	0
CGCAGCTC	GAGCTGCG	0	0	0
CGCAGGAA	TTCCTGCG	0	0	0
CGCAGGAC	GTCCTGCG	0	0	0
CGCAGGAG	CTCCTGCG	0	0	0
CGCAGGCA	TGCCTGCG	0	0	0
CGCAGGCC	GGCCTGCG	0	0	0
CGCAGGCG	CGCCTGCG	0	0	0
CGCAGGGA	TCCCTGCG	0	0	0
CGCAGGGC	GCCCTGCG	0	0	0
CGCAGGTA	TACCTGCG	0	0	0
CGCAGGTC	GACCTGCG	0	0	0
CGCAGTAA	TTACTGCG	0	0	0
CGCAGTAC	GTACTGCG	0	0	0
CGCAGTAG	CTACTGCG	0	0	0
CGCAGTCA	TGACTGCG	0	0	0
CGCAGTCC	GGACTGCG	0	0	0
CGCAGTGA	TCACTGCG	0	0	0
CGCAGTGC	GCACTGCG	0	0	0
CGCAGTTA	TAACTGCG	0	0	0
CGCAGTTC	GAACTGCG	0	0	0
CGCATAAA	TTTATGCG	0	0	0
CGCATAAC	GTTATGCG	0	0	0
CGCATAAG	CTTATGCG	0	0	0
CGCATACA	TGTATGCG	0	0	0
CGCATACC	GGTATGCG	0	0	0
CGCATACG	CGTATGCG	0	0	0
CGCATAGA	TCTATGCG	0	0	0
CGCATAGC	GCTATGCG	0	0	0
CGCATATA	TATATGCG	0	0	0
CGCATATC	GATATGCG	0	0	0
CGCATCAA	TTGATGCG	0	0	0
CGCATCAC	GTGATGCG	0	0	0
CGCATCAG	CTGATGCG	0	0	0
CGCATCCA	TGGATGCG	0	0	0
CGCATCCC	GGGATGCG	0	0	0
CGCATCCG	CGGATGCG	0	0	0
CGCATCGA	TCGATGCG	0	0	0
CGCATCGC	GCGATGCG	0	0	0
CGCATCTA	TAGATGCG	0	0	0
CGCATCTC	GAGATGCG	0	0	0
CGCATGAA	TTCATGCG	0	0	0
CGCATGAC	GTCATGCG	0	0	0
CGCATGAG	CTCATGCG	0	0	0
CGCATGCA	TGCATGCG	0	0	0
CGCATGCC	GGCATGCG	0	0	0
CGCATGCG	CGCATGCG	0	0	0
CGCATGGA	TCCATGCG	0	0	0
CGCATGGC	GCCATGCG	0	0	0
CGCATGTA	TACATGCG	0	0	0
CGCATGTC	GACATGCG	0	0	0
CGCATTAA	TTAATGCG	0	0	0
CGCATTAC	GTAATGCG	0	0	0
CGCATTAG	CTAATGCG	0	0	0
CGCATTCA	TGAATGCG	0	0	0
CGCATTCC	GGAATGCG	0	0	0
CGCATTGA	TCAATGCG	0	0	0
CGCATTGC	GCAATGCG	0	0	0
CGCATTTA	TAAATGCG	0	0	0
CGCATTTC	GAAATGCG	0	0	0
CGCCAAAA	TTTTGGCG	0	0	0
CGCCAAAC	GTTTGGCG	0	0	0
CGCCAAAG	CTTTGGCG	0	0	0
CGCCAACA	TGTTGGCG	0	0	0
CGCCAACC	GGTTGGCG	0	0	0
CGCCAACG	CGTTGGCG	0	0	0
CGCCAAGA	TCTTGGCG	0	0	0
CGCCAAGC	GCTTGGCG	0	0	0
CGCCAATA	TATTGGCG	0	0	0
CGCCAATC	GATTGGCG	0	0	0
CGCCACAA	TTGTGGCG	0	0	0
CGCCACAC	GTGTGGCG	0	0	0
CGCCACAG	CTGTGGCG	0	0	0
CGCCACCA	TGGTGGCG	0	0	0
CGCCACCC	GGGTGGCG	0	0	0
CGCCACCG	CGGTGGCG	0	0	0
CGCCACGA	TCGTGGCG	0	0	0
CGCCACGC	GCGTGGCG	0	0	0
CGCCACTA	TAGTGGCG	0	0	0
CGCCACTC	GAGTGGCG	0	0	0
CGCCAGAA	TTCTGGCG	0	0	0
CGCCAGAC	GTCTGGCG	0	0	0
CGCCAGAG	CTCTGGCG	0	0	0
CGCCAGCA	TGCTGGCG	0	0	0
CGCCAGCC	GGCTGGCG	0	0	0
CGCCAGCG	CGCTGGCG	0	0	0
CGCCAGGA	TCCTGGCG	0	0	0
CGCCAGGC	GCCTGGCG	0	0	0
CGCCAGTA	TACTGGCG	0	0	0
CGCCAGTC	GACTGGCG	0	0	0
CGCCATAA	TTATGGCG	0	0	0
CGCCATAC	GTATGGCG	0	0	0
CGCCATAG	CTATGGCG	0	0	0
CGCCATCA	TGATGGCG	0	0	0
CGCCATCC	GGATGGCG	0	0	0
CGCCATGA	TCATGGCG	0	0	0
CGCCATGC	GCATGGCG	0	0	0
CGCCATTA	TAATGGCG	0	0	0
CGCCATTC	GAATGGCG	0	0	0
CGCCCAAA	TTTGGGCG	0	0	0
CGCCCAAC	GTTGGGCG	0	0	0
CGCCCAAG	CTTGGGCG	0	0	0
CGCCCACA	TGTGGGCG	0	0	0
CGCCCACC	GGTGGGCG	0	0	0
CGCCCACG	CGTGGGCG	0	0	0
CGCCCAGA	TCTGGGCG	0	0	0
CGCCCAGC	GCTGGGCG	0	0	0
CGCCCATA	TATGGGCG	0	0	0
CGCCCATC	GATGGGCG	0	0	0
CGCCCCAA	TTGGGGCG	0	0	0
CGCCCCAC	GTGGGGCG	0	0	0
CGCCCCAG	CTGGGGCG	0	0	0
CGCCCCCA	TGGGGGCG	0	0	0
CGCCCCCC	GGGGGGCG	0	0	0
CGCCCCCG	CGGGGGCG	0	0	0
CGCCCCGA	TCGGGGCG	0	0	0
CGCCCCGC	GCGGGGCG	0	0	0
CGCCCCTA	TAGGGGCG	0	0	0
CGCCCCTC	GAGGGGCG	0	0	0
CGCCCGAA	TTCGGGCG	0	0	0
CGCCCGAC	GTCGGGCG	0	0	0
CGCCCGAG	CTCGGGCG	0	0	0
CGCCCGCA	TGCGGGCG	0	0	0
CGCCCGCC	GGCGGGCG	0	0	0
CGCCCGCG	CGCGGGCG	0	0	0
CGCCCGGA	TCCGGGCG	0	0	0
CGCCCGGC	GCCGGGCG	0	0	0
CGCCCGTA	TACGGGCG	0	0	0
CGCCCGTC	GACGGGCG	0	0	0
CGCCCTAA	TTAGGGCG	0	0	0
CGCCCTAC	GTAGGGCG	0	0	0
CGCCCTAG	CTAGGGCG	0	0	0
CGCCCTCA	TGAGGGCG	0	0	0
CGCCCTCC	GGAGGGCG	0	0	0
CGCCCTGA	TCAGGGCG	0	0	0
CGCCCTGC	GCAGGGCG	0	0	0
CGCCCTTA	TAAGGGCG	0	0	0
CGCCCTTC	GAAGGGCG	0	0	0
CGCCGAAA	TTTCGGCG	0	0	0
CGCCGAAC	GTTCGGCG	0	0	0
CGCCGAAG	CTTCGGCG	0	0	0
CGCCGACA	TGTCGGCG	0	0	0
CGCCGACC	GGTCGGCG	0	0	0
CGCCGACG	CGTCGGCG	0	0	0
CGCCGAGA	TCTCGGCG	0	0	0
CGCCGAGC	GCTCGGCG	0	0	0
CGCCGATA	TATCGGCG	0	0	0
CGCCGATC	GATCGGCG	0	0	0
CGCCGCAA	TTGCGGCG	0	0	0
CGCCGCAC	GTGCGGCG	0	0	0
CGCCGCAG	CTGCGGCG	0	0	0
CGCCGCCA	TGGCGGCG	0	0	0
CGCCGCCC	GGGCGGCG	0	0	0
CGCCGCCG	CGGCGGCG	0	0	0
CGCCGCGA	TCGCGGCG	0	0	0
CGCCGCGC	GCGCGGCG	0	0	0
CGCCGCTA	TAGCGGCG	0	0	0
CGCCGCTC	GAGCGGCG	0	0	0
CGCCGGAA	TTCCGGCG	0	0	0
CGCCGGAC	GTCCGGCG	0	0	0
CGCCGGAG	CTCCGGCG	0	0	0
CGCCGGCA	TGCCGGCG	0	0	0
CGCCGGCC	GGCCGGCG	0	0	0
CGCCGGCG	CGCCGGCG	0	0	0
CGCCGGGA	TCCCGGCG	0	0	0
CGCCGGGC	GCCCGGCG	0	0	0
CGCCGGTA	TACCGGCG	0	0	0
CGCCGGTC	GACCGGCG	0	0	0
CGCCGTAA	TTACGGCG	0	0	0
CGCCGTAC	GTACGGCG	0	0	0
CGCCGTAG	CTACGGCG	0	0	0
CGCCGTCA	TGACGGCG	0	0	0
CGCCGTCC	GGACGGCG	0	0	0
CGCCGTGA	TCACGGCG	0	0	0
CGCCGTGC	GCACGGCG	0	0	0
CGCCGTTA	TAACGGCG	0	0	0
CGCCGTTC	GAACGGCG	0	0	0
CGCCTAAA	TTTAGGCG	0	0	0
CGCCTAAC	GTTAGGCG	0	0	0
CGCCTAAG	CTTAGGCG	0	0	0
CGCCTACA	TGTAGGCG	0	0	0
CGCCTACC	GGTAGGCG	0	0	0
CGCCTACG	CGTAGGCG	0	0	0
CGCCTAGA	TCTAGGCG	0	0	0
CGCCTAGC	GCTAGGCG	0	0	0
CGCCTATA	TATAGGCG	0	0	0
CGCCTATC	GATAGGCG	0	0	0
CGCCTCAA	TTGAGGCG	0	0	0
CGCCTCAC	GTGAGGCG	0	0	0
CGCCTCAG	CTGAGGCG	0	0	0
CGCCTCCA	TGGAGGCG	0	0	0
CGCCTCCC	GGGAGGCG	0	0	0
CGCCTCCG	CGGAGGCG	0	0	0
CGCCTCGA	TCGAGGCG	0	0	0
CGCCTCGC	GCGAGGCG	0	0	0
CGCCTCTA	TAGAGGCG	0	0	0
CGCCTCTC	GAGAGGCG	0	0	0
CGCCTGAA	TTCAGGCG	0	0	0
CGCCTGAC	GTCAGGCG	0	0	0
CGCCTGAG	CTCAGGCG	0	0	0
CGCCTGCA	TGCAGGCG	0	0	0
CGCCTGCC	GGCAGGCG	0	0	0
CGCCTGGA	TCCAGGCG	0	0	0
CGCCTGGC	GCCAGGCG	0	0	0
CGCCTGTA	TACAGGCG	0	0	0
CGCCTGTC	GACAGGCG	0	0	0
CGCCTTAA	TTAAGGCG	0	0	0
CGCCTTAC	GTAAGGCG	0	0	0
CGCCTTAG	CTAAGGCG	0	0	0
CGCCTTCA	TGAAGGCG	0	0	0
CGCCTTCC	GGAAGGCG	0	0	0
CGCCTTGA	TCAAGGCG	0	0	0
CGCCTTGC	GCAAGGCG	0	0	0
CGCCTTTA	TAAAGGCG	0	0	0
CGCCTTTC	GAAAGGCG	0	0	0
CGCGAAAA	TTTTCGCG	0	0	0
CGCGAAAC	GTTTCGCG	0	0	0
CGCGAAAG	CTTTCGCG	0	0	0
CGCGAACA	TGTTCGCG	0	0	0
CGCGAACC	GGTTCGCG	0	0	0
CGCGAACG	CGTTCGCG	0	0	0
CGCGAAGA	TCTTCGCG	0	0	0
CGCGAAGC	GCTTCGCG	0	0	0
CGCGAATA	TATTCGCG	0	0	0
CGCGAATC	GATTCGCG	0	0	0
CGCGACAA	TTGTCGCG	0	0	0
CGCGACAC	GTGTCGCG	0	0	0
CGCGACAG	CTGTCGCG	0	0	0
CGCGACCA	TGGTCGCG	0	0	0
CGCGACCC	GGGTCGCG	0	0	0
CGCGACCG	CGGTCGCG	0	0	0
CGCGACGA	TCGTCGCG	0	0	0
CGCGACGC	GCGTCGCG	0	0	0
CGCGACTA	TAGTCGCG	0	0	0
CGCGACTC	GAGTCGCG	0	0	0
CGCGAGAA	TTCTCGCG	0	0	0
CGCGAGAC	GTCTCGCG	0	0	0
CGCGAGAG	CTCTCGCG	0	0	0
CGCGAGCA	TGCTCGCG	0	0	0
CGCGAGCC	GGCTCGCG	0	0	0
CGCGAGCG	CGCTCGCG	0	0	0
CGCGAGGA	TCCTCGCG	0	0	0
CGCGAGGC	GCCTCGCG	0	0	0
CGCGAGTA	TACTCGCG	0	0	0
CGCGAGTC	GACTCGCG	0	0	0
CGCGATAA	TTATCGCG	0	0	0
CGCGATAC	GTATCGCG	0	0	0
CGCGATAG	CTATCGCG	0	0	0
CGCGATCA	TGATCGCG	0	0	0
CGCGATCC	GGATCGCG	0	0	0
CGCGATGA	TCATCGCG	0	0	0
CGCGATGC	GCATCGCG	0	0	0
CGCGATTA	TAATCGCG	0	0	0
CGCGATTC	GAATCGCG	0	0	0
CGCGCAAA	TTTGCGCG	0	0	0
CGCGCAAC	GTTGCGCG	0	0	0
CGCGCAAG	CTTGCGCG	0	0	0
CGCGCACA	TGTGCGCG	0	0	0
CGCGCACC	GGTGCGCG	0	0	0
CGCGCACG	CGTGCGCG	0	0	0
CGCGCAGA	TCTGCGCG	0	0	0
CGCGCAGC	GCTGCGCG	0	0	0
CGCGCATA	TATGCGCG	0	0	0
CGCGCATC	GATGCGCG	0	0	0
CGCGCCAA	TTGGCGCG	0	0	0
CGCGCCAC	GTGGCGCG	0	0	0
CGCGCCAG	CTGGCGCG	0	0	0
CGCGCCCA	TGGGCGCG	0	0	0
CGCGCCCC	GGGGCGCG	0	0	0
CGCGCCCG	CGGGCGCG	0	0	0
CGCGCCGA	TCGGCGCG	0	0	0
CGCGCCGC	GCGGCGCG	0	0	0
CGCGCCTA	TAGGCGCG	0	0	0
CGCGCCTC	GAGGCGCG	0	0	0
CGCGCGAA	TTCGCGCG	0	0	0
CGCGCGAC	GTCGCGCG	0	0	0
CGCGCGAG	CTCGCGCG	0	0	0
CGCGCGCA	TGCGCGCG	0	0	0
CGCGCGCC	GGCGCGCG	0	0	0
CGCGCGCG	CGCGCGCG	0	0	0
CGCGCGGA	TCCGCGCG	0	0	0
CGCGCGGC	GCCGCGCG	0	0	0
CGCGCGTA	TACGCGCG	0	0	0
CGCGCGTC	GACGCGCG	0	0	0
CGCGCTAA	TTAGCGCG	0	0	0
CGCGCTAC	GTAGCGCG	0	0	0
CGCGCTAG	CTAGCGCG	0	0	0
CGCGCTCA	TGAGCGCG	0	0	0
CGCGCTCC	GGAGCGCG	0	0	0
CGCGCTGA	TCAGCGCG	0	0	0
CGCGCTGC	GCAGCGCG	0	0	0
CGCGCTTA	TAAGCGCG	0	0	0
CGCGCTTC	GAAGCGCG	0	0	0
CGCGGAAA	TTTCCGCG	0	0	0
CGCGGAAC	GTTCCGCG	0	0	0
CGCGGAAG	CTTCCGCG	0	0	0
CGCGGACA	TGTCCGCG	0	0	0
CGCGGACC	GGTCCGCG	0	0	0
CGCGGACG	CGTCCGCG	0	0	0
CGCGGAGA	TCTCCGCG	0	0	0
CGCGGAGC	GCTCCGCG	0	0	0
CGCGGATA	TATCCGCG	0	0	0
CGCGGATC	GATCCGCG	0	0	0
CGCGGCAA	TTGCCGCG	0	0	0
CGCGGCAC	GTGCCGCG	0	0	0
CGCGGCAG	CTGCCGCG	0	0	0
CGCGGCCA	TGGCCGCG	0	0	0
CGCGGCCC	GGGCCGCG	0	0	0
CGCGGCCG	CGGCCGCG	0	0	0
CGCGGCGA	TCGCCGCG	0	0	0
CGCGGCGC	GCGCCGCG	0	0	0
CGCGGCTA	TAGCCGCG	0	0	0
CGCGGCTC	GAGCCGCG	0	0	0
CGCGGGAA	TTCCCGCG	0	0	0
CGCGGGAC	GTCCCGCG	0	0	0
CGCGGGAG	CTCCCGCG	0	0	0
CGCGGGCA	TGCCCGCG	0	0	0
CGCGGGCC	GGCCCGCG	0	0	0
CGCGGGGA	TCCCCGCG	0	0	0
CGCGGGGC	GCCCCGCG	0	0	0
CGCGGGTA	TACCCGCG	0	0	0
CGCGGGTC	GACCCGCG	0	0	0
CGCGGTAA	TTACCGCG	0	0	0
CGCGGTAC	GTACCGCG	0	0	0
CGCGGTAG	CTACCGCG	0	0	0
CGCGGTCA	TGACCGCG	0	0	0
CGCGGTCC	GGACCGCG	0	0	0
CGCGGTGA	TCACCGCG	0	0	0
CGCGGTGC	GCACCGCG	0	0	0
CGCGGTTA	TAACCGCG	0	0	0
CGCGGTTC	GAACCGCG	0	0	0
CGCGTAAA	TTTACGCG	0	0	0
CGCGTAAC	GTTACGCG	0	0	0
CGCGTAAG	CTTACGCG	0	0	0
CGCGTACA	TGTACGCG	0	0	0
CGCGTACC	GGTACGCG	0	0	0
CGCGTACG	CGTACGCG	0	0	0
CGCGTAGA	TCTACGCG	0	0	0
CGCGTAGC	GCTACGCG	0	0	0
CGCGTATA	TATACGCG	0	0	0
CGCGTATC	GATACGCG	0	0	0
CGCGTCAA	TTGACGCG	0	0	0
CGCGTCAC	GTGACGCG	0	0	0
CGCGTCAG	CTGACGCG	0	0	0
CGCGTCCA	TGGACGCG	0	0	0
CGCGTCCC	GGGACGCG	0	0	0
CGCGTCCG	CGGACGCG	0	0	0
CGCGTCGA	TCGACGCG	0	0	0
CGCGTCGC	GCGACGCG	0	0	0
CGCGTCTA	TAGACGCG	0	0	0
CGCGTCTC	GAGACGCG	0	0	0
CGCGTGAA	TTCACGCG	0	0	0
CGCGTGAC	GTCACGCG	0	0	0
CGCGTGAG	CTCACGCG	0	0	0
CGCGTGCA	TGCACGCG	0	0	0
CGCGTGCC	GGCACGCG	0	0	0
CGCGTGGA	TCCACGCG	0	0	0
CGCGTGGC	GCCACGCG	0	0	0
CGCGTGTA	TACACGCG	0	0	0
CGCGTGTC	GACACGCG	0	0	0
CGCGTTAA	TTAACGCG	0	0	0
CGCGTTAC	GTAACGCG	0	0	0
CGCGTTAG	CTAACGCG	0	0	0
CGCGTTCA	TGAACGCG	0	0	0
CGCGTTCC	GGAACGCG	0	0	0
CGCGTTGA	TCAACGCG	0	0	0
CGCGTTGC	GCAACGCG	0	0	0
CGCGTTTA	TAAACGCG	0	0	0
CGCGTTTC	GAAACGCG	0	0	0
CGCTAAAA	TTTTAGCG	0	0	0
CGCTAAAC	GTTTAGCG	0	0	0
CGCTAAAG	CTTTAGCG	0	0	0
CGCTAACA	TGTTAGCG	0	0	0
CGCTAACC	GGTTAGCG	0	0	0
CGCTAACG	CGTTAGCG	0	0	0
CGCTAAGA	TCTTAGCG	0	0	0
CGCTAAGC	GCTTAGCG	0	0	0
CGCTAATA	TATTAGCG	0	0	0
CGCTAATC	GATTAGCG	0	0	0
CGCTACAA	TTGTAGCG	0	0	0
CGCTACAC	GTGTAGCG	0	0	0
CGCTACAG	CTGTAGCG	0	0	0
CGCTACCA	TGGTAGCG	0	0	0
CGCTACCC	GGGTAGCG	0	0	0
CGCTACCG	CGGTAGCG	0	0	0
CGCTACGA	TCGTAGCG	0	0	0
CGCTACGC	GCGTAGCG	0	0	0
CGCTACTA	TAGTAGCG	0	0	0
CGCTACTC	GAGTAGCG	0	0	0
CGCTAGAA	TTCTAGCG	0	0	0
CGCTAGAC	GTCTAGCG	0	0	0
CGCTAGAG	CTCTAGCG	0	0	0
CGCTAGCA	TGCTAGCG	0	0	0
CGCTAGCC	GGCTAGCG	0	0	0
CGCTAGCG	CGCTAGCG	0	0	0
CGCTAGGA	TCCTAGCG	0	0	0
CGCTAGGC	GCCTAGCG	0	0	0
CGCTAGTA	TACTAGCG	0	0	0
CGCTAGTC	GACTAGCG	0	0	0
CGCTATAA	TTATAGCG	0	0	0
CGCTATAC	GTATAGCG	0	0	0
CGCTATAG	CTATAGCG	0	0	0
CGCTATCA	TGATAGCG	0	0	0
CGCTATCC	GGATAGCG	0	0	0
CGCTATGA	TCATAGCG	0	0	0
CGCTATGC	GCATAGCG	0	0	0
CGCTATTA	TAATAGCG	0	0	0
CGCTATTC	GAATAGCG	0	0	0
CGCTCAAA	TTTGAGCG	0	0	0
CGCTCAAC	GTTGAGCG	0	0	0
CGCTCAAG	CTTGAGCG	0	0	0
CGCTCACA	TGTGAGCG	0	0	0
CGCTCACC	GGTGAGCG	0	0	0
CGCTCACG	CGTGAGCG	0	0	0
CGCTCAGA	TCTGAGCG	0	0	0
CGCTCAGC	GCTGAGCG	0	0	0
CGCTCATA	TATGAGCG	0	0	0
CGCTCATC	GATGAGCG	0	0	0
CGCTCCAA	TTGGAGCG	0	0	0
CGCTCCAC	GTGGAGCG	0	0	0
CGCTCCAG	CTGGAGCG	0	0	0
CGCTCCCA	TGGGAGCG	0	0	0
CGCTCCCC	GGGGAGCG	0	0	0
CGCTCCCG	CGGGAGCG	0	0	0
CGCTCCGA	TCGGAGCG	0	0	0
CGCTCCGC	GCGGAGCG	0	0	0
CGCTCCTA	TAGGAGCG	0	0	0
CGCTCCTC	GAGGAGCG	0	0	0
CGCTCGAA	TTCGAGCG	0	0	0
CGCTCGAC	GTCGAGCG	0	0	0
CGCTCGAG	CTCGAGCG	0	0	0
CGCTCGCA	TGCGAGCG	0	0	0
CGCTCGCC	GGCGAGCG	0	0	0
CGCTCGGA	TCCGAGCG	0	0	0
CGCTCGGC	GCCGAGCG	0	0	0
CGCTCGTA	TACGAGCG	0	0	0
CGCTCGTC	GACGAGCG	0	0	0
CGCTCTAA	TTAGAGCG	0	0	0
CGCTCTAC	GTAGAGCG	0	0	0
CGCTCTAG	CTAGAGCG	0	0	0
CGCTCTCA	TGAGAGCG	0	0	0
CGCTCTCC	GGAGAGCG	0	0	0
CGCTCTGA	TCAGAGCG	0	0	0
CGCTCTGC	GCAGAGCG	0	0	0
CGCTCTTA	TAAGAGCG	0	0	0
CGCTCTTC	GAAGAGCG	0	0	0
CGCTGAAA	TTTCAGCG	0	0	0
CGCTGAAC	GTTCAGCG	0	0	0
CGCTGAAG	CTTCAGCG	0	0	0
CGCTGACA	TGTCAGCG	0	0	0
CGCTGACC	GGTCAGCG	0	0	0
CGCTGACG	CGTCAGCG	0	0	0
CGCTGAGA	TCTCAGCG	0	0	0
CGCTGAGC	GCTCAGCG	0	0	0
CGCTGATA	TATCAGCG	0	0	0
CGCTGATC	GATCAGCG	0	0	0
CGCTGCAA	TTGCAGCG	0	0	0
CGCTGCAC	GTGCAGCG	0	0	0
CGCTGCAG	CTGCAGCG	0	0	0
CGCTGCCA	TGGCAGCG	0	0	0
CGCTGCCC	GGGCAGCG	0	0	0
CGCTGCCG	CGGCAGCG	0	0	0
CGCTGCGA	TCGCAGCG	0	0	0
CGCTGCGC	GCGCAGCG	0	0	0
CGCTGCTA	TAGCAGCG	0	0	0
CGCTGCTC	GAGCAGCG	0	0	0
CGCTGGAA	TTCCAGCG	0	0	0
CGCTGGAC	GTCCAGCG	0	0	0
CGCTGGAG	CTCCAGCG	0	0	0
CGCTGGCA	TGCCAGCG	0	0	0
CGCTGGCC	GGCCAGCG	0	0	0
CGCTGGGA	TCCCAGCG	0	0	0
CGCTGGGC	GCCCAGCG	0	0	0
CGCTGGTA	TACCAGCG	0	0	0
CGCTGGTC	GACCAGCG	0	0	0
CGCTGTAA	TTACAGCG	0	0	0
CGCTGTAC	GTACAGCG	0	0	0
CGCTGTAG	CTACAGCG	0	0	0
CGCTGTCA	TGACAGCG	0	0	0
CGCTGTCC	GGACAGCG	0	0	0
CGCTGTGA	TCACAGCG	0	0	0
CGCTGTGC	GCACAGCG	0	0	0
CGCTGTTA	TAACAGCG	0	0	0
CGCTGTTC	GAACAGCG	0	0	0
CGCTTAAA	TTTAAGCG	0	0	0
CGCTTAAC	GTTAAGCG	0	0	0
CGCTTAAG	CTTAAGCG	0	0	0
CGCTTACA	TGTAAGCG	0	0	0
CGCTTACC	GGTAAGCG	0	0	0
CGCTTACG	CGTAAGCG	0	0	0
CGCTTAGA	TCTAAGCG	0	0	0
CGCTTAGC	GCTAAGCG	0	0	0
CGCTTATA	TATAAGCG	0	0	0
CGCTTATC	GATAAGCG	0	0	0
CGCTTCAA	TTGAAGCG	0	0	0
CGCTTCAC	GTGAAGCG	0	0	0
CGCTTCAG	CTGAAGCG	0	0	0
CGCTTCCA	TGGAAGCG	0	0	0
CGCTTCCC	GGGAAGCG	0	0	0
CGCTTCCG	CGGAAGCG	0	0	0
CGCTTCGA	TCGAAGCG	0	0	0
CGCTTCGC	GCGAAGCG	0	0	0
CGCTTCTA	TAGAAGCG	0	0	0
CGCTTCTC	GAGAAGCG	0	0	0
CGCTTGAA	TTCAAGCG	0	0	0
CGCTTGAC	GTCAAGCG	0	0	0
CGCTTGAG	CTCAAGCG	0	0	0
CGCTTGCA	TGCAAGCG	0	0	0
CGCTTGCC	GGCAAGCG	0	0	0
CGCTTGGA	TCCAAGCG	0	0	0
CGCTTGGC	GCCAAGCG	0	0	0
CGCTTGTA	TACAAGCG	0	0	0
CGCTTGTC	GACAAGCG	0	0	0
CGCTTTAA	TTAAAGCG	0	0	0
CGCTTTAC	GTAAAGCG	0	0	0
CGCTTTAG	CTAAAGCG	0	0	0
CGCTTTCA	TGAAAGCG	0	0	0
CGCTTTCC	GGAAAGCG	0	0	0
CGCTTTGA	TCAAAGCG	0	0	0
CGCTTTGC	GCAAAGCG	0	0	0
CGCTTTTA	TAAAAGCG	0	0	0
CGCTTTTC	GAAAAGCG	0	0	0
CGGAAAAA	TTTTTCCG	0	0	0
CGGAAAAC	GTTTTCCG	0	0	0
CGGAAAAG	CTTTTCCG	0	0	0
CGGAAACA	TGTTTCCG	0	0	0
CGGAAACC	GGTTTCCG	0	0	0
CGGAAACG	CGTTTCCG	0	0	0
CGGAAAGA	TCTTTCCG	0	0	0
CGGAAAGC	GCTTTCCG	0	0	0
CGGAAATA	TATTTCCG	0	0	0
CGGAAATC	GATTTCCG	0	0	0
CGGAACAA	TTGTTCCG	0	0	0
CGGAACAC	GTGTTCCG	0	0	0
CGGAACAG	CTGTTCCG	0	0	0
CGGAACCA	TGGTTCCG	0	0	0
CGGAACCC	GGGTTCCG	0	0	0
CGGAACCG	CGGTTCCG	0	0	0
CGGAACGA	TCGTTCCG	0	0	0
CGGAACGC	GCGTTCCG	0	0	0
CGGAACTA	TAGTTCCG	0	0	0
CGGAACTC	GAGTTCCG	0	0	0
CGGAAGAA	TTCTTCCG	0	0	0
CGGAAGAC	GTCTTCCG	0	0	0
CGGAAGAG	CTCTTCCG	0	0	0
CGGAAGCA	TGCTTCCG	0	0	0
CGGAAGCC	GGCTTCCG	0	0	0
CGGAAGGA	TCCTTCCG	0	0	0
CGGAAGGC	GCCTTCCG	0	0	0
CGGAAGTA	TACTTCCG	0	0	0
CGGAAGTC	GACTTCCG	0	0	0
CGGAATAA	TTATTCCG	0	0	0
CGGAATAC	GTATTCCG	0	0	0
CGGAATAG	CTATTCCG	0	0	0
CGGAATCA	TGATTCCG	0	0	0
CGGAATCC	GGATTCCG	0	0	0
CGGAATGA	TCATTCCG	0	0	0
CGGAATGC	GCATTCCG	0	0	0
CGGAATTA	TAATTCCG	0	0	0
CGGAATTC	GAATTCCG	0	0	0
CGGACAAA	TTTGTCCG	0	0	0
CGGACAAC	GTTGTCCG	0	0	0
CGGACAAG	CTTGTCCG	0	0	0
CGGACACA	TGTGTCCG	0	0	0
CGGACACC	GGTGTCCG	0	0	0
CGGACACG	CGTGTCCG	0	0	0
CGGACAGA	TCTGTCCG	0	0	0
CGGACAGC	GCTGTCCG	0	0	0
CGGACATA	TATGTCCG	0	0	0
CGGACATC	GATGTCCG	0	0	0
CGGACCAA	TTGGTCCG	0	0	0
CGGACCAC	GTGGTCCG	0	0	0
CGGACCAG	CTGGTCCG	0	0	0
CGGACCCA	TGGGTCCG	0	0	0
CGGACCCC	GGGGTCCG	0	0	0
CGGACCCG	CGGGTCCG	0	0	0
CGGACCGA	TCGGTCCG	0	0	0
CGGACCGC	GCGGTCCG	0	0	0
CGGACCTA	TAGGTCCG	0	0	0
CGGACCTC	GAGGTCCG	0	0	0
CGGACGAA	TTCGTCCG	0	0	0
CGGACGAC	GTCGTCCG	0	0	0
CGGACGAG	CTCGTCCG	0	0	0
CGGACGCA	TGCGTCCG	0	0	0
CGGACGCC	GGCGTCCG	0	0	0
CGGACGGA	TCCGTCCG	0	0	0
CGGACGGC	GCCGTCCG	0	0	0
CGGACGTA	TACGTCCG	0	0	0
CGGACGTC	GACGTCCG	0	0	0
CGGACTAA	TTAGTCCG	0	0	0
CGGACTAC	GTAGTCCG	0	0	0
CGGACTAG	CTAGTCCG	0	0	0
CGGACTCA	TGAGTCCG	0	0	0
CGGACTCC	GGAGTCCG	0	0	0
CGGACTGA	TCAGTCCG	0	0	0
CGGACTGC	GCAGTCCG	0	0	0
CGGACTTA	TAAGTCCG	0	0	0
CGGACTTC	GAAGTCCG	0	0	0
CGGAGAAA	TTTCTCCG	0	0	0
CGGAGAAC	GTTCTCCG	0	0	0
CGGAGAAG	CTTCTCCG	0	0	0
CGGAGACA	TGTCTCCG	0	0	0
CGGAGACC	GGTCTCCG	0	0	0
CGGAGACG	CGTCTCCG	0	0	0
CGGAGAGA	TCTCTCCG	0	0	0
CGGAGAGC	GCTCTCCG	0	0	0
CGGAGATA	TATCTCCG	0	0	0
CGGAGATC	GATCTCCG	0	0	0
CGGAGCAA	TTGCTCCG	0	0	0
CGGAGCAC	GTGCTCCG	0	0	0
CGGAGCAG	CTGCTCCG	0	0	0
CGGAGCCA	TGGCTCCG	0	0	0
CGGAGCCC	GGGCTCCG	0	0	0
CGGAGCCG	CGGCTCCG	0	0	0
CGGAGCGA	TCGCTCCG	0	0	0
CGGAGCGC	GCGCTCCG	0	0	0
CGGAGCTA	TAGCTCCG	0	0	0
CGGAGCTC	GAGCTCCG	0	0	0
CGGAGGAA	TTCCTCCG	0	0	0
CGGAGGAC	GTCCTCCG	0	0	0
CGGAGGAG	CTCCTCCG	0	0	0
CGGAGGCA	TGCCTCCG	0	0	0
CGGAGGCC	GGCCTCCG	0	0	0
CGGAGGGA	TCCCTCCG	0	0	0
CGGAGGGC	GCCCTCCG	0	0	0
CGGAGGTA	TACCTCCG	0	0	0
CGGAGGTC	GACCTCCG	0	0	0
CGGAGTAA	TTACTCCG	0	0	0
CGGAGTAC	GTACTCCG	0	0	0
CGGAGTAG	CTACTCCG	0	0	0
CGGAGTCA	TGACTCCG	0	0	0
CGGAGTCC	GGACTCCG	0	0	0
CGGAGTGA	TCACTCCG	0	0	0
CGGAGTGC	GCACTCCG	0	0	0
CGGAGTTA	TAACTCCG	0	0	0
CGGAGTTC	GAACTCCG	0	0	0
CGGATAAA	TTTATCCG	0	0	0
CGGATAAC	GTTATCCG	0	0	0
CGGATAAG	CTTATCCG	0	0	0
CGGATACA	TGTATCCG	0	0	0
CGGATACC	GGTATCCG	0	0	0
CGGATACG	CGTATCCG	0	0	0
CGGATAGA	TCTATCCG	0	0	0
CGGATAGC	GCTATCCG	0	0	0
CGGATATA	TATATCCG	0	0	0
CGGATATC	GATATCCG	0	0	0
CGGATCAA	TTGATCCG	0	0	0
CGGATCAC	GTGATCCG	0	0	0
CGGATCAG	CTGATCCG	0	0	0
CGGATCCA	TGGATCCG	0	0	0
CGGATCCC	GGGATCCG	0	0	0
CGGATCCG	CGGATCCG	0	0	0
CGGATCGA	TCGATCCG	0	0	0
CGGATCGC	GCGATCCG	0	0	0
CGGATCTA	TAGATCCG	0	0	0
CGGATCTC	GAGATCCG	0	0	0
CGGATGAA	TTCATCCG	0	0	0
CGGATGAC	GTCATCCG	0	0	0
CGGATGAG	CTCATCCG	0	0	0
CGGATGCA	TGCATCCG	0	0	0
CGGATGCC	GGCATCCG	0	0	0
CGGATGGA	TCCATCCG	0	0	0
CGGATGGC	GCCATCCG	0	0	0
CGGATGTA	TACATCCG	0	0	0
CGGATGTC	GACATCCG	0	0	0
CGGATTAA	TTAATCCG	0	0	0
CGGATTAC	GTAATCCG	0	0	0
CGGATTAG	CTAATCCG	0	0	0
CGGATTCA	TGAATCCG	0	0	0
CGGATTCC	GGAATCCG	0	0	0
CGGATTGA	TCAATCCG	0	0	0
CGGATTGC	GCAATCCG	0	0	0
CGGATTTA	TAAATCCG	0	0	0
CGGATTTC	GAAATCCG	0	0	0
CGGCAAAA	TTTTGCCG	0	0	0
CGGCAAAC	GTTTGCCG	0	0	0
CGGCAAAG	CTTTGCCG	0	0	0
CGGCAACA	TGTTGCCG	0	0	0
CGGCAACC	GGTTGCCG	0	0	0
CGGCAACG	CGTTGCCG	0	0	0
CGGCAAGA	TCTTGCCG	0	0	0
CGGCAAGC	GCTTGCCG	0	0	0
CGGCAATA	TATTGCCG	0	0	0
CGGCAATC	GATTGCCG	0	0	0
CGGCACAA	TTGTGCCG	0	0	0
CGGCACAC	GTGTGCCG	0	0	0
CGGCACAG	CTGTGCCG	0	0	0
CGGCACCA	TGGTGCCG	0	0	0
CGGCACCC	GGGTGCCG	0	0	0
CGGCACCG	CGGTGCCG	0	0	0
CGGCACGA	TCGTGCCG	0	0	0
CGGCACGC	GCGTGCCG	0	0	0
CGGCACTA	TAGTGCCG	0	0	0
CGGCACTC	GAGTGCCG	0	0	0
CGGCAGAA	TTCTGCCG	0	0	0
CGGCAGAC	GTCTGCCG	0	0	0
CGGCAGAG	CTCTGCCG	0	0	0
CGGCAGCA	TGCTGCCG	0	0	0
CGGCAGCC	GGCTGCCG	0	0	0
CGGCAGGA	TCCTGCCG	0	0	0
CGGCAGGC	GCCTGCCG	0	0	0
CGGCAGTA	TACTGCCG	0	0	0
CGGCAGTC	GACTGCCG	0	0	0
CGGCATAA	TTATGCCG	0	0	0
CGGCATAC	GTATGCCG	0	0	0
CGGCATAG	CTATGCCG	0	0	0
CGGCATCA	TGATGCCG	0	0	0
CGGCATCC	GGATGCCG	0	0	0
CGGCATGA	TCATGCCG	0	0	0
CGGCATGC	GCATGCCG	0	0	0
CGGCATTA	TAATGCCG	0	0	0
CGGCATTC	GAATGCCG	0	0	0
CGGCCAAA	TTTGGCCG	0	0	0
CGGCCAAC	GTTGGCCG	0	0	0
CGGCCAAG	CTTGGCCG	0	0	0
CGGCCACA	TGTGGCCG	0	0	0
CGGCCACC	GGTGGCCG	0	0	0
CGGCCACG	CGTGGCCG	0	0	0
CGGCCAGA	TCTGGCCG	0	0	0
CGGCCAGC	GCTGGCCG	0	0	0
CGGCCATA	TATGGCCG	0	0	0
CGGCCATC	GATGGCCG	0	0	0
CGGCCCAA	TTGGGCCG	0	0	0
CGGCCCAC	GTGGGCCG	0	0	0
CGGCCCAG	CTGGGCCG	0	0	0
CGGCCCCA	TGGGGCCG	0	0	0
CGGCCCCC	GGGGGCCG	0	0	0
CGGCCCCG	CGGGGCCG	0	0	0
CGGCCCGA	TCGGGCCG	0	0	0
CGGCCCGC	GCGGGCCG	0	0	0
CGGCCCTA	TAGGGCCG	0	0	0
CGGCCCTC	GAGGGCCG	0	0	0
CGGCCGAA	TTCGGCCG	0	0	0
CGGCCGAC	GTCGGCCG	0	0	0
CGGCCGAG	CTCGGCCG	0	0	0
CGGCCGCA	TGCGGCCG	0	0	0
CGGCCGCC	GGCGGCCG	0	0	0
CGGCCGGA	TCCGGCCG	0	0	0
CGGCCGGC	GCCGGCCG	0	0	0
CGGCCGTA	TACGGCCG	0	0	0
CGGCCGTC	GACGGCCG	0	0	0
CGGCCTAA	TTAGGCCG	0	0	0
CGGCCTAC	GTAGGCCG	0	0	0
CGGCCTAG	CTAGGCCG	0	0	0
CGGCCTCA	TGAGGCCG	0	0	0
CGGCCTCC	GGAGGCCG	0	0	0
CGGCCTGA	TCAGGCCG	0	0	0
CGGCCTGC	GCAGGCCG	0	0	0
CGGCCTTA	TAAGGCCG	0	0	0
CGGCCTTC	GAAGGCCG	0	0	0
CGGCGAAA	TTTCGCCG	0	0	0
CGGCGAAC	GTTCGCCG	0	0	0
CGGCGAAG	CTTCGCCG	0	0	0
CGGCGACA	TGTCGCCG	0	0	0
CGGCGACC	GGTCGCCG	0	0	0
CGGCGACG	CGTCGCCG	0	0	0
CGGCGAGA	TCTCGCCG	0	0	0
CGGCGAGC	GCTCGCCG	0	0	0
CGGCGATA	TATCGCCG	0	0	0
CGGCGATC	GATCGCCG	0	0	0
CGGCGCAA	TTGCGCCG	0	0	0
CGGCGCAC	GTGCGCCG	0	0	0
CGGCGCAG	CTGCGCCG	0	0	0
CGGCGCCA	TGGCGCCG	0	0	0
CGGCGCCC	GGGCGCCG	0	0	0
CGGCGCCG	CGGCGCCG	0	0	0
CGGCGCGA	TCGCGCCG	0	0	0
CGGCGCGC	GCGCGCCG	0	0	0
CGGCGCTA	TAGCGCCG	0	0	0
CGGCGCTC	GAGCGCCG	0	0	0
CGGCGGAA	TTCCGCCG	0	0	0
CGGCGGAC	GTCCGCCG	0	0	0
CGGCGGAG	CTCCGCCG	0	0	0
CGGCGGCA	TGCCGCCG	0	0	0
CGGCGGCC	GGCCGCCG	0	0	0
CGGCGGGA	TCCCGCCG	0	0	0
CGGCGGGC	GCCCGCCG	0	0	0
CGGCGGTA	TACCGCCG	0	0	0
CGGCGGTC	GACCGCCG	0	0	0
CGGCGTAA	TTACGCCG	0	0	0
CGGCGTAC	GTACGCCG	0	0	0
CGGCGTAG	CTACGCCG	0	0	0
CGGCGTCA	TGACGCCG	0	0	0
CGGCGTCC	GGACGCCG	0	0	0
CGGCGTGA	TCACGCCG	0	0	0
CGGCGTGC	GCACGCCG	0	0	0
CGGCGTTA	TAACGCCG	0	0	0
CGGCGTTC	GAACGCCG	0	0	0
CGGCTAAA	TTTAGCCG	0	0	0
CGGCTAAC	GTTAGCCG	0	0	0
CGGCTAAG	CTTAGCCG	0	0	0
CGGCTACA	TGTAGCCG	0	0	0
CGGCTACC	GGTAGCCG	0	0	0
CGGCTACG	CGTAGCCG	0	0	0
CGGCTAGA	TCTAGCCG	0	0	0
CGGCTAGC	GCTAGCCG	0	0	0
CGGCTATA	TATAGCCG	0	0	0
CGGCTATC	GATAGCCG	0	0	0
CGGCTCAA	TTGAGCCG	0	0	0
CGGCTCAC	GTGAGCCG	0	0	0
CGGCTCAG	CTGAGCCG	0	0	0
CGGCTCCA	TGGAGCCG	0	0	0
CGGCTCCC	GGGAGCCG	0	0	0
CGGCTCGA	TCGAGCCG	0	0	0
CGGCTCGC	GCGAGCCG	0	0	0
CGGCTCTA	TAGAGCCG	0	0	0
CGGCTCTC	GAGAGCCG	0	0	0
CGGCTGAA	TTCAGCCG	0	0	0
CGGCTGAC	GTCAGCCG	0	0	0
CGGCTGAG	CTCAGCCG	0	0	0
CGGCTGCA	TGCAGCCG	0	0	0
CGGCTGCC	GGCAGCCG	0	0	0
CGGCTGGA	TCCAGCCG	0	0	0
CGGCTGGC	GCCAGCCG	0	0	0
CGGCTGTA	TACAGCCG	0	0	0
CGGCTGTC	GACAGCCG	0	0	0
CGGCTTAA	TTAAGCCG	0	0	0
CGGCTTAC	GTAAGCCG	0	0	0
CGGCTTAG	CTAAGCCG	0	0	0
CGGCTTCA	TGAAGCCG	0	0	0
CGGCTTCC	GGAAGCCG	0	0	0
CGGCTTGA	TCAAGCCG	0	0	0
CGGCTTGC	GCAAGCCG	0	0	0
CGGCTTTA	TAAAGCCG	0	0	0
CGGCTTTC	GAAAGCCG	0	0	0
CGGGAAAA	TTTTCCCG	0	0	0
CGGGAAAC	GTTTCCCG	0	0	0
CGGGAAAG	CTTTCCCG	0	0	0
CGGGAACA	TGTTCCCG	0	0	0
CGGGAACC	GGTTCCCG	0	0	0
CGGGAACG	CGTTCCCG	0	0	0
CGGGAAGA	TCTTCCCG	0	0	0
CGGGAAGC	GCTTCCCG	0	0	0
CGGGAATA	TATTCCCG	0	0	0
CGGGAATC	GATTCCCG	0	0	0
CGGGACAA	TTGTCCCG	0	0	0
CGGGACAC	GTGTCCCG	0	0	0
CGGGACAG	CTGTCCCG	0	0	0
CGGGACCA	TGGTCCCG	0	0	0
CGGGACCC	GGGTCCCG	0	0	0
CGGGACCG	CGGTCCCG	0	0	0
CGGGACGA	TCGTCCCG	0	0	0
CGGGACGC	GCGTCCCG	0	0	0
CGGGACTA	TAGTCCCG	0	0	0
CGGGACTC	GAGTCCCG	0	0	0
CGGGAGAA	TTCTCCCG	0	0	0
CGGGAGAC	GTCTCCCG	0	0	0
CGGGAGAG	CTCTCCCG	0	0	0
CGGGAGCA	TGCTCCCG	0	0	0
CGGGAGCC	GGCTCCCG	0	0	0
CGGGAGGA	TCCTCCCG	0	0	0
CGGGAGGC	GCCTCCCG	0	0	0
CGGGAGTA	TACTCCCG	0	0	0
CGGGAGTC	GACTCCCG	0	0	0
CGGGATAA	TTATCCCG	0	0	0
CGGGATAC	GTATCCCG	0	0	0
CGGGATAG	CTATCCCG	0	0	0
CGGGATCA	TGATCCCG	0	0	0
CGGGATCC	GGATCCCG	0	0	0
CGGGATGA	TCATCCCG	0	0	0
CGGGATGC	GCATCCCG	0	0	0
CGGGATTA	TAATCCCG	0	0	0
CGGGATTC	GAATCCCG	0	0	0
CGGGCAAA	TTTGCCCG	0	0	0
CGGGCAAC	GTTGCCCG	0	0	0
CGGGCAAG	CTTGCCCG	0	0	0
CGGGCACA	TGTGCCCG	0	0	0
CGGGCACC	GGTGCCCG	0	0	0
CGGGCACG	CGTGCCCG	0	0	0
CGGGCAGA	TCTGCCCG	0	0	0
CGGGCAGC	GCTGCCCG	0	0	0
CGGGCATA	TATGCCCG	0	0	0
CGGGCATC	GATGCCCG	0	0	0
CGGGCCAA	TTGGCCCG	0	0	0
CGGGCCAC	GTGGCCCG	0	0	0
CGGGCCAG	CTGGCCCG	0	0	0
CGGGCCCA	TGGGCCCG	0	0	0
CGGGCCCC	GGGGCCCG	0	0	0
CGGGCCCG	CGGGCCCG	0	0	0
CGGGCCGA	TCGGCCCG	0	0	0
CGGGCCGC	GCGGCCCG	0	0	0
CGGGCCTA	TAGGCCCG	0	0	0
CGGGCCTC	GAGGCCCG	0	0	0
CGGGCGAA	TTCGCCCG	0	0	0
CGGGCGAC	GTCGCCCG	0	0	0
CGGGCGAG	CTCGCCCG	0	0	0
CGGGCGCA	TGCGCCCG	0	0	0
CGGGCGCC	GGCGCCCG	0	0	0
CGGGCGGA	TCCGCCCG	0	0	0
CGGGCGGC	GCCGCCCG	0	0	0
CGGGCGTA	TACGCCCG	0	0	0
CGGGCGTC	GACGCCCG	0	0	0
CGGGCTAA	TTAGCCCG	0	0	0
CGGGCTAC	GTAGCCCG	0	0	0
CGGGCTAG	CTAGCCCG	0	0	0
CGGGCTCA	TGAGCCCG	0	0	0
CGGGCTCC	GGAGCCCG	0	0	0
CGGGCTGA	TCAGCCCG	0	0	0
CGGGCTGC	GCAGCCCG	0	0	0
CGGGCTTA	TAAGCCCG	0	0	0
CGGGCTTC	GAAGCCCG	0	0	0
CGGGGAAA	TTTCCCCG	0	0	0
CGGGGAAC	GTTCCCCG	0	0	0
CGGGGAAG	CTTCCCCG	0	0	0
CGGGGACA	TGTCCCCG	0	0	0
CGGGGACC	GGTCCCCG	0	0	0
CGGGGACG	CGTCCCCG	0	0	0
CGGGGAGA	TCTCCCCG	0	0	0
CGGGGAGC	GCTCCCCG	0	0	0
CGGGGATA	TATCCCCG	0	0	0
CGGGGATC	GATCCCCG	0	0	0
CGGGGCAA	TTGCCCCG	0	0	0
CGGGGCAC	GTGCCCCG	0	0	0
CGGGGCAG	CTGCCCCG	0	0	0
CGGGGCCA	TGGCCCCG	0	0	0
CGGGGCCC	GGGCCCCG	0	0	0
CGGGGCGA	TCGCCCCG	0	0	0
CGGGGCGC	GCGCCCCG	0	0	0
CGGGGCTA	TAGCCCCG	0	0	0
CGGGGCTC	GAGCCCCG	0	0	0
CGGGGGAA	TTCCCCCG	0	0	0
CGGGGGAC	GTCCCCCG	0	0	0
CGGGGGAG	CTCCCCCG	0	0	0
CGGGGGCA	TGCCCCCG	0	0	0
CGGGGGCC	GGCCCCCG	0	0	0
CGGGGGGA	TCCCCCCG	0	0	0
CGGGGGGC	GCCCCCCG	0	0	0
CGGGGGTA	TACCCCCG	0	0	0
CGGGGGTC	GACCCCCG	0	0	0
CGGGGTAA	TTACCCCG	0	0	0
CGGGGTAC	GTACCCCG	0	0	0
CGGGGTAG	CTACCCCG	0	0	0
CGGGGTCA	TGACCCCG	0	0	0
CGGGGTCC	GGACCCCG	0	0	0
CGGGGTGA	TCACCCCG	0	0	0
CGGGGTGC	GCACCCCG	0	0	0
CGGGGTTA	TAACCCCG	0	0	0
CGGGGTTC	GAACCCCG	0	0	0
CGGGTAAA	TTTACCCG	0	0	0
CGGGTAAC	GTTACCCG	0	0	0
CGGGTAAG	CTTACCCG	0	0	0
CGGGTACA	TGTACCCG	0	0	0
CGGGTACC	GGTACCCG	0	0	0
CGGGTACG	CGTACCCG	0	0	0
CGGGTAGA	TCTACCCG	0	0	0
CGGGTAGC	GCTACCCG	0	0	0
CGGGTATA	TATACCCG	0	0	0
CGGGTATC	GATACCCG	0	0	0
CGGGTCAA	TTGACCCG	0	0	0
CGGGTCAC	GTGACCCG	0	0	0
CGGGTCAG	CTGACCCG	0	0	0
CGGGTCCA	TGGACCCG	0	0	0
CGGGTCCC	GGGACCCG	0	0	0
CGGGTCGA	TCGACCCG	0	0	0
CGGGTCGC	GCGACCCG	0	0	0
CGGGTCTA	TAGACCCG	0	0	0
CGGGTCTC	GAGACCCG	0	0	0
CGGGTGAA	TTCACCCG	0	0	0
CGGGTGAC	GTCACCCG	0	0	0
CGGGTGAG	CTCACCCG	0	0	0
CGGGTGCA	TGCACCCG	0	0	0
CGGGTGCC	GGCACCCG	0	0	0
CGGGTGGA	TCCACCCG	0	0	0
CGGGTGGC	GCCACCCG	0	0	0
CGGGTGTA	TACACCCG	0	0	0
CGGGTGTC	GACACCCG	0	0	0
CGGGTTAA	TTAACCCG	0	0	0
CGGGTTAC	GTAACCCG	0	0	0
CGGGTTAG	CTAACCCG	0	0	0
CGGGTTCA	TGAACCCG	0	0	0
CGGGTTCC	GGAACCCG	0	0	0
CGGGTTGA	TCAACCCG	0	0	0
CGGGTTGC	GCAACCCG	0	0	0
CGGGTTTA	TAAACCCG	0	0	0
CGGGTTTC	GAAACCCG	0	0	0
CGGTAAAA	TTTTACCG	0	0	0
CGGTAAAC	GTTTACCG	0	0	0
CGGTAAAG	CTTTACCG	0	0	0
CGGTAACA	TGTTACCG	0	0	0
CGGTAACC	GGTTACCG	0	0	0
CGGTAACG	CGTTACCG	0	0	0
CGGTAAGA	TCTTACCG	0	0	0
CGGTAAGC	GCTTACCG	0	0	0
CGGTAATA	TATTACCG	0	0	0
CGGTAATC	GATTACCG	0	0	0
CGGTACAA	TTGTACCG	0	0	0
CGGTACAC	GTGTACCG	0	0	0
CGGTACAG	CTGTACCG	0	0	0
CGGTACCA	TGGTACCG	0	0	0
CGGTACCC	GGGTACCG	0	0	0
CGGTACCG	CGGTACCG	0	0	0
CGGTACGA	TCGTACCG	0	0	0
CGGTACGC	GCGTACCG	0	0	0
CGGTACTA	TAGTACCG	0	0	0
CGGTACTC	GAGTACCG	0	0	0
CGGTAGAA	TTCTACCG	0	0	0
CGGTAGAC	GTCTACCG	0	0	0
CGGTAGAG	CTCTACCG	0	0	0
CGGTAGCA	TGCTACCG	0	0	0
CGGTAGCC	GGCTACCG	0	0	0
CGGTAGGA	TCCTACCG	0	0	0
CGGTAGGC	GCCTACCG	0	0	0
CGGTAGTA	TACTACCG	0	0	0
CGGTAGTC	GACTACCG	0	0	0
CGGTATAA	TTATACCG	0	0	0
CGGTATAC	GTATACCG	0	0	0
CGGTATAG	CTATACCG	0	0	0
CGGTATCA	TGATACCG	0	0	0
CGGTATCC	GGATACCG	0	0	0
CGGTATGA	TCATACCG	0	0	0
CGGTATGC	GCATACCG	0	0	0
CGGTATTA	TAATACCG	0	0	0
CGGTATTC	GAATACCG	0	0	0
CGGTCAAA	TTTGACCG	0	0	0
CGGTCAAC	GTTGACCG	0	0	0
CGGTCAAG	CTTGACCG	0	0	0
CGGTCACA	TGTGACCG	0	0	0
CGGTCACC	GGTGACCG	0	0	0
CGGTCACG	CGTGACCG	0	0	0
CGGTCAGA	TCTGACCG	0	0	0
CGGTCAGC	GCTGACCG	0	0	0
CGGTCATA	TATGACCG	0	0	0
CGGTCATC	GATGACCG	0	0	0
CGGTCCAA	TTGGACCG	0	0	0
CGGTCCAC	GTGGACCG	0	0	0
CGGTCCAG	CTGGACCG	0	0	0
CGGTCCCA	TGGGACCG	0	0	0
CGGTCCCC	GGGGACCG	0	0	0
CGGTCCGA	TCGGACCG	0	0	0
CGGTCCGC	GCGGACCG	0	0	0
CGGTCCTA	TAGGACCG	0	0	0
CGGTCCTC	GAGGACCG	0	0	0
CGGTCGAA	TTCGACCG	0	0	0
CGGTCGAC	GTCGACCG	0	0	0
CGGTCGAG	CTCGACCG	0	0	0
CGGTCGCA	TGCGACCG	0	0	0
CGGTCGCC	GGCGACCG	0	0	0
CGGTCGGA	TCCGACCG	0	0	0
CGGTCGGC	GCCGACCG	0	0	0
CGGTCGTA	TACGACCG	0	0	0
CGGTCGTC	GACGACCG	0	0	0
CGGTCTAA	TTAGACCG	0	0	0
CGGTCTAC	GTAGACCG	0	0	0
CGGTCTAG	CTAGACCG	0	0	0
CGGTCTCA	TGAGACCG	0	0	0
CGGTCTCC	GGAGACCG	0	0	0
CGGTCTGA	TCAGACCG	0	0	0
CGGTCTGC	GCAGACCG	0	0	0
CGGTCTTA	TAAGACCG	0	0	0
CGGTCTTC	GAAGACCG	0	0	0
CGGTGAAA	TTTCACCG	0	0	0
CGGTGAAC	GTTCACCG	0	0	0
CGGTGAAG	CTTCACCG	0	0	0
CGGTGACA	TGTCACCG	0	0	0
CGGTGACC	GGTCACCG	0	0	0
CGGTGACG	CGTCACCG	0	0	0
CGGTGAGA	TCTCACCG	0	0	0
CGGTGAGC	GCTCACCG	0	0	0
CGGTGATA	TATCACCG	0	0	0
CGGTGATC	GATCACCG	0	0	0
CGGTGCAA	TTGCACCG	0	0	0
CGGTGCAC	GTGCACCG	0	0	0
CGGTGCAG	CTGCACCG	0	0	0
CGGTGCCA	TGGCACCG	0	0	0
CGGTGCCC	GGGCACCG	0	0	0
CGGTGCGA	TCGCACCG	0	0	0
CGGTGCGC	GCGCACCG	0	0	0
CGGTGCTA	TAGCACCG	0	0	0
CGGTGCTC	GAGCACCG	0	0	0
CGGTGGAA	TTCCACCG	0	0	0
CGGTGGAC	GTCCACCG	0	0	0
CGGTGGAG	CTCCACCG	0	0	0
CGGTGGCA	TGCCACCG	0	0	0
CGGTGGCC	GGCCACCG	0	0	0
CGGTGGGA	TCCCACCG	0	0	0
CGGTGGGC	GCCCACCG	0	0	0
CGGTGGTA	TACCACCG	0	0	0
CGGTGGTC	GACCACCG	0	0	0
CGGTGTAA	TTACACCG	0	0	0
CGGTGTAC	GTACACCG	0	0	0
CGGTGTAG	CTACACCG	0	0	0
CGGTGTCA	TGACACCG	0	0	0
CGGTGTCC	GGACACCG	0	0	0
CGGTGTGA	TCACACCG	0	0	0
CGGTGTGC	GCACACCG	0	0	0
CGGTGTTA	TAACACCG	0	0	0
CGGTGTTC	GAACACCG	0	0	0
CGGTTAAA	TTTAACCG	0	0	0
CGGTTAAC	GTTAACCG	0	0	0
CGGTTAAG	CTTAACCG	0	0	0
CGGTTACA	TGTAACCG	0	0	0
CGGTTACC	GGTAACCG	0	0	0
CGGTTACG	CGTAACCG	0	0	0
CGGTTAGA	TCTAACCG	0	0	0
CGGTTAGC	GCTAACCG	0	0	0
CGGTTATA	TATAACCG	0	0	0
CGGTTATC	GATAACCG	0	0	0
CGGTTCAA	TTGAACCG	0	0	0
CGGTTCAC	GTGAACCG	0	0	0
CGGTTCAG	CTGAACCG	0	0	0
CGGTTCCA	TGGAACCG	0	0	0
CGGTTCCC	GGGAACCG	0	0	0
CGGTTCGA	TCGAACCG	0	0	0
CGGTTCGC	GCGAACCG	0	0	0
CGGTTCTA	TAGAACCG	0	0	0
CGGTTCTC	GAGAACCG	0	0	0
CGGTTGAA	TTCAACCG	0	0	0
CGGTTGAC	GTCAACCG	0	0	0
CGGTTGAG	CTCAACCG	0	0	0
CGGTTGCA	TGCAACCG	0	0	0
CGGTTGCC	GGCAACCG	0	0	0
CGGTTGGA	TCCAACCG	0	0	0
CGGTTGGC	GCCAACCG	0	0	0
CGGTTGTA	TACAACCG	0	0	0
CGGTTGTC	GACAACCG	0	0	0
CGGTTTAA	TTAAACCG	0	0	0
CGGTTTAC	GTAAACCG	0	0	0
CGGTTTAG	CTAAACCG	0	0	0
CGGTTTCA	TGAAACCG	0	0	0
CGGTTTCC	GGAAACCG	0	0	0
CGGTTTGA	TCAAACCG	0	0	0
CGGTTTGC	GCAAACCG	0	0	0
CGGTTTTA	TAAAACCG	0	0	0
CGGTTTTC	GAAAACCG	0	0	0
CGTAAAAA	TTTTTACG	0	0	0
CGTAAAAC	GTTTTACG	0	0	0
CGTAAAAG	CTTTTACG	0	0	0
CGTAAACA	TGTTTACG	0	0	0
CGTAAACC	GGTTTACG	0	0	0
CGTAAACG	CGTTTACG	0	0	0
CGTAAAGA	TCTTTACG	0	0	0
CGTAAAGC	GCTTTACG	0	0	0
CGTAAATA	TATTTACG	0	0	0
CGTAAATC	GATTTACG	0	0	0
CGTAACAA	TTGTTACG	0	0	0
CGTAACAC	GTGTTACG	0	0	0
CGTAACAG	CTGTTACG	0	0	0
CGTAACCA	TGGTTACG	0	0	0
CGTAACCC	GGGTTACG	0	0	0
CGTAACGA	TCGTTACG	0	0	0
CGTAACGC	GCGTTACG	0	0	0
CGTAACTA	TAGTTACG	0	0	0
CGTAACTC	GAGTTACG	0	0	0
CGTAAGAA	TTCTTACG	0	0	0
CGTAAGAC	GTCTTACG	0	0	0
CGTAAGAG	CTCTTACG	0	0	0
CGTAAGCA	TGCTTACG	0	0	0
CGTAAGCC	GGCTTACG	0	0	0
CGTAAGGA	TCCTTACG	0	0	0
CGTAAGGC	GCCTTACG	0	0	0
CGTAAGTA	TACTTACG	0	0	0
CGTAAGTC	GACTTACG	0	0	0
CGTAATAA	TTATTACG	0	0	0
CGTAATAC	GTATTACG	0	0	0
CGTAATAG	CTATTACG	0	0	0
CGTAATCA	TGATTACG	0	0	0
CGTAATCC	GGATTACG	0	0	0
CGTAATGA	TCATTACG	0	0	0
CGTAATGC	GCATTACG	0	0	0
CGTAATTA	TAATTACG	0	0	0
CGTAATTC	GAATTACG	0	0	0
CGTACAAA	TTTGTACG	0	0	0
CGTACAAC	GTTGTACG	0	0	0
CGTACAAG	CTTGTACG	0	0	0
CGTACACA	TGTGTACG	0	0	0
CGTACACC	GGTGTACG	0	0	0
CGTACACG	CGTGTACG	0	0	0
CGTACAGA	TCTGTACG	0	0	0
CGTACAGC	GCTGTACG	0	0	0
CGTACATA	TATGTACG	0	0	0
CGTACATC	GATGTACG	0	0	0
CGTACCAA	TTGGTACG	0	0	0
CGTACCAC	GTGGTACG	0	0	0
CGTACCAG	CTGGTACG	0	0	0
CGTACCCA	TGGGTACG	0	0	0
CGTACCCC	GGGGTACG	0	0	0
CGTACCGA	TCGGTACG	0	0	0
CGTACCGC	GCGGTACG	0	0	0
CGTACCTA	TAGGTACG	0	0	0
CGTACCTC	GAGGTACG	0	0	0
CGTACGAA	TTCGTACG	0	0	0
CGTACGAC	GTCGTACG	0	0	0
CGTACGAG	CTCGTACG	0	0	0
CGTACGCA	TGCGTACG	0	0	0
CGTACGCC	GGCGTACG	0	0	0
CGTACGGA	TCCGTACG	0	0	0
CGTACGGC	GCCGTACG	0	0	0
CGTACGTA	TACGTACG	0	0	0
CGTACGTC	GACGTACG	0	0	0
CGTACTAA	TTAGTACG	0	0	0
CGTACTAC	GTAGTACG	0	0	0
CGTACTAG	CTAGTACG	0	0	0
CGTACTCA	TGAGTACG	0	0	0
CGTACTCC	GGAGTACG	0	0	0
CGTACTGA	TCAGTACG	0	0	0
CGTACTGC	GCAGTACG	0	0	0
CGTACTTA	TAAGTACG	0	0	0
CGTACTTC	GAAGTACG	0	0	0
CGTAGAAA	TTTCTACG	0	0	0
CGTAGAAC	GTTCTACG	0	0	0
CGTAGAAG	CTTCTACG	0	0	0
CGTAGACA	TGTCTACG	0	0	0
CGTAGACC	GGTCTACG	0	0	0
CGTAGACG	CGTCTACG	0	0	0
CGTAGAGA	TCTCTACG	0	0	0
CGTAGAGC	GCTCTACG	0	0	0
CGTAGATA	TATCTACG	0	0	0
CGTAGATC	GATCTACG	0	0	0
CGTAGCAA	TTGCTACG	0	0	0
CGTAGCAC	GTGCTACG	0	0	0
CGTAGCAG	CTGCTACG	0	0	0
CGTAGCCA	TGGCTACG	0	0	0
CGTAGCCC	GGGCTACG	0	0	0
CGTAGCGA	TCGCTACG	0	0	0
CGTAGCGC	GCGCTACG	0	0	0
CGTAGCTA	TAGCTACG	0	0	0
CGTAGCTC	GAGCTACG	0	0	0
CGTAGGAA	TTCCTACG	0	0	0
CGTAGGAC	GTCCTACG	0	0	0
CGTAGGAG	CTCCTACG	0	0	0
CGTAGGCA	TGCCTACG	0	0	0
CGTAGGCC	GGCCTACG	0	0	0
CGTAGGGA	TCCCTACG	0	0	0
CGTAGGGC	GCCCTACG	0	0	0
CGTAGGTA	TACCTACG	0	0	0
CGTAGGTC	GACCTACG	0	0	0
CGTAGTAA	TTACTACG	0	0	0
CGTAGTAC	GTACTACG	0	0	0
CGTAGTAG	CTACTACG	0	0	0
CGTAGTCA	TGACTACG	0	0	0
CGTAGTCC	GGACTACG	0	0	0
CGTAGTGA	TCACTACG	0	0	0
CGTAGTGC	GCACTACG	0	0	0
CGTAGTTA	TAACTACG	0	0	0
CGTAGTTC	GAACTACG	0	0	0
CGTATAAA	TTTATACG	0	0	0
CGTATAAC	GTTATACG	0	0	0
CGTATAAG	CTTATACG	0	0	0
CGTATACA	TGTATACG	0	0	0
CGTATACC	GGTATACG	0	0	0
CGTATACG	CGTATACG	0	0	0
CGTATAGA	TCTATACG	0	0	0
CGTATAGC	GCTATACG	0	0	0
CGTATATA	TATATACG	0	0	0
CGTATATC	GATATACG	0	0	0
CGTATCAA	TTGATACG	0	0	0
CGTATCAC	GTGATACG	0	0	0
CGTATCAG	CTGATACG	0	0	0
CGTATCCA	TGGATACG	0	0	0
CGTATCCC	GGGATACG	0	0	0
CGTATCGA	TCGATACG	0	0	0
CGTATCGC	GCGATACG	0	0	0
CGTATCTA	TAGATACG	0	0	0
CGTATCTC	GAGATACG	0	0	0
CGTATGAA	TTCATACG	0	0	0
CGTATGAC	GTCATACG	0	0	0
CGTATGAG	CTCATACG	0	0	0
CGTATGCA	TGCATACG	0	0	0
CGTATGCC	GGCATACG	0	0	0
CGTATGGA	TCCATACG	0	0	0
CGTATGGC	GCCATACG	0	0	0
CGTATGTA	TACATACG	0	0	0
CGTATGTC	GACATACG	0	0	0
CGTATTAA	TTAATACG	0	0	0
CGTATTAC	GTAATACG	0	0	0
CGTATTAG	CTAATACG	0	0	0
CGTATTCA	TGAATACG	0	0	0
CGTATTCC	GGAATACG	0	0	0
CGTATTGA	TCAATACG	0	0	0
CGTATTGC	GCAATACG	0	0	0
CGTATTTA	TAAATACG	0	0	0
CGTATTTC	GAAATACG	0	0	0
CGTCAAAA	TTTTGACG	0	0	0
CGTCAAAC	GTTTGACG	0	0	0
CGTCAAAG	CTTTGACG	0	0	0
CGTCAACA	TGTTGACG	0	0	0
CGTCAACC	GGTTGACG	0	0	0
CGTCAACG	CGTTGACG	0	0	0
CGTCAAGA	TCTTGACG	0	0	0
CGTCAAGC	GCTTGACG	0	0	0
CGTCAATA	TATTGACG	0	0	0
CGTCAATC	GATTGACG	0	0	0
CGTCACAA	TTGTGACG	0	0	0
CGTCACAC	GTGTGACG	0	0	0
CGTCACAG	CTGTGACG	0	0	0
CGTCACCA	TGGTGACG	0	0	0
CGTCACCC	GGGTGACG	0	0	0
CGTCACGA	TCGTGACG	0	0	0
CGTCACGC	GCGTGACG	0	0	0
CGTCACTA	TAGTGACG	0	0	0
CGTCACTC	GAGTGACG	0	0	0
CGTCAGAA	TTCTGACG	0	0	0
CGTCAGAC	GTCTGACG	0	0	0
CGTCAGAG	CTCTGACG	0	0	0
CGTCAGCA	TGCTGACG	0	0	0
CGTCAGCC	GGCTGACG	0	0	0
CGTCAGGA	TCCTGACG	0	0	0
CGTCAGGC	GCCTGACG	0	0	0
CGTCAGTA	TACTGACG	0	0	0
CGTCAGTC	GACTGACG	0	0	0
CGTCATAA	TTATGACG	0	0	0
CGTCATAC	GTATGACG	0	0	0
CGTCATAG	CTATGACG	0	0	0
CGTCATCA	TGATGACG	0	0	0
CGTCATCC	GGATGACG	0	0	0
CGTCATGA	TCATGACG	0	0	0
CGTCATGC	GCATGACG	0	0	0
CGTCATTA	TAATGACG	0	0	0
CGTCATTC	GAATGACG	0	0	0
CGTCCAAA	TTTGGACG	0	0	0
CGTCCAAC	GTTGGACG	0	0	0
CGTCCAAG	CTTGGACG	0	0	0
CGTCCACA	TGTGGACG	0	0	0
CGTCCACC	GGTGGACG	0	0	0
CGTCCACG	CGTGGACG	0	0	0
CGTCCAGA	TCTGGACG	0	0	0
CGTCCAGC	GCTGGACG	0	0	0
CGTCCATA	TATGGACG	0	0	0
CGTCCATC	GATGGACG	0	0	0
CGTCCCAA	TTGGGACG	0	0	0
CGTCCCAC	GTGGGACG	0	0	0
CGTCCCAG	CTGGGACG	0	0	0
CGTCCCCA	TGGGGACG	0	0	0
CGTCCCCC	GGGGGACG	0	0	0
CGTCCCGA	TCGGGACG	0	0	0
CGTCCCGC	GCGGGACG	0	0	0
CGTCCCTA	TAGGGACG	0	0	0
CGTCCCTC	GAGGGACG	0	0	0
CGTCCGAA	TTCGGACG	0	0	0
CGTCCGAC	GTCGGACG	0	0	0
CGTCCGAG	CTCGGACG	0	0	0
CGTCCGCA	TGCGGACG	0	0	0
CGTCCGCC	GGCGGACG	0	0	0
CGTCCGGA	TCCGGACG	0	0	0
CGTCCGGC	GCCGGACG	0	0	0
CGTCCGTA	TACGGACG	0	0	0
CGTCCGTC	GACGGACG	0	0	0
CGTCCTAA	TTAGGACG	0	0	0
CGTCCTAC	GTAGGACG	0	0	0
CGTCCTAG	CTAGGACG	0	0	0
CGTCCTCA	TGAGGACG	0	0	0
CGTCCTCC	GGAGGACG	0	0	0
CGTCCTGA	TCAGGACG	0	0	0
CGTCCTGC	GCAGGACG	0	0	0
CGTCCTTA	TAAGGACG	0	0	0
CGTCCTTC	GAAGGACG	0	0	0
CGTCGAAA	TTTCGACG	0	0	0
CGTCGAAC	GTTCGACG	0	0	0
CGTCGAAG	CTTCGACG	0	0	0
CGTCGACA	TGTCGACG	0	0	0
CGTCGACC	GGTCGACG	0	0	0
CGTCGACG	CGTCGACG	0	0	0
CGTCGAGA	TCTCGACG	0	0	0
CGTCGAGC	GCTCGACG	0	0	0
CGTCGATA	TATCGACG	0	0	0
CGTCGATC	GATCGACG	0	0	0
CGTCGCAA	TTGCGACG	0	0	0
CGTCGCAC	GTGCGACG	0	0	0
CGTCGCAG	CTGCGACG	0	0	0
CGTCGCCA	TGGCGACG	0	0	0
CGTCGCCC	GGGCGACG	0	0	0
CGTCGCGA	TCGCGACG	0	0	0
CGTCGCGC	GCGCGACG	0	0	0
CGTCGCTA	TAGCGACG	0	0	0
CGTCGCTC	GAGCGACG	0	0	0
CGTCGGAA	TTCCGACG	0	0	0
CGTCGGAC	GTCCGACG	0	0	0
CGTCGGAG	CTCCGACG	0	0	0
CGTCGGCA	TGCCGACG	0	0	0
CGTCGGCC	GGCCGACG	0	0	0
CGTCGGGA	TCCCGACG	0	0	0
CGTCGGGC	GCCCGACG	0	0	0
CGTCGGTA	TACCGACG	0	0	0
CGTCGGTC	GACCGACG	0	0	0
CGTCGTAA	TTACGACG	0	0	0
CGTCGTAC	GTACGACG	0	0	0
CGTCGTAG	CTACGACG	0	0	0
CGTCGTCA	TGACGACG	0	0	0
CGTCGTCC	GGACGACG	0	0	0
CGTCGTGA	TCACGACG	0	0	0
CGTCGTGC	GCACGACG	0	0	0
CGTCGTTA	TAACGACG	0	0	0
CGTCGTTC	GAACGACG	0	0	0
CGTCTAAA	TTTAGACG	0	0	0
CGTCTAAC	GTTAGACG	0	0	0
CGTCTAAG	CTTAGACG	0	0	0
CGTCTACA	TGTAGACG	0	0	0
CGTCTACC	GGTAGACG	0	0	0
CGTCTAGA	TCTAGACG	0	0	0
CGTCTAGC	GCTAGACG	0	0	0
CGTCTATA	TATAGACG	0	0	0
CGTCTATC	GATAGACG	0	0	0
CGTCTCAA	TTGAGACG	0	0	0
CGTCTCAC	GTGAGACG	0	0	0
CGTCTCAG	CTGAGACG	0	0	0
CGTCTCCA	TGGAGACG	0	0	0
CGTCTCCC	GGGAGACG	0	0	0
CGTCTCGA	TCGAGACG	0	0	0
CGTCTCGC	GCGAGACG	0	0	0
CGTCTCTA	TAGAGACG	0	0	0
CGTCTCTC	GAGAGACG	0	0	0
CGTCTGAA	TTCAGACG	0	0	0
CGTCTGAC	GTCAGACG	0	0	0
CGTCTGAG	CTCAGACG	0	0	0
CGTCTGCA	TGCAGACG	0	0	0
CGTCTGCC	GGCAGACG	0	0	0
CGTCTGGA	TCCAGACG	0	0	0
CGTCTGGC	GCCAGACG	0	0	0
CGTCTGTA	TACAGACG	0	0	0
CGTCTGTC	GACAGACG	0	0	0
CGTCTTAA	TTAAGACG	0	0	0
CGTCTTAC	GTAAGACG	0	0	0
CGTCTTAG	CTAAGACG	0	0	0
CGTCTTCA	TGAAGACG	0	0	0
CGTCTTCC	GGAAGACG	0	0	0
CGTCTTGA	TCAAGACG	0	0	0
CGTCTTGC	GCAAGACG	0	0	0
CGTCTTTA	TAAAGACG	0	0	0
CGTCTTTC	GAAAGACG	0	0	0
CGTGAAAA	TTTTCACG	0	0	0
CGTGAAAC	GTTTCACG	0	0	0
CGTGAAAG	CTTTCACG	0	0	0
CGTGAACA	TGTTCACG	0	0	0
CGTGAACC	GGTTCACG	0	0	0
CGTGAACG	CGTTCACG	0	0	0
CGTGAAGA	TCTTCACG	0	0	0
CGTGAAGC	GCTTCACG	0	0	0
CGTGAATA	TATTCACG	0	0	0
CGTGAATC	GATTCACG	0	0	0
CGTGACAA	TTGTCACG	0	0	0
CGTGACAC	GTGTCACG	0	0	0
CGTGACAG	CTGTCACG	0	0	0
CGTGACCA	TGGTCACG	0	0	0
CGTGACCC	GGGTCACG	0	0	0
CGTGACGA	TCGTCACG	0	0	0
CGTGACGC	GCGTCACG	0	0	0
CGTGACTA	TAGTCACG	0	0	0
CGTGACTC	GAGTCACG	0	0	0
CGTGAGAA	TTCTCACG	0	0	0
CGTGAGAC	GTCTCACG	0	0	0
CGTGAGAG	CTCTCACG	0	0	0
CGTGAGCA	TGCTCACG	0	0	0
CGTGAGCC	GGCTCACG	0	0	0
CGTGAGGA	TCCTCACG	0	0	0
CGTGAGGC	GCCTCACG	0	0	0
CGTGAGTA	TACTCACG	0	0	0
CGTGAGTC	GACTCACG	0	0	0
CGTGATAA	TTATCACG	0	0	0
CGTGATAC	GTATCACG	0	0	0
CGTGATAG	CTATCACG	0	0	0
CGTGATCA	TGATCACG	0	0	0
CGTGATCC	GGATCACG	0	0	0
CGTGATGA	TCATCACG	0	0	0
CGTGATGC	GCATCACG	0	0	0
CGTGATTA	TAATCACG	0	0	0
CGTGATTC	GAATCACG	0	0	0
CGTGCAAA	TTTGCACG	0	0	0
CGTGCAAC	GTTGCACG	0	0	0
CGTGCAAG	CTTGCACG	0	0	0
CGTGCACA	TGTGCACG	0	0	0
CGTGCACC	GGTGCACG	0	0	0
CGTGCACG	CGTGCACG	0	0	0
CGTGCAGA	TCTGCACG	0	0	0
CGTGCAGC	GCTGCACG	0	0	0
CGTGCATA	TATGCACG	0	0	0
CGTGCATC	GATGCACG	0	0	0
CGTGCCAA	TTGGCACG	0	0	0
CGTGCCAC	GTGGCACG	0	0	0
CGTGCCAG	CTGGCACG	0	0	0
CGTGCCCA	TGGGCACG	0	0	0
CGTGCCCC	GGGGCACG	0	0	0
CGTGCCGA	TCGGCACG	0	0	0
CGTGCCGC	GCGGCACG	0	0	0
CGTGCCTA	TAGGCACG	0	0	0
CGTGCCTC	GAGGCACG	0	0	0
CGTGCGAA	TTCGCACG	0	0	0
CGTGCGAC	GTCGCACG	0	0	0
CGTGCGAG	CTCGCACG	0	0	0
CGTGCGCA	TGCGCACG	0	0	0
CGTGCGCC	GGCGCACG	0	0	0
CGTGCGGA	TCCGCACG	0	0	0
CGTGCGGC	GCCGCACG	0	0	0
CGTGCGTA	TACGCACG	0	0	0
CGTGCGTC	GACGCACG	0	0	0
CGTGCTAA	TTAGCACG	0	0	0
CGTGCTAC	GTAGCACG	0	0	0
CGTGCTAG	CTAGCACG	0	0	0
CGTGCTCA	TGAGCACG	0	0	0
CGTGCTCC	GGAGCACG	0	0	0
CGTGCTGA	TCAGCACG	0	0	0
CGTGCTGC	GCAGCACG	0	0	0
CGTGCTTA	TAAGCACG	0	0	0
CGTGCTTC	GAAGCACG	0	0	0
CGTGGAAA	TTTCCACG	0	0	0
CGTGGAAC	GTTCCACG	0	0	0
CGTGGAAG	CTTCCACG	0	0	0
CGTGGACA	TGTCCACG	0	0	0
CGTGGACC	GGTCCACG	0	0	0
CGTGGAGA	TCTCCACG	0	0	0
CGTGGAGC	GCTCCACG	0	0	0
CGTGGATA	TATCCACG	0	0	0
CGTGGATC	GATCCACG	0	0	0
CGTGGCAA	TTGCCACG	0	0	0
CGTGGCAC	GTGCCACG	0	0	0
CGTGGCAG	CTGCCACG	0	0	0
CGTGGCCA	TGGCCACG	0	0	0
CGTGGCCC	GGGCCACG	0	0	0
CGTGGCGA	TCGCCACG	0	0	0
CGTGGCGC	GCGCCACG	0	0	0
CGTGGCTA	TAGCCACG	0	0	0
CGTGGCTC	GAGCCACG	0	0	0
CGTGGGAA	TTCCCACG	0	0	0
CGTGGGAC	GTCCCACG	0	0	0
CGTGGGAG	CTCCCACG	0	0	0
CGTGGGCA	TGCCCACG	0	0	0
CGTGGGCC	GGCCCACG	0	0	0
CGTGGGGA	TCCCCACG	0	0	0
CGTGGGGC	GCCCCACG	0	0	0
CGTGGGTA	TACCCACG	0	0	0
CGTGGGTC	GACCCACG	0	0	0
CGTGGTAA	TTACCACG	0	0	0
CGTGGTAC	GTACCACG	0	0	0
CGTGGTAG	CTACCACG	0	0	0
CGTGGTCA	TGACCACG	0	0	0
CGTGGTCC	GGACCACG	0	0	0
CGTGGTGA	TCACCACG	0	0	0
CGTGGTGC	GCACCACG	0	0	0
CGTGGTTA	TAACCACG	0	0	0
CGTGGTTC	GAACCACG	0	0	0
CGTGTAAA	TTTACACG	0	0	0
CGTGTAAC	GTTACACG	0	0	0
CGTGTAAG	CTTACACG	0	0	0
CGTGTACA	TGTACACG	0	0	0
CGTGTACC	GGTACACG	0	0	0
CGTGTAGA	TCTACACG	0	0	0
CGTGTAGC	GCTACACG	0	0	0
CGTGTATA	TATACACG	0	0	0
CGTGTATC	GATACACG	0	0	0
CGTGTCAA	TTGACACG	0	0	0
CGTGTCAC	GTGACACG	0	0	0
CGTGTCAG	CTGACACG	0	0	0
CGTGTCCA	TGGACACG	0	0	0
CGTGTCCC	GGGACACG	0	0	0
CGTGTCGA	TCGACACG	0	0	0
CGTGTCGC	GCGACACG	0	0	0
CGTGTCTA	TAGACACG	0	0	0
CGTGTCTC	GAGACACG	0	0	0
CGTGTGAA	TTCACACG	0	0	0
CGTGTGAC	GTCACACG	0	0	0
CGTGTGAG	CTCACACG	0	0	0
CGTGTGCA	TGCACACG	0	0	0
CGTGTGCC	GGCACACG	0	0	0
CGTGTGGA	TCCACACG	0	0	0
CGTGTGGC	GCCACACG	0	0	0
CGTGTGTA	TACACACG	0	0	0
CGTGTGTC	GACACACG	0	0	0
CGTGTTAA	TTAACACG	0	0	0
CGTGTTAC	GTAACACG	0	0	0
CGTGTTAG	CTAACACG	0	0	0
CGTGTTCA	TGAACACG	0	0	0
CGTGTTCC	GGAACACG	0	0	0
CGTGTTGA	TCAACACG	0	0	0
CGTGTTGC	GCAACACG	0	0	0
CGTGTTTA	TAAACACG	0	0	0
CGTGTTTC	GAAACACG	0	0	0
CGTTAAAA	TTTTAACG	0	0	0
CGTTAAAC	GTTTAACG	0	0	0
CGTTAAAG	CTTTAACG	0	0	0
CGTTAACA	TGTTAACG	0	0	0
CGTTAACC	GGTTAACG	0	0	0
CGTTAACG	CGTTAACG	0	0	0
CGTTAAGA	TCTTAACG	0	0	0
CGTTAAGC	GCTTAACG	0	0	0
CGTTAATA	TATTAACG	0	0	0
CGTTAATC	GATTAACG	0	0	0
CGTTACAA	TTGTAACG	0	0	0
CGTTACAC	GTGTAACG	0	0	0
CGTTACAG	CTGTAACG	0	0	0
CGTTACCA	TGGTAACG	0	0	0
CGTTACCC	GGGTAACG	0	0	0
CGTTACGA	TCGTAACG	0	0	0
CGTTACGC	GCGTAACG	0	0	0
CGTTACTA	TAGTAACG	0	0	0
CGTTACTC	GAGTAACG	0	0	0
CGTTAGAA	TTCTAACG	0	0	0
CGTTAGAC	GTCTAACG	0	0	0
CGTTAGAG	CTCTAACG	0	0	0
CGTTAGCA	TGCTAACG	0	0	0
CGTTAGCC	GGCTAACG	0	0	0
CGTTAGGA	TCCTAACG	0	0	0
CGTTAGGC	GCCTAACG	0	0	0
CGTTAGTA	TACTAACG	0	0	0
CGTTAGTC	GACTAACG	0	0	0
CGTTATAA	TTATAACG	0	0	0
CGTTATAC	GTATAACG	0	0	0
CGTTATAG	CTATAACG	0	0	0
CGTTATCA	TGATAACG	0	0	0
CGTTATCC	GGATAACG	0	0	0
CGTTATGA	TCATAACG	0	0	0
CGTTATGC	GCATAACG	0	0	0
CGTTATTA	TAATAACG	0	0	0
CGTTATTC	GAATAACG	0	0	0
CGTTCAAA	TTTGAACG	0	0	0
CGTTCAAC	GTTGAACG	0	0	0
CGTTCAAG	CTTGAACG	0	0	0
CGTTCACA	TGTGAACG	0	0	0
CGTTCACC	GGTGAACG	0	0	0
CGTTCAGA	TCTGAACG	0	0	0
CGTTCAGC	GCTGAACG	0	0	0
CGTTCATA	TATGAACG	0	0	0
CGTTCATC	GATGAACG	0	0	0
CGTTCCAA	TTGGAACG	0	0	0
CGTTCCAC	GTGGAACG	0	0	0
CGTTCCAG	CTGGAACG	0	0	0
CGTTCCCA	TGGGAACG	0	0	0
CGTTCCCC	GGGGAACG	0	0	0
CGTTCCGA	TCGGAACG	0	0	0
CGTTCCGC	GCGGAACG	0	0	0
CGTTCCTA	TAGGAACG	0	0	0
CGTTCCTC	GAGGAACG	0	0	0
CGTTCGAA	TTCGAACG	0	0	0
CGTTCGAC	GTCGAACG	0	0	0
CGTTCGAG	CTCGAACG	0	0	0
CGTTCGCA	TGCGAACG	0	0	0
CGTTCGCC	GGCGAACG	0	0	0
CGTTCGGA	TCCGAACG	0	0	0
CGTTCGGC	GCCGAACG	0	0	0
CGTTCGTA	TACGAACG	0	0	0
CGTTCGTC	GACGAACG	0	0	0
CGTTCTAA	TTAGAACG	0	0	0
CGTTCTAC	GTAGAACG	0	0	0
CGTTCTAG	CTAGAACG	0	0	0
CGTTCTCA	TGAGAACG	0	0	0
CGTTCTCC	GGAGAACG	0	0	0
CGTTCTGA	TCAGAACG	0	0	0
CGTTCTGC	GCAGAACG	0	0	0
CGTTCTTA	TAAGAACG	0	0	0
CGTTCTTC	GAAGAACG	0	0	0
CGTTGAAA	TTTCAACG	0	0	0
CGTTGAAC	GTTCAACG	0	0	0
CGTTGAAG	CTTCAACG	0	0	0
CGTTGACA	TGTCAACG	0	0	0
CGTTGACC	GGTCAACG	0	0	0
CGTTGAGA	TCTCAACG	0	0	0
CGTTGAGC	GCTCAACG	0	0	0
CGTTGATA	TATCAACG	0	0	0
CGTTGATC	GATCAACG	0	0	0
CGTTGCAA	TTGCAACG	0	0	0
CGTTGCAC	GTGCAACG	0	0	0
CGTTGCAG	CTGCAACG	0	0	0
CGTTGCCA	TGGCAACG	0	0	0
CGTTGCCC	GGGCAACG	0	0	0
CGTTGCGA	TCGCAACG	0	0	0
CGTTGCGC	GCGCAACG	0	0	0
CGTTGCTA	TAGCAACG	0	0	0
CGTTGCTC	GAGCAACG	0	0	0
CGTTGGAA	TTCCAACG	0	0	0
CGTTGGAC	GTCCAACG	0	0	0
CGTTGGAG	CTCCAACG	0	0	0
CGTTGGCA	TGCCAACG	0	0	0
CGTTGGCC	GGCCAACG	0	0	0
CGTTGGGA	TCCCAACG	0	0	0
CGTTGGGC	GCCCAACG	0	0	0
CGTTGGTA	TACCAACG	0	0	0
CGTTGGTC	GACCAACG	0	0	0
CGTTGTAA	TTACAACG	0	0	0
CGTTGTAC	GTACAACG	0	0	0
CGTTGTAG	CTACAACG	0	0	0
CGTTGTCA	TGACAACG	0	0	0
CGTTGTCC	GGACAACG	0	0	0
CGTTGTGA	TCACAACG	0	0	0
CGTTGTGC	GCACAACG	0	0	0
CGTTGTTA	TAACAACG	0	0	0
CGTTGTTC	GAACAACG	0	0	0
CGTTTAAA	TTTAAACG	0	0	0
CGTTTAAC	GTTAAACG	0	0	0
CGTTTAAG	CTTAAACG	0	0	0
CGTTTACA	TGTAAACG	0	0	0
CGTTTACC	GGTAAACG	0	0	0
CGTTTAGA	TCTAAACG	0	0	0
CGTTTAGC	GCTAAACG	0	0	0
CGTTTATA	TATAAACG	0	0	0
CGTTTATC	GATAAACG	0	0	0
CGTTTCAA	TTGAAACG	0	0	0
CGTTTCAC	GTGAAACG	0	0	0
CGTTTCAG	CTGAAACG	0	0	0
CGTTTCCA	TGGAAACG	0	0	0
CGTTTCCC	GGGAAACG	0	0	0
CGTTTCGA	TCGAAACG	0	0	0
CGTTTCGC	GCGAAACG	0	0	0
CGTTTCTA	TAGAAACG	0	0	0
CGTTTCTC	GAGAAACG	0	0	0
CGTTTGAA	TTCAAACG	0	0	0
CGTTTGAC	GTCAAACG	0	0	0
CGTTTGAG	CTCAAACG	0	0	0
CGTTTGCA	TGCAAACG	0	0	0
CGTTTGCC	GGCAAACG	0	0	0
CGTTTGGA	TCCAAACG	0	0	0
CGTTTGGC	GCCAAACG	0	0	0
CGTTTGTA	TACAAACG	0	0	0
CGTTTGTC	GACAAACG	0	0	0
CGTTTTAA	TTAAAACG	0	0	0
CGTTTTAC	GTAAAACG	0	0	0
CGTTTTAG	CTAAAACG	0	0	0
CGTTTTCA	TGAAAACG	0	0	0
CGTTTTCC	GGAAAACG	0	0	0
CGTTTTGA	TCAAAACG	0	0	0
CGTTTTGC	GCAAAACG	0	0	0
CGTTTTTA	TAAAAACG	0	0	0
CGTTTTTC	GAAAAACG	0	0	0
CTAAAAAA	TTTTTTAG	0	0	0
CTAAAAAC	GTTTTTAG	0	0	0
CTAAAAAG	CTTTTTAG	0	0	0
CTAAAACA	TGTTTTAG	0	0	0
CTAAAACC	GGTTTTAG	0	0	0
CTAAAAGA	TCTTTTAG	0	0	0
CTAAAAGC	GCTTTTAG	0	0	0
CTAAAATA	TATTTTAG	0	0	0
CTAAAATC	GATTTTAG	0	0	0
CTAAACAA	TTGTTTAG	0	0	0
CTAAACAC	GTGTTTAG	0	0	0
CTAAACAG	CTGTTTAG	0	0	0
CTAAACCA	TGGTTTAG	0	0	0
CTAAACCC	GGGTTTAG	0	0	0
CTAAACGA	TCGTTTAG	0	0	0
CTAAACGC	GCGTTTAG	0	0	0
CTAAACTA	TAGTTTAG	0	0	0
CTAAACTC	GAGTTTAG	0	0	0
CTAAAGAA	TTCTTTAG	0	0	0
CTAAAGAC	GTCTTTAG	0	0	0
CTAAAGAG	CTCTTTAG	0	0	0
CTAAAGCA	TGCTTTAG	0	0	0
CTAAAGCC	GGCTTTAG	0	0	0
CTAAAGGA	TCCTTTAG	0	0	0
CTAAAGGC	GCCTTTAG	0	0	0
CTAAAGTA	TACTTTAG	0	0	0
CTAAAGTC	GACTTTAG	0	0	0
CTAAATAA	TTATTTAG	0	0	0
CTAAATAC	GTATTTAG	0	0	0
CTAAATAG	CTATTTAG	0	0	0
CTAAATCA	TGATTTAG	0	0	0
CTAAATCC	GGATTTAG	0	0	0
CTAAATGA	TCATTTAG	0	0	0
CTAAATGC	GCATTTAG	0	0	0
CTAAATTA	TAATTTAG	0	0	0
CTAAATTC	GAATTTAG	0	0	0
CTAACAAA	TTTGTTAG	0	0	0
CTAACAAC	GTTGTTAG	0	0	0
CTAACAAG	CTTGTTAG	0	0	0
CTAACACA	TGTGTTAG	0	0	0
CTAACACC	GGTGTTAG	0	0	0
CTAACAGA	TCTGTTAG	0	0	0
CTAACAGC	GCTGTTAG	0	0	0
CTAACATA	TATGTTAG	0	0	0
CTAACATC	GATGTTAG	0	0	0
CTAACCAA	TTGGTTAG	0	0	0
CTAACCAC	GTGGTTAG	0	0	0
CTAACCAG	CTGGTTAG	0	0	0
CTAACCCA	TGGGTTAG	0	0	0
CTAACCCC	GGGGTTAG	0	0	0
CTAACCGA	TCGGTTAG	0	0	0
CTAACCGC	GCGGTTAG	0	0	0
CTAACCTA	TAGGTTAG	0	0	0
CTAACCTC	GAGGTTAG	0	0	0
CTAACGAA	TTCGTTAG	0	0	0
CTAACGAC	GTCGTTAG	0	0	0
CTAACGAG	CTCGTTAG	0	0	0
CTAACGCA	TGCGTTAG	0	0	0
CTAACGCC	GGCGTTAG	0	0	0
CTAACGGA	TCCGTTAG	0	0	0
CTAACGGC	GCCGTTAG	0	0	0
CTAACGTA	TACGTTAG	0	0	0
CTAACGTC	GACGTTAG	0	0	0
CTAACTAA	TTAGTTAG	0	0	0
CTAACTAC	GTAGTTAG	0	0	0
CTAACTAG	CTAGTTAG	0	0	0
CTAACTCA	TGAGTTAG	0	0	0
CTAACTCC	GGAGTTAG	0	0	0
CTAACTGA	TCAGTTAG	0	0	0
CTAACTGC	GCAGTTAG	0	0	0
CTAACTTA	TAAGTTAG	0	0	0
CTAACTTC	GAAGTTAG	0	0	0
CTAAGAAA	TTTCTTAG	0	0	0
CTAAGAAC	GTTCTTAG	0	0	0
CTAAGAAG	CTTCTTAG	0	0	0
CTAAGACA	TGTCTTAG	0	0	0
CTAAGACC	GGTCTTAG	0	0	0
CTAAGAGA	TCTCTTAG	0	0	0
CTAAGAGC	GCTCTTAG	0	0	0
CTAAGATA	TATCTTAG	0	0	0
CTAAGATC	GATCTTAG	0	0	0
CTAAGCAA	TTGCTTAG	0	0	0
CTAAGCAC	GTGCTTAG	0	0	0
CTAAGCAG	CTGCTTAG	0	0	0
CTAAGCCA	TGGCTTAG	0	0	0
CTAAGCCC	GGGCTTAG	0	0	0
CTAAGCGA	TCGCTTAG	0	0	0
CTAAGCGC	GCGCTTAG	0	0	0
CTAAGCTA	TAGCTTAG	0	0	0
CTAAGCTC	GAGCTTAG	0	0	0
CTAAGGAA	TTCCTTAG	0	0	0
CTAAGGAC	GTCCTTAG	0	0	0
CTAAGGAG	CTCCTTAG	0	0	0
CTAAGGCA	TGCCTTAG	0	0	0
CTAAGGCC	GGCCTTAG	0	0	0
CTAAGGGA	TCCCTTAG	0	0	0
CTAAGGGC	GCCCTTAG	0	0	0
CTAAGGTA	TACCTTAG	0	0	0
CTAAGGTC	GACCTTAG	0	0	0
CTAAGTAA	TTACTTAG	0	0	0
CTAAGTAC	GTACTTAG	0	0	0
CTAAGTAG	CTACTTAG	0	0	0
CTAAGTCA	TGACTTAG	0	0	0
CTAAGTCC	GGACTTAG	0	0	0
CTAAGTGA	TCACTTAG	0	0	0
CTAAGTGC	GCACTTAG	0	0	0
CTAAGTTA	TAACTTAG	0	0	0
CTAAGTTC	GAACTTAG	0	0	0
CTAATAAA	TTTATTAG	0	0	0
CTAATAAC	GTTATTAG	0	0	0
CTAATAAG	CTTATTAG	0	0	0
CTAATACA	TGTATTAG	0	0	0
CTAATACC	GGTATTAG	0	0	0
CTAATAGA	TCTATTAG	0	0	0
CTAATAGC	GCTATTAG	0	0	0
CTAATATA	TATATTAG	0	0	0
CTAATATC	GATATTAG	0	0	0
CTAATCAA	TTGATTAG	0	0	0
CTAATCAC	GTGATTAG	0	0	0
CTAATCAG	CTGATTAG	0	0	0
CTAATCCA	TGGATTAG	0	0	0
CTAATCCC	GGGATTAG	0	0	0
CTAATCGA	TCGATTAG	0	0	0
CTAATCGC	GCGATTAG	0	0	0
CTAATCTA	TAGATTAG	0	0	0
CTAATCTC	GAGATTAG	0	0	0
CTAATGAA	TTCATTAG	0	0	0
CTAATGAC	GTCATTAG	0	0	0
CTAATGAG	CTCATTAG	0	0	0
CTAATGCA	TGCATTAG	0	0	0
CTAATGCC	GGCATTAG	0	0	0
CTAATGGA	TCCATTAG	0	0	0
CTAATGGC	GCCATTAG	0	0	0
CTAATGTA	TACATTAG	0	0	0
CTAATGTC	GACATTAG	0	0	0
CTAATTAA	TTAATTAG	0	0	0
CTAATTAC	GTAATTAG	0	0	0
CTAATTAG	CTAATTAG	0	0	0
CTAATTCA	TGAATTAG	0	0	0
CTAATTCC	GGAATTAG	0	0	0
CTAATTGA	TCAATTAG	0	0	0
CTAATTGC	GCAATTAG	0	0	0
CTAATTTA	TAAATTAG	0	0	0
CTAATTTC	GAAATTAG	0	0	0
CTACAAAA	TTTTGTAG	0	0	0
CTACAAAC	GTTTGTAG	0	0	0
CTACAAAG	CTTTGTAG	0	0	0
CTACAACA	TGTTGTAG	0	0	0
CTACAACC	GGTTGTAG	0	0	0
CTACAAGA	TCTTGTAG	0	0	0
CTACAAGC	GCTTGTAG	0	0	0
CTACAATA	TATTGTAG	0	0	0
CTACAATC	GATTGTAG	0	0	0
CTACACAA	TTGTGTAG	0	0	0
CTACACAC	GTGTGTAG	0	0	0
CTACACAG	CTGTGTAG	0	0	0
CTACACCA	TGGTGTAG	0	0	0
CTACACCC	GGGTGTAG	0	0	0
CTACACGA	TCGTGTAG	0	0	0
CTACACGC	GCGTGTAG	0	0	0
CTACACTA	TAGTGTAG	0	0	0
CTACACTC	GAGTGTAG	0	0	0
CTACAGAA	TTCTGTAG	0	0	0
CTACAGAC	GTCTGTAG	0	0	0
CTACAGAG	CTCTGTAG	0	0	0
CTACAGCA	TGCTGTAG	0	0	0
CTACAGCC	GGCTGTAG	0	0	0
CTACAGGA	TCCTGTAG	0	0	0
CTACAGGC	GCCTGTAG	0	0	0
CTACAGTA	TACTGTAG	0	0	0
CTACAGTC	GACTGTAG	0	0	0
CTACATAA	TTATGTAG	0	0	0
CTACATAC	GTATGTAG	0	0	0
CTACATAG	CTATGTAG	0	0	0
CTACATCA	TGATGTAG	0	0	0
CTACATCC	GGATGTAG	0	0	0
CTACATGA	TCATGTAG	0	0	0
CTACATGC	GCATGTAG	0	0	0
CTACATTA	TAATGTAG	0	0	0
CTACATTC	GAATGTAG	0	0	0
CTACCAAA	TTTGGTAG	0	0	0
CTACCAAC	GTTGGTAG	0	0	0
CTACCAAG	CTTGGTAG	0	0	0
CTACCACA	TGTGGTAG	0	0	0
CTACCACC	GGTGGTAG	0	0	0
CTACCAGA	TCTGGTAG	0	0	0
CTACCAGC	GCTGGTAG	0	0	0
CTACCATA	TATGGTAG	0	0	0
CTACCATC	GATGGTAG	0	0	0
CTACCCAA	TTGGGTAG	0	0	0
CTACCCAC	GTGGGTAG	0	0	0
CTACCCAG	CTGGGTAG	0	0	0
CTACCCCA	TGGGGTAG	0	0	0
CTACCCCC	GGGGGTAG	0	0	0
CTACCCGA	TCGGGTAG	0	0	0
CTACCCGC	GCGGGTAG	0	0	0
CTACCCTA	TAGGGTAG	0	0	0
CTACCCTC	GAGGGTAG	0	0	0
CTACCGAA	TTCGGTAG	0	0	0
CTACCGAC	GTCGGTAG	0	0	0
CTACCGAG	CTCGGTAG	0	0	0
CTACCGCA	TGCGGTAG	0	0	0
CTACCGCC	GGCGGTAG	0	0	0
CTACCGGA	TCCGGTAG	0	0	0
CTACCGGC	GCCGGTAG	0	0	0
CTACCGTA	TACGGTAG	0	0	0
CTACCGTC	GACGGTAG	0	0	0
CTACCTAA	TTAGGTAG	0	0	0
CTACCTAC	GTAGGTAG	0	0	0
CTACCTAG	CTAGGTAG	0	0	0
CTACCTCA	TGAGGTAG	0	0	0
CTACCTCC	GGAGGTAG	0	0	0
CTACCTGA	TCAGGTAG	0	0	0
CTACCTGC	GCAGGTAG	0	0	0
CTACCTTA	TAAGGTAG	0	0	0
CTACCTTC	GAAGGTAG	0	0	0
CTACGAAA	TTTCGTAG	0	0	0
CTACGAAC	GTTCGTAG	0	0	0
CTACGAAG	CTTCGTAG	0	0	0
CTACGACA	TGTCGTAG	0	0	0
CTACGACC	GGTCGTAG	0	0	0
CTACGAGA	TCTCGTAG	0	0	0
CTACGAGC	GCTCGTAG	0	0	0
CTACGATA	TATCGTAG	0	0	0
CTACGATC	GATCGTAG	0	0	0
CTACGCAA	TTGCGTAG	0	0	0
CTACGCAC	GTGCGTAG	0	0	0
CTACGCAG	CTGCGTAG	0	0	0
CTACGCCA	TGGCGTAG	0	0	0
CTACGCCC	GGGCGTAG	0	0	0
CTACGCGA	TCGCGTAG	0	0	0
CTACGCGC	GCGCGTAG	0	0	0
CTACGCTA	TAGCGTAG	0	0	0
CTACGCTC	GAGCGTAG	0	0	0
CTACGGAA	TTCCGTAG	0	0	0
CTACGGAC	GTCCGTAG	0	0	0
CTACGGAG	CTCCGTAG	0	0	0
CTACGGCA	TGCCGTAG	0	0	0
CTACGGCC	GGCCGTAG	0	0	0
CTACGGGA	TCCCGTAG	0	0	0
CTACGGGC	GCCCGTAG	0	0	0
CTACGGTA	TACCGTAG	0	0	0
CTACGGTC	GACCGTAG	0	0	0
CTACGTAA	TTACGTAG	0	0	0
CTACGTAC	GTACGTAG	0	0	0
CTACGTAG	CTACGTAG	0	0	0
CTACGTCA	TGACGTAG	0	0	0
CTACGTCC	GGACGTAG	0	0	0
CTACGTGA	TCACGTAG	0	0	0
CTACGTGC	GCACGTAG	0	0	0
CTACGTTA	TAACGTAG	0	0	0
CTACGTTC	GAACGTAG	0	0	0
CTACTAAA	TTTAGTAG	0	0	0
CTACTAAC	GTTAGTAG	0	0	0
CTACTAAG	CTTAGTAG	0	0	0
CTACTACA	TGTAGTAG	0	0	0
CTACTACC	GGTAGTAG	0	0	0
CTACTAGA	TCTAGTAG	0	0	0
CTACTAGC	GCTAGTAG	0	0	0
CTACTATA	TATAGTAG	0	0	0
CTACTATC	GATAGTAG	0	0	0
CTACTCAA	TTGAGTAG	0	0	0
CTACTCAC	GTGAGTAG	0	0	0
CTACTCAG	CTGAGTAG	0	0	0
CTACTCCA	TGGAGTAG	0	0	0
CTACTCCC	GGGAGTAG	0	0	0
CTACTCGA	TCGAGTAG	0	0	0
CTACTCGC	GCGAGTAG	0	0	0
CTACTCTA	TAGAGTAG	0	0	0
CTACTCTC	GAGAGTAG	0	0	0
CTACTGAA	TTCAGTAG	0	0	0
CTACTGAC	GTCAGTAG	0	0	0
CTACTGAG	CTCAGTAG	0	0	0
CTACTGCA	TGCAGTAG	0	0	0
CTACTGCC	GGCAGTAG	0	0	0
CTACTGGA	TCCAGTAG	0	0	0
CTACTGGC	GCCAGTAG	0	0	0
CTACTGTA	TACAGTAG	0	0	0
CTACTGTC	GACAGTAG	0	0	0
CTACTTAA	TTAAGTAG	0	0	0
CTACTTAC	GTAAGTAG	0	0	0
CTACTTCA	TGAAGTAG	0	0	0
CTACTTCC	GGAAGTAG	0	0	0
CTACTTGA	TCAAGTAG	0	0	0
CTACTTGC	GCAAGTAG	0	0	0
CTACTTTA	TAAAGTAG	0	0	0
CTACTTTC	GAAAGTAG	0	0	0
CTAGAAAA	TTTTCTAG	0	0	0
CTAGAAAC	GTTTCTAG	0	0	0
CTAGAAAG	CTTTCTAG	0	0	0
CTAGAACA	TGTTCTAG	0	0	0
CTAGAACC	GGTTCTAG	0	0	0
CTAGAAGA	TCTTCTAG	0	0	0
CTAGAAGC	GCTTCTAG	0	0	0
CTAGAATA	TATTCTAG	0	0	0
CTAGAATC	GATTCTAG	0	0	0
CTAGACAA	TTGTCTAG	0	0	0
CTAGACAC	GTGTCTAG	0	0	0
CTAGACAG	CTGTCTAG	0	0	0
CTAGACCA	TGGTCTAG	0	0	0
CTAGACCC	GGGTCTAG	0	0	0
CTAGACGA	TCGTCTAG	0	0	0
CTAGACGC	GCGTCTAG	0	0	0
CTAGACTA	TAGTCTAG	0	0	0
CTAGACTC	GAGTCTAG	0	0	0
CTAGAGAA	TTCTCTAG	0	0	0
CTAGAGAC	GTCTCTAG	0	0	0
CTAGAGAG	CTCTCTAG	0	0	0
CTAGAGCA	TGCTCTAG	0	0	0
CTAGAGCC	GGCTCTAG	0	0	0
CTAGAGGA	TCCTCTAG	0	0	0
CTAGAGGC	GCCTCTAG	0	0	0
CTAGAGTA	TACTCTAG	0	0	0
CTAGAGTC	GACTCTAG	0	0	0
CTAGATAA	TTATCTAG	0	0	0
CTAGATAC	GTATCTAG	0	0	0
CTAGATAG	CTATCTAG	0	0	0
CTAGATCA	TGATCTAG	0	0	0
CTAGATCC	GGATCTAG	0	0	0
CTAGATGA	TCATCTAG	0	0	0
CTAGATGC	GCATCTAG	0	0	0
CTAGATTA	TAATCTAG	0	0	0
CTAGATTC	GAATCTAG	0	0	0
CTAGCAAA	TTTGCTAG	0	0	0
CTAGCAAC	GTTGCTAG	0	0	0
CTAGCAAG	CTTGCTAG	0	0	0
CTAGCACA	TGTGCTAG	0	0	0
CTAGCACC	GGTGCTAG	0	0	0
CTAGCAGA	TCTGCTAG	0	0	0
CTAGCAGC	GCTGCTAG	0	0	0
CTAGCATA	TATGCTAG	0	0	0
CTAGCATC	GATGCTAG	0	0	0
CTAGCCAA	TTGGCTAG	0	0	0
CTAGCCAC	GTGGCTAG	0	0	0
CTAGCCAG	CTGGCTAG	0	0	0
CTAGCCCA	TGGGCTAG	0	0	0
CTAGCCCC	GGGGCTAG	0	0	0
CTAGCCGA	TCGGCTAG	0	0	0
CTAGCCGC	GCGGCTAG	0	0	0
CTAGCCTA	TAGGCTAG	0	0	0
CTAGCCTC	GAGGCTAG	0	0	0
CTAGCGAA	TTCGCTAG	0	0	0
CTAGCGAC	GTCGCTAG	0	0	0
CTAGCGAG	CTCGCTAG	0	0	0
CTAGCGCA	TGCGCTAG	0	0	0
CTAGCGCC	GGCGCTAG	0	0	0
CTAGCGGA	TCCGCTAG	0	0	0
CTAGCGGC	GCCGCTAG	0	0	0
CTAGCGTA	TACGCTAG	0	0	0
CTAGCGTC	GACGCTAG	0	0	0
CTAGCTAA	TTAGCTAG	0	0	0
CTAGCTAC	GTAGCTAG	0	0	0
CTAGCTAG	CTAGCTAG	0	0	0
CTAGCTCA	TGAGCTAG	0	0	0
CTAGCTCC	GGAGCTAG	0	0	0
CTAGCTGA	TCAGCTAG	0	0	0
CTAGCTGC	GCAGCTAG	0	0	0
CTAGCTTA	TAAGCTAG	0	0	0
CTAGCTTC	GAAGCTAG	0	0	0
CTAGGAAA	TTTCCTAG	0	0	0
CTAGGAAC	GTTCCTAG	0	0	0
CTAGGAAG	CTTCCTAG	0	0	0
CTAGGACA	TGTCCTAG	0	0	0
CTAGGACC	GGTCCTAG	0	0	0
CTAGGAGA	TCTCCTAG	0	0	0
CTAGGAGC	GCTCCTAG	0	0	0
CTAGGATA	TATCCTAG	0	0	0
CTAGGATC	GATCCTAG	0	0	0
CTAGGCAA	TTGCCTAG	0	0	0
CTAGGCAC	GTGCCTAG	0	0	0
CTAGGCAG	CTGCCTAG	0	0	0
CTAGGCCA	TGGCCTAG	0	0	0
CTAGGCCC	GGGCCTAG	0	0	0
CTAGGCGA	TCGCCTAG	0	0	0
CTAGGCGC	GCGCCTAG	0	0	0
CTAGGCTA	TAGCCTAG	0	0	0
CTAGGCTC	GAGCCTAG	0	0	0
CTAGGGAA	TTCCCTAG	0	0	0
CTAGGGAC	GTCCCTAG	0	0	0
CTAGGGAG	CTCCCTAG	0	0	0
CTAGGGCA	TGCCCTAG	0	0	0
CTAGGGCC	GGCCCTAG	0	0	0
CTAGGGGA	TCCCCTAG	0	0	0
CTAGGGGC	GCCCCTAG	0	0	0
CTAGGGTA	TACCCTAG	0	0	0
CTAGGGTC	GACCCTAG	0	0	0
CTAGGTAA	TTACCTAG	0	0	0
CTAGGTAC	GTACCTAG	0	0	0
CTAGGTCA	TGACCTAG	0	0	0
CTAGGTCC	GGACCTAG	0	0	0
CTAGGTGA	TCACCTAG	0	0	0
CTAGGTGC	GCACCTAG	0	0	0
CTAGGTTA	TAACCTAG	0	0	0
CTAGGTTC	GAACCTAG	0	0	0
CTAGTAAA	TTTACTAG	0	0	0
CTAGTAAC	GTTACTAG	0	0	0
CTAGTAAG	CTTACTAG	0	0	0
CTAGTACA	TGTACTAG	0	0	0
CTAGTACC	GGTACTAG	0	0	0
CTAGTAGA	TCTACTAG	0	0	0
CTAGTAGC	GCTACTAG	0	0	0
CTAGTATA	TATACTAG	0	0	0
CTAGTATC	GATACTAG	0	0	0
CTAGTCAA	TTGACTAG	0	0	0
CTAGTCAC	GTGACTAG	0	0	0
CTAGTCAG	CTGACTAG	0	0	0
CTAGTCCA	TGGACTAG	0	0	0
CTAGTCCC	GGGACTAG	0	0	0
CTAGTCGA	TCGACTAG	0	0	0
CTAGTCGC	GCGACTAG	0	0	0
CTAGTCTA	TAGACTAG	0	0	0
CTAGTCTC	GAGACTAG	0	0	0
CTAGTGAA	TTCACTAG	0	0	0
CTAGTGAC	GTCACTAG	0	0	0
CTAGTGAG	CTCACTAG	0	0	0
CTAGTGCA	TGCACTAG	0	0	0
CTAGTGCC	GGCACTAG	0	0	0
CTAGTGGA	TCCACTAG	0	0	0
CTAGTGGC	GCCACTAG	0	0	0
CTAGTGTA	TACACTAG	0	0	0
CTAGTGTC	GACACTAG	0	0	0
CTAGTTAA	TTAACTAG	0	0	0
CTAGTTAC	GTAACTAG	0	0	0
CTAGTTCA	TGAACTAG	0	0	0
CTAGTTCC	GGAACTAG	0	0	0
CTAGTTGA	TCAACTAG	0	0	0
CTAGTTGC	GCAACTAG	0	0	0
CTAGTTTA	TAAACTAG	0	0	0
CTAGTTTC	GAAACTAG	0	0	0
CTATAAAA	TTTTATAG	0	0	0
CTATAAAC	GTTTATAG	0	0	0
CTATAAAG	CTTTATAG	0	0	0
CTATAACA	TGTTATAG	0	0	0
CTATAACC	GGTTATAG	0	0	0
CTATAAGA	TCTTATAG	0	0	0
CTATAAGC	GCTTATAG	0	0	0
CTATAATA	TATTATAG	0	0	0
CTATAATC	GATTATAG	0	0	0
CTATACAA	TTGTATAG	0	0	0
CTATACAC	GTGTATAG	0	0	0
CTATACAG	CTGTATAG	0	0	0
CTATACCA	TGGTATAG	0	0	0
CTATACCC	GGGTATAG	0	0	0
CTATACGA	TCGTATAG	0	0	0
CTATACGC	GCGTATAG	0	0	0
CTATACTA	TAGTATAG	0	0	0
CTATACTC	GAGTATAG	0	0	0
CTATAGAA	TTCTATAG	0	0	0
CTATAGAC	GTCTATAG	0	0	0
CTATAGAG	CTCTATAG	0	0	0
CTATAGCA	TGCTATAG	0	0	0
CTATAGCC	GGCTATAG	0	0	0
CTATAGGA	TCCTATAG	0	0	0
CTATAGGC	GCCTATAG	0	0	0
CTATAGTA	TACTATAG	0	0	0
CTATAGTC	GACTATAG	0	0	0
CTATATAA	TTATATAG	0	0	0
CTATATAC	GTATATAG	0	0	0
CTATATAG	CTATATAG	0	0	0
CTATATCA	TGATATAG	0	0	0
CTATATCC	GGATATAG	0	0	0
CTATATGA	TCATATAG	0	0	0
CTATATGC	GCATATAG	0	0	0
CTATATTA	TAATATAG	0	0	0
CTATATTC	GAATATAG	0	0	0
CTATCAAA	TTTGATAG	0	0	0
CTATCAAC	GTTGATAG	0	0	0
CTATCAAG	CTTGATAG	0	0	0
CTATCACA	TGTGATAG	0	0	0
CTATCACC	GGTGATAG	0	0	0
CTATCAGA	TCTGATAG	0	0	0
CTATCAGC	GCTGATAG	0	0	0
CTATCATA	TATGATAG	0	0	0
CTATCATC	GATGATAG	0	0	0
CTATCCAA	TTGGATAG	0	0	0
CTATCCAC	GTGGATAG	0	0	0
CTATCCAG	CTGGATAG	0	0	0
CTATCCCA	TGGGATAG	0	0	0
CTATCCCC	GGGGATAG	0	0	0
CTATCCGA	TCGGATAG	0	0	0
CTATCCGC	GCGGATAG	0	0	0
CTATCCTA	TAGGATAG	0	0	0
CTATCCTC	GAGGATAG	0	0	0
CTATCGAA	TTCGATAG	0	0	0
CTATCGAC	GTCGATAG	0	0	0
CTATCGAG	CTCGATAG	0	0	0
CTATCGCA	TGCGATAG	0	0	0
CTATCGCC	GGCGATAG	0	0	0
CTATCGGA	TCCGATAG	0	0	0
CTATCGGC	GCCGATAG	0	0	0
CTATCGTA	TACGATAG	0	0	0
CTATCGTC	GACGATAG	0	0	0
CTATCTAA	TTAGATAG	0	0	0
CTATCTAC	GTAGATAG	0	0	0
CTATCTCA	TGAGATAG	0	0	0
CTATCTCC	GGAGATAG	0	0	0
CTATCTGA	TCAGATAG	0	0	0
CTATCTGC	GCAGATAG	0	0	0
CTATCTTA	TAAGATAG	0	0	0
CTATCTTC	GAAGATAG	0	0	0
CTATGAAA	TTTCATAG	0	0	0
CTATGAAC	GTTCATAG	0	0	0
CTATGAAG	CTTCATAG	0	0	0
CTATGACA	TGTCATAG	0	0	0
CTATGACC	GGTCATAG	0	0	0
CTATGAGA	TCTCATAG	0	0	0
CTATGAGC	GCTCATAG	0	0	0
CTATGATA	TATCATAG	0	0	0
CTATGATC	GATCATAG	0	0	0
CTATGCAA	TTGCATAG	0	0	0
CTATGCAC	GTGCATAG	0	0	0
CTATGCAG	CTGCATAG	0	0	0
CTATGCCA	TGGCATAG	0	0	0
CTATGCCC	GGGCATAG	0	0	0
CTATGCGA	TCGCATAG	0	0	0
CTATGCGC	GCGCATAG	0	0	0
CTATGCTA	TAGCATAG	0	0	0
CTATGCTC	GAGCATAG	0	0	0
CTATGGAA	TTCCATAG	0	0	0
CTATGGAC	GTCCATAG	0	0	0
CTATGGAG	CTCCATAG	0	0	0
CTATGGCA	TGCCATAG	0	0	0
CTATGGCC	GGCCATAG	0	0	0
CTATGGGA	TCCCATAG	0	0	0
CTATGGGC	GCCCATAG	0	0	0
CTATGGTA	TACCATAG	0	0	0
CTATGGTC	GACCATAG	0	0	0
CTATGTAA	TTACATAG	0	0	0
CTATGTAC	GTACATAG	0	0	0
CTATGTCA	TGACATAG	0	0	0
CTATGTCC	GGACATAG	0	0	0
CTATGTGA	TCACATAG	0	0	0
CTATGTGC	GCACATAG	0	0	0
CTATGTTA	TAACATAG	0	0	0
CTATGTTC	GAACATAG	0	0	0
CTATTAAA	TTTAATAG	0	0	0
CTATTAAC	GTTAATAG	0	0	0
CTATTAAG	CTTAATAG	0	0	0
CTATTACA	TGTAATAG	0	0	0
CTATTACC	GGTAATAG	0	0	0
CTATTAGA	TCTAATAG	0	0	0
CTATTAGC	GCTAATAG	0	0	0
CTATTATA	TATAATAG	0	0	0
CTATTATC	GATAATAG	0	0	0
CTATTCAA	TTGAATAG	0	0	0
CTATTCAC	GTGAATAG	0	0	0
CTATTCAG	CTGAATAG	0	0	0
CTATTCCA	TGGAATAG	0	0	0
CTATTCCC	GGGAATAG	0	0	0
CTATTCGA	TCGAATAG	0	0	0
CTATTCGC	GCGAATAG	0	0	0
CTATTCTA	TAGAATAG	0	0	0
CTATTCTC	GAGAATAG	0	0	0
CTATTGAA	TTCAATAG	0	0	0
CTATTGAC	GTCAATAG	0	0	0
CTATTGAG	CTCAATAG	0	0	0
CTATTGCA	TGCAATAG	0	0	0
CTATTGCC	GGCAATAG	0	0	0
CTATTGGA	TCCAATAG	0	0	0
CTATTGGC	GCCAATAG	0	0	0
CTATTGTA	TACAATAG	0	0	0
CTATTGTC	GACAATAG	0	0	0
CTATTTAA	TTAAATAG	0	0	0
CTATTTAC	GTAAATAG	0	0	0
CTATTTCA	TGAAATAG	0	0	0
CTATTTCC	GGAAATAG	0	0	0
CTATTTGA	TCAAATAG	0	0	0
CTATTTGC	GCAAATAG	0	0	0
CTATTTTA	TAAAATAG	0	0	0
CTATTTTC	GAAAATAG	0	0	0
CTCAAAAA	TTTTTGAG	0	0	0
CTCAAAAC	GTTTTGAG	0	0	0
CTCAAAAG	CTTTTGAG	0	0	0
CTCAAACA	TGTTTGAG	0	0	0
CTCAAACC	GGTTTGAG	0	0	0
CTCAAAGA	TCTTTGAG	0	0	0
CTCAAAGC	GCTTTGAG	0	0	0
CTCAAATA	TATTTGAG	0	0	0
CTCAAATC	GATTTGAG	0	0	0
CTCAACAA	TTGTTGAG	0	0	0
CTCAACAC	GTGTTGAG	0	0	0
CTCAACAG	CTGTTGAG	0	0	0
CTCAACCA	TGGTTGAG	0	0	0
CTCAACCC	GGGTTGAG	0	0	0
CTCAACGA	TCGTTGAG	0	0	0
CTCAACGC	GCGTTGAG	0	0	0
CTCAACTA	TAGTTGAG	0	0	0
CTCAACTC	GAGTTGAG	0	0	0
CTCAAGAA	TTCTTGAG	0	0	0
CTCAAGAC	GTCTTGAG	0	0	0
CTCAAGAG	CTCTTGAG	0	0	0
CTCAAGCA	TGCTTGAG	0	0	0
CTCAAGCC	GGCTTGAG	0	0	0
CTCAAGGA	TCCTTGAG	0	0	0
CTCAAGGC	GCCTTGAG	0	0	0
CTCAAGTA	TACTTGAG	0	0	0
CTCAAGTC	GACTTGAG	0	0	0
CTCAATAA	TTATTGAG	0	0	0
CTCAATAC	GTATTGAG	0	0	0
CTCAATCA	TGATTGAG	0	0	0
CTCAATCC	GGATTGAG	0	0	0
CTCAATGA	TCATTGAG	0	0	0
CTCAATGC	GCATTGAG	0	0	0
CTCAATTA	TAATTGAG	0	0	0
CTCAATTC	GAATTGAG	0	0	0
CTCACAAA	TTTGTGAG	0	0	0
CTCACAAC	GTTGTGAG	0	0	0
CTCACAAG	CTTGTGAG	0	0	0
CTCACACA	TGTGTGAG	0	0	0
CTCACACC	GGTGTGAG	0	0	0
CTCACAGA	TCTGTGAG	0	0	0
CTCACAGC	GCTGTGAG	0	0	0
CTCACATA	TATGTGAG	0	0	0
CTCACATC	GATGTGAG	0	0	0
CTCACCAA	TTGGTGAG	0	0	0
CTCACCAC	GTGGTGAG	0	0	0
CTCACCAG	CTGGTGAG	0	0	0
CTCACCCA	TGGGTGAG	0	0	0
CTCACCCC	GGGGTGAG	0	0	0
CTCACCGA	TCGGTGAG	0	0	0
CTCACCGC	GCGGTGAG	0	0	0
CTCACCTA	TAGGTGAG	0	0	0
CTCACCTC	GAGGTGAG	0	0	0
CTCACGAA	TTCGTGAG	0	0	0
CTCACGAC	GTCGTGAG	0	0	0
CTCACGAG	CTCGTGAG	0	0	0
CTCACGCA	TGCGTGAG	0	0	0
CTCACGCC	GGCGTGAG	0	0	0
CTCACGGA	TCCGTGAG	0	0	0
CTCACGGC	GCCGTGAG	0	0	0
CTCACGTA	TACGTGAG	0	0	0
CTCACGTC	GACGTGAG	0	0	0
CTCACTAA	TTAGTGAG	0	0	0
CTCACTAC	GTAGTGAG	0	0	0
CTCACTCA	TGAGTGAG	0	0	0
CTCACTCC	GGAGTGAG	0	0	0
CTCACTGA	TCAGTGAG	0	0	0
CTCACTGC	GCAGTGAG	0	0	0
CTCACTTA	TAAGTGAG	0	0	0
CTCACTTC	GAAGTGAG	0	0	0
CTCAGAAA	TTTCTGAG	0	0	0
CTCAGAAC	GTTCTGAG	0	0	0
CTCAGAAG	CTTCTGAG	0	0	0
CTCAGACA	TGTCTGAG	0	0	0
CTCAGACC	GGTCTGAG	0	0	0
CTCAGAGA	TCTCTGAG	0	0	0
CTCAGAGC	GCTCTGAG	0	0	0
CTCAGATA	TATCTGAG	0	0	0
CTCAGATC	GATCTGAG	0	0	0
CTCAGCAA	TTGCTGAG	0	0	0
CTCAGCAC	GTGCTGAG	0	0	0
CTCAGCAG	CTGCTGAG	0	0	0
CTCAGCCA	TGGCTGAG	0	0	0
CTCAGCCC	GGGCTGAG	0	0	0
CTCAGCGA	TCGCTGAG	0	0	0
CTCAGCGC	GCGCTGAG	0	0	0
CTCAGCTA	TAGCTGAG	0	0	0
CTCAGCTC	GAGCTGAG	0	0	0
CTCAGGAA	TTCCTGAG	0	0	0
CTCAGGAC	GTCCTGAG	0	0	0
CTCAGGAG	CTCCTGAG	0	0	0
CTCAGGCA	TGCCTGAG	0	0	0
CTCAGGCC	GGCCTGAG	0	0	0
CTCAGGGA	TCCCTGAG	0	0	0
CTCAGGGC	GCCCTGAG	0	0	0
CTCAGGTA	TACCTGAG	0	0	0
CTCAGGTC	GACCTGAG	0	0	0
CTCAGTAA	TTACTGAG	0	0	0
CTCAGTAC	GTACTGAG	0	0	0
CTCAGTCA	TGACTGAG	0	0	0
CTCAGTCC	GGACTGAG	0	0	0
CTCAGTGA	TCACTGAG	0	0	0
CTCAGTGC	GCACTGAG	0	0	0
CTCAGTTA	TAACTGAG	0	0	0
CTCAGTTC	GAACTGAG	0	0	0
CTCATAAA	TTTATGAG	0	0	0
CTCATAAC	GTTATGAG	0	0	0
CTCATAAG	CTTATGAG	0	0	0
CTCATACA	TGTATGAG	0	0	0
CTCATACC	GGTATGAG	0	0	0
CTCATAGA	TCTATGAG	0	0	0
CTCATAGC	GCTATGAG	0	0	0
CTCATATA	TATATGAG	0	0	0
CTCATATC	GATATGAG	0	0	0
CTCATCAA	TTGATGAG	0	0	0
CTCATCAC	GTGATGAG	0	0	0
CTCATCAG	CTGATGAG	0	0	0
CTCATCCA	TGGATGAG	0	0	0
CTCATCCC	GGGATGAG	0	0	0
CTCATCGA	TCGATGAG	0	0	0
CTCATCGC	GCGATGAG	0	0	0
CTCATCTA	TAGATGAG	0	0	0
CTCATCTC	GAGATGAG	0	0	0
CTCATGAA	TTCATGAG	0	0	0
CTCATGAC	GTCATGAG	0	0	0
CTCATGAG	CTCATGAG	0	0	0
CTCATGCA	TGCATGAG	0	0	0
CTCATGCC	GGCATGAG	0	0	0
CTCATGGA	TCCATGAG	0	0	0
CTCATGGC	GCCATGAG	0	0	0
CTCATGTA	TACATGAG	0	0	0
CTCATGTC	GACATGAG	0	0	0
CTCATTAA	TTAATGAG	0	0	0
CTCATTAC	GTAATGAG	0	0	0
CTCATTCA	TGAATGAG	0	0	0
CTCATTCC	GGAATGAG	0	0	0
CTCATTGA	TCAATGAG	0	0	0
CTCATTGC	GCAATGAG	0	0	0
CTCATTTA	TAAATGAG	0	0	0
CTCATTTC	GAAATGAG	0	0	0
CTCCAAAA	TTTTGGAG	0	0	0
CTCCAAAC	GTTTGGAG	0	0	0
CTCCAAAG	CTTTGGAG	0	0	0
CTCCAACA	TGTTGGAG	0	0	0
CTCCAACC	GGTTGGAG	0	0	0
CTCCAAGA	TCTTGGAG	0	0	0
CTCCAAGC	GCTTGGAG	0	0	0
CTCCAATA	TATTGGAG	0	0	0
CTCCAATC	GATTGGAG	0	0	0
CTCCACAA	TTGTGGAG	0	0	0
CTCCACAC	GTGTGGAG	0	0	0
CTCCACAG	CTGTGGAG	0	0	0
CTCCACCA	TGGTGGAG	0	0	0
CTCCACCC	GGGTGGAG	0	0	0
CTCCACGA	TCGTGGAG	0	0	0
CTCCACGC	GCGTGGAG	0	0	0
CTCCACTA	TAGTGGAG	0	0	0
CTCCACTC	GAGTGGAG	0	0	0
CTCCAGAA	TTCTGGAG	0	0	0
CTCCAGAC	GTCTGGAG	0	0	0
CTCCAGAG	CTCTGGAG	0	0	0
CTCCAGCA	TGCTGGAG	0	0	0
CTCCAGCC	GGCTGGAG	0	0	0
CTCCAGGA	TCCTGGAG	0	0	0
CTCCAGGC	GCCTGGAG	0	0	0
CTCCAGTA	TACTGGAG	0	0	0
CTCCAGTC	GACTGGAG	0	0	0
CTCCATAA	TTATGGAG	0	0	0
CTCCATAC	GTATGGAG	0	0	0
CTCCATCA	TGATGGAG	0	0	0
CTCCATCC	GGATGGAG	0	0	0
CTCCATGA	TCATGGAG	0	0	0
CTCCATGC	GCATGGAG	0	0	0
CTCCATTA	TAATGGAG	0	0	0
CTCCATTC	GAATGGAG	0	0	0
CTCCCAAA	TTTGGGAG	0	0	0
CTCCCAAC	GTTGGGAG	0	0	0
CTCCCAAG	CTTGGGAG	0	0	0
CTCCCACA	TGTGGGAG	0	0	0
CTCCCACC	GGTGGGAG	0	0	0
CTCCCAGA	TCTGGGAG	0	0	0
CTCCCAGC	GCTGGGAG	0	0	0
CTCCCATA	TATGGGAG	0	0	0
CTCCCATC	GATGGGAG	0	0	0
CTCCCCAA	TTGGGGAG	0	0	0
CTCCCCAC	GTGGGGAG	0	0	0
CTCCCCAG	CTGGGGAG	0	0	0
CTCCCCCA	TGGGGGAG	0	0	0
CTCCCCCC	GGGGGGAG	0	0	0
CTCCCCGA	TCGGGGAG	0	0	0
CTCCCCGC	GCGGGGAG	0	0	0
CTCCCCTA	TAGGGGAG	0	0	0
CTCCCCTC	GAGGGGAG	0	0	0
CTCCCGAA	TTCGGGAG	0	0	0
CTCCCGAC	GTCGGGAG	0	0	0
CTCCCGAG	CTCGGGAG	0	0	0
CTCCCGCA	TGCGGGAG	0	0	0
CTCCCGCC	GGCGGGAG	0	0	0
CTCCCGGA	TCCGGGAG	0	0	0
CTCCCGGC	GCCGGGAG	0	0	0
CTCCCGTA	TACGGGAG	0	0	0
CTCCCGTC	GACGGGAG	0	0	0
CTCCCTAA	TTAGGGAG	0	0	0
CTCCCTAC	GTAGGGAG	0	0	0
CTCCCTCA	TGAGGGAG	0	0	0
CTCCCTCC	GGAGGGAG	0	0	0
CTCCCTGA	TCAGGGAG	0	0	0
CTCCCTGC	GCAGGGAG	0	0	0
CTCCCTTA	TAAGGGAG	0	0	0
CTCCCTTC	GAAGGGAG	0	0	0
CTCCGAAA	TTTCGGAG	0	0	0
CTCCGAAC	GTTCGGAG	0	0	0
CTCCGAAG	CTTCGGAG	0	0	0
CTCCGACA	TGTCGGAG	0	0	0
CTCCGACC	GGTCGGAG	0	0	0
CTCCGAGA	TCTCGGAG	0	0	0
CTCCGAGC	GCTCGGAG	0	0	0
CTCCGATA	TATCGGAG	0	0	0
CTCCGATC	GATCGGAG	0	0	0
CTCCGCAA	TTGCGGAG	0	0	0
CTCCGCAC	GTGCGGAG	0	0	0
CTCCGCAG	CTGCGGAG	0	0	0
CTCCGCCA	TGGCGGAG	0	0	0
CTCCGCCC	GGGCGGAG	0	0	0
CTCCGCGA	TCGCGGAG	0	0	0
CTCCGCGC	GCGCGGAG	0	0	0
CTCCGCTA	TAGCGGAG	0	0	0
CTCCGCTC	GAGCGGAG	0	0	0
CTCCGGAA	TTCCGGAG	0	0	0
CTCCGGAC	GTCCGGAG	0	0	0
CTCCGGAG	CTCCGGAG	0	0	0
CTCCGGCA	TGCCGGAG	0	0	0
CTCCGGCC	GGCCGGAG	0	0	0
CTCCGGGA	TCCCGGAG	0	0	0
CTCCGGGC	GCCCGGAG	0	0	0
CTCCGGTA	TACCGGAG	0	0	0
CTCCGGTC	GACCGGAG	0	0	0
CTCCGTAA	TTACGGAG	0	0	0
CTCCGTAC	GTACGGAG	0	0	0
CTCCGTCA	TGACGGAG	0	0	0
CTCCGTCC	GGACGGAG	0	0	0
CTCCGTGA	TCACGGAG	0	0	0
CTCCGTGC	GCACGGAG	0	0	0
CTCCGTTA	TAACGGAG	0	0	0
CTCCGTTC	GAACGGAG	0	0	0
CTCCTAAA	TTTAGGAG	0	0	0
CTCCTAAC	GTTAGGAG	0	0	0
CTCCTAAG	CTTAGGAG	0	0	0
CTCCTACA	TGTAGGAG	0	0	0
CTCCTACC	GGTAGGAG	0	0	0
CTCCTAGA	TCTAGGAG	0	0	0
CTCCTAGC	GCTAGGAG	0	0	0
CTCCTATA	TATAGGAG	0	0	0
CTCCTATC	GATAGGAG	0	0	0
CTCCTCAA	TTGAGGAG	0	0	0
CTCCTCAC	GTGAGGAG	0	0	0
CTCCTCAG	CTGAGGAG	0	0	0
CTCCTCCA	TGGAGGAG	0	0	0
CTCCTCCC	GGGAGGAG	0	0	0
CTCCTCGA	TCGAGGAG	0	0	0
CTCCTCGC	GCGAGGAG	0	0	0
CTCCTCTA	TAGAGGAG	0	0	0
CTCCTCTC	GAGAGGAG	0	0	0
CTCCTGAA	TTCAGGAG	0	0	0
CTCCTGAC	GTCAGGAG	0	0	0
CTCCTGCA	TGCAGGAG	0	0	0
CTCCTGCC	GGCAGGAG	0	0	0
CTCCTGGA	TCCAGGAG	0	0	0
CTCCTGGC	GCCAGGAG	0	0	0
CTCCTGTA	TACAGGAG	0	0	0
CTCCTGTC	GACAGGAG	0	0	0
CTCCTTAA	TTAAGGAG	0	0	0
CTCCTTAC	GTAAGGAG	0	0	0
CTCCTTCA	TGAAGGAG	0	0	0
CTCCTTCC	GGAAGGAG	0	0	0
CTCCTTGA	TCAAGGAG	0	0	0
CTCCTTGC	GCAAGGAG	0	0	0
CTCCTTTA	TAAAGGAG	0	0	0
CTCCTTTC	GAAAGGAG	0	0	0
CTCGAAAA	TTTTCGAG	0	0	0
CTCGAAAC	GTTTCGAG	0	0	0
CTCGAAAG	CTTTCGAG	0	0	0
CTCGAACA	TGTTCGAG	0	0	0
CTCGAACC	GGTTCGAG	0	0	0
CTCGAAGA	TCTTCGAG	0	0	0
CTCGAAGC	GCTTCGAG	0	0	0
CTCGAATA	TATTCGAG	0	0	0
CTCGAATC	GATTCGAG	0	0	0
CTCGACAA	TTGTCGAG	0	0	0
CTCGACAC	GTGTCGAG	0	0	0
CTCGACAG	CTGTCGAG	0	0	0
CTCGACCA	TGGTCGAG	0	0	0
CTCGACCC	GGGTCGAG	0	0	0
CTCGACGA	TCGTCGAG	0	0	0
CTCGACGC	GCGTCGAG	0	0	0
CTCGACTA	TAGTCGAG	0	0	0
CTCGACTC	GAGTCGAG	0	0	0
CTCGAGAA	TTCTCGAG	0	0	0
CTCGAGAC	GTCTCGAG	0	0	0
CTCGAGAG	CTCTCGAG	0	0	0
CTCGAGCA	TGCTCGAG	0	0	0
CTCGAGCC	GGCTCGAG	0	0	0
CTCGAGGA	TCCTCGAG	0	0	0
CTCGAGGC	GCCTCGAG	0	0	0
CTCGAGTA	TACTCGAG	0	0	0
CTCGAGTC	GACTCGAG	0	0	0
CTCGATAA	TTATCGAG	0	0	0
CTCGATAC	GTATCGAG	0	0	0
CTCGATCA	TGATCGAG	0	0	0
CTCGATCC	GGATCGAG	0	0	0
CTCGATGA	TCATCGAG	0	0	0
CTCGATGC	GCATCGAG	0	0	0
CTCGATTA	TAATCGAG	0	0	0
CTCGATTC	GAATCGAG	0	0	0
CTCGCAAA	TTTGCGAG	0	0	0
CTCGCAAC	GTTGCGAG	0	0	0
CTCGCAAG	CTTGCGAG	0	0	0
CTCGCACA	TGTGCGAG	0	0	0
CTCGCACC	GGTGCGAG	0	0	0
CTCGCAGA	TCTGCGAG	0	0	0
CTCGCAGC	GCTGCGAG	0	0	0
CTCGCATA	TATGCGAG	0	0	0
CTCGCATC	GATGCGAG	0	0	0
CTCGCCAA	TTGGCGAG	0	0	0
CTCGCCAC	GTGGCGAG	0	0	0
CTCGCCAG	CTGGCGAG	0	0	0
CTCGCCCA	TGGGCGAG	0	0	0
CTCGCCCC	GGGGCGAG	0	0	0
CTCGCCGA	TCGGCGAG	0	0	0
CTCGCCGC	GCGGCGAG	0	0	0
CTCGCCTA	TAGGCGAG	0	0	0
CTCGCCTC	GAGGCGAG	0	0	0
CTCGCGAA	TTCGCGAG	0	0	0
CTCGCGAC	GTCGCGAG	0	0	0
CTCGCGAG	CTCGCGAG	0	0	0
CTCGCGCA	TGCGCGAG	0	0	0
CTCGCGCC	GGCGCGAG	0	0	0
CTCGCGGA	TCCGCGAG	0	0	0
CTCGCGGC	GCCGCGAG	0	0	0
CTCGCGTA	TACGCGAG	0	0	0
CTCGCGTC	GACGCGAG	0	0	0
CTCGCTAA	TTAGCGAG	0	0	0
CTCGCTAC	GTAGCGAG	0	0	0
CTCGCTCA	TGAGCGAG	0	0	0
CTCGCTCC	GGAGCGAG	0	0	0
CTCGCTGA	TCAGCGAG	0	0	0
CTCGCTGC	GCAGCGAG	0	0	0
CTCGCTTA	TAAGCGAG	0	0	0
CTCGCTTC	GAAGCGAG	0	0	0
CTCGGAAA	TTTCCGAG	0	0	0
CTCGGAAC	GTTCCGAG	0	0	0
CTCGGAAG	CTTCCGAG	0	0	0
CTCGGACA	TGTCCGAG	0	0	0
CTCGGACC	GGTCCGAG	0	0	0
CTCGGAGA	TCTCCGAG	0	0	0
CTCGGAGC	GCTCCGAG	0	0	0
CTCGGATA	TATCCGAG	0	0	0
CTCGGATC	GATCCGAG	0	0	0
CTCGGCAA	TTGCCGAG	0	0	0
CTCGGCAC	GTGCCGAG	0	0	0
CTCGGCAG	CTGCCGAG	0	0	0
CTCGGCCA	TGGCCGAG	0	0	0
CTCGGCCC	GGGCCGAG	0	0	0
CTCGGCGA	TCGCCGAG	0	0	0
CTCGGCGC	GCGCCGAG	0	0	0
CTCGGCTA	TAGCCGAG	0	0	0
CTCGGCTC	GAGCCGAG	0	0	0
CTCGGGAA	TTCCCGAG	0	0	0
CTCGGGAC	GTCCCGAG	0	0	0
CTCGGGCA	TGCCCGAG	0	0	0
CTCGGGCC	GGCCCGAG	0	0	0
CTCGGGGA	TCCCCGAG	0	0	0
CTCGGGGC	GCCCCGAG	0	0	0
CTCGGGTA	TACCCGAG	0	0	0
CTCGGGTC	GACCCGAG	0	0	0
CTCGGTAA	TTACCGAG	0	0	0
CTCGGTAC	GTACCGAG	0	0	0
CTCGGTCA	TGACCGAG	0	0	0
CTCGGTCC	GGACCGAG	0	0	0
CTCGGTGA	TCACCGAG	0	0	0
CTCGGTGC	GCACCGAG	0	0	0
CTCGGTTA	TAACCGAG	0	0	0
CTCGGTTC	GAACCGAG	0	0	0
CTCGTAAA	TTTACGAG	0	0	0
CTCGTAAC	GTTACGAG	0	0	0
CTCGTAAG	CTTACGAG	0	0	0
CTCGTACA	TGTACGAG	0	0	0
CTCGTACC	GGTACGAG	0	0	0
CTCGTAGA	TCTACGAG	0	0	0
CTCGTAGC	GCTACGAG	0	0	0
CTCGTATA	TATACGAG	0	0	0
CTCGTATC	GATACGAG	0	0	0
CTCGTCAA	TTGACGAG	0	0	0
CTCGTCAC	GTGACGAG	0	0	0
CTCGTCAG	CTGACGAG	0	0	0
CTCGTCCA	TGGACGAG	0	0	0
CTCGTCCC	GGGACGAG	0	0	0
CTCGTCGA	TCGACGAG	0	0	0
CTCGTCGC	GCGACGAG	0	0	0
CTCGTCTA	TAGACGAG	0	0	0
CTCGTCTC	GAGACGAG	0	0	0
CTCGTGAA	TTCACGAG	0	0	0
CTCGTGAC	GTCACGAG	0	0	0
CTCGTGCA	TGCACGAG	0	0	0
CTCGTGCC	GGCACGAG	0	0	0
CTCGTGGA	TCCACGAG	0	0	0
CTCGTGGC	GCCACGAG	0	0	0
CTCGTGTA	TACACGAG	0	0	0
CTCGTGTC	GACACGAG	0	0	0
CTCGTTAA	TTAACGAG	0	0	0
CTCGTTAC	GTAACGAG	0	0	0
CTCGTTCA	TGAACGAG	0	0	0
CTCGTTCC	GGAACGAG	0	0	0
CTCGTTGA	TCAACGAG	0	0	0
CTCGTTGC	GCAACGAG	0	0	0
CTCGTTTA	TAAACGAG	0	0	0
CTCGTTTC	GAAACGAG	0	0	0
CTCTAAAA	TTTTAGAG	0	0	0
CTCTAAAC	GTTTAGAG	0	0	0
CTCTAAAG	CTTTAGAG	0	0	0
CTCTAACA	TGTTAGAG	0	0	0
CTCTAACC	GGTTAGAG	0	0	0
CTCTAAGA	TCTTAGAG	0	0	0
CTCTAAGC	GCTTAGAG	0	0	0
CTCTAATA	TATTAGAG	0	0	0
CTCTAATC	GATTAGAG	0	0	0
CTCTACAA	TTGTAGAG	0	0	0
CTCTACAC	GTGTAGAG	0	0	0
CTCTACAG	CTGTAGAG	0	0	0
CTCTACCA	TGGTAGAG	0	0	0
CTCTACCC	GGGTAGAG	0	0	0
CTCTACGA	TCGTAGAG	0	0	0
CTCTACGC	GCGTAGAG	0	0	0
CTCTACTA	TAGTAGAG	0	0	0
CTCTACTC	GAGTAGAG	0	0	0
CTCTAGAA	TTCTAGAG	0	0	0
CTCTAGAC	GTCTAGAG	0	0	0
CTCTAGAG	CTCTAGAG	0	0	0
CTCTAGCA	TGCTAGAG	0	0	0
CTCTAGCC	GGCTAGAG	0	0	0
CTCTAGGA	TCCTAGAG	0	0	0
CTCTAGGC	GCCTAGAG	0	0	0
CTCTAGTA	TACTAGAG	0	0	0
CTCTAGTC	GACTAGAG	0	0	0
CTCTATAA	TTATAGAG	0	0	0
CTCTATAC	GTATAGAG	0	0	0
CTCTATCA	TGATAGAG	0	0	0
CTCTATCC	GGATAGAG	0	0	0
CTCTATGA	TCATAGAG	0	0	0
CTCTATGC	GCATAGAG	0	0	0
CTCTATTA	TAATAGAG	0	0	0
CTCTATTC	GAATAGAG	0	0	0
CTCTCAAA	TTTGAGAG	0	0	0
CTCTCAAC	GTTGAGAG	0	0	0
CTCTCAAG	CTTGAGAG	0	0	0
CTCTCACA	TGTGAGAG	0	0	0
CTCTCACC	GGTGAGAG	0	0	0
CTCTCAGA	TCTGAGAG	0	0	0
CTCTCAGC	GCTGAGAG	0	0	0
CTCTCATA	TATGAGAG	0	0	0
CTCTCATC	GATGAGAG	0	0	0
CTCTCCAA	TTGGAGAG	0	0	0
CTCTCCAC	GTGGAGAG	0	0	0
CTCTCCAG	CTGGAGAG	0	0	0
CTCTCCCA	TGGGAGAG	0	0	0
CTCTCCCC	GGGGAGAG	0	0	0
CTCTCCGA	TCGGAGAG	0	0	0
CTCTCCGC	GCGGAGAG	0	0	0
CTCTCCTA	TAGGAGAG	0	0	0
CTCTCCTC	GAGGAGAG	0	0	0
CTCTCGAA	TTCGAGAG	0	0	0
CTCTCGAC	GTCGAGAG	0	0	0
CTCTCGCA	TGCGAGAG	0	0	0
CTCTCGCC	GGCGAGAG	0	0	0
CTCTCGGA	TCCGAGAG	0	0	0
CTCTCGGC	GCCGAGAG	0	0	0
CTCTCGTA	TACGAGAG	0	0	0
CTCTCGTC	GACGAGAG	0	0	0
CTCTCTAA	TTAGAGAG	0	0	0
CTCTCTAC	GTAGAGAG	0	0	0
CTCTCTCA	TGAGAGAG	0	0	0
CTCTCTCC	GGAGAGAG	0	0	0
CTCTCTGA	TCAGAGAG	0	0	0
CTCTCTGC	GCAGAGAG	0	0	0
CTCTCTTA	TAAGAGAG	0	0	0
CTCTCTTC	GAAGAGAG	0	0	0
CTCTGAAA	TTTCAGAG	0	0	0
CTCTGAAC	GTTCAGAG	0	0	0
CTCTGAAG	CTTCAGAG	0	0	0
CTCTGACA	TGTCAGAG	0	0	0
CTCTGACC	GGTCAGAG	0	0	0
CTCTGAGA	TCTCAGAG	0	0	0
CTCTGAGC	GCTCAGAG	0	0	0
CTCTGATA	TATCAGAG	0	0	0
CTCTGATC	GATCAGAG	0	0	0
CTCTGCAA	TTGCAGAG	0	0	0
CTCTGCAC	GTGCAGAG	0	0	0
CTCTGCAG	CTGCAGAG	0	0	0
CTCTGCCA	TGGCAGAG	0	0	0
CTCTGCCC	GGGCAGAG	0	0	0
CTCTGCGA	TCGCAGAG	0	0	0
CTCTGCGC	GCGCAGAG	0	0	0
CTCTGCTA	TAGCAGAG	0	0	0
CTCTGCTC	GAGCAGAG	0	0	0
CTCTGGAA	TTCCAGAG	0	0	0
CTCTGGAC	GTCCAGAG	0	0	0
CTCTGGCA	TGCCAGAG	0	0	0
CTCTGGCC	GGCCAGAG	0	0	0
CTCTGGGA	TCCCAGAG	0	0	0
CTCTGGGC	GCCCAGAG	0	0	0
CTCTGGTA	TACCAGAG	0	0	0
CTCTGGTC	GACCAGAG	0	0	0
CTCTGTAA	TTACAGAG	0	0	0
CTCTGTAC	GTACAGAG	0	0	0
CTCTGTCA	TGACAGAG	0	0	0
CTCTGTCC	GGACAGAG	0	0	0
CTCTGTGA	TCACAGAG	0	0	0
CTCTGTGC	GCACAGAG	0	0	0
CTCTGTTA	TAACAGAG	0	0	0
CTCTGTTC	GAACAGAG	0	0	0
CTCTTAAA	TTTAAGAG	0	0	0
CTCTTAAC	GTTAAGAG	0	0	0
CTCTTAAG	CTTAAGAG	0	0	0
CTCTTACA	TGTAAGAG	0	0	0
CTCTTACC	GGTAAGAG	0	0	0
CTCTTAGA	TCTAAGAG	0	0	0
CTCTTAGC	GCTAAGAG	0	0	0
CTCTTATA	TATAAGAG	0	0	0
CTCTTATC	GATAAGAG	0	0	0
CTCTTCAA	TTGAAGAG	0	0	0
CTCTTCAC	GTGAAGAG	0	0	0
CTCTTCAG	CTGAAGAG	0	0	0
CTCTTCCA	TGGAAGAG	0	0	0
CTCTTCCC	GGGAAGAG	0	0	0
CTCTTCGA	TCGAAGAG	0	0	0
CTCTTCGC	GCGAAGAG	0	0	0
CTCTTCTA	TAGAAGAG	0	0	0
CTCTTCTC	GAGAAGAG	0	0	0
CTCTTGAA	TTCAAGAG	0	0	0
CTCTTGAC	GTCAAGAG	0	0	0
CTCTTGCA	TGCAAGAG	0	0	0
CTCTTGCC	GGCAAGAG	0	0	0
CTCTTGGA	TCCAAGAG	0	0	0
CTCTTGGC	GCCAAGAG	0	0	0
CTCTTGTA	TACAAGAG	0	0	0
CTCTTGTC	GACAAGAG	0	0	0
CTCTTTAA	TTAAAGAG	0	0	0
CTCTTTAC	GTAAAGAG	0	0	0
CTCTTTCA	TGAAAGAG	0	0	0
CTCTTTCC	GGAAAGAG	0	0	0
CTCTTTGA	TCAAAGAG	0	0	0
CTCTTTGC	GCAAAGAG	0	0	0
CTCTTTTA	TAAAAGAG	0	0	0
CTCTTTTC	GAAAAGAG	0	0	0
CTGAAAAA	TTTTTCAG	0	0	0
CTGAAAAC	GTTTTCAG	0	0	0
CTGAAAAG	CTTTTCAG	0	0	0
CTGAAACA	TGTTTCAG	0	0	0
CTGAAACC	GGTTTCAG	0	0	0
CTGAAAGA	TCTTTCAG	0	0	0
CTGAAAGC	GCTTTCAG	0	0	0
CTGAAATA	TATTTCAG	0	0	0
CTGAAATC	GATTTCAG	0	0	0
CTGAACAA	TTGTTCAG	0	0	0
CTGAACAC	GTGTTCAG	0	0	0
CTGAACAG	CTGTTCAG	0	0	0
CTGAACCA	TGGTTCAG	0	0	0
CTGAACCC	GGGTTCAG	0	0	0
CTGAACGA	TCGTTCAG	0	0	0
CTGAACGC	GCGTTCAG	0	0	0
CTGAACTA	TAGTTCAG	0	0	0
CTGAACTC	GAGTTCAG	0	0	0
CTGAAGAA	TTCTTCAG	0	0	0
CTGAAGAC	GTCTTCAG	0	0	0
CTGAAGCA	TGCTTCAG	0	0	0
CTGAAGCC	GGCTTCAG	0	0	0
CTGAAGGA	TCCTTCAG	0	0	0
CTGAAGGC	GCCTTCAG	0	0	0
CTGAAGTA	TACTTCAG	0	0	0
CTGAAGTC	GACTTCAG	0	0	0
CTGAATAA	TTATTCAG	0	0	0
CTGAATAC	GTATTCAG	0	0	0
CTGAATCA	TGATTCAG	0	0	0
CTGAATCC	GGATTCAG	0	0	0
CTGAATGA	TCATTCAG	0	0	0
CTGAATGC	GCATTCAG	0	0	0
CTGAATTA	TAATTCAG	0	0	0
CTGAATTC	GAATTCAG	0	0	0
CTGACAAA	TTTGTCAG	0	0	0
CTGACAAC	GTTGTCAG	0	0	0
CTGACAAG	CTTGTCAG	0	0	0
CTGACACA	TGTGTCAG	0	0	0
CTGACACC	GGTGTCAG	0	0	0
CTGACAGA	TCTGTCAG	0	0	0
CTGACAGC	GCTGTCAG	0	0	0
CTGACATA	TATGTCAG	0	0	0
CTGACATC	GATGTCAG	0	0	0
CTGACCAA	TTGGTCAG	0	0	0
CTGACCAC	GTGGTCAG	0	0	0
CTGACCAG	CTGGTCAG	0	0	0
CTGACCCA	TGGGTCAG	0	0	0
CTGACCCC	GGGGTCAG	0	0	0
CTGACCGA	TCGGTCAG	0	0	0
CTGACCGC	GCGGTCAG	0	0	0
CTGACCTA	TAGGTCAG	0	0	0
CTGACCTC	GAGGTCAG	0	0	0
CTGACGAA	TTCGTCAG	0	0	0
CTGACGAC	GTCGTCAG	0	0	0
CTGACGCA	TGCGTCAG	0	0	0
CTGACGCC	GGCGTCAG	0	0	0
CTGACGGA	TCCGTCAG	0	0	0
CTGACGGC	GCCGTCAG	0	0	0
CTGACGTA	TACGTCAG	0	0	0
CTGACGTC	GACGTCAG	0	0	0
CTGACTAA	TTAGTCAG	0	0	0
CTGACTAC	GTAGTCAG	0	0	0
CTGACTCA	TGAGTCAG	0	0	0
CTGACTCC	GGAGTCAG	0	0	0
CTGACTGA	TCAGTCAG	0	0	0
CTGACTGC	GCAGTCAG	0	0	0
CTGACTTA	TAAGTCAG	0	0	0
CTGACTTC	GAAGTCAG	0	0	0
CTGAGAAA	TTTCTCAG	0	0	0
CTGAGAAC	GTTCTCAG	0	0	0
CTGAGAAG	CTTCTCAG	0	0	0
CTGAGACA	TGTCTCAG	0	0	0
CTGAGACC	GGTCTCAG	0	0	0
CTGAGAGA	TCTCTCAG	0	0	0
CTGAGAGC	GCTCTCAG	0	0	0
CTGAGATA	TATCTCAG	0	0	0
CTGAGATC	GATCTCAG	0	0	0
CTGAGCAA	TTGCTCAG	0	0	0
CTGAGCAC	GTGCTCAG	0	0	0
CTGAGCAG	CTGCTCAG	0	0	0
CTGAGCCA	TGGCTCAG	0	0	0
CTGAGCCC	GGGCTCAG	0	0	0
CTGAGCGA	TCGCTCAG	0	0	0
CTGAGCGC	GCGCTCAG	0	0	0
CTGAGCTA	TAGCTCAG	0	0	0
CTGAGCTC	GAGCTCAG	0	0	0
CTGAGGAA	TTCCTCAG	0	0	0
CTGAGGAC	GTCCTCAG	0	0	0
CTGAGGCA	TGCCTCAG	0	0	0
CTGAGGCC	GGCCTCAG	0	0	0
CTGAGGGA	TCCCTCAG	0	0	0
CTGAGGGC	GCCCTCAG	0	0	0
CTGAGGTA	TACCTCAG	0	0	0
CTGAGGTC	GACCTCAG	0	0	0
CTGAGTAA	TTACTCAG	0	0	0
CTGAGTAC	GTACTCAG	0	0	0
CTGAGTCA	TGACTCAG	0	0	0
CTGAGTCC	GGACTCAG	0	0	0
CTGAGTGA	TCACTCAG	0	0	0
CTGAGTGC	GCACTCAG	0	0	0
CTGAGTTA	TAACTCAG	0	0	0
CTGAGTTC	GAACTCAG	0	0	0
CTGATAAA	TTTATCAG	0	0	0
CTGATAAC	GTTATCAG	0	0	0
CTGATAAG	CTTATCAG	0	0	0
CTGATACA	TGTATCAG	0	0	0
CTGATACC	GGTATCAG	0	0	0
CTGATAGA	TCTATCAG	0	0	0
CTGATAGC	GCTATCAG	0	0	0
CTGATATA	TATATCAG	0	0	0
CTGATATC	GATATCAG	0	0	0
CTGATCAA	TTGATCAG	0	0	0
CTGATCAC	GTGATCAG	0	0	0
CTGATCAG	CTGATCAG	0	0	0
CTGATCCA	TGGATCAG	0	0	0
CTGATCCC	GGGATCAG	0	0	0
CTGATCGA	TCGATCAG	0	0	0
CTGATCGC	GCGATCAG	0	0	0
CTGATCTA	TAGATCAG	0	0	0
CTGATCTC	GAGATCAG	0	0	0
CTGATGAA	TTCATCAG	0	0	0
CTGATGAC	GTCATCAG	0	0	0
CTGATGCA	TGCATCAG	0	0	0
CTGATGCC	GGCATCAG	0	0	0
CTGATGGA	TCCATCAG	0	0	0
CTGATGGC	GCCATCAG	0	0	0
CTGATGTA	TACATCAG	0	0	0
CTGATGTC	GACATCAG	0	0	0
CTGATTAA	TTAATCAG	0	0	0
CTGATTAC	GTAATCAG	0	0	0
CTGATTCA	TGAATCAG	0	0	0
CTGATTCC	GGAATCAG	0	0	0
CTGATTGA	TCAATCAG	0	0	0
CTGATTGC	GCAATCAG	0	0	0
CTGATTTA	TAAATCAG	0	0	0
CTGATTTC	GAAATCAG	0	0	0
CTGCAAAA	TTTTGCAG	0	0	0
CTGCAAAC	GTTTGCAG	0	0	0
CTGCAAAG	CTTTGCAG	0	0	0
CTGCAACA	TGTTGCAG	0	0	0
CTGCAACC	GGTTGCAG	0	0	0
CTGCAAGA	TCTTGCAG	0	0	0
CTGCAAGC	GCTTGCAG	0	0	0
CTGCAATA	TATTGCAG	0	0	0
CTGCAATC	GATTGCAG	0	0	0
CTGCACAA	TTGTGCAG	0	0	0
CTGCACAC	GTGTGCAG	0	0	0
CTGCACAG	CTGTGCAG	0	0	0
CTGCACCA	TGGTGCAG	0	0	0
CTGCACCC	GGGTGCAG	0	0	0
CTGCACGA	TCGTGCAG	0	0	0
CTGCACGC	GCGTGCAG	0	0	0
CTGCACTA	TAGTGCAG	0	0	0
CTGCACTC	GAGTGCAG	0	0	0
CTGCAGAA	TTCTGCAG	0	0	0
CTGCAGAC	GTCTGCAG	0	0	0
CTGCAGCA	TGCTGCAG	0	0	0
CTGCAGCC	GGCTGCAG	0	0	0
CTGCAGGA	TCCTGCAG	0	0	0
CTGCAGGC	GCCTGCAG	0	0	0
CTGCAGTA	TACTGCAG	0	0	0
CTGCAGTC	GACTGCAG	0	0	0
CTGCATAA	TTATGCAG	0	0	0
CTGCATAC	GTATGCAG	0	0	0
CTGCATCA	TGATGCAG	0	0	0
CTGCATCC	GGATGCAG	0	0	0
CTGCATGA	TCATGCAG	0	0	0
CTGCATGC	GCATGCAG	0	0	0
CTGCATTA	TAATGCAG	0	0	0
CTGCATTC	GAATGCAG	0	0	0
CTGCCAAA	TTTGGCAG	0	0	0
CTGCCAAC	GTTGGCAG	0	0	0
CTGCCAAG	CTTGGCAG	0	0	0
CTGCCACA	TGTGGCAG	0	0	0
CTGCCACC	GGTGGCAG	0	0	0
CTGCCAGA	TCTGGCAG	0	0	0
CTGCCAGC	GCTGGCAG	0	0	0
CTGCCATA	TATGGCAG	0	0	0
CTGCCATC	GATGGCAG	0	0	0
CTGCCCAA	TTGGGCAG	0	0	0
CTGCCCAC	GTGGGCAG	0	0	0
CTGCCCAG	CTGGGCAG	0	0	0
CTGCCCCA	TGGGGCAG	0	0	0
CTGCCCCC	GGGGGCAG	0	0	0
CTGCCCGA	TCGGGCAG	0	0	0
CTGCCCGC	GCGGGCAG	0	0	0
CTGCCCTA	TAGGGCAG	0	0	0
CTGCCCTC	GAGGGCAG	0	0	0
CTGCCGAA	TTCGGCAG	0	0	0
CTGCCGAC	GTCGGCAG	0	0	0
CTGCCGCA	TGCGGCAG	0	0	0
CTGCCGCC	GGCGGCAG	0	0	0
CTGCCGGA	TCCGGCAG	0	0	0
CTGCCGGC	GCCGGCAG	0	0	0
CTGCCGTA	TACGGCAG	0	0	0
CTGCCGTC	GACGGCAG	0	0	0
CTGCCTAA	TTAGGCAG	0	0	0
CTGCCTAC	GTAGGCAG	0	0	0
CTGCCTCA	TGAGGCAG	0	0	0
CTGCCTCC	GGAGGCAG	0	0	0
CTGCCTGA	TCAGGCAG	0	0	0
CTGCCTGC	GCAGGCAG	0	0	0
CTGCCTTA	TAAGGCAG	0	0	0
CTGCCTTC	GAAGGCAG	0	0	0
CTGCGAAA	TTTCGCAG	0	0	0
CTGCGAAC	GTTCGCAG	0	0	0
CTGCGAAG	CTTCGCAG	0	0	0
CTGCGACA	TGTCGCAG	0	0	0
CTGCGACC	GGTCGCAG	0	0	0
CTGCGAGA	TCTCGCAG	0	0	0
CTGCGAGC	GCTCGCAG	0	0	0
CTGCGATA	TATCGCAG	0	0	0
CTGCGATC	GATCGCAG	0	0	0
CTGCGCAA	TTGCGCAG	0	0	0
CTGCGCAC	GTGCGCAG	0	0	0
CTGCGCAG	CTGCGCAG	0	0	0
CTGCGCCA	TGGCGCAG	0	0	0
CTGCGCCC	GGGCGCAG	0	0	0
CTGCGCGA	TCGCGCAG	0	0	0
CTGCGCGC	GCGCGCAG	0	0	0
CTGCGCTA	TAGCGCAG	0	0	0
CTGCGCTC	GAGCGCAG	0	0	0
CTGCGGAA	TTCCGCAG	0	0	0
CTGCGGAC	GTCCGCAG	0	0	0
CTGCGGCA	TGCCGCAG	0	0	0
CTGCGGCC	GGCCGCAG	0	0	0
CTGCGGGA	TCCCGCAG	0	0	0
CTGCGGGC	GCCCGCAG	0	0	0
CTGCGGTA	TACCGCAG	0	0	0
CTGCGGTC	GACCGCAG	0	0	0
CTGCGTAA	TTACGCAG	0	0	0
CTGCGTAC	GTACGCAG	0	0	0
CTGCGTCA	TGACGCAG	0	0	0
CTGCGTCC	GGACGCAG	0	0	0
CTGCGTGA	TCACGCAG	0	0	0
CTGCGTGC	GCACGCAG	0	0	0
CTGCGTTA	TAACGCAG	0	0	0
CTGCGTTC	GAACGCAG	0	0	0
CTGCTAAA	TTTAGCAG	0	0	0
CTGCTAAC	GTTAGCAG	0	0	0
CTGCTAAG	CTTAGCAG	0	0	0
CTGCTACA	TGTAGCAG	0	0	0
CTGCTACC	GGTAGCAG	0	0	0
CTGCTAGA	TCTAGCAG	0	0	0
CTGCTAGC	GCTAGCAG	0	0	0
CTGCTATA	TATAGCAG	0	0	0
CTGCTATC	GATAGCAG	0	0	0
CTGCTCAA	TTGAGCAG	0	0	0
CTGCTCAC	GTGAGCAG	0	0	0
CTGCTCCA	TGGAGCAG	0	0	0
CTGCTCCC	GGGAGCAG	0	0	0
CTGCTCGA	TCGAGCAG	0	0	0
CTGCTCGC	GCGAGCAG	0	0	0
CTGCTCTA	TAGAGCAG	0	0	0
CTGCTCTC	GAGAGCAG	0	0	0
CTGCTGAA	TTCAGCAG	0	0	0
CTGCTGAC	GTCAGCAG	0	0	0
CTGCTGCA	TGCAGCAG	0	0	0
CTGCTGCC	GGCAGCAG	0	0	0
CTGCTGGA	TCCAGCAG	0	0	0
CTGCTGGC	GCCAGCAG	0	0	0
CTGCTGTA	TACAGCAG	0	0	0
CTGCTGTC	GACAGCAG	0	0	0
CTGCTTAA	TTAAGCAG	0	0	0
CTGCTTAC	GTAAGCAG	0	0	0
CTGCTTCA	TGAAGCAG	0	0	0
CTGCTTCC	GGAAGCAG	0	0	0
CTGCTTGA	TCAAGCAG	0	0	0
CTGCTTGC	GCAAGCAG	0	0	0
CTGCTTTA	TAAAGCAG	0	0	0
CTGCTTTC	GAAAGCAG	0	0	0
CTGGAAAA	TTTTCCAG	0	0	0
CTGGAAAC	GTTTCCAG	0	0	0
CTGGAAAG	CTTTCCAG	0	0	0
CTGGAACA	TGTTCCAG	0	0	0
CTGGAACC	GGTTCCAG	0	0	0
CTGGAAGA	TCTTCCAG	0	0	0
CTGGAAGC	GCTTCCAG	0	0	0
CTGGAATA	TATTCCAG	0	0	0
CTGGAATC	GATTCCAG	0	0	0
CTGGACAA	TTGTCCAG	0	0	0
CTGGACAC	GTGTCCAG	0	0	0
CTGGACAG	CTGTCCAG	0	0	0
CTGGACCA	TGGTCCAG	0	0	0
CTGGACCC	GGGTCCAG	0	0	0
CTGGACGA	TCGTCCAG	0	0	0
CTGGACGC	GCGTCCAG	0	0	0
CTGGACTA	TAGTCCAG	0	0	0
CTGGACTC	GAGTCCAG	0	0	0
CTGGAGAA	TTCTCCAG	0	0	0
CTGGAGAC	GTCTCCAG	0	0	0
CTGGAGCA	TGCTCCAG	0	0	0
CTGGAGCC	GGCTCCAG	0	0	0
CTGGAGGA	TCCTCCAG	0	0	0
CTGGAGGC	GCCTCCAG	0	0	0
CTGGAGTA	TACTCCAG	0	0	0
CTGGAGTC	GACTCCAG	0	0	0
CTGGATAA	TTATCCAG	0	0	0
CTGGATAC	GTATCCAG	0	0	0
CTGGATCA	TGATCCAG	0	0	0
CTGGATCC	GGATCCAG	0	0	0
CTGGATGA	TCATCCAG	0	0	0
CTGGATGC	GCATCCAG	0	0	0
CTGGATTA	TAATCCAG	0	0	0
CTGGATTC	GAATCCAG	0	0	0
CTGGCAAA	TTTGCCAG	0	0	0
CTGGCAAC	GTTGCCAG	0	0	0
CTGGCAAG	CTTGCCAG	0	0	0
CTGGCACA	TGTGCCAG	0	0	0
CTGGCACC	GGTGCCAG	0	0	0
CTGGCAGA	TCTGCCAG	0	0	0
CTGGCAGC	GCTGCCAG	0	0	0
CTGGCATA	TATGCCAG	0	0	0
CTGGCATC	GATGCCAG	0	0	0
CTGGCCAA	TTGGCCAG	0	0	0
CTGGCCAC	GTGGCCAG	0	0	0
CTGGCCAG	CTGGCCAG	0	0	0
CTGGCCCA	TGGGCCAG	0	0	0
CTGGCCCC	GGGGCCAG	0	0	0
CTGGCCGA	TCGGCCAG	0	0	0
CTGGCCGC	GCGGCCAG	0	0	0
CTGGCCTA	TAGGCCAG	0	0	0
CTGGCCTC	GAGGCCAG	0	0	0
CTGGCGAA	TTCGCCAG	0	0	0
CTGGCGAC	GTCGCCAG	0	0	0
CTGGCGCA	TGCGCCAG	0	0	0
CTGGCGCC	GGCGCCAG	0	0	0
CTGGCGGA	TCCGCCAG	0	0	0
CTGGCGGC	GCCGCCAG	0	0	0
CTGGCGTA	TACGCCAG	0	0	0
CTGGCGTC	GACGCCAG	0	0	0
CTGGCTAA	TTAGCCAG	0	0	0
CTGGCTAC	GTAGCCAG	0	0	0
CTGGCTCA	TGAGCCAG	0	0	0
CTGGCTCC	GGAGCCAG	0	0	0
CTGGCTGA	TCAGCCAG	0	0	0
CTGGCTGC	GCAGCCAG	0	0	0
CTGGCTTA	TAAGCCAG	0	0	0
CTGGCTTC	GAAGCCAG	0	0	0
CTGGGAAA	TTTCCCAG	0	0	0
CTGGGAAC	GTTCCCAG	0	0	0
CTGGGAAG	CTTCCCAG	0	0	0
CTGGGACA	TGTCCCAG	0	0	0
CTGGGACC	GGTCCCAG	0	0	0
CTGGGAGA	TCTCCCAG	0	0	0
CTGGGAGC	GCTCCCAG	0	0	0
CTGGGATA	TATCCCAG	0	0	0
CTGGGATC	GATCCCAG	0	0	0
CTGGGCAA	TTGCCCAG	0	0	0
CTGGGCAC	GTGCCCAG	0	0	0
CTGGGCCA	TGGCCCAG	0	0	0
CTGGGCCC	GGGCCCAG	0	0	0
CTGGGCGA	TCGCCCAG	0	0	0
CTGGGCGC	GCGCCCAG	0	0	0
CTGGGCTA	TAGCCCAG	0	0	0
CTGGGCTC	GAGCCCAG	0	0	0
CTGGGGAA	TTCCCCAG	0	0	0
CTGGGGAC	GTCCCCAG	0	0	0
CTGGGGCA	TGCCCCAG	0	0	0
CTGGGGCC	GGCCCCAG	0	0	0
CTGGGGGA	TCCCCCAG	0	0	0
CTGGGGGC	GCCCCCAG	0	0	0
CTGGGGTA	TACCCCAG	0	0	0
CTGGGGTC	GACCCCAG	0	0	0
CTGGGTAA	TTACCCAG	0	0	0
CTGGGTAC	GTACCCAG	0	0	0
CTGGGTCA	TGACCCAG	0	0	0
CTGGGTCC	GGACCCAG	0	0	0
CTGGGTGA	TCACCCAG	0	0	0
CTGGGTGC	GCACCCAG	0	0	0
CTGGGTTA	TAACCCAG	0	0	0
CTGGGTTC	GAACCCAG	0	0	0
CTGGTAAA	TTTACCAG	0	0	0
CTGGTAAC	GTTACCAG	0	0	0
CTGGTAAG	CTTACCAG	0	0	0
CTGGTACA	TGTACCAG	0	0	0
CTGGTACC	GGTACCAG	0	0	0
CTGGTAGA	TCTACCAG	0	0	0
CTGGTAGC	GCTACCAG	0	0	0
CTGGTATA	TATACCAG	0	0	0
CTGGTATC	GATACCAG	0	0	0
CTGGTCAA	TTGACCAG	0	0	0
CTGGTCAC	GTGACCAG	0	0	0
CTGGTCCA	TGGACCAG	0	0	0
CTGGTCCC	GGGACCAG	0	0	0
CTGGTCGA	TCGACCAG	0	0	0
CTGGTCGC	GCGACCAG	0	0	0
CTGGTCTA	TAGACCAG	0	0	0
CTGGTCTC	GAGACCAG	0	0	0
CTGGTGAA	TTCACCAG	0	0	0
CTGGTGAC	GTCACCAG	0	0	0
CTGGTGCA	TGCACCAG	0	0	0
CTGGTGCC	GGCACCAG	0	0	0
CTGGTGGA	TCCACCAG	0	0	0
CTGGTGGC	GCCACCAG	0	0	0
CTGGTGTA	TACACCAG	0	0	0
CTGGTGTC	GACACCAG	0	0	0
CTGGTTAA	TTAACCAG	0	0	0
CTGGTTAC	GTAACCAG	0	0	0
CTGGTTCA	TGAACCAG	0	0	0
CTGGTTCC	GGAACCAG	0	0	0
CTGGTTGA	TCAACCAG	0	0	0
CTGGTTGC	GCAACCAG	0	0	0
CTGGTTTA	TAAACCAG	0	0	0
CTGGTTTC	GAAACCAG	0	0	0
CTGTAAAA	TTTTACAG	0	0	0
CTGTAAAC	GTTTACAG	0	0	0
CTGTAAAG	CTTTACAG	0	0	0
CTGTAACA	TGTTACAG	0	0	0
CTGTAACC	GGTTACAG	0	0	0
CTGTAAGA	TCTTACAG	0	0	0
CTGTAAGC	GCTTACAG	0	0	0
CTGTAATA	TATTACAG	0	0	0
CTGTAATC	GATTACAG	0	0	0
CTGTACAA	TTGTACAG	0	0	0
CTGTACAC	GTGTACAG	0	0	0
CTGTACAG	CTGTACAG	0	0	0
CTGTACCA	TGGTACAG	0	0	0
CTGTACCC	GGGTACAG	0	0	0
CTGTACGA	TCGTACAG	0	0	0
CTGTACGC	GCGTACAG	0	0	0
CTGTACTA	TAGTACAG	0	0	0
CTGTACTC	GAGTACAG	0	0	0
CTGTAGAA	TTCTACAG	0	0	0
CTGTAGAC	GTCTACAG	0	0	0
CTGTAGCA	TGCTACAG	0	0	0
CTGTAGCC	GGCTACAG	0	0	0
CTGTAGGA	TCCTACAG	0	0	0
CTGTAGGC	GCCTACAG	0	0	0
CTGTAGTA	TACTACAG	0	0	0
CTGTAGTC	GACTACAG	0	0	0
CTGTATAA	TTATACAG	0	0	0
CTGTATAC	GTATACAG	0	0	0
CTGTATCA	TGATACAG	0	0	0
CTGTATCC	GGATACAG	0	0	0
CTGTATGA	TCATACAG	0	0	0
CTGTATGC	GCATACAG	0	0	0
CTGTATTA	TAATACAG	0	0	0
CTGTATTC	GAATACAG	0	0	0
CTGTCAAA	TTTGACAG	0	0	0
CTGTCAAC	GTTGACAG	0	0	0
CTGTCAAG	CTTGACAG	0	0	0
CTGTCACA	TGTGACAG	0	0	0
CTGTCACC	GGTGACAG	0	0	0
CTGTCAGA	TCTGACAG	0	0	0
CTGTCAGC	GCTGACAG	0	0	0
CTGTCATA	TATGACAG	0	0	0
CTGTCATC	GATGACAG	0	0	0
CTGTCCAA	TTGGACAG	0	0	0
CTGTCCAC	GTGGACAG	0	0	0
CTGTCCCA	TGGGACAG	0	0	0
CTGTCCCC	GGGGACAG	0	0	0
CTGTCCGA	TCGGACAG	0	0	0
CTGTCCGC	GCGGACAG	0	0	0
CTGTCCTA	TAGGACAG	0	0	0
CTGTCCTC	GAGGACAG	0	0	0
CTGTCGAA	TTCGACAG	0	0	0
CTGTCGAC	GTCGACAG	0	0	0
CTGTCGCA	TGCGACAG	0	0	0
CTGTCGCC	GGCGACAG	0	0	0
CTGTCGGA	TCCGACAG	0	0	0
CTGTCGGC	GCCGACAG	0	0	0
CTGTCGTA	TACGACAG	0	0	0
CTGTCGTC	GACGACAG	0	0	0
CTGTCTAA	TTAGACAG	0	0	0
CTGTCTAC	GTAGACAG	0	0	0
CTGTCTCA	TGAGACAG	0	0	0
CTGTCTCC	GGAGACAG	0	0	0
CTGTCTGA	TCAGACAG	0	0	0
CTGTCTGC	GCAGACAG	0	0	0
CTGTCTTA	TAAGACAG	0	0	0
CTGTCTTC	GAAGACAG	0	0	0
CTGTGAAA	TTTCACAG	0	0	0
CTGTGAAC	GTTCACAG	0	0	0
CTGTGAAG	CTTCACAG	0	0	0
CTGTGACA	TGTCACAG	0	0	0
CTGTGACC	GGTCACAG	0	0	0
CTGTGAGA	TCTCACAG	0	0	0
CTGTGAGC	GCTCACAG	0	0	0
CTGTGATA	TATCACAG	0	0	0
CTGTGATC	GATCACAG	0	0	0
CTGTGCAA	TTGCACAG	0	0	0
CTGTGCAC	GTGCACAG	0	0	0
CTGTGCCA	TGGCACAG	0	0	0
CTGTGCCC	GGGCACAG	0	0	0
CTGTGCGA	TCGCACAG	0	0	0
CTGTGCGC	GCGCACAG	0	0	0
CTGTGCTA	TAGCACAG	0	0	0
CTGTGCTC	GAGCACAG	0	0	0
CTGTGGAA	TTCCACAG	0	0	0
CTGTGGAC	GTCCACAG	0	0	0
CTGTGGCA	TGCCACAG	0	0	0
CTGTGGCC	GGCCACAG	0	0	0
CTGTGGGA	TCCCACAG	0	0	0
CTGTGGGC	GCCCACAG	0	0	0
CTGTGGTA	TACCACAG	0	0	0
CTGTGGTC	GACCACAG	0	0	0
CTGTGTAA	TTACACAG	0	0	0
CTGTGTAC	GTACACAG	0	0	0
CTGTGTCA	TGACACAG	0	0	0
CTGTGTCC	GGACACAG	0	0	0
CTGTGTGA	TCACACAG	0	0	0
CTGTGTGC	GCACACAG	0	0	0
CTGTGTTA	TAACACAG	0	0	0
CTGTGTTC	GAACACAG	0	0	0
CTGTTAAA	TTTAACAG	0	0	0
CTGTTAAC	GTTAACAG	0	0	0
CTGTTAAG	CTTAACAG	0	0	0
CTGTTACA	TGTAACAG	0	0	0
CTGTTACC	GGTAACAG	0	0	0
CTGTTAGA	TCTAACAG	0	0	0
CTGTTAGC	GCTAACAG	0	0	0
CTGTTATA	TATAACAG	0	0	0
CTGTTATC	GATAACAG	0	0	0
CTGTTCAA	TTGAACAG	0	0	0
CTGTTCAC	GTGAACAG	0	0	0
CTGTTCCA	TGGAACAG	0	0	0
CTGTTCCC	GGGAACAG	0	0	0
CTGTTCGA	TCGAACAG	0	0	0
CTGTTCGC	GCGAACAG	0	0	0
CTGTTCTA	TAGAACAG	0	0	0
CTGTTCTC	GAGAACAG	0	0	0
CTGTTGAA	TTCAACAG	0	0	0
CTGTTGAC	GTCAACAG	0	0	0
CTGTTGCA	TGCAACAG	0	0	0
CTGTTGCC	GGCAACAG	0	0	0
CTGTTGGA	TCCAACAG	0	0	0
CTGTTGGC	GCCAACAG	0	0	0
CTGTTGTA	TACAACAG	0	0	0
CTGTTGTC	GACAACAG	0	0	0
CTGTTTAA	TTAAACAG	0	0	0
CTGTTTAC	GTAAACAG	0	0	0
CTGTTTCA	TGAAACAG	0	0	0
CTGTTTCC	GGAAACAG	0	0	0
CTGTTTGA	TCAAACAG	0	0	0
CTGTTTGC	GCAAACAG	0	0	0
CTGTTTTA	TAAAACAG	0	0	0
CTGTTTTC	GAAAACAG	0	0	0
CTTAAAAA	TTTTTAAG	0	0	0
CTTAAAAC	GTTTTAAG	0	0	0
CTTAAAAG	CTTTTAAG	0	0	0
CTTAAACA	TGTTTAAG	0	0	0
CTTAAACC	GGTTTAAG	0	0	0
CTTAAAGA	TCTTTAAG	0	0	0
CTTAAAGC	GCTTTAAG	0	0	0
CTTAAATA	TATTTAAG	0	0	0
CTTAAATC	GATTTAAG	0	0	0
CTTAACAA	TTGTTAAG	0	0	0
CTTAACAC	GTGTTAAG	0	0	0
CTTAACCA	TGGTTAAG	0	0	0
CTTAACCC	GGGTTAAG	0	0	0
CTTAACGA	TCGTTAAG	0	0	0
CTTAACGC	GCGTTAAG	0	0	0
CTTAACTA	TAGTTAAG	0	0	0
CTTAACTC	GAGTTAAG	0	0	0
CTTAAGAA	TTCTTAAG	0	0	0
CTTAAGAC	GTCTTAAG	0	0	0
CTTAAGCA	TGCTTAAG	0	0	0
CTTAAGCC	GGCTTAAG	0	0	0
CTTAAGGA	TCCTTAAG	0	0	0
CTTAAGGC	GCCTTAAG	0	0	0
CTTAAGTA	TACTTAAG	0	0	0
CTTAAGTC	GACTTAAG	0	0	0
CTTAATAA	TTATTAAG	0	0	0
CTTAATAC	GTATTAAG	0	0	0
CTTAATCA	TGATTAAG	0	0	0
CTTAATCC	GGATTAAG	0	0	0
CTTAATGA	TCATTAAG	0	0	0
CTTAATGC	GCATTAAG	0	0	0
CTTAATTA	TAATTAAG	0	0	0
CTTAATTC	GAATTAAG	0	0	0
CTTACAAA	TTTGTAAG	0	0	0
CTTACAAC	GTTGTAAG	0	0	0
CTTACAAG	CTTGTAAG	0	0	0
CTTACACA	TGTGTAAG	0	0	0
CTTACACC	GGTGTAAG	0	0	0
CTTACAGA	TCTGTAAG	0	0	0
CTTACAGC	GCTGTAAG	0	0	0
CTTACATA	TATGTAAG	0	0	0
CTTACATC	GATGTAAG	0	0	0
CTTACCAA	TTGGTAAG	0	0	0
CTTACCAC	GTGGTAAG	0	0	0
CTTACCCA	TGGGTAAG	0	0	0
CTTACCCC	GGGGTAAG	0	0	0
CTTACCGA	TCGGTAAG	0	0	0
CTTACCGC	GCGGTAAG	0	0	0
CTTACCTA	TAGGTAAG	0	0	0
CTTACCTC	GAGGTAAG	0	0	0
CTTACGAA	TTCGTAAG	0	0	0
CTTACGAC	GTCGTAAG	0	0	0
CTTACGCA	TGCGTAAG	0	0	0
CTTACGCC	GGCGTAAG	0	0	0
CTTACGGA	TCCGTAAG	0	0	0
CTTACGGC	GCCGTAAG	0	0	0
CTTACGTA	TACGTAAG	0	0	0
CTTACGTC	GACGTAAG	0	0	0
CTTACTAA	TTAGTAAG	0	0	0
CTTACTAC	GTAGTAAG	0	0	0
CTTACTCA	TGAGTAAG	0	0	0
CTTACTCC	GGAGTAAG	0	0	0
CTTACTGA	TCAGTAAG	0	0	0
CTTACTGC	GCAGTAAG	0	0	0
CTTACTTA	TAAGTAAG	0	0	0
CTTACTTC	GAAGTAAG	0	0	0
CTTAGAAA	TTTCTAAG	0	0	0
CTTAGAAC	GTTCTAAG	0	0	0
CTTAGAAG	CTTCTAAG	0	0	0
CTTAGACA	TGTCTAAG	0	0	0
CTTAGACC	GGTCTAAG	0	0	0
CTTAGAGA	TCTCTAAG	0	0	0
CTTAGAGC	GCTCTAAG	0	0	0
CTTAGATA	TATCTAAG	0	0	0
CTTAGATC	GATCTAAG	0	0	0
CTTAGCAA	TTGCTAAG	0	0	0
CTTAGCAC	GTGCTAAG	0	0	0
CTTAGCCA	TGGCTAAG	0	0	0
CTTAGCCC	GGGCTAAG	0	0	0
CTTAGCGA	TCGCTAAG	0	0	0
CTTAGCGC	GCGCTAAG	0	0	0
CTTAGCTA	TAGCTAAG	0	0	0
CTTAGCTC	GAGCTAAG	0	0	0
CTTAGGAA	TTCCTAAG	0	0	0
CTTAGGAC	GTCCTAAG	0	0	0
CTTAGGCA	TGCCTAAG	0	0	0
CTTAGGCC	GGCCTAAG	0	0	0
CTTAGGGA	TCCCTAAG	0	0	0
CTTAGGGC	GCCCTAAG	0	0	0
CTTAGGTA	TACCTAAG	0	0	0
CTTAGGTC	GACCTAAG	0	0	0
CTTAGTAA	TTACTAAG	0	0	0
CTTAGTAC	GTACTAAG	0	0	0
CTTAGTCA	TGACTAAG	0	0	0
CTTAGTCC	GGACTAAG	0	0	0
CTTAGTGA	TCACTAAG	0	0	0
CTTAGTGC	GCACTAAG	0	0	0
CTTAGTTA	TAACTAAG	0	0	0
CTTAGTTC	GAACTAAG	0	0	0
CTTATAAA	TTTATAAG	0	0	0
CTTATAAC	GTTATAAG	0	0	0
CTTATAAG	CTTATAAG	0	0	0
CTTATACA	TGTATAAG	0	0	0
CTTATACC	GGTATAAG	0	0	0
CTTATAGA	TCTATAAG	0	0	0
CTTATAGC	GCTATAAG	0	0	0
CTTATATA	TATATAAG	0	0	0
CTTATATC	GATATAAG	0	0	0
CTTATCAA	TTGATAAG	0	0	0
CTTATCAC	GTGATAAG	0	0	0
CTTATCCA	TGGATAAG	0	0	0
CTTATCCC	GGGATAAG	0	0	0
CTTATCGA	TCGATAAG	0	0	0
CTTATCGC	GCGATAAG	0	0	0
CTTATCTA	TAGATAAG	0	0	0
CTTATCTC	GAGATAAG	0	0	0
CTTATGAA	TTCATAAG	0	0	0
CTTATGAC	GTCATAAG	0	0	0
CTTATGCA	TGCATAAG	0	0	0
CTTATGCC	GGCATAAG	0	0	0
CTTATGGA	TCCATAAG	0	0	0
CTTATGGC	GCCATAAG	0	0	0
CTTATGTA	TACATAAG	0	0	0
CTTATGTC	GACATAAG	0	0	0
CTTATTAA	TTAATAAG	0	0	0
CTTATTAC	GTAATAAG	0	0	0
CTTATTCA	TGAATAAG	0	0	0
CTTATTCC	GGAATAAG	0	0	0
CTTATTGA	TCAATAAG	0	0	0
CTTATTGC	GCAATAAG	0	0	0
CTTATTTA	TAAATAAG	0	0	0
CTTATTTC	GAAATAAG	0	0	0
CTTCAAAA	TTTTGAAG	0	0	0
CTTCAAAC	GTTTGAAG	0	0	0
CTTCAAAG	CTTTGAAG	0	0	0
CTTCAACA	TGTTGAAG	0	0	0
CTTCAACC	GGTTGAAG	0	0	0
CTTCAAGA	TCTTGAAG	0	0	0
CTTCAAGC	GCTTGAAG	0	0	0
CTTCAATA	TATTGAAG	0	0	0
CTTCAATC	GATTGAAG	0	0	0
CTTCACAA	TTGTGAAG	0	0	0
CTTCACAC	GTGTGAAG	0	0	0
CTTCACCA	TGGTGAAG	0	0	0
CTTCACCC	GGGTGAAG	0	0	0
CTTCACGA	TCGTGAAG	0	0	0
CTTCACGC	GCGTGAAG	0	0	0
CTTCACTA	TAGTGAAG	0	0	0
CTTCACTC	GAGTGAAG	0	0	0
CTTCAGAA	TTCTGAAG	0	0	0
CTTCAGAC	GTCTGAAG	0	0	0
CTTCAGCA	TGCTGAAG	0	0	0
CTTCAGCC	GGCTGAAG	0	0	0
CTTCAGGA	TCCTGAAG	0	0	0
CTTCAGGC	GCCTGAAG	0	0	0
CTTCAGTA	TACTGAAG	0	0	0
CTTCAGTC	GACTGAAG	0	0	0
CTTCATAA	TTATGAAG	0	0	0
CTTCATAC	GTATGAAG	0	0	0
CTTCATCA	TGATGAAG	0	0	0
CTTCATCC	GGATGAAG	0	0	0
CTTCATGA	TCATGAAG	0	0	0
CTTCATGC	GCATGAAG	0	0	0
CTTCATTA	TAATGAAG	0	0	0
CTTCATTC	GAATGAAG	0	0	0
CTTCCAAA	TTTGGAAG	0	0	0
CTTCCAAC	GTTGGAAG	0	0	0
CTTCCAAG	CTTGGAAG	0	0	0
CTTCCACA	TGTGGAAG	0	0	0
CTTCCACC	GGTGGAAG	0	0	0
CTTCCAGA	TCTGGAAG	0	0	0
CTTCCAGC	GCTGGAAG	0	0	0
CTTCCATA	TATGGAAG	0	0	0
CTTCCATC	GATGGAAG	0	0	0
CTTCCCAA	TTGGGAAG	0	0	0
CTTCCCAC	GTGGGAAG	0	0	0
CTTCCCCA	TGGGGAAG	0	0	0
CTTCCCCC	GGGGGAAG	0	0	0
CTTCCCGA	TCGGGAAG	0	0	0
CTTCCCGC	GCGGGAAG	0	0	0
CTTCCCTA	TAGGGAAG	0	0	0
CTTCCCTC	GAGGGAAG	0	0	0
CTTCCGAA	TTCGGAAG	0	0	0
CTTCCGAC	GTCGGAAG	0	0	0
CTTCCGCA	TGCGGAAG	0	0	0
CTTCCGCC	GGCGGAAG	0	0	0
CTTCCGGA	TCCGGAAG	0	0	0
CTTCCGGC	GCCGGAAG	0	0	0
CTTCCGTA	TACGGAAG	0	0	0
CTTCCGTC	GACGGAAG	0	0	0
CTTCCTAA	TTAGGAAG	0	0	0
CTTCCTAC	GTAGGAAG	0	0	0
CTTCCTCA	TGAGGAAG	0	0	0
CTTCCTCC	GGAGGAAG	0	0	0
CTTCCTGA	TCAGGAAG	0	0	0
CTTCCTGC	GCAGGAAG	0	0	0
CTTCCTTA	TAAGGAAG	0	0	0
CTTCCTTC	GAAGGAAG	0	0	0
CTTCGAAA	TTTCGAAG	0	0	0
CTTCGAAC	GTTCGAAG	0	0	0
CTTCGAAG	CTTCGAAG	0	0	0
CTTCGACA	TGTCGAAG	0	0	0
CTTCGACC	GGTCGAAG	0	0	0
CTTCGAGA	TCTCGAAG	0	0	0
CTTCGAGC	GCTCGAAG	0	0	0
CTTCGATA	TATCGAAG	0	0	0
CTTCGATC	GATCGAAG	0	0	0
CTTCGCAA	TTGCGAAG	0	0	0
CTTCGCAC	GTGCGAAG	0	0	0
CTTCGCCA	TGGCGAAG	0	0	0
CTTCGCCC	GGGCGAAG	0	0	0
CTTCGCGA	TCGCGAAG	0	0	0
CTTCGCGC	GCGCGAAG	0	0	0
CTTCGCTA	TAGCGAAG	0	0	0
CTTCGCTC	GAGCGAAG	0	0	0
CTTCGGAA	TTCCGAAG	0	0	0
CTTCGGAC	GTCCGAAG	0	0	0
CTTCGGCA	TGCCGAAG	0	0	0
CTTCGGCC	GGCCGAAG	0	0	0
CTTCGGGA	TCCCGAAG	0	0	0
CTTCGGGC	GCCCGAAG	0	0	0
CTTCGGTA	TACCGAAG	0	0	0
CTTCGGTC	GACCGAAG	0	0	0
CTTCGTAA	TTACGAAG	0	0	0
CTTCGTAC	GTACGAAG	0	0	0
CTTCGTCA	TGACGAAG	0	0	0
CTTCGTCC	GGACGAAG	0	0	0
CTTCGTGA	TCACGAAG	0	0	0
CTTCGTGC	GCACGAAG	0	0	0
CTTCGTTA	TAACGAAG	0	0	0
CTTCGTTC	GAACGAAG	0	0	0
CTTCTAAA	TTTAGAAG	0	0	0
CTTCTAAC	GTTAGAAG	0	0	0
CTTCTACA	TGTAGAAG	0	0	0
CTTCTACC	GGTAGAAG	0	0	0
CTTCTAGA	TCTAGAAG	0	0	0
CTTCTAGC	GCTAGAAG	0	0	0
CTTCTATA	TATAGAAG	0	0	0
CTTCTATC	GATAGAAG	0	0	0
CTTCTCAA	TTGAGAAG	0	0	0
CTTCTCAC	GTGAGAAG	0	0	0
CTTCTCCA	TGGAGAAG	0	0	0
CTTCTCCC	GGGAGAAG	0	0	0
CTTCTCGA	TCGAGAAG	0	0	0
CTTCTCGC	GCGAGAAG	0	0	0
CTTCTCTA	TAGAGAAG	0	0	0
CTTCTCTC	GAGAGAAG	0	0	0
CTTCTGAA	TTCAGAAG	0	0	0
CTTCTGAC	GTCAGAAG	0	0	0
CTTCTGCA	TGCAGAAG	0	0	0
CTTCTGCC	GGCAGAAG	0	0	0
CTTCTGGA	TCCAGAAG	0	0	0
CTTCTGGC	GCCAGAAG	0	0	0
CTTCTGTA	TACAGAAG	0	0	0
CTTCTGTC	GACAGAAG	0	0	0
CTTCTTAA	TTAAGAAG	0	0	0
CTTCTTAC	GTAAGAAG	0	0	0
CTTCTTCA	TGAAGAAG	0	0	0
CTTCTTCC	GGAAGAAG	0	0	0
CTTCTTGA	TCAAGAAG	0	0	0
CTTCTTGC	GCAAGAAG	0	0	0
CTTCTTTA	TAAAGAAG	0	0	0
CTTCTTTC	GAAAGAAG	0	0	0
CTTGAAAA	TTTTCAAG	0	0	0
CTTGAAAC	GTTTCAAG	0	0	0
CTTGAAAG	CTTTCAAG	0	0	0
CTTGAACA	TGTTCAAG	0	0	0
CTTGAACC	GGTTCAAG	0	0	0
CTTGAAGA	TCTTCAAG	0	0	0
CTTGAAGC	GCTTCAAG	0	0	0
CTTGAATA	TATTCAAG	0	0	0
CTTGAATC	GATTCAAG	0	0	0
CTTGACAA	TTGTCAAG	0	0	0
CTTGACAC	GTGTCAAG	0	0	0
CTTGACCA	TGGTCAAG	0	0	0
CTTGACCC	GGGTCAAG	0	0	0
CTTGACGA	TCGTCAAG	0	0	0
CTTGACGC	GCGTCAAG	0	0	0
CTTGACTA	TAGTCAAG	0	0	0
CTTGACTC	GAGTCAAG	0	0	0
CTTGAGAA	TTCTCAAG	0	0	0
CTTGAGAC	GTCTCAAG	0	0	0
CTTGAGCA	TGCTCAAG	0	0	0
CTTGAGCC	GGCTCAAG	0	0	0
CTTGAGGA	TCCTCAAG	0	0	0
CTTGAGGC	GCCTCAAG	0	0	0
CTTGAGTA	TACTCAAG	0	0	0
CTTGAGTC	GACTCAAG	0	0	0
CTTGATAA	TTATCAAG	0	0	0
CTTGATAC	GTATCAAG	0	0	0
CTTGATCA	TGATCAAG	0	0	0
CTTGATCC	GGATCAAG	0	0	0
CTTGATGA	TCATCAAG	0	0	0
CTTGATGC	GCATCAAG	0	0	0
CTTGATTA	TAATCAAG	0	0	0
CTTGATTC	GAATCAAG	0	0	0
CTTGCAAA	TTTGCAAG	0	0	0
CTTGCAAC	GTTGCAAG	0	0	0
CTTGCAAG	CTTGCAAG	0	0	0
CTTGCACA	TGTGCAAG	0	0	0
CTTGCACC	GGTGCAAG	0	0	0
CTTGCAGA	TCTGCAAG	0	0	0
CTTGCAGC	GCTGCAAG	0	0	0
CTTGCATA	TATGCAAG	0	0	0
CTTGCATC	GATGCAAG	0	0	0
CTTGCCAA	TTGGCAAG	0	0	0
CTTGCCAC	GTGGCAAG	0	0	0
CTTGCCCA	TGGGCAAG	0	0	0
CTTGCCCC	GGGGCAAG	0	0	0
CTTGCCGA	TCGGCAAG	0	0	0
CTTGCCGC	GCGGCAAG	0	0	0
CTTGCCTA	TAGGCAAG	0	0	0
CTTGCCTC	GAGGCAAG	0	0	0
CTTGCGAA	TTCGCAAG	0	0	0
CTTGCGAC	GTCGCAAG	0	0	0
CTTGCGCA	TGCGCAAG	0	0	0
CTTGCGCC	GGCGCAAG	0	0	0
CTTGCGGA	TCCGCAAG	0	0	0
CTTGCGGC	GCCGCAAG	0	0	0
CTTGCGTA	TACGCAAG	0	0	0
CTTGCGTC	GACGCAAG	0	0	0
CTTGCTAA	TTAGCAAG	0	0	0
CTTGCTAC	GTAGCAAG	0	0	0
CTTGCTCA	TGAGCAAG	0	0	0
CTTGCTCC	GGAGCAAG	0	0	0
CTTGCTGA	TCAGCAAG	0	0	0
CTTGCTGC	GCAGCAAG	0	0	0
CTTGCTTA	TAAGCAAG	0	0	0
CTTGCTTC	GAAGCAAG	0	0	0
CTTGGAAA	TTTCCAAG	0	0	0
CTTGGAAC	GTTCCAAG	0	0	0
CTTGGACA	TGTCCAAG	0	0	0
CTTGGACC	GGTCCAAG	0	0	0
CTTGGAGA	TCTCCAAG	0	0	0
CTTGGAGC	GCTCCAAG	0	0	0
CTTGGATA	TATCCAAG	0	0	0
CTTGGATC	GATCCAAG	0	0	0
CTTGGCAA	TTGCCAAG	0	0	0
CTTGGCAC	GTGCCAAG	0	0	0
CTTGGCCA	TGGCCAAG	0	0	0
CTTGGCCC	GGGCCAAG	0	0	0
CTTGGCGA	TCGCCAAG	0	0	0
CTTGGCGC	GCGCCAAG	0	0	0
CTTGGCTA	TAGCCAAG	0	0	0
CTTGGCTC	GAGCCAAG	0	0	0
CTTGGGAA	TTCCCAAG	0	0	0
CTTGGGAC	GTCCCAAG	0	0	0
CTTGGGCA	TGCCCAAG	0	0	0
CTTGGGCC	GGCCCAAG	0	0	0
CTTGGGGA	TCCCCAAG	0	0	0
CTTGGGGC	GCCCCAAG	0	0	0
CTTGGGTA	TACCCAAG	0	0	0
CTTGGGTC	GACCCAAG	0	0	0
CTTGGTAA	TTACCAAG	0	0	0
CTTGGTAC	GTACCAAG	0	0	0
CTTGGTCA	TGACCAAG	0	0	0
CTTGGTCC	GGACCAAG	0	0	0
CTTGGTGA	TCACCAAG	0	0	0
CTTGGTGC	GCACCAAG	0	0	0
CTTGGTTA	TAACCAAG	0	0	0
CTTGGTTC	GAACCAAG	0	0	0
CTTGTAAA	TTTACAAG	0	0	0
CTTGTAAC	GTTACAAG	0	0	0
CTTGTACA	TGTACAAG	0	0	0
CTTGTACC	GGTACAAG	0	0	0
CTTGTAGA	TCTACAAG	0	0	0
CTTGTAGC	GCTACAAG	0	0	0
CTTGTATA	TATACAAG	0	0	0
CTTGTATC	GATACAAG	0	0	0
CTTGTCAA	TTGACAAG	0	0	0
CTTGTCAC	GTGACAAG	0	0	0
CTTGTCCA	TGGACAAG	0	0	0
CTTGTCCC	GGGACAAG	0	0	0
CTTGTCGA	TCGACAAG	0	0	0
CTTGTCGC	GCGACAAG	0	0	0
CTTGTCTA	TAGACAAG	0	0	0
CTTGTCTC	GAGACAAG	0	0	0
CTTGTGAA	TTCACAAG	0	0	0
CTTGTGAC	GTCACAAG	0	0	0
CTTGTGCA	TGCACAAG	0	0	0
CTTGTGCC	GGCACAAG	0	0	0
CTTGTGGA	TCCACAAG	0	0	0
CTTGTGGC	GCCACAAG	0	0	0
CTTGTGTA	TACACAAG	0	0	0
CTTGTGTC	GACACAAG	0	0	0
CTTGTTAA	TTAACAAG	0	0	0
CTTGTTAC	GTAACAAG	0	0	0
CTTGTTCA	TGAACAAG	0	0	0
CTTGTTCC	GGAACAAG	0	0	0
CTTGTTGA	TCAACAAG	0	0	0
CTTGTTGC	GCAACAAG	0	0	0
CTTGTTTA	TAAACAAG	0	0	0
CTTGTTTC	GAAACAAG	0	0	0
CTTTAAAA	TTTTAAAG	0	0	0
CTTTAAAC	GTTTAAAG	0	0	0
CTTTAAAG	CTTTAAAG	0	0	0
CTTTAACA	TGTTAAAG	0	0	0
CTTTAACC	GGTTAAAG	0	0	0
CTTTAAGA	TCTTAAAG	0	0	0
CTTTAAGC	GCTTAAAG	0	0	0
CTTTAATA	TATTAAAG	0	0	0
CTTTAATC	GATTAAAG	0	0	0
CTTTACAA	TTGTAAAG	0	0	0
CTTTACAC	GTGTAAAG	0	0	0
CTTTACCA	TGGTAAAG	0	0	0
CTTTACCC	GGGTAAAG	0	0	0
CTTTACGA	TCGTAAAG	0	0	0
CTTTACGC	GCGTAAAG	0	0	0
CTTTACTA	TAGTAAAG	0	0	0
CTTTACTC	GAGTAAAG	0	0	0
CTTTAGAA	TTCTAAAG	0	0	0
CTTTAGAC	GTCTAAAG	0	0	0
CTTTAGCA	TGCTAAAG	0	0	0
CTTTAGCC	GGCTAAAG	0	0	0
CTTTAGGA	TCCTAAAG	0	0	0
CTTTAGGC	GCCTAAAG	0	0	0
CTTTAGTA	TACTAAAG	0	0	0
CTTTAGTC	GACTAAAG	0	0	0
CTTTATAA	TTATAAAG	0	0	0
CTTTATAC	GTATAAAG	0	0	0
CTTTATCA	TGATAAAG	0	0	0
CTTTATCC	GGATAAAG	0	0	0
CTTTATGA	TCATAAAG	0	0	0
CTTTATGC	GCATAAAG	0	0	0
CTTTATTA	TAATAAAG	0	0	0
CTTTATTC	GAATAAAG	0	0	0
CTTTCAAA	TTTGAAAG	0	0	0
CTTTCAAC	GTTGAAAG	0	0	0
CTTTCACA	TGTGAAAG	0	0	0
CTTTCACC	GGTGAAAG	0	0	0
CTTTCAGA	TCTGAAAG	0	0	0
CTTTCAGC	GCTGAAAG	0	0	0
CTTTCATA	TATGAAAG	0	0	0
CTTTCATC	GATGAAAG	0	0	0
CTTTCCAA	TTGGAAAG	0	0	0
CTTTCCAC	GTGGAAAG	0	0	0
CTTTCCCA	TGGGAAAG	0	0	0
CTTTCCCC	GGGGAAAG	0	0	0
CTTTCCGA	TCGGAAAG	0	0	0
CTTTCCGC	GCGGAAAG	0	0	0
CTTTCCTA	TAGGAAAG	0	0	0
CTTTCCTC	GAGGAAAG	0	0	0
CTTTCGAA	TTCGAAAG	0	0	0
CTTTCGAC	GTCGAAAG	0	0	0
CTTTCGCA	TGCGAAAG	0	0	0
CTTTCGCC	GGCGAAAG	0	0	0
CTTTCGGA	TCCGAAAG	0	0	0
CTTTCGGC	GCCGAAAG	0	0	0
CTTTCGTA	TACGAAAG	0	0	0
CTTTCGTC	GACGAAAG	0	0	0
CTTTCTAA	TTAGAAAG	0	0	0
CTTTCTAC	GTAGAAAG	0	0	0
CTTTCTCA	TGAGAAAG	0	0	0
CTTTCTCC	GGAGAAAG	0	0	0
CTTTCTGA	TCAGAAAG	0	0	0
CTTTCTGC	GCAGAAAG	0	0	0
CTTTCTTA	TAAGAAAG	0	0	0
CTTTCTTC	GAAGAAAG	0	0	0
CTTTGAAA	TTTCAAAG	0	0	0
CTTTGAAC	GTTCAAAG	0	0	0
CTTTGACA	TGTCAAAG	0	0	0
CTTTGACC	GGTCAAAG	0	0	0
CTTTGAGA	TCTCAAAG	0	0	0
CTTTGAGC	GCTCAAAG	0	0	0
CTTTGATA	TATCAAAG	0	0	0
CTTTGATC	GATCAAAG	0	0	0
CTTTGCAA	TTGCAAAG	0	0	0
CTTTGCAC	GTGCAAAG	0	0	0
CTTTGCCA	TGGCAAAG	0	0	0
CTTTGCCC	GGGCAAAG	0	0	0
CTTTGCGA	TCGCAAAG	0	0	0
CTTTGCGC	GCGCAAAG	0	0	0
CTTTGCTA	TAGCAAAG	0	0	0
CTTTGCTC	GAGCAAAG	0	0	0
CTTTGGAA	TTCCAAAG	0	0	0
CTTTGGAC	GTCCAAAG	0	0	0
CTTTGGCA	TGCCAAAG	0	0	0
CTTTGGCC	GGCCAAAG	0	0	0
CTTTGGGA	TCCCAAAG	0	0	0
CTTTGGGC	GCCCAAAG	0	0	0
CTTTGGTA	TACCAAAG	0	0	0
CTTTGGTC	GACCAAAG	0	0	0
CTTTGTAA	TTACAAAG	0	0	0
CTTTGTAC	GTACAAAG	0	0	0
CTTTGTCA	TGACAAAG	0	0	0
CTTTGTCC	GGACAAAG	0	0	0
CTTTGTGA	TCACAAAG	0	0	0
CTTTGTGC	GCACAAAG	0	0	0
CTTTGTTA	TAACAAAG	0	0	0
CTTTGTTC	GAACAAAG	0	0	0
CTTTTAAA	TTTAAAAG	0	0	0
CTTTTAAC	GTTAAAAG	0	0	0
CTTTTACA	TGTAAAAG	0	0	0
CTTTTACC	GGTAAAAG	0	0	0
CTTTTAGA	TCTAAAAG	0	0	0
CTTTTAGC	GCTAAAAG	0	0	0
CTTTTATA	TATAAAAG	0	0	0
CTTTTATC	GATAAAAG	0	0	0
CTTTTCAA	TTGAAAAG	0	0	0
CTTTTCAC	GTGAAAAG	0	0	0
CTTTTCCA	TGGAAAAG	0	0	0
CTTTTCCC	GGGAAAAG	0	0	0
CTTTTCGA	TCGAAAAG	0	0	0
CTTTTCGC	GCGAAAAG	0	0	0
CTTTTCTA	TAGAAAAG	0	0	0
CTTTTCTC	GAGAAAAG	0	0	0
CTTTTGAA	TTCAAAAG	0	0	0
CTTTTGAC	GTCAAAAG	0	0	0
CTTTTGCA	TGCAAAAG	0	0	0
CTTTTGCC	GGCAAAAG	0	0	0
CTTTTGGA	TCCAAAAG	0	0	0
CTTTTGGC	GCCAAAAG	0	0	0
CTTTTGTA	TACAAAAG	0	0	0
CTTTTGTC	GACAAAAG	0	0	0
CTTTTTAA	TTAAAAAG	0	0	0
CTTTTTAC	GTAAAAAG	0	0	0
CTTTTTCA	TGAAAAAG	0	0	0
CTTTTTCC	GGAAAAAG	0	0	0
CTTTTTGA	TCAAAAAG	0	0	0
CTTTTTGC	GCAAAAAG	0	0	0
CTTTTTTA	TAAAAAAG	0	0	0
CTTTTTTC	GAAAAAAG	0	0	0
GAAAAAAA	TTTTTTTC	0	0	0
GAAAAAAC	GTTTTTTC	0	0	0
GAAAAACA	TGTTTTTC	0	0	0
GAAAAACC	GGTTTTTC	0	0	0
GAAAAAGA	TCTTTTTC	0	0	0
GAAAAAGC	GCTTTTTC	0	0	0
GAAAAATA	TATTTTTC	0	0	0
GAAAAATC	GATTTTTC	0	0	0
GAAAACAA	TTGTTTTC	0	0	0
GAAAACAC	GTGTTTTC	0	0	0
GAAAACCA	TGGTTTTC	0	0	0
GAAAACCC	GGGTTTTC	0	0	0
GAAAACGA	TCGTTTTC	0	0	0
GAAAACGC	GCGTTTTC	0	0	0
GAAAACTA	TAGTTTTC	0	0	0
GAAAACTC	GAGTTTTC	0	0	0
GAAAAGAA	TTCTTTTC	0	0	0
GAAAAGAC	GTCTTTTC	0	0	0
GAAAAGCA	TGCTTTTC	0	0	0
GAAAAGCC	GGCTTTTC	0	0	0
GAAAAGGA	TCCTTTTC	0	0	0
GAAAAGGC	GCCTTTTC	0	0	0
GAAAAGTA	TACTTTTC	0	0	0
GAAAAGTC	GACTTTTC	0	0	0
GAAAATAA	TTATTTTC	0	0	0
GAAAATAC	GTATTTTC	0	0	0
GAAAATCA	TGATTTTC	0	0	0
GAAAATCC	GGATTTTC	0	0	0
GAAAATGA	TCATTTTC	0	0	0
GAAAATGC	GCATTTTC	0	0	0
GAAAATTA	TAATTTTC	0	0	0
GAAAATTC	GAATTTTC	0	0	0
GAAACAAA	TTTGTTTC	0	0	0
GAAACAAC	GTTGTTTC	0	0	0
GAAACACA	TGTGTTTC	0	0	0
GAAACACC	GGTGTTTC	0	0	0
GAAACAGA	TCTGTTTC	0	0	0
GAAACAGC	GCTGTTTC	0	0	0
GAAACATA	TATGTTTC	0	0	0
GAAACATC	GATGTTTC	0	0	0
GAAACCAA	TTGGTTTC	0	0	0
GAAACCAC	GTGGTTTC	0	0	0
GAAACCCA	TGGGTTTC	0	0	0
GAAACCCC	GGGGTTTC	0	0	0
GAAACCGA	TCGGTTTC	0	0	0
GAAACCGC	GCGGTTTC	0	0	0
GAAACCTA	TAGGTTTC	0	0	0
GAAACCTC	GAGGTTTC	0	0	0
GAAACGAA	TTCGTTTC	0	0	0
GAAACGAC	GTCGTTTC	0	0	0
GAAACGCA	TGCGTTTC	0	0	0
GAAACGCC	GGCGTTTC	0	0	0
GAAACGGA	TCCGTTTC	0	0	0
GAAACGGC	GCCGTTTC	0	0	0
GAAACGTA	TACGTTTC	0	0	0
GAAACGTC	GACGTTTC	0	0	0
GAAACTAA	TTAGTTTC	0	0	0
GAAACTAC	GTAGTTTC	0	0	0
GAAACTCA	TGAGTTTC	0	0	0
GAAACTCC	GGAGTTTC	0	0	0
GAAACTGA	TCAGTTTC	0	0	0
GAAACTGC	GCAGTTTC	0	0	0
GAAACTTA	TAAGTTTC	0	0	0
GAAACTTC	GAAGTTTC	0	0	0
GAAAGAAA	TTTCTTTC	0	0	0
GAAAGAAC	GTTCTTTC	0	0	0
GAAAGACA	TGTCTTTC	0	0	0
GAAAGACC	GGTCTTTC	0	0	0
GAAAGAGA	TCTCTTTC	0	0	0
GAAAGAGC	GCTCTTTC	0	0	0
GAAAGATA	TATCTTTC	0	0	0
GAAAGATC	GATCTTTC	0	0	0
GAAAGCAA	TTGCTTTC	0	0	0
GAAAGCAC	GTGCTTTC	0	0	0
GAAAGCCA	TGGCTTTC	0	0	0
GAAAGCCC	GGGCTTTC	0	0	0
GAAAGCGA	TCGCTTTC	0	0	0
GAAAGCGC	GCGCTTTC	0	0	0
GAAAGCTA	TAGCTTTC	0	0	0
GAAAGCTC	GAGCTTTC	0	0	0
GAAAGGAA	TTCCTTTC	0	0	0
GAAAGGAC	GTCCTTTC	0	0	0
GAAAGGCA	TGCCTTTC	0	0	0
GAAAGGCC	GGCCTTTC	0	0	0
GAAAGGGA	TCCCTTTC	0	0	0
GAAAGGGC	GCCCTTTC	0	0	0
GAAAGGTA	TACCTTTC	0	0	0
GAAAGGTC	GACCTTTC	0	0	0
GAAAGTAA	TTACTTTC	0	0	0
GAAAGTAC	GTACTTTC	0	0	0
GAAAGTCA	TGACTTTC	0	0	0
GAAAGTCC	GGACTTTC	0	0	0
GAAAGTGA	TCACTTTC	0	0	0
GAAAGTGC	GCACTTTC	0	0	0
GAAAGTTA	TAACTTTC	0	0	0
GAAAGTTC	GAACTTTC	0	0	0
GAAATAAA	TTTATTTC	0	0	0
GAAATAAC	GTTATTTC	0	0	0
GAAATACA	TGTATTTC	0	0	0
GAAATACC	GGTATTTC	0	0	0
GAAATAGA	TCTATTTC	0	0	0
GAAATAGC	GCTATTTC	0	0	0
GAAATATA	TATATTTC	0	0	0
GAAATATC	GATATTTC	0	0	0
GAAATCAA	TTGATTTC	0	0	0
GAAATCAC	GTGATTTC	0	0	0
GAAATCCA	TGGATTTC	0	0	0
GAAATCCC	GGGATTTC	0	0	0
GAAATCGA	TCGATTTC	0	0	0
GAAATCGC	GCGATTTC	0	0	0
GAAATCTA	TAGATTTC	0	0	0
GAAATCTC	GAGATTTC	0	0	0
GAAATGAA	TTCATTTC	0	0	0
GAAATGAC	GTCATTTC	0	0	0
GAAATGCA	TGCATTTC	0	0	0
GAAATGCC	GGCATTTC	0	0	0
GAAATGGA	TCCATTTC	0	0	0
GAAATGGC	GCCATTTC	0	0	0
GAAATGTA	TACATTTC	0	0	0
GAAATGTC	GACATTTC	0	0	0
GAAATTAA	TTAATTTC	0	0	0
GAAATTAC	GTAATTTC	0	0	0
GAAATTCA	TGAATTTC	0	0	0
GAAATTCC	GGAATTTC	0	0	0
GAAATTGA	TCAATTTC	0	0	0
GAAATTGC	GCAATTTC	0	0	0
GAAATTTA	TAAATTTC	0	0	0
GAAATTTC	GAAATTTC	0	0	0
GAACAAAA	TTTTGTTC	0	0	0
GAACAAAC	GTTTGTTC	0	0	0
GAACAACA	TGTTGTTC	0	0	0
GAACAACC	GGTTGTTC	0	0	0
GAACAAGA	TCTTGTTC	0	0	0
GAACAAGC	GCTTGTTC	0	0	0
GAACAATA	TATTGTTC	0	0	0
GAACAATC	GATTGTTC	0	0	0
GAACACAA	TTGTGTTC	0	0	0
GAACACAC	GTGTGTTC	0	0	0
GAACACCA	TGGTGTTC	0	0	0
GAACACCC	GGGTGTTC	0	0	0
GAACACGA	TCGTGTTC	0	0	0
GAACACGC	GCGTGTTC	0	0	0
GAACACTA	TAGTGTTC	0	0	0
GAACACTC	GAGTGTTC	0	0	0
GAACAGAA	TTCTGTTC	0	0	0
GAACAGAC	GTCTGTTC	0	0	0
GAACAGCA	TGCTGTTC	0	0	0
GAACAGCC	GGCTGTTC	0	0	0
GAACAGGA	TCCTGTTC	0	0	0
GAACAGGC	GCCTGTTC	0	0	0
GAACAGTA	TACTGTTC	0	0	0
GAACAGTC	GACTGTTC	0	0	0
GAACATAA	TTATGTTC	0	0	0
GAACATAC	GTATGTTC	0	0	0
GAACATCA	TGATGTTC	0	0	0
GAACATCC	GGATGTTC	0	0	0
GAACATGA	TCATGTTC	0	0	0
GAACATGC	GCATGTTC	0	0	0
GAACATTA	TAATGTTC	0	0	0
GAACATTC	GAATGTTC	0	0	0
GAACCAAA	TTTGGTTC	0	0	0
GAACCAAC	GTTGGTTC	0	0	0
GAACCACA	TGTGGTTC	0	0	0
GAACCACC	GGTGGTTC	0	0	0
GAACCAGA	TCTGGTTC	0	0	0
GAACCAGC	GCTGGTTC	0	0	0
GAACCATA	TATGGTTC	0	0	0
GAACCATC	GATGGTTC	0	0	0
GAACCCAA	TTGGGTTC	0	0	0
GAACCCAC	GTGGGTTC	0	0	0
GAACCCCA	TGGGGTTC	0	0	0
GAACCCCC	GGGGGTTC	0	0	0
GAACCCGA	TCGGGTTC	0	0	0
GAACCCGC	GCGGGTTC	0	0	0
GAACCCTA	TAGGGTTC	0	0	0
GAACCCTC	GAGGGTTC	0	0	0
GAACCGAA	TTCGGTTC	0	0	0
GAACCGAC	GTCGGTTC	0	0	0
GAACCGCA	TGCGGTTC	0	0	0
GAACCGCC	GGCGGTTC	0	0	0
GAACCGGA	TCCGGTTC	0	0	0
GAACCGGC	GCCGGTTC	0	0	0
GAACCGTA	TACGGTTC	0	0	0
GAACCGTC	GACGGTTC	0	0	0
GAACCTAA	TTAGGTTC	0	0	0
GAACCTAC	GTAGGTTC	0	0	0
GAACCTCA	TGAGGTTC	0	0	0
GAACCTCC	GGAGGTTC	0	0	0
GAACCTGA	TCAGGTTC	0	0	0
GAACCTGC	GCAGGTTC	0	0	0
GAACCTTA	TAAGGTTC	0	0	0
GAACCTTC	GAAGGTTC	0	0	0
GAACGAAA	TTTCGTTC	0	0	0
GAACGAAC	GTTCGTTC	0	0	0
GAACGACA	TGTCGTTC	0	0	0
GAACGACC	GGTCGTTC	0	0	0
GAACGAGA	TCTCGTTC	0	0	0
GAACGAGC	GCTCGTTC	0	0	0
GAACGATA	TATCGTTC	0	0	0
GAACGATC	GATCGTTC	0	0	0
GAACGCAA	TTGCGTTC	0	0	0
GAACGCAC	GTGCGTTC	0	0	0
GAACGCCA	TGGCGTTC	0	0	0
GAACGCCC	GGGCGTTC	0	0	0
GAACGCGA	TCGCGTTC	0	0	0
GAACGCGC	GCGCGTTC	0	0	0
GAACGCTA	TAGCGTTC	0	0	0
GAACGCTC	GAGCGTTC	0	0	0
GAACGGAA	TTCCGTTC	0	0	0
GAACGGAC	GTCCGTTC	0	0	0
GAACGGCA	TGCCGTTC	0	0	0
GAACGGCC	GGCCGTTC	0	0	0
GAACGGGA	TCCCGTTC	0	0	0
GAACGGGC	GCCCGTTC	0	0	0
GAACGGTA	TACCGTTC	0	0	0
GAACGGTC	GACCGTTC	0	0	0
GAACGTAA	TTACGTTC	0	0	0
GAACGTAC	GTACGTTC	0	0	0
GAACGTCA	TGACGTTC	0	0	0
GAACGTCC	GGACGTTC	0	0	0
GAACGTGA	TCACGTTC	0	0	0
GAACGTGC	GCACGTTC	0	0	0
GAACGTTA	TAACGTTC	0	0	0
GAACGTTC	GAACGTTC	0	0	0
GAACTAAA	TTTAGTTC	0	0	0
GAACTAAC	GTTAGTTC	0	0	0
GAACTACA	TGTAGTTC	0	0	0
GAACTACC	GGTAGTTC	0	0	0
GAACTAGA	TCTAGTTC	0	0	0
GAACTAGC	GCTAGTTC	0	0	0
GAACTATA	TATAGTTC	0	0	0
GAACTATC	GATAGTTC	0	0	0
GAACTCAA	TTGAGTTC	0	0	0
GAACTCAC	GTGAGTTC	0	0	0
GAACTCCA	TGGAGTTC	0	0	0
GAACTCCC	GGGAGTTC	0	0	0
GAACTCGA	TCGAGTTC	0	0	0
GAACTCGC	GCGAGTTC	0	0	0
GAACTCTA	TAGAGTTC	0	0	0
GAACTCTC	GAGAGTTC	0	0	0
GAACTGAA	TTCAGTTC	0	0	0
GAACTGAC	GTCAGTTC	0	0	0
GAACTGCA	TGCAGTTC	0	0	0
GAACTGCC	GGCAGTTC	0	0	0
GAACTGGA	TCCAGTTC	0	0	0
GAACTGGC	GCCAGTTC	0	0	0
GAACTGTA	TACAGTTC	0	0	0
GAACTGTC	GACAGTTC	0	0	0
GAACTTAA	TTAAGTTC	0	0	0
GAACTTAC	GTAAGTTC	0	0	0
GAACTTCA	TGAAGTTC	0	0	0
GAACTTCC	GGAAGTTC	0	0	0
GAACTTGA	TCAAGTTC	0	0	0
GAACTTGC	GCAAGTTC	0	0	0
GAACTTTA	TAAAGTTC	0	0	0
GAAGAAAA	TTTTCTTC	0	0	0
GAAGAAAC	GTTTCTTC	0	0	0
GAAGAACA	TGTTCTTC	0	0	0
GAAGAACC	GGTTCTTC	0	0	0
GAAGAAGA	TCTTCTTC	0	0	0
GAAGAAGC	GCTTCTTC	0	0	0
GAAGAATA	TATTCTTC	0	0	0
GAAGAATC	GATTCTTC	0	0	0
GAAGACAA	TTGTCTTC	0	0	0
GAAGACAC	GTGTCTTC	0	0	0
GAAGACCA	TGGTCTTC	0	0	0
GAAGACCC	GGGTCTTC	0	0	0
GAAGACGA	TCGTCTTC	0	0	0
GAAGACGC	GCGTCTTC	0	0	0
GAAGACTA	TAGTCTTC	0	0	0
GAAGACTC	GAGTCTTC	0	0	0
GAAGAGAA	TTCTCTTC	0	0	0
GAAGAGAC	GTCTCTTC	0	0	0
GAAGAGCA	TGCTCTTC	0	0	0
GAAGAGCC	GGCTCTTC	0	0	0
GAAGAGGA	TCCTCTTC	0	0	0
GAAGAGGC	GCCTCTTC	0	0	0
GAAGAGTA	TACTCTTC	0	0	0
GAAGAGTC	GACTCTTC	0	0	0
GAAGATAA	TTATCTTC	0	0	0
GAAGATAC	GTATCTTC	0	0	0
GAAGATCA	TGATCTTC	0	0	0
GAAGATCC	GGATCTTC	0	0	0
GAAGATGA	TCATCTTC	0	0	0
GAAGATGC	GCATCTTC	0	0	0
GAAGATTA	TAATCTTC	0	0	0
GAAGATTC	GAATCTTC	0	0	0
GAAGCAAA	TTTGCTTC	0	0	0
GAAGCAAC	GTTGCTTC	0	0	0
GAAGCACA	TGTGCTTC	0	0	0
GAAGCACC	GGTGCTTC	0	0	0
GAAGCAGA	TCTGCTTC	0	0	0
GAAGCAGC	GCTGCTTC	0	0	0
GAAGCATA	TATGCTTC	0	0	0
GAAGCATC	GATGCTTC	0	0	0
GAAGCCAA	TTGGCTTC	0	0	0
GAAGCCAC	GTGGCTTC	0	0	0
GAAGCCCA	TGGGCTTC	0	0	0
GAAGCCCC	GGGGCTTC	0	0	0
GAAGCCGA	TCGGCTTC	0	0	0
GAAGCCGC	GCGGCTTC	0	0	0
GAAGCCTA	TAGGCTTC	0	0	0
GAAGCCTC	GAGGCTTC	0	0	0
GAAGCGAA	TTCGCTTC	0	0	0
GAAGCGAC	GTCGCTTC	0	0	0
GAAGCGCA	TGCGCTTC	0	0	0
GAAGCGCC	GGCGCTTC	0	0	0
GAAGCGGA	TCCGCTTC	0	0	0
GAAGCGGC	GCCGCTTC	0	0	0
GAAGCGTA	TACGCTTC	0	0	0
GAAGCGTC	GACGCTTC	0	0	0
GAAGCTAA	TTAGCTTC	0	0	0
GAAGCTAC	GTAGCTTC	0	0	0
GAAGCTCA	TGAGCTTC	0	0	0
GAAGCTCC	GGAGCTTC	0	0	0
GAAGCTGA	TCAGCTTC	0	0	0
GAAGCTGC	GCAGCTTC	0	0	0
GAAGCTTA	TAAGCTTC	0	0	0
GAAGCTTC	GAAGCTTC	0	0	0
GAAGGAAA	TTTCCTTC	0	0	0
GAAGGAAC	GTTCCTTC	0	0	0
GAAGGACA	TGTCCTTC	0	0	0
GAAGGACC	GGTCCTTC	0	0	0
GAAGGAGA	TCTCCTTC	0	0	0
GAAGGAGC	GCTCCTTC	0	0	0
GAAGGATA	TATCCTTC	0	0	0
GAAGGATC	GATCCTTC	0	0	0
GAAGGCAA	TTGCCTTC	0	0	0
GAAGGCAC	GTGCCTTC	0	0	0
GAAGGCCA	TGGCCTTC	0	0	0
GAAGGCCC	GGGCCTTC	0	0	0
GAAGGCGA	TCGCCTTC	0	0	0
GAAGGCGC	GCGCCTTC	0	0	0
GAAGGCTA	TAGCCTTC	0	0	0
GAAGGCTC	GAGCCTTC	0	0	0
GAAGGGAA	TTCCCTTC	0	0	0
GAAGGGAC	GTCCCTTC	0	0	0
GAAGGGCA	TGCCCTTC	0	0	0
GAAGGGCC	GGCCCTTC	0	0	0
GAAGGGGA	TCCCCTTC	0	0	0
GAAGGGGC	GCCCCTTC	0	0	0
GAAGGGTA	TACCCTTC	0	0	0
GAAGGGTC	GACCCTTC	0	0	0
GAAGGTAA	TTACCTTC	0	0	0
GAAGGTAC	GTACCTTC	0	0	0
GAAGGTCA	TGACCTTC	0	0	0
GAAGGTCC	GGACCTTC	0	0	0
GAAGGTGA	TCACCTTC	0	0	0
GAAGGTGC	GCACCTTC	0	0	0
GAAGGTTA	TAACCTTC	0	0	0
GAAGTAAA	TTTACTTC	0	0	0
GAAGTAAC	GTTACTTC	0	0	0
GAAGTACA	TGTACTTC	0	0	0
GAAGTACC	GGTACTTC	0	0	0
GAAGTAGA	TCTACTTC	0	0	0
GAAGTAGC	GCTACTTC	0	0	0
GAAGTATA	TATACTTC	0	0	0
GAAGTATC	GATACTTC	0	0	0
GAAGTCAA	TTGACTTC	0	0	0
GAAGTCAC	GTGACTTC	0	0	0
GAAGTCCA	TGGACTTC	0	0	0
GAAGTCCC	GGGACTTC	0	0	0
GAAGTCGA	TCGACTTC	0	0	0
GAAGTCGC	GCGACTTC	0	0	0
GAAGTCTA	TAGACTTC	0	0	0
GAAGTCTC	GAGACTTC	0	0	0
GAAGTGAA	TTCACTTC	0	0	0
GAAGTGAC	GTCACTTC	0	0	0
GAAGTGCA	TGCACTTC	0	0	0
GAAGTGCC	GGCACTTC	0	0	0
GAAGTGGA	TCCACTTC	0	0	0
GAAGTGGC	GCCACTTC	0	0	0
GAAGTGTA	TACACTTC	0	0	0
GAAGTGTC	GACACTTC	0	0	0
GAAGTTAA	TTAACTTC	0	0	0
GAAGTTAC	GTAACTTC	0	0	0
GAAGTTCA	TGAACTTC	0	0	0
GAAGTTCC	GGAACTTC	0	0	0
GAAGTTGA	TCAACTTC	0	0	0
GAAGTTGC	GCAACTTC	0	0	0
GAAGTTTA	TAAACTTC	0	0	0
GAATAAAA	TTTTATTC	0	0	0
GAATAAAC	GTTTATTC	0	0	0
GAATAACA	TGTTATTC	0	0	0
GAATAACC	GGTTATTC	0	0	0
GAATAAGA	TCTTATTC	0	0	0
GAATAAGC	GCTTATTC	0	0	0
GAATAATA	TATTATTC	0	0	0
GAATAATC	GATTATTC	0	0	0
GAATACAA	TTGTATTC	0	0	0
GAATACAC	GTGTATTC	0	0	0
GAATACCA	TGGTATTC	0	0	0
GAATACCC	GGGTATTC	0	0	0
GAATACGA	TCGTATTC	0	0	0
GAATACGC	GCGTATTC	0	0	0
GAATACTA	TAGTATTC	0	0	0
GAATACTC	GAGTATTC	0	0	0
GAATAGAA	TTCTATTC	0	0	0
GAATAGAC	GTCTATTC	0	0	0
GAATAGCA	TGCTATTC	0	0	0
GAATAGCC	GGCTATTC	0	0	0
GAATAGGA	TCCTATTC	0	0	0
GAATAGGC	GCCTATTC	0	0	0
GAATAGTA	TACTATTC	0	0	0
GAATAGTC	GACTATTC	0	0	0
GAATATAA	TTATATTC	0	0	0
GAATATAC	GTATATTC	0	0	0
GAATATCA	TGATATTC	0	0	0
GAATATCC	GGATATTC	0	0	0
GAATATGA	TCATATTC	0	0	0
GAATATGC	GCATATTC	0	0	0
GAATATTA	TAATATTC	0	0	0
GAATATTC	GAATATTC	0	0	0
GAATCAAA	TTTGATTC	0	0	0
GAATCAAC	GTTGATTC	0	0	0
GAATCACA	TGTGATTC	0	0	0
GAATCACC	GGTGATTC	0	0	0
GAATCAGA	TCTGATTC	0	0	0
GAATCAGC	GCTGATTC	0	0	0
GAATCATA	TATGATTC	0	0	0
GAATCATC	GATGATTC	0	0	0
GAATCCAA	TTGGATTC	0	0	0
GAATCCAC	GTGGATTC	0	0	0
GAATCCCA	TGGGATTC	0	0	0
GAATCCCC	GGGGATTC	0	0	0
GAATCCGA	TCGGATTC	0	0	0
GAATCCGC	GCGGATTC	0	0	0
GAATCCTA	TAGGATTC	0	0	0
GAATCCTC	GAGGATTC	0	0	0
GAATCGAA	TTCGATTC	0	0	0
GAATCGAC	GTCGATTC	0	0	0
GAATCGCA	TGCGATTC	0	0	0
GAATCGCC	GGCGATTC	0	0	0
GAATCGGA	TCCGATTC	0	0	0
GAATCGGC	GCCGATTC	0	0	0
GAATCGTA	TACGATTC	0	0	0
GAATCGTC	GACGATTC	0	0	0
GAATCTAA	TTAGATTC	0	0	0
GAATCTAC	GTAGATTC	0	0	0
GAATCTCA	TGAGATTC	0	0	0
GAATCTCC	GGAGATTC	0	0	0
GAATCTGA	TCAGATTC	0	0	0
GAATCTGC	GCAGATTC	0	0	0
GAATCTTA	TAAGATTC	0	0	0
GAATGAAA	TTTCATTC	0	0	0
GAATGAAC	GTTCATTC	0	0	0
GAATGACA	TGTCATTC	0	0	0
GAATGACC	GGTCATTC	0	0	0
GAATGAGA	TCTCATTC	0	0	0
GAATGAGC	GCTCATTC	0	0	0
GAATGATA	TATCATTC	0	0	0
GAATGATC	GATCATTC	0	0	0
GAATGCAA	TTGCATTC	0	0	0
GAATGCAC	GTGCATTC	0	0	0
GAATGCCA	TGGCATTC	0	0	0
GAATGCCC	GGGCATTC	0	0	0
GAATGCGA	TCGCATTC	0	0	0
GAATGCGC	GCGCATTC	0	0	0
GAATGCTA	TAGCATTC	0	0	0
GAATGCTC	GAGCATTC	0	0	0
GAATGGAA	TTCCATTC	0	0	0
GAATGGAC	GTCCATTC	0	0	0
GAATGGCA	TGCCATTC	0	0	0
GAATGGCC	GGCCATTC	0	0	0
GAATGGGA	TCCCATTC	0	0	0
GAATGGGC	GCCCATTC	0	0	0
GAATGGTA	TACCATTC	0	0	0
GAATGGTC	GACCATTC	0	0	0
GAATGTAA	TTACATTC	0	0	0
GAATGTAC	GTACATTC	0	0	0
GAATGTCA	TGACATTC	0	0	0
GAATGTCC	GGACATTC	0	0	0
GAATGTGA	TCACATTC	0	0	0
GAATGTGC	GCACATTC	0	0	0
GAATGTTA	TAACATTC	0	0	0
GAATTAAA	TTTAATTC	0	0	0
GAATTAAC	GTTAATTC	0	0	0
GAATTACA	TGTAATTC	0	0	0
GAATTACC	GGTAATTC	0	0	0
GAATTAGA	TCTAATTC	0	0	0
GAATTAGC	GCTAATTC	0	0	0
GAATTATA	TATAATTC	0	0	0
GAATTATC	GATAATTC	0	0	0
GAATTCAA	TTGAATTC	0	0	0
GAATTCAC	GTGAATTC	0	0	0
GAATTCCA	TGGAATTC	0	0	0
GAATTCCC	GGGAATTC	0	0	0
GAATTCGA	TCGAATTC	0	0	0
GAATTCGC	GCGAATTC	0	0	0
GAATTCTA	TAGAATTC	0	0	0
GAATTCTC	GAGAATTC	0	0	0
GAATTGAA	TTCAATTC	0	0	0
GAATTGAC	GTCAATTC	0	0	0
GAATTGCA	TGCAATTC	0	0	0
GAATTGCC	GGCAATTC	0	0	0
GAATTGGA	TCCAATTC	0	0	0
GAATTGGC	GCCAATTC	0	0	0
GAATTGTA	TACAATTC	0	0	0
GAATTGTC	GACAATTC	0	0	0
GAATTTAA	TTAAATTC	0	0	0
GAATTTAC	GTAAATTC	0	0	0
GAATTTCA	TGAAATTC	0	0	0
GAATTTCC	GGAAATTC	0	0	0
GAATTTGA	TCAAATTC	0	0	0
GAATTTGC	GCAAATTC	0	0	0
GAATTTTA	TAAAATTC	0	0	0
GACAAAAA	TTTTTGTC	0	0	0
GACAAAAC	GTTTTGTC	0	0	0
GACAAACA	TGTTTGTC	0	0	0
GACAAACC	GGTTTGTC	0	0	0
GACAAAGA	TCTTTGTC	0	0	0
GACAAAGC	GCTTTGTC	0	0	0
GACAAATA	TATTTGTC	0	0	0
GACAAATC	GATTTGTC	0	0	0
GACAACAA	TTGTTGTC	0	0	0
GACAACAC	GTGTTGTC	0	0	0
GACAACCA	TGGTTGTC	0	0	0
GACAACCC	GGGTTGTC	0	0	0
GACAACGA	TCGTTGTC	0	0	0
GACAACGC	GCGTTGTC	0	0	0
GACAACTA	TAGTTGTC	0	0	0
GACAACTC	GAGTTGTC	0	0	0
GACAAGAA	TTCTTGTC	0	0	0
GACAAGAC	GTCTTGTC	0	0	0
GACAAGCA	TGCTTGTC	0	0	0
GACAAGCC	GGCTTGTC	0	0	0
GACAAGGA	TCCTTGTC	0	0	0
GACAAGGC	GCCTTGTC	0	0	0
GACAAGTA	TACTTGTC	0	0	0
GACAAGTC	GACTTGTC	0	0	0
GACAATAA	TTATTGTC	0	0	0
GACAATAC	GTATTGTC	0	0	0
GACAATCA	TGATTGTC	0	0	0
GACAATCC	GGATTGTC	0	0	0
GACAATGA	TCATTGTC	0	0	0
GACAATGC	GCATTGTC	0	0	0
GACAATTA	TAATTGTC	0	0	0
GACACAAA	TTTGTGTC	0	0	0
GACACAAC	GTTGTGTC	0	0	0
GACACACA	TGTGTGTC	0	0	0
GACACACC	GGTGTGTC	0	0	0
GACACAGA	TCTGTGTC	0	0	0
GACACAGC	GCTGTGTC	0	0	0
GACACATA	TATGTGTC	0	0	0
GACACATC	GATGTGTC	0	0	0
GACACCAA	TTGGTGTC	0	0	0
GACACCAC	GTGGTGTC	0	0	0
GACACCCA	TGGGTGTC	0	0	0
GACACCCC	GGGGTGTC	0	0	0
GACACCGA	TCGGTGTC	0	0	0
GACACCGC	GCGGTGTC	0	0	0
GACACCTA	TAGGTGTC	0	0	0
GACACCTC	GAGGTGTC	0	0	0
GACACGAA	TTCGTGTC	0	0	0
GACACGAC	GTCGTGTC	0	0	0
GACACGCA	TGCGTGTC	0	0	0
GACACGCC	GGCGTGTC	0	0	0
GACACGGA	TCCGTGTC	0	0	0
GACACGGC	GCCGTGTC	0	0	0
GACACGTA	TACGTGTC	0	0	0
GACACGTC	GACGTGTC	0	0	0
GACACTAA	TTAGTGTC	0	0	0
GACACTAC	GTAGTGTC	0	0	0
GACACTCA	TGAGTGTC	0	0	0
GACACTCC	GGAGTGTC	0	0	0
GACACTGA	TCAGTGTC	0	0	0
GACACTGC	GCAGTGTC	0	0	0
GACACTTA	TAAGTGTC	0	0	0
GACAGAAA	TTTCTGTC	0	0	0
GACAGAAC	GTTCTGTC	0	0	0
GACAGACA	TGTCTGTC	0	0	0
GACAGACC	GGTCTGTC	0	0	0
GACAGAGA	TCTCTGTC	0	0	0
GACAGAGC	GCTCTGTC	0	0	0
GACAGATA	TATCTGTC	0	0	0
GACAGATC	GATCTGTC	0	0	0
GACAGCAA	TTGCTGTC	0	0	0
GACAGCAC	GTGCTGTC	0	0	0
GACAGCCA	TGGCTGTC	0	0	0
GACAGCCC	GGGCTGTC	0	0	0
GACAGCGA	TCGCTGTC	0	0	0
GACAGCGC	GCGCTGTC	0	0	0
GACAGCTA	TAGCTGTC	0	0	0
GACAGCTC	GAGCTGTC	0	0	0
GACAGGAA	TTCCTGTC	0	0	0
GACAGGAC	GTCCTGTC	0	0	0
GACAGGCA	TGCCTGTC	0	0	0
GACAGGCC	GGCCTGTC	0	0	0
GACAGGGA	TCCCTGTC	0	0	0
GACAGGGC	GCCCTGTC	0	0	0
GACAGGTA	TACCTGTC	0	0	0
GACAGGTC	GACCTGTC	0	0	0
GACAGTAA	TTACTGTC	0	0	0
GACAGTAC	GTACTGTC	0	0	0
GACAGTCA	TGACTGTC	0	0	0
GACAGTCC	GGACTGTC	0	0	0
GACAGTGA	TCACTGTC	0	0	0
GACAGTGC	GCACTGTC	0	0	0
GACAGTTA	TAACTGTC	0	0	0
GACATAAA	TTTATGTC	0	0	0
GACATAAC	GTTATGTC	0	0	0
GACATACA	TGTATGTC	0	0	0
GACATACC	GGTATGTC	0	0	0
GACATAGA	TCTATGTC	0	0	0
GACATAGC	GCTATGTC	0	0	0
GACATATA	TATATGTC	0	0	0
GACATATC	GATATGTC	0	0	0
GACATCAA	TTGATGTC	0	0	0
GACATCAC	GTGATGTC	0	0	0
GACATCCA	TGGATGTC	0	0	0
GACATCCC	GGGATGTC	0	0	0
GACATCGA	TCGATGTC	0	0	0
GACATCGC	GCGATGTC	0	0	0
GACATCTA	TAGATGTC	0	0	0
GACATCTC	GAGATGTC	0	0	0
GACATGAA	TTCATGTC	0	0	0
GACATGAC	GTCATGTC	0	0	0
GACATGCA	TGCATGTC	0	0	0
GACATGCC	GGCATGTC	0	0	0
GACATGGA	TCCATGTC	0	0	0
GACATGGC	GCCATGTC	0	0	0
GACATGTA	TACATGTC	0	0	0
GACATGTC	GACATGTC	0	0	0
GACATTAA	TTAATGTC	0	0	0
GACATTAC	GTAATGTC	0	0	0
GACATTCA	TGAATGTC	0	0	0
GACATTCC	GGAATGTC	0	0	0
GACATTGA	TCAATGTC	0	0	0
GACATTGC	GCAATGTC	0	0	0
GACATTTA	TAAATGTC	0	0	0
GACCAAAA	TTTTGGTC	0	0	0
GACCAAAC	GTTTGGTC	0	0	0
GACCAACA	TGTTGGTC	0	0	0
GACCAACC	GGTTGGTC	0	0	0
GACCAAGA	TCTTGGTC	0	0	0
GACCAAGC	GCTTGGTC	0	0	0
GACCAATA	TATTGGTC	0	0	0
GACCAATC	GATTGGTC	0	0	0
GACCACAA	TTGTGGTC	0	0	0
GACCACAC	GTGTGGTC	0	0	0
GACCACCA	TGGTGGTC	0	0	0
GACCACCC	GGGTGGTC	0	0	0
GACCACGA	TCGTGGTC	0	0	0
GACCACGC	GCGTGGTC	0	0	0
GACCACTA	TAGTGGTC	0	0	0
GACCACTC	GAGTGGTC	0	0	0
GACCAGAA	TTCTGGTC	0	0	0
GACCAGAC	GTCTGGTC	0	0	0
GACCAGCA	TGCTGGTC	0	0	0
GACCAGCC	GGCTGGTC	0	0	0
GACCAGGA	TCCTGGTC	0	0	0
GACCAGGC	GCCTGGTC	0	0	0
GACCAGTA	TACTGGTC	0	0	0
GACCAGTC	GACTGGTC	0	0	0
GACCATAA	TTATGGTC	0	0	0
GACCATAC	GTATGGTC	0	0	0
GACCATCA	TGATGGTC	0	0	0
GACCATCC	GGATGGTC	0	0	0
GACCATGA	TCATGGTC	0	0	0
GACCATGC	GCATGGTC	0	0	0
GACCATTA	TAATGGTC	0	0	0
GACCCAAA	TTTGGGTC	0	0	0
GACCCAAC	GTTGGGTC	0	0	0
GACCCACA	TGTGGGTC	0	0	0
GACCCACC	GGTGGGTC	0	0	0
GACCCAGA	TCTGGGTC	0	0	0
GACCCAGC	GCTGGGTC	0	0	0
GACCCATA	TATGGGTC	0	0	0
GACCCATC	GATGGGTC	0	0	0
GACCCCAA	TTGGGGTC	0	0	0
GACCCCAC	GTGGGGTC	0	0	0
GACCCCCA	TGGGGGTC	0	0	0
GACCCCCC	GGGGGGTC	0	0	0
GACCCCGA	TCGGGGTC	0	0	0
GACCCCGC	GCGGGGTC	0	0	0
GACCCCTA	TAGGGGTC	0	0	0
GACCCCTC	GAGGGGTC	0	0	0
GACCCGAA	TTCGGGTC	0	0	0
GACCCGAC	GTCGGGTC	0	0	0
GACCCGCA	TGCGGGTC	0	0	0
GACCCGCC	GGCGGGTC	0	0	0
GACCCGGA	TCCGGGTC	0	0	0
GACCCGGC	GCCGGGTC	0	0	0
GACCCGTA	TACGGGTC	0	0	0
GACCCGTC	GACGGGTC	0	0	0
GACCCTAA	TTAGGGTC	0	0	0
GACCCTAC	GTAGGGTC	0	0	0
GACCCTCA	TGAGGGTC	0	0	0
GACCCTCC	GGAGGGTC	0	0	0
GACCCTGA	TCAGGGTC	0	0	0
GACCCTGC	GCAGGGTC	0	0	0
GACCCTTA	TAAGGGTC	0	0	0
GACCGAAA	TTTCGGTC	0	0	0
GACCGAAC	GTTCGGTC	0	0	0
GACCGACA	TGTCGGTC	0	0	0
GACCGACC	GGTCGGTC	0	0	0
GACCGAGA	TCTCGGTC	0	0	0
GACCGAGC	GCTCGGTC	0	0	0
GACCGATA	TATCGGTC	0	0	0
GACCGATC	GATCGGTC	0	0	0
GACCGCAA	TTGCGGTC	0	0	0
GACCGCAC	GTGCGGTC	0	0	0
GACCGCCA	TGGCGGTC	0	0	0
GACCGCCC	GGGCGGTC	0	0	0
GACCGCGA	TCGCGGTC	0	0	0
GACCGCGC	GCGCGGTC	0	0	0
GACCGCTA	TAGCGGTC	0	0	0
GACCGCTC	GAGCGGTC	0	0	0
GACCGGAA	TTCCGGTC	0	0	0
GACCGGAC	GTCCGGTC	0	0	0
GACCGGCA	TGCCGGTC	0	0	0
GACCGGCC	GGCCGGTC	0	0	0
GACCGGGA	TCCCGGTC	0	0	0
GACCGGGC	GCCCGGTC	0	0	0
GACCGGTA	TACCGGTC	0	0	0
GACCGGTC	GACCGGTC	0	0	0
GACCGTAA	TTACGGTC	0	0	0
GACCGTAC	GTACGGTC	0	0	0
GACCGTCA	TGACGGTC	0	0	0
GACCGTCC	GGACGGTC	0	0	0
GACCGTGA	TCACGGTC	0	0	0
GACCGTGC	GCACGGTC	0	0	0
GACCGTTA	TAACGGTC	0	0	0
GACCTAAA	TTTAGGTC	0	0	0
GACCTAAC	GTTAGGTC	0	0	0
GACCTACA	TGTAGGTC	0	0	0
GACCTACC	GGTAGGTC	0	0	0
GACCTAGA	TCTAGGTC	0	0	0
GACCTAGC	GCTAGGTC	0	0	0
GACCTATA	TATAGGTC	0	0	0
GACCTATC	GATAGGTC	0	0	0
GACCTCAA	TTGAGGTC	0	0	0
GACCTCAC	GTGAGGTC	0	0	0
GACCTCCA	TGGAGGTC	0	0	0
GACCTCCC	GGGAGGTC	0	0	0
GACCTCGA	TCGAGGTC	0	0	0
GACCTCGC	GCGAGGTC	0	0	0
GACCTCTA	TAGAGGTC	0	0	0
GACCTCTC	GAGAGGTC	0	0	0
GACCTGAA	TTCAGGTC	0	0	0
GACCTGAC	GTCAGGTC	0	0	0
GACCTGCA	TGCAGGTC	0	0	0
GACCTGCC	GGCAGGTC	0	0	0
GACCTGGA	TCCAGGTC	0	0	0
GACCTGGC	GCCAGGTC	0	0	0
GACCTGTA	TACAGGTC	0	0	0
GACCTTAA	TTAAGGTC	0	0	0
GACCTTAC	GTAAGGTC	0	0	0
GACCTTCA	TGAAGGTC	0	0	0
GACCTTCC	GGAAGGTC	0	0	0
GACCTTGA	TCAAGGTC	0	0	0
GACCTTGC	GCAAGGTC	0	0	0
GACCTTTA	TAAAGGTC	0	0	0
GACGAAAA	TTTTCGTC	0	0	0
GACGAAAC	GTTTCGTC	0	0	0
GACGAACA	TGTTCGTC	0	0	0
GACGAACC	GGTTCGTC	0	0	0
GACGAAGA	TCTTCGTC	0	0	0
GACGAAGC	GCTTCGTC	0	0	0
GACGAATA	TATTCGTC	0	0	0
GACGAATC	GATTCGTC	0	0	0
GACGACAA	TTGTCGTC	0	0	0
GACGACAC	GTGTCGTC	0	0	0
GACGACCA	TGGTCGTC	0	0	0
GACGACCC	GGGTCGTC	0	0	0
GACGACGA	TCGTCGTC	0	0	0
GACGACGC	GCGTCGTC	0	0	0
GACGACTA	TAGTCGTC	0	0	0
GACGACTC	GAGTCGTC	0	0	0
GACGAGAA	TTCTCGTC	0	0	0
GACGAGAC	GTCTCGTC	0	0	0
GACGAGCA	TGCTCGTC	0	0	0
GACGAGCC	GGCTCGTC	0	0	0
GACGAGGA	TCCTCGTC	0	0	0
GACGAGGC	GCCTCGTC	0	0	0
GACGAGTA	TACTCGTC	0	0	0
GACGAGTC	GACTCGTC	0	0	0
GACGATAA	TTATCGTC	0	0	0
GACGATAC	GTATCGTC	0	0	0
GACGATCA	TGATCGTC	0	0	0
GACGATCC	GGATCGTC	0	0	0
GACGATGA	TCATCGTC	0	0	0
GACGATGC	GCATCGTC	0	0	0
GACGATTA	TAATCGTC	0	0	0
GACGCAAA	TTTGCGTC	0	0	0
GACGCAAC	GTTGCGTC	0	0	0
GACGCACA	TGTGCGTC	0	0	0
GACGCACC	GGTGCGTC	0	0	0
GACGCAGA	TCTGCGTC	0	0	0
GACGCAGC	GCTGCGTC	0	0	0
GACGCATA	TATGCGTC	0	0	0
GACGCATC	GATGCGTC	0	0	0
GACGCCAA	TTGGCGTC	0	0	0
GACGCCAC	GTGGCGTC	0	0	0
GACGCCCA	TGGGCGTC	0	0	0
GACGCCCC	GGGGCGTC	0	0	0
GACGCCGA	TCGGCGTC	0	0	0
GACGCCGC	GCGGCGTC	0	0	0
GACGCCTA	TAGGCGTC	0	0	0
GACGCCTC	GAGGCGTC	0	0	0
GACGCGAA	TTCGCGTC	0	0	0
GACGCGAC	GTCGCGTC	0	0	0
GACGCGCA	TGCGCGTC	0	0	0
GACGCGCC	GGCGCGTC	0	0	0
GACGCGGA	TCCGCGTC	0	0	0
GACGCGGC	GCCGCGTC	0	0	0
GACGCGTA	TACGCGTC	0	0	0
GACGCGTC	GACGCGTC	0	0	0
GACGCTAA	TTAGCGTC	0	0	0
GACGCTAC	GTAGCGTC	0	0	0
GACGCTCA	TGAGCGTC	0	0	0
GACGCTCC	GGAGCGTC	0	0	0
GACGCTGA	TCAGCGTC	0	0	0
GACGCTGC	GCAGCGTC	0	0	0
GACGCTTA	TAAGCGTC	0	0	0
GACGGAAA	TTTCCGTC	0	0	0
GACGGAAC	GTTCCGTC	0	0	0
GACGGACA	TGTCCGTC	0	0	0
GACGGACC	GGTCCGTC	0	0	0
GACGGAGA	TCTCCGTC	0	0	0
GACGGAGC	GCTCCGTC	0	0	0
GACGGATA	TATCCGTC	0	0	0
GACGGATC	GATCCGTC	0	0	0
GACGGCAA	TTGCCGTC	0	0	0
GACGGCAC	GTGCCGTC	0	0	0
GACGGCCA	TGGCCGTC	0	0	0
GACGGCCC	GGGCCGTC	0	0	0
GACGGCGA	TCGCCGTC	0	0	0
GACGGCGC	GCGCCGTC	0	0	0
GACGGCTA	TAGCCGTC	0	0	0
GACGGCTC	GAGCCGTC	0	0	0
GACGGGAA	TTCCCGTC	0	0	0
GACGGGAC	GTCCCGTC	0	0	0
GACGGGCA	TGCCCGTC	0	0	0
GACGGGCC	GGCCCGTC	0	0	0
GACGGGGA	TCCCCGTC	0	0	0
GACGGGGC	GCCCCGTC	0	0	0
GACGGGTA	TACCCGTC	0	0	0
GACGGTAA	TTACCGTC	0	0	0
GACGGTAC	GTACCGTC	0	0	0
GACGGTCA	TGACCGTC	0	0	0
GACGGTCC	GGACCGTC	0	0	0
GACGGTGA	TCACCGTC	0	0	0
GACGGTGC	GCACCGTC	0	0	0
GACGGTTA	TAACCGTC	0	0	0
GACGTAAA	TTTACGTC	0	0	0
GACGTAAC	GTTACGTC	0	0	0
GACGTACA	TGTACGTC	0	0	0
GACGTACC	GGTACGTC	0	0	0
GACGTAGA	TCTACGTC	0	0	0
GACGTAGC	GCTACGTC	0	0	0
GACGTATA	TATACGTC	0	0	0
GACGTATC	GATACGTC	0	0	0
GACGTCAA	TTGACGTC	0	0	0
GACGTCAC	GTGACGTC	0	0	0
GACGTCCA	TGGACGTC	0	0	0
GACGTCCC	GGGACGTC	0	0	0
GACGTCGA	TCGACGTC	0	0	0
GACGTCGC	GCGACGTC	0	0	0
GACGTCTA	TAGACGTC	0	0	0
GACGTCTC	GAGACGTC	0	0	0
GACGTGAA	TTCACGTC	0	0	0
GACGTGAC	GTCACGTC	0	0	0
GACGTGCA	TGCACGTC	0	0	0
GACGTGCC	GGCACGTC	0	0	0
GACGTGGA	TCCACGTC	0	0	0
GACGTGGC	GCCACGTC	0	0	0
GACGTGTA	TACACGTC	0	0	0
GACGTTAA	TTAACGTC	0	0	0
GACGTTAC	GTAACGTC	0	0	0
GACGTTCA	TGAACGTC	0	0	0
GACGTTCC	GGAACGTC	0	0	0
GACGTTGA	TCAACGTC	0	0	0
GACGTTGC	GCAACGTC	0	0	0
GACGTTTA	TAAACGTC	0	0	0
GACTAAAA	TTTTAGTC	0	0	0
GACTAAAC	GTTTAGTC	0	0	0
GACTAACA	TGTTAGTC	0	0	0
GACTAACC	GGTTAGTC	0	0	0
GACTAAGA	TCTTAGTC	0	0	0
GACTAAGC	GCTTAGTC	0	0	0
GACTAATA	TATTAGTC	0	0	0
GACTAATC	GATTAGTC	0	0	0
GACTACAA	TTGTAGTC	0	0	0
GACTACAC	GTGTAGTC	0	0	0
GACTACCA	TGGTAGTC	0	0	0
GACTACCC	GGGTAGTC	0	0	0
GACTACGA	TCGTAGTC	0	0	0
GACTACGC	GCGTAGTC	0	0	0
GACTACTA	TAGTAGTC	0	0	0
GACTACTC	GAGTAGTC	0	0	0
GACTAGAA	TTCTAGTC	0	0	0
GACTAGAC	GTCTAGTC	0	0	0
GACTAGCA	TGCTAGTC	0	0	0
GACTAGCC	GGCTAGTC	0	0	0
GACTAGGA	TCCTAGTC	0	0	0
GACTAGGC	GCCTAGTC	0	0	0
GACTAGTA	TACTAGTC	0	0	0
GACTAGTC	GACTAGTC	0	0	0
GACTATAA	TTATAGTC	0	0	0
GACTATAC	GTATAGTC	0	0	0
GACTATCA	TGATAGTC	0	0	0
GACTATCC	GGATAGTC	0	0	0
GACTATGA	TCATAGTC	0	0	0
GACTATGC	GCATAGTC	0	0	0
GACTATTA	TAATAGTC	0	0	0
GACTCAAA	TTTGAGTC	0	0	0
GACTCAAC	GTTGAGTC	0	0	0
GACTCACA	TGTGAGTC	0	0	0
GACTCACC	GGTGAGTC	0	0	0
GACTCAGA	TCTGAGTC	0	0	0
GACTCAGC	GCTGAGTC	0	0	0
GACTCATA	TATGAGTC	0	0	0
GACTCATC	GATGAGTC	0	0	0
GACTCCAA	TTGGAGTC	0	0	0
GACTCCAC	GTGGAGTC	0	0	0
GACTCCCA	TGGGAGTC	0	0	0
GACTCCCC	GGGGAGTC	0	0	0
GACTCCGA	TCGGAGTC	0	0	0
GACTCCGC	GCGGAGTC	0	0	0
GACTCCTA	TAGGAGTC	0	0	0
GACTCCTC	GAGGAGTC	0	0	0
GACTCGAA	TTCGAGTC	0	0	0
GACTCGAC	GTCGAGTC	0	0	0
GACTCGCA	TGCGAGTC	0	0	0
GACTCGCC	GGCGAGTC	0	0	0
GACTCGGA	TCCGAGTC	0	0	0
GACTCGGC	GCCGAGTC	0	0	0
GACTCGTA	TACGAGTC	0	0	0
GACTCTAA	TTAGAGTC	0	0	0
GACTCTAC	GTAGAGTC	0	0	0
GACTCTCA	TGAGAGTC	0	0	0
GACTCTCC	GGAGAGTC	0	0	0
GACTCTGA	TCAGAGTC	0	0	0
GACTCTGC	GCAGAGTC	0	0	0
GACTCTTA	TAAGAGTC	0	0	0
GACTGAAA	TTTCAGTC	0	0	0
GACTGAAC	GTTCAGTC	0	0	0
GACTGACA	TGTCAGTC	0	0	0
GACTGACC	GGTCAGTC	0	0	0
GACTGAGA	TCTCAGTC	0	0	0
GACTGAGC	GCTCAGTC	0	0	0
GACTGATA	TATCAGTC	0	0	0
GACTGATC	GATCAGTC	0	0	0
GACTGCAA	TTGCAGTC	0	0	0
GACTGCAC	GTGCAGTC	0	0	0
GACTGCCA	TGGCAGTC	0	0	0
GACTGCCC	GGGCAGTC	0	0	0
GACTGCGA	TCGCAGTC	0	0	0
GACTGCGC	GCGCAGTC	0	0	0
GACTGCTA	TAGCAGTC	0	0	0
GACTGCTC	GAGCAGTC	0	0	0
GACTGGAA	TTCCAGTC	0	0	0
GACTGGAC	GTCCAGTC	0	0	0
GACTGGCA	TGCCAGTC	0	0	0
GACTGGCC	GGCCAGTC	0	0	0
GACTGGGA	TCCCAGTC	0	0	0
GACTGGGC	GCCCAGTC	0	0	0
GACTGGTA	TACCAGTC	0	0	0
GACTGTAA	TTACAGTC	0	0	0
GACTGTAC	GTACAGTC	0	0	0
GACTGTCA	TGACAGTC	0	0	0
GACTGTCC	GGACAGTC	0	0	0
GACTGTGA	TCACAGTC	0	0	0
GACTGTGC	GCACAGTC	0	0	0
GACTGTTA	TAACAGTC	0	0	0
GACTTAAA	TTTAAGTC	0	0	0
GACTTAAC	GTTAAGTC	0	0	0
GACTTACA	TGTAAGTC	0	0	0
GACTTACC	GGTAAGTC	0	0	0
GACTTAGA	TCTAAGTC	0	0	0
GACTTAGC	GCTAAGTC	0	0	0
GACTTATA	TATAAGTC	0	0	0
GACTTATC	GATAAGTC	0	0	0
GACTTCAA	TTGAAGTC	0	0	0
GACTTCAC	GTGAAGTC	0	0	0
GACTTCCA	TGGAAGTC	0	0	0
GACTTCCC	GGGAAGTC	0	0	0
GACTTCGA	TCGAAGTC	0	0	0
GACTTCGC	GCGAAGTC	0	0	0
GACTTCTA	TAGAAGTC	0	0	0
GACTTCTC	GAGAAGTC	0	0	0
GACTTGAA	TTCAAGTC	0	0	0
GACTTGAC	GTCAAGTC	0	0	0
GACTTGCA	TGCAAGTC	0	0	0
GACTTGCC	GGCAAGTC	0	0	0
GACTTGGA	TCCAAGTC	0	0	0
GACTTGGC	GCCAAGTC	0	0	0
GACTTGTA	TACAAGTC	0	0	0
GACTTTAA	TTAAAGTC	0	0	0
GACTTTAC	GTAAAGTC	0	0	0
GACTTTCA	TGAAAGTC	0	0	0
GACTTTCC	GGAAAGTC	0	0	0
GACTTTGA	TCAAAGTC	0	0	0
GACTTTGC	GCAAAGTC	0	0	0
GACTTTTA	TAAAAGTC	0	0	0
GAGAAAAA	TTTTTCTC	0	0	0
GAGAAAAC	GTTTTCTC	0	0	0
GAGAAACA	TGTTTCTC	0	0	0
GAGAAACC	GGTTTCTC	0	0	0
GAGAAAGA	TCTTTCTC	0	0	0
GAGAAAGC	GCTTTCTC	0	0	0
GAGAAATA	TATTTCTC	0	0	0
GAGAAATC	GATTTCTC	0	0	0
GAGAACAA	TTGTTCTC	0	0	0
GAGAACAC	GTGTTCTC	0	0	0
GAGAACCA	TGGTTCTC	0	0	0
GAGAACCC	GGGTTCTC	0	0	0
GAGAACGA	TCGTTCTC	0	0	0
GAGAACGC	GCGTTCTC	0	0	0
GAGAACTA	TAGTTCTC	0	0	0
GAGAACTC	GAGTTCTC	0	0	0
GAGAAGAA	TTCTTCTC	0	0	0
GAGAAGAC	GTCTTCTC	0	0	0
GAGAAGCA	TGCTTCTC	0	0	0
GAGAAGCC	GGCTTCTC	0	0	0
GAGAAGGA	TCCTTCTC	0	0	0
GAGAAGGC	GCCTTCTC	0	0	0
GAGAAGTA	TACTTCTC	0	0	0
GAGAATAA	TTATTCTC	0	0	0
GAGAATAC	GTATTCTC	0	0	0
GAGAATCA	TGATTCTC	0	0	0
GAGAATCC	GGATTCTC	0	0	0
GAGAATGA	TCATTCTC	0	0	0
GAGAATGC	GCATTCTC	0	0	0
GAGAATTA	TAATTCTC	0	0	0
GAGACAAA	TTTGTCTC	0	0	0
GAGACAAC	GTTGTCTC	0	0	0
GAGACACA	TGTGTCTC	0	0	0
GAGACACC	GGTGTCTC	0	0	0
GAGACAGA	TCTGTCTC	0	0	0
GAGACAGC	GCTGTCTC	0	0	0
GAGACATA	TATGTCTC	0	0	0
GAGACATC	GATGTCTC	0	0	0
GAGACCAA	TTGGTCTC	0	0	0
GAGACCAC	GTGGTCTC	0	0	0
GAGACCCA	TGGGTCTC	0	0	0
GAGACCCC	GGGGTCTC	0	0	0
GAGACCGA	TCGGTCTC	0	0	0
GAGACCGC	GCGGTCTC	0	0	0
GAGACCTA	TAGGTCTC	0	0	0
GAGACCTC	GAGGTCTC	0	0	0
GAGACGAA	TTCGTCTC	0	0	0
GAGACGAC	GTCGTCTC	0	0	0
GAGACGCA	TGCGTCTC	0	0	0
GAGACGCC	GGCGTCTC	0	0	0
GAGACGGA	TCCGTCTC	0	0	0
GAGACGGC	GCCGTCTC	0	0	0
GAGACGTA	TACGTCTC	0	0	0
GAGACTAA	TTAGTCTC	0	0	0
GAGACTAC	GTAGTCTC	0	0	0
GAGACTCA	TGAGTCTC	0	0	0
GAGACTCC	GGAGTCTC	0	0	0
GAGACTGA	TCAGTCTC	0	0	0
GAGACTGC	GCAGTCTC	0	0	0
GAGACTTA	TAAGTCTC	0	0	0
GAGAGAAA	TTTCTCTC	0	0	0
GAGAGAAC	GTTCTCTC	0	0	0
GAGAGACA	TGTCTCTC	0	0	0
GAGAGACC	GGTCTCTC	0	0	0
GAGAGAGA	TCTCTCTC	0	0	0
GAGAGAGC	GCTCTCTC	0	0	0
GAGAGATA	TATCTCTC	0	0	0
GAGAGATC	GATCTCTC	0	0	0
GAGAGCAA	TTGCTCTC	0	0	0
GAGAGCAC	GTGCTCTC	0	0	0
GAGAGCCA	TGGCTCTC	0	0	0
GAGAGCCC	GGGCTCTC	0	0	0
GAGAGCGA	TCGCTCTC	0	0	0
GAGAGCGC	GCGCTCTC	0	0	0
GAGAGCTA	TAGCTCTC	0	0	0
GAGAGCTC	GAGCTCTC	0	0	0
GAGAGGAA	TTCCTCTC	0	0	0
GAGAGGAC	GTCCTCTC	0	0	0
GAGAGGCA	TGCCTCTC	0	0	0
GAGAGGCC	GGCCTCTC	0	0	0
GAGAGGGA	TCCCTCTC	0	0	0
GAGAGGGC	GCCCTCTC	0	0	0
GAGAGGTA	TACCTCTC	0	0	0
GAGAGTAA	TTACTCTC	0	0	0
GAGAGTAC	GTACTCTC	0	0	0
GAGAGTCA	TGACTCTC	0	0	0
GAGAGTCC	GGACTCTC	0	0	0
GAGAGTGA	TCACTCTC	0	0	0
GAGAGTGC	GCACTCTC	0	0	0
GAGAGTTA	TAACTCTC	0	0	0
GAGATAAA	TTTATCTC	0	0	0
GAGATAAC	GTTATCTC	0	0	0
GAGATACA	TGTATCTC	0	0	0
GAGATACC	GGTATCTC	0	0	0
GAGATAGA	TCTATCTC	0	0	0
GAGATAGC	GCTATCTC	0	0	0
GAGATATA	TATATCTC	0	0	0
GAGATATC	GATATCTC	0	0	0
GAGATCAA	TTGATCTC	0	0	0
GAGATCAC	GTGATCTC	0	0	0
GAGATCCA	TGGATCTC	0	0	0
GAGATCCC	GGGATCTC	0	0	0
GAGATCGA	TCGATCTC	0	0	0
GAGATCGC	GCGATCTC	0	0	0
GAGATCTA	TAGATCTC	0	0	0
GAGATCTC	GAGATCTC	0	0	0
GAGATGAA	TTCATCTC	0	0	0
GAGATGAC	GTCATCTC	0	0	0
GAGATGCA	TGCATCTC	0	0	0
GAGATGCC	GGCATCTC	0	0	0
GAGATGGA	TCCATCTC	0	0	0
GAGATGGC	GCCATCTC	0	0	0
GAGATGTA	TACATCTC	0	0	0
GAGATTAA	TTAATCTC	0	0	0
GAGATTAC	GTAATCTC	0	0	0
GAGATTCA	TGAATCTC	0	0	0
GAGATTCC	GGAATCTC	0	0	0
GAGATTGA	TCAATCTC	0	0	0
GAGATTGC	GCAATCTC	0	0	0
GAGATTTA	TAAATCTC	0	0	0
GAGCAAAA	TTTTGCTC	0	0	0
GAGCAAAC	GTTTGCTC	0	0	0
GAGCAACA	TGTTGCTC	0	0	0
GAGCAACC	GGTTGCTC	0	0	0
GAGCAAGA	TCTTGCTC	0	0	0
GAGCAAGC	GCTTGCTC	0	0	0
GAGCAATA	TATTGCTC	0	0	0
GAGCAATC	GATTGCTC	0	0	0
GAGCACAA	TTGTGCTC	0	0	0
GAGCACAC	GTGTGCTC	0	0	0
GAGCACCA	TGGTGCTC	0	0	0
GAGCACCC	GGGTGCTC	0	0	0
GAGCACGA	TCGTGCTC	0	0	0
GAGCACGC	GCGTGCTC	0	0	0
GAGCACTA	TAGTGCTC	0	0	0
GAGCACTC	GAGTGCTC	0	0	0
GAGCAGAA	TTCTGCTC	0	0	0
GAGCAGAC	GTCTGCTC	0	0	0
GAGCAGCA	TGCTGCTC	0	0	0
GAGCAGCC	GGCTGCTC	0	0	0
GAGCAGGA	TCCTGCTC	0	0	0
GAGCAGGC	GCCTGCTC	0	0	0
GAGCAGTA	TACTGCTC	0	0	0
GAGCATAA	TTATGCTC	0	0	0
GAGCATAC	GTATGCTC	0	0	0
GAGCATCA	TGATGCTC	0	0	0
GAGCATCC	GGATGCTC	0	0	0
GAGCATGA	TCATGCTC	0	0	0
GAGCATGC	GCATGCTC	0	0	0
GAGCATTA	TAATGCTC	0	0	0
GAGCCAAA	TTTGGCTC	0	0	0
GAGCCAAC	GTTGGCTC	0	0	0
GAGCCACA	TGTGGCTC	0	0	0
GAGCCACC	GGTGGCTC	0	0	0
GAGCCAGA	TCTGGCTC	0	0	0
GAGCCAGC	GCTGGCTC	0	0	0
GAGCCATA	TATGGCTC	0	0	0
GAGCCATC	GATGGCTC	0	0	0
GAGCCCAA	TTGGGCTC	0	0	0
GAGCCCAC	GTGGGCTC	0	0	0
GAGCCCCA	TGGGGCTC	0	0	0
GAGCCCCC	GGGGGCTC	0	0	0
GAGCCCGA	TCGGGCTC	0	0	0
GAGCCCGC	GCGGGCTC	0	0	0
GAGCCCTA	TAGGGCTC	0	0	0
GAGCCCTC	GAGGGCTC	0	0	0
GAGCCGAA	TTCGGCTC	0	0	0
GAGCCGAC	GTCGGCTC	0	0	0
GAGCCGCA	TGCGGCTC	0	0	0
GAGCCGCC	GGCGGCTC	0	0	0
GAGCCGGA	TCCGGCTC	0	0	0
GAGCCGGC	GCCGGCTC	0	0	0
GAGCCGTA	TACGGCTC	0	0	0
GAGCCTAA	TTAGGCTC	0	0	0
GAGCCTAC	GTAGGCTC	0	0	0
GAGCCTCA	TGAGGCTC	0	0	0
GAGCCTCC	GGAGGCTC	0	0	0
GAGCCTGA	TCAGGCTC	0	0	0
GAGCCTGC	GCAGGCTC	0	0	0
GAGCCTTA	TAAGGCTC	0	0	0
GAGCGAAA	TTTCGCTC	0	0	0
GAGCGAAC	GTTCGCTC	0	0	0
GAGCGACA	TGTCGCTC	0	0	0
GAGCGACC	GGTCGCTC	0	0	0
GAGCGAGA	TCTCGCTC	0	0	0
GAGCGAGC	GCTCGCTC	0	0	0
GAGCGATA	TATCGCTC	0	0	0
GAGCGATC	GATCGCTC	0	0	0
GAGCGCAA	TTGCGCTC	0	0	0
GAGCGCAC	GTGCGCTC	0	0	0
GAGCGCCA	TGGCGCTC	0	0	0
GAGCGCCC	GGGCGCTC	0	0	0
GAGCGCGA	TCGCGCTC	0	0	0
GAGCGCGC	GCGCGCTC	0	0	0
GAGCGCTA	TAGCGCTC	0	0	0
GAGCGCTC	GAGCGCTC	0	0	0
GAGCGGAA	TTCCGCTC	0	0	0
GAGCGGAC	GTCCGCTC	0	0	0
GAGCGGCA	TGCCGCTC	0	0	0
GAGCGGCC	GGCCGCTC	0	0	0
GAGCGGGA	TCCCGCTC	0	0	0
GAGCGGGC	GCCCGCTC	0	0	0
GAGCGGTA	TACCGCTC	0	0	0
GAGCGTAA	TTACGCTC	0	0	0
GAGCGTAC	GTACGCTC	0	0	0
GAGCGTCA	TGACGCTC	0	0	0
GAGCGTCC	GGACGCTC	0	0	0
GAGCGTGA	TCACGCTC	0	0	0
GAGCGTGC	GCACGCTC	0	0	0
GAGCGTTA	TAACGCTC	0	0	0
GAGCTAAA	TTTAGCTC	0	0	0
GAGCTAAC	GTTAGCTC	0	0	0
GAGCTACA	TGTAGCTC	0	0	0
GAGCTACC	GGTAGCTC	0	0	0
GAGCTAGA	TCTAGCTC	0	0	0
GAGCTAGC	GCTAGCTC	0	0	0
GAGCTATA	TATAGCTC	0	0	0
GAGCTATC	GATAGCTC	0	0	0
GAGCTCAA	TTGAGCTC	0	0	0
GAGCTCAC	GTGAGCTC	0	0	0
GAGCTCCA	TGGAGCTC	0	0	0
GAGCTCCC	GGGAGCTC	0	0	0
GAGCTCGA	TCGAGCTC	0	0	0
GAGCTCGC	GCGAGCTC	0	0	0
GAGCTCTA	TAGAGCTC	0	0	0
GAGCTGAA	TTCAGCTC	0	0	0
GAGCTGAC	GTCAGCTC	0	0	0
GAGCTGCA	TGCAGCTC	0	0	0
GAGCTGCC	GGCAGCTC	0	0	0
GAGCTGGA	TCCAGCTC	0	0	0
GAGCTGGC	GCCAGCTC	0	0	0
GAGCTGTA	TACAGCTC	0	0	0
GAGCTTAA	TTAAGCTC	0	0	0
GAGCTTAC	GTAAGCTC	0	0	0
GAGCTTCA	TGAAGCTC	0	0	0
GAGCTTCC	GGAAGCTC	0	0	0
GAGCTTGA	TCAAGCTC	0	0	0
GAGCTTGC	GCAAGCTC	0	0	0
GAGCTTTA	TAAAGCTC	0	0	0
GAGGAAAA	TTTTCCTC	0	0	0
GAGGAAAC	GTTTCCTC	0	0	0
GAGGAACA	TGTTCCTC	0	0	0
GAGGAACC	GGTTCCTC	0	0	0
GAGGAAGA	TCTTCCTC	0	0	0
GAGGAAGC	GCTTCCTC	0	0	0
GAGGAATA	TATTCCTC	0	0	0
GAGGAATC	GATTCCTC	0	0	0
GAGGACAA	TTGTCCTC	0	0	0
GAGGACAC	GTGTCCTC	0	0	0
GAGGACCA	TGGTCCTC	0	0	0
GAGGACCC	GGGTCCTC	0	0	0
GAGGACGA	TCGTCCTC	0	0	0
GAGGACGC	GCGTCCTC	0	0	0
GAGGACTA	TAGTCCTC	0	0	0
GAGGACTC	GAGTCCTC	0	0	0
GAGGAGAA	TTCTCCTC	0	0	0
GAGGAGAC	GTCTCCTC	0	0	0
GAGGAGCA	TGCTCCTC	0	0	0
GAGGAGCC	GGCTCCTC	0	0	0
GAGGAGGA	TCCTCCTC	0	0	0
GAGGAGGC	GCCTCCTC	0	0	0
GAGGAGTA	TACTCCTC	0	0	0
GAGGATAA	TTATCCTC	0	0	0
GAGGATAC	GTATCCTC	0	0	0
GAGGATCA	TGATCCTC	0	0	0
GAGGATCC	GGATCCTC	0	0	0
GAGGATGA	TCATCCTC	0	0	0
GAGGATGC	GCATCCTC	0	0	0
GAGGATTA	TAATCCTC	0	0	0
GAGGCAAA	TTTGCCTC	0	0	0
GAGGCAAC	GTTGCCTC	0	0	0
GAGGCACA	TGTGCCTC	0	0	0
GAGGCACC	GGTGCCTC	0	0	0
GAGGCAGA	TCTGCCTC	0	0	0
GAGGCAGC	GCTGCCTC	0	0	0
GAGGCATA	TATGCCTC	0	0	0
GAGGCATC	GATGCCTC	0	0	0
GAGGCCAA	TTGGCCTC	0	0	0
GAGGCCAC	GTGGCCTC	0	0	0
GAGGCCCA	TGGGCCTC	0	0	0
GAGGCCCC	GGGGCCTC	0	0	0
GAGGCCGA	TCGGCCTC	0	0	0
GAGGCCGC	GCGGCCTC	0	0	0
GAGGCCTA	TAGGCCTC	0	0	0
GAGGCCTC	GAGGCCTC	0	0	0
GAGGCGAA	TTCGCCTC	0	0	0
GAGGCGAC	GTCGCCTC	0	0	0
GAGGCGCA	TGCGCCTC	0	0	0
GAGGCGCC	GGCGCCTC	0	0	0
GAGGCGGA	TCCGCCTC	0	0	0
GAGGCGGC	GCCGCCTC	0	0	0
GAGGCGTA	TACGCCTC	0	0	0
GAGGCTAA	TTAGCCTC	0	0	0
GAGGCTAC	GTAGCCTC	0	0	0
GAGGCTCA	TGAGCCTC	0	0	0
GAGGCTCC	GGAGCCTC	0	0	0
GAGGCTGA	TCAGCCTC	0	0	0
GAGGCTGC	GCAGCCTC	0	0	0
GAGGCTTA	TAAGCCTC	0	0	0
GAGGGAAA	TTTCCCTC	0	0	0
GAGGGAAC	GTTCCCTC	0	0	0
GAGGGACA	TGTCCCTC	0	0	0
GAGGGACC	GGTCCCTC	0	0	0
GAGGGAGA	TCTCCCTC	0	0	0
GAGGGAGC	GCTCCCTC	0	0	0
GAGGGATA	TATCCCTC	0	0	0
GAGGGATC	GATCCCTC	0	0	0
GAGGGCAA	TTGCCCTC	0	0	0
GAGGGCAC	GTGCCCTC	0	0	0
GAGGGCCA	TGGCCCTC	0	0	0
GAGGGCCC	GGGCCCTC	0	0	0
GAGGGCGA	TCGCCCTC	0	0	0
GAGGGCGC	GCGCCCTC	0	0	0
GAGGGCTA	TAGCCCTC	0	0	0
GAGGGGAA	TTCCCCTC	0	0	0
GAGGGGAC	GTCCCCTC	0	0	0
GAGGGGCA	TGCCCCTC	0	0	0
GAGGGGCC	GGCCCCTC	0	0	0
GAGGGGGA	TCCCCCTC	0	0	0
GAGGGGGC	GCCCCCTC	0	0	0
GAGGGGTA	TACCCCTC	0	0	0
GAGGGTAA	TTACCCTC	0	0	0
GAGGGTAC	GTACCCTC	0	0	0
GAGGGTCA	TGACCCTC	0	0	0
GAGGGTCC	GGACCCTC	0	0	0
GAGGGTGA	TCACCCTC	0	0	0
GAGGGTGC	GCACCCTC	0	0	0
GAGGGTTA	TAACCCTC	0	0	0
GAGGTAAA	TTTACCTC	0	0	0
GAGGTAAC	GTTACCTC	0	0	0
GAGGTACA	TGTACCTC	0	0	0
GAGGTACC	GGTACCTC	0	0	0
GAGGTAGA	TCTACCTC	0	0	0
GAGGTAGC	GCTACCTC	0	0	0
GAGGTATA	TATACCTC	0	0	0
GAGGTATC	GATACCTC	0	0	0
GAGGTCAA	TTGACCTC	0	0	0
GAGGTCAC	GTGACCTC	0	0	0
GAGGTCCA	TGGACCTC	0	0	0
GAGGTCCC	GGGACCTC	0	0	0
GAGGTCGA	TCGACCTC	0	0	0
GAGGTCGC	GCGACCTC	0	0	0
GAGGTCTA	TAGACCTC	0	0	0
GAGGTGAA	TTCACCTC	0	0	0
GAGGTGAC	GTCACCTC	0	0	0
GAGGTGCA	TGCACCTC	0	0	0
GAGGTGCC	GGCACCTC	0	0	0
GAGGTGGA	TCCACCTC	0	0	0
GAGGTGGC	GCCACCTC	0	0	0
GAGGTGTA	TACACCTC	0	0	0
GAGGTTAA	TTAACCTC	0	0	0
GAGGTTAC	GTAACCTC	0	0	0
GAGGTTCA	TGAACCTC	0	0	0
GAGGTTCC	GGAACCTC	0	0	0
GAGGTTGA	TCAACCTC	0	0	0
GAGGTTGC	GCAACCTC	0	0	0
GAGGTTTA	TAAACCTC	0	0	0
GAGTAAAA	TTTTACTC	0	0	0
GAGTAAAC	GTTTACTC	0	0	0
GAGTAACA	TGTTACTC	0	0	0
GAGTAACC	GGTTACTC	0	0	0
GAGTAAGA	TCTTACTC	0	0	0
GAGTAAGC	GCTTACTC	0	0	0
GAGTAATA	TATTACTC	0	0	0
GAGTAATC	GATTACTC	0	0	0
GAGTACAA	TTGTACTC	0	0	0
GAGTACAC	GTGTACTC	0	0	0
GAGTACCA	TGGTACTC	0	0	0
GAGTACCC	GGGTACTC	0	0	0
GAGTACGA	TCGTACTC	0	0	0
GAGTACGC	GCGTACTC	0	0	0
GAGTACTA	TAGTACTC	0	0	0
GAGTACTC	GAGTACTC	0	0	0
GAGTAGAA	TTCTACTC	0	0	0
GAGTAGAC	GTCTACTC	0	0	0
GAGTAGCA	TGCTACTC	0	0	0
GAGTAGCC	GGCTACTC	0	0	0
GAGTAGGA	TCCTACTC	0	0	0
GAGTAGGC	GCCTACTC	0	0	0
GAGTAGTA	TACTACTC	0	0	0
GAGTATAA	TTATACTC	0	0	0
GAGTATAC	GTATACTC	0	0	0
GAGTATCA	TGATACTC	0	0	0
GAGTATCC	GGATACTC	0	0	0
GAGTATGA	TCATACTC	0	0	0
GAGTATGC	GCATACTC	0	0	0
GAGTATTA	TAATACTC	0	0	0
GAGTCAAA	TTTGACTC	0	0	0
GAGTCAAC	GTTGACTC	0	0	0
GAGTCACA	TGTGACTC	0	0	0
GAGTCACC	GGTGACTC	0	0	0
GAGTCAGA	TCTGACTC	0	0	0
GAGTCAGC	GCTGACTC	0	0	0
GAGTCATA	TATGACTC	0	0	0
GAGTCATC	GATGACTC	0	0	0
GAGTCCAA	TTGGACTC	0	0	0
GAGTCCAC	GTGGACTC	0	0	0
GAGTCCCA	TGGGACTC	0	0	0
GAGTCCCC	GGGGACTC	0	0	0
GAGTCCGA	TCGGACTC	0	0	0
GAGTCCGC	GCGGACTC	0	0	0
GAGTCCTA	TAGGACTC	0	0	0
GAGTCGAA	TTCGACTC	0	0	0
GAGTCGAC	GTCGACTC	0	0	0
GAGTCGCA	TGCGACTC	0	0	0
GAGTCGCC	GGCGACTC	0	0	0
GAGTCGGA	TCCGACTC	0	0	0
GAGTCGGC	GCCGACTC	0	0	0
GAGTCGTA	TACGACTC	0	0	0
GAGTCTAA	TTAGACTC	0	0	0
GAGTCTAC	GTAGACTC	0	0	0
GAGTCTCA	TGAGACTC	0	0	0
GAGTCTCC	GGAGACTC	0	0	0
GAGTCTGA	TCAGACTC	0	0	0
GAGTCTGC	GCAGACTC	0	0	0
GAGTCTTA	TAAGACTC	0	0	0
GAGTGAAA	TTTCACTC	0	0	0
GAGTGAAC	GTTCACTC	0	0	0
GAGTGACA	TGTCACTC	0	0	0
GAGTGACC	GGTCACTC	0	0	0
GAGTGAGA	TCTCACTC	0	0	0
GAGTGAGC	GCTCACTC	0	0	0
GAGTGATA	TATCACTC	0	0	0
GAGTGATC	GATCACTC	0	0	0
GAGTGCAA	TTGCACTC	0	0	0
GAGTGCAC	GTGCACTC	0	0	0
GAGTGCCA	TGGCACTC	0	0	0
GAGTGCCC	GGGCACTC	0	0	0
GAGTGCGA	TCGCACTC	0	0	0
GAGTGCGC	GCGCACTC	0	0	0
GAGTGCTA	TAGCACTC	0	0	0
GAGTGGAA	TTCCACTC	0	0	0
GAGTGGAC	GTCCACTC	0	0	0
GAGTGGCA	TGCCACTC	0	0	0
GAGTGGCC	GGCCACTC	0	0	0
GAGTGGGA	TCCCACTC	0	0	0
GAGTGGGC	GCCCACTC	0	0	0
GAGTGGTA	TACCACTC	0	0	0
GAGTGTAA	TTACACTC	0	0	0
GAGTGTAC	GTACACTC	0	0	0
GAGTGTCA	TGACACTC	0	0	0
GAGTGTCC	GGACACTC	0	0	0
GAGTGTGA	TCACACTC	0	0	0
GAGTGTGC	GCACACTC	0	0	0
GAGTGTTA	TAACACTC	0	0	0
GAGTTAAA	TTTAACTC	0	0	0
GAGTTAAC	GTTAACTC	0	0	0
GAGTTACA	TGTAACTC	0	0	0
GAGTTACC	GGTAACTC	0	0	0
GAGTTAGA	TCTAACTC	0	0	0
GAGTTAGC	GCTAACTC	0	0	0
GAGTTATA	TATAACTC	0	0	0
GAGTTATC	GATAACTC	0	0	0
GAGTTCAA	TTGAACTC	0	0	0
GAGTTCAC	GTGAACTC	0	0	0
GAGTTCCA	TGGAACTC	0	0	0
GAGTTCCC	GGGAACTC	0	0	0
GAGTTCGA	TCGAACTC	0	0	0
GAGTTCGC	GCGAACTC	0	0	0
GAGTTCTA	TAGAACTC	0	0	0
GAGTTGAA	TTCAACTC	0	0	0
GAGTTGAC	GTCAACTC	0	0	0
GAGTTGCA	TGCAACTC	0	0	0
GAGTTGCC	GGCAACTC	0	0	0
GAGTTGGA	TCCAACTC	0	0	0
GAGTTGGC	GCCAACTC	0	0	0
GAGTTGTA	TACAACTC	0	0	0
GAGTTTAA	TTAAACTC	0	0	0
GAGTTTAC	GTAAACTC	0	0	0
GAGTTTCA	TGAAACTC	0	0	0
GAGTTTCC	GGAAACTC	0	0	0
GAGTTTGA	TCAAACTC	0	0	0
GAGTTTGC	GCAAACTC	0	0	0
GAGTTTTA	TAAAACTC	0	0	0
GATAAAAA	TTTTTATC	0	0	0
GATAAAAC	GTTTTATC	0	0	0
GATAAACA	TGTTTATC	0	0	0
GATAAACC	GGTTTATC	0	0	0
GATAAAGA	TCTTTATC	0	0	0
GATAAAGC	GCTTTATC	0	0	0
GATAAATA	TATTTATC	0	0	0
GATAAATC	GATTTATC	0	0	0
GATAACAA	TTGTTATC	0	0	0
GATAACAC	GTGTTATC	0	0	0
GATAACCA	TGGTTATC	0	0	0
GATAACCC	GGGTTATC	0	0	0
GATAACGA	TCGTTATC	0	0	0
GATAACGC	GCGTTATC	0	0	0
GATAACTA	TAGTTATC	0	0	0
GATAAGAA	TTCTTATC	0	0	0
GATAAGAC	GTCTTATC	0	0	0
GATAAGCA	TGCTTATC	0	0	0
GATAAGCC	GGCTTATC	0	0	0
GATAAGGA	TCCTTATC	0	0	0
GATAAGGC	GCCTTATC	0	0	0
GATAAGTA	TACTTATC	0	0	0
GATAATAA	TTATTATC	0	0	0
GATAATAC	GTATTATC	0	0	0
GATAATCA	TGATTATC	0	0	0
GATAATCC	GGATTATC	0	0	0
GATAATGA	TCATTATC	0	0	0
GATAATGC	GCATTATC	0	0	0
GATAATTA	TAATTATC	0	0	0
GATACAAA	TTTGTATC	0	0	0
GATACAAC	GTTGTATC	0	0	0
GATACACA	TGTGTATC	0	0	0
GATACACC	GGTGTATC	0	0	0
GATACAGA	TCTGTATC	0	0	0
GATACAGC	GCTGTATC	0	0	0
GATACATA	TATGTATC	0	0	0
GATACATC	GATGTATC	0	0	0
GATACCAA	TTGGTATC	0	0	0
GATACCAC	GTGGTATC	0	0	0
GATACCCA	TGGGTATC	0	0	0
GATACCCC	GGGGTATC	0	0	0
GATACCGA	TCGGTATC	0	0	0
GATACCGC	GCGGTATC	0	0	0
GATACCTA	TAGGTATC	0	0	0
GATACGAA	TTCGTATC	0	0	0
GATACGAC	GTCGTATC	0	0	0
GATACGCA	TGCGTATC	0	0	0
GATACGCC	GGCGTATC	0	0	0
GATACGGA	TCCGTATC	0	0	0
GATACGGC	GCCGTATC	0	0	0
GATACGTA	TACGTATC	0	0	0
GATACTAA	TTAGTATC	0	0	0
GATACTAC	GTAGTATC	0	0	0
GATACTCA	TGAGTATC	0	0	0
GATACTCC	GGAGTATC	0	0	0
GATACTGA	TCAGTATC	0	0	0
GATACTGC	GCAGTATC	0	0	0
GATACTTA	TAAGTATC	0	0	0
GATAGAAA	TTTCTATC	0	0	0
GATAGAAC	GTTCTATC	0	0	0
GATAGACA	TGTCTATC	0	0	0
GATAGACC	GGTCTATC	0	0	0
GATAGAGA	TCTCTATC	0	0	0
GATAGAGC	GCTCTATC	0	0	0
GATAGATA	TATCTATC	0	0	0
GATAGATC	GATCTATC	0	0	0
GATAGCAA	TTGCTATC	0	0	0
GATAGCAC	GTGCTATC	0	0	0
GATAGCCA	TGGCTATC	0	0	0
GATAGCCC	GGGCTATC	0	0	0
GATAGCGA	TCGCTATC	0	0	0
GATAGCGC	GCGCTATC	0	0	0
GATAGCTA	TAGCTATC	0	0	0
GATAGGAA	TTCCTATC	0	0	0
GATAGGAC	GTCCTATC	0	0	0
GATAGGCA	TGCCTATC	0	0	0
GATAGGCC	GGCCTATC	0	0	0
GATAGGGA	TCCCTATC	0	0	0
GATAGGGC	GCCCTATC	0	0	0
GATAGGTA	TACCTATC	0	0	0
GATAGTAA	TTACTATC	0	0	0
GATAGTAC	GTACTATC	0	0	0
GATAGTCA	TGACTATC	0	0	0
GATAGTCC	GGACTATC	0	0	0
GATAGTGA	TCACTATC	0	0	0
GATAGTGC	GCACTATC	0	0	0
GATAGTTA	TAACTATC	0	0	0
GATATAAA	TTTATATC	0	0	0
GATATAAC	GTTATATC	0	0	0
GATATACA	TGTATATC	0	0	0
GATATACC	GGTATATC	0	0	0
GATATAGA	TCTATATC	0	0	0
GATATAGC	GCTATATC	0	0	0
GATATATA	TATATATC	0	0	0
GATATATC	GATATATC	0	0	0
GATATCAA	TTGATATC	0	0	0
GATATCAC	GTGATATC	0	0	0
GATATCCA	TGGATATC	0	0	0
GATATCCC	GGGATATC	0	0	0
GATATCGA	TCGATATC	0	0	0
GATATCGC	GCGATATC	0	0	0
GATATCTA	TAGATATC	0	0	0
GATATGAA	TTCATATC	0	0	0
GATATGAC	GTCATATC	0	0	0
GATATGCA	TGCATATC	0	0	0
GATATGCC	GGCATATC	0	0	0
GATATGGA	TCCATATC	0	0	0
GATATGGC	GCCATATC	0	0	0
GATATGTA	TACATATC	0	0	0
GATATTAA	TTAATATC	0	0	0
GATATTAC	GTAATATC	0	0	0
GATATTCA	TGAATATC	0	0	0
GATATTCC	GGAATATC	0	0	0
GATATTGA	TCAATATC	0	0	0
GATATTGC	GCAATATC	0	0	0
GATATTTA	TAAATATC	0	0	0
GATCAAAA	TTTTGATC	0	0	0
GATCAAAC	GTTTGATC	0	0	0
GATCAACA	TGTTGATC	0	0	0
GATCAACC	GGTTGATC	0	0	0
GATCAAGA	TCTTGATC	0	0	0
GATCAAGC	GCTTGATC	0	0	0
GATCAATA	TATTGATC	0	0	0
GATCAATC	GATTGATC	0	0	0
GATCACAA	TTGTGATC	0	0	0
GATCACAC	GTGTGATC	0	0	0
GATCACCA	TGGTGATC	0	0	0
GATCACCC	GGGTGATC	0	0	0
GATCACGA	TCGTGATC	0	0	0
GATCACGC	GCGTGATC	0	0	0
GATCACTA	TAGTGATC	0	0	0
GATCAGAA	TTCTGATC	0	0	0
GATCAGAC	GTCTGATC	0	0	0
GATCAGCA	TGCTGATC	0	0	0
GATCAGCC	GGCTGATC	0	0	0
GATCAGGA	TCCTGATC	0	0	0
GATCAGGC	GCCTGATC	0	0	0
GATCAGTA	TACTGATC	0	0	0
GATCATAA	TTATGATC	0	0	0
GATCATAC	GTATGATC	0	0	0
GATCATCA	TGATGATC	0	0	0
GATCATCC	GGATGATC	0	0	0
GATCATGA	TCATGATC	0	0	0
GATCATGC	GCATGATC	0	0	0
GATCATTA	TAATGATC	0	0	0
GATCCAAA	TTTGGATC	0	0	0
GATCCAAC	GTTGGATC	0	0	0
GATCCACA	TGTGGATC	0	0	0
GATCCACC	GGTGGATC	0	0	0
GATCCAGA	TCTGGATC	0	0	0
GATCCAGC	GCTGGATC	0	0	0
GATCCATA	TATGGATC	0	0	0
GATCCATC	GATGGATC	0	0	0
GATCCCAA	TTGGGATC	0	0	0
GATCCCAC	GTGGGATC	0	0	0
GATCCCCA	TGGGGATC	0	0	0
GATCCCCC	GGGGGATC	0	0	0
GATCCCGA	TCGGGATC	0	0	0
GATCCCGC	GCGGGATC	0	0	0
GATCCCTA	TAGGGATC	0	0	0
GATCCGAA	TTCGGATC	0	0	0
GATCCGAC	GTCGGATC	0	0	0
GATCCGCA	TGCGGATC	0	0	0
GATCCGCC	GGCGGATC	0	0	0
GATCCGGA	TCCGGATC	0	0	0
GATCCGGC	GCCGGATC	0	0	0
GATCCGTA	TACGGATC	0	0	0
GATCCTAA	TTAGGATC	0	0	0
GATCCTAC	GTAGGATC	0	0	0
GATCCTCA	TGAGGATC	0	0	0
GATCCTCC	GGAGGATC	0	0	0
GATCCTGA	TCAGGATC	0	0	0
GATCCTGC	GCAGGATC	0	0	0
GATCCTTA	TAAGGATC	0	0	0
GATCGAAA	TTTCGATC	0	0	0
GATCGAAC	GTTCGATC	0	0	0
GATCGACA	TGTCGATC	0	0	0
GATCGACC	GGTCGATC	0	0	0
GATCGAGA	TCTCGATC	0	0	0
GATCGAGC	GCTCGATC	0	0	0
GATCGATA	TATCGATC	0	0	0
GATCGATC	GATCGATC	0	0	0
GATCGCAA	TTGCGATC	0	0	0
GATCGCAC	GTGCGATC	0	0	0
GATCGCCA	TGGCGATC	0	0	0
GATCGCCC	GGGCGATC	0	0	0
GATCGCGA	TCGCGATC	0	0	0
GATCGCGC	GCGCGATC	0	0	0
GATCGCTA	TAGCGATC	0	0	0
GATCGGAA	TTCCGATC	0	0	0
GATCGGAC	GTCCGATC	0	0	0
GATCGGCA	TGCCGATC	0	0	0
GATCGGCC	GGCCGATC	0	0	0
GATCGGGA	TCCCGATC	0	0	0
GATCGGGC	GCCCGATC	0	0	0
GATCGGTA	TACCGATC	0	0	0
GATCGTAA	TTACGATC	0	0	0
GATCGTAC	GTACGATC	0	0	0
GATCGTCA	TGACGATC	0	0	0
GATCGTCC	GGACGATC	0	0	0
GATCGTGA	TCACGATC	0	0	0
GATCGTGC	GCACGATC	0	0	0
GATCGTTA	TAACGATC	0	0	0
GATCTAAA	TTTAGATC	0	0	0
GATCTAAC	GTTAGATC	0	0	0
GATCTACA	TGTAGATC	0	0	0
GATCTACC	GGTAGATC	0	0	0
GATCTAGA	TCTAGATC	0	0	0
GATCTAGC	GCTAGATC	0	0	0
GATCTATA	TATAGATC	0	0	0
GATCTCAA	TTGAGATC	0	0	0
GATCTCAC	GTGAGATC	0	0	0
GATCTCCA	TGGAGATC	0	0	0
GATCTCCC	GGGAGATC	0	0	0
GATCTCGA	TCGAGATC	0	0	0
GATCTCGC	GCGAGATC	0	0	0
GATCTCTA	TAGAGATC	0	0	0
GATCTGAA	TTCAGATC	0	0	0
GATCTGAC	GTCAGATC	0	0	0
GATCTGCA	TGCAGATC	0	0	0
GATCTGCC	GGCAGATC	0	0	0
GATCTGGA	TCCAGATC	0	0	0
GATCTGGC	GCCAGATC	0	0	0
GATCTGTA	TACAGATC	0	0	0
GATCTTAA	TTAAGATC	0	0	0
GATCTTAC	GTAAGATC	0	0	0
GATCTTCA	TGAAGATC	0	0	0
GATCTTCC	GGAAGATC	0	0	0
GATCTTGA	TCAAGATC	0	0	0
GATCTTGC	GCAAGATC	0	0	0
GATCTTTA	TAAAGATC	0	0	0
GATGAAAA	TTTTCATC	0	0	0
GATGAAAC	GTTTCATC	0	0	0
GATGAACA	TGTTCATC	0	0	0
GATGAACC	GGTTCATC	0	0	0
GATGAAGA	TCTTCATC	0	0	0
GATGAAGC	GCTTCATC	0	0	0
GATGAATA	TATTCATC	0	0	0
GATGAATC	GATTCATC	0	0	0
GATGACAA	TTGTCATC	0	0	0
GATGACAC	GTGTCATC	0	0	0
GATGACCA	TGGTCATC	0	0	0
GATGACCC	GGGTCATC	0	0	0
GATGACGA	TCGTCATC	0	0	0
GATGACGC	GCGTCATC	0	0	0
GATGACTA	TAGTCATC	0	0	0
GATGAGAA	TTCTCATC	0	0	0
GATGAGAC	GTCTCATC	0	0	0
GATGAGCA	TGCTCATC	0	0	0
GATGAGCC	GGCTCATC	0	0	0
GATGAGGA	TCCTCATC	0	0	0
GATGAGGC	GCCTCATC	0	0	0
GATGAGTA	TACTCATC	0	0	0
GATGATAA	TTATCATC	0	0	0
GATGATAC	GTATCATC	0	0	0
GATGATCA	TGATCATC	0	0	0
GATGATCC	GGATCATC	0	0	0
GATGATGA	TCATCATC	0	0	0
GATGATGC	GCATCATC	0	0	0
GATGATTA	TAATCATC	0	0	0
GATGCAAA	TTTGCATC	0	0	0
GATGCAAC	GTTGCATC	0	0	0
GATGCACA	TGTGCATC	0	0	0
GATGCACC	GGTGCATC	0	0	0
GATGCAGA	TCTGCATC	0	0	0
GATGCAGC	GCTGCATC	0	0	0
GATGCATA	TATGCATC	0	0	0
GATGCATC	GATGCATC	0	0	0
GATGCCAA	TTGGCATC	0	0	0
GATGCCAC	GTGGCATC	0	0	0
GATGCCCA	TGGGCATC	0	0	0
GATGCCCC	GGGGCATC	0	0	0
GATGCCGA	TCGGCATC	0	0	0
GATGCCGC	GCGGCATC	0	0	0
GATGCCTA	TAGGCATC	0	0	0
GATGCGAA	TTCGCATC	0	0	0
GATGCGAC	GTCGCATC	0	0	0
GATGCGCA	TGCGCATC	0	0	0
GATGCGCC	GGCGCATC	0	0	0
GATGCGGA	TCCGCATC	0	0	0
GATGCGGC	GCCGCATC	0	0	0
GATGCGTA	TACGCATC	0	0	0
GATGCTAA	TTAGCATC	0	0	0
GATGCTAC	GTAGCATC	0	0	0
GATGCTCA	TGAGCATC	0	0	0
GATGCTCC	GGAGCATC	0	0	0
GATGCTGA	TCAGCATC	0	0	0
GATGCTGC	GCAGCATC	0	0	0
GATGCTTA	TAAGCATC	0	0	0
GATGGAAA	TTTCCATC	0	0	0
GATGGAAC	GTTCCATC	0	0	0
GATGGACA	TGTCCATC	0	0	0
GATGGACC	GGTCCATC	0	0	0
GATGGAGA	TCTCCATC	0	0	0
GATGGAGC	GCTCCATC	0	0	0
GATGGATA	TATCCATC	0	0	0
GATGGCAA	TTGCCATC	0	0	0
GATGGCAC	GTGCCATC	0	0	0
GATGGCCA	TGGCCATC	0	0	0
GATGGCCC	GGGCCATC	0	0	0
GATGGCGA	TCGCCATC	0	0	0
GATGGCGC	GCGCCATC	0	0	0
GATGGCTA	TAGCCATC	0	0	0
GATGGGAA	TTCCCATC	0	0	0
GATGGGAC	GTCCCATC	0	0	0
GATGGGCA	TGCCCATC	0	0	0
GATGGGCC	GGCCCATC	0	0	0
GATGGGGA	TCCCCATC	0	0	0
GATGGGGC	GCCCCATC	0	0	0
GATGGGTA	TACCCATC	0	0	0
GATGGTAA	TTACCATC	0	0	0
GATGGTAC	GTACCATC	0	0	0
GATGGTCA	TGACCATC	0	0	0
GATGGTCC	GGACCATC	0	0	0
GATGGTGA	TCACCATC	0	0	0
GATGGTGC	GCACCATC	0	0	0
GATGGTTA	TAACCATC	0	0	0
GATGTAAA	TTTACATC	0	0	0
GATGTAAC	GTTACATC	0	0	0
GATGTACA	TGTACATC	0	0	0
GATGTACC	GGTACATC	0	0	0
GATGTAGA	TCTACATC	0	0	0
GATGTAGC	GCTACATC	0	0	0
GATGTATA	TATACATC	0	0	0
GATGTCAA	TTGACATC	0	0	0
GATGTCAC	GTGACATC	0	0	0
GATGTCCA	TGGACATC	0	0	0
GATGTCCC	GGGACATC	0	0	0
GATGTCGA	TCGACATC	0	0	0
GATGTCGC	GCGACATC	0	0	0
GATGTCTA	TAGACATC	0	0	0
GATGTGAA	TTCACATC	0	0	0
GATGTGAC	GTCACATC	0	0	0
GATGTGCA	TGCACATC	0	0	0
GATGTGCC	GGCACATC	0	0	0
GATGTGGA	TCCACATC	0	0	0
GATGTGGC	GCCACATC	0	0	0
GATGTGTA	TACACATC	0	0	0
GATGTTAA	TTAACATC	0	0	0
GATGTTAC	GTAACATC	0	0	0
GATGTTCA	TGAACATC	0	0	0
GATGTTCC	GGAACATC	0	0	0
GATGTTGA	TCAACATC	0	0	0
GATGTTGC	GCAACATC	0	0	0
GATGTTTA	TAAACATC	0	0	0
GATTAAAA	TTTTAATC	0	0	0
GATTAAAC	GTTTAATC	0	0	0
GATTAACA	TGTTAATC	0	0	0
GATTAACC	GGTTAATC	0	0	0
GATTAAGA	TCTTAATC	0	0	0
GATTAAGC	GCTTAATC	0	0	0
GATTAATA	TATTAATC	0	0	0
GATTAATC	GATTAATC	0	0	0
GATTACAA	TTGTAATC	0	0	0
GATTACAC	GTGTAATC	0	0	0
GATTACCA	TGGTAATC	0	0	0
GATTACCC	GGGTAATC	0	0	0
GATTACGA	TCGTAATC	0	0	0
GATTACGC	GCGTAATC	0	0	0
GATTACTA	TAGTAATC	0	0	0
GATTAGAA	TTCTAATC	0	0	0
GATTAGAC	GTCTAATC	0	0	0
GATTAGCA	TGCTAATC	0	0	0
GATTAGCC	GGCTAATC	0	0	0
GATTAGGA	TCCTAATC	0	0	0
GATTAGGC	GCCTAATC	0	0	0
GATTAGTA	TACTAATC	0	0	0
GATTATAA	TTATAATC	0	0	0
GATTATAC	GTATAATC	0	0	0
GATTATCA	TGATAATC	0	0	0
GATTATCC	GGATAATC	0	0	0
GATTATGA	TCATAATC	0	0	0
GATTATGC	GCATAATC	0	0	0
GATTATTA	TAATAATC	0	0	0
GATTCAAA	TTTGAATC	0	0	0
GATTCAAC	GTTGAATC	0	0	0
GATTCACA	TGTGAATC	0	0	0
GATTCACC	GGTGAATC	0	0	0
GATTCAGA	TCTGAATC	0	0	0
GATTCAGC	GCTGAATC	0	0	0
GATTCATA	TATGAATC	0	0	0
GATTCCAA	TTGGAATC	0	0	0
GATTCCAC	GTGGAATC	0	0	0
GATTCCCA	TGGGAATC	0	0	0
GATTCCCC	GGGGAATC	0	0	0
GATTCCGA	TCGGAATC	0	0	0
GATTCCGC	GCGGAATC	0	0	0
GATTCCTA	TAGGAATC	0	0	0
GATTCGAA	TTCGAATC	0	0	0
GATTCGAC	GTCGAATC	0	0	0
GATTCGCA	TGCGAATC	0	0	0
GATTCGCC	GGCGAATC	0	0	0
GATTCGGA	TCCGAATC	0	0	0
GATTCGGC	GCCGAATC	0	0	0
GATTCGTA	TACGAATC	0	0	0
GATTCTAA	TTAGAATC	0	0	0
GATTCTAC	GTAGAATC	0	0	0
GATTCTCA	TGAGAATC	0	0	0
GATTCTCC	GGAGAATC	0	0	0
GATTCTGA	TCAGAATC	0	0	0
GATTCTGC	GCAGAATC	0	0	0
GATTCTTA	TAAGAATC	0	0	0
GATTGAAA	TTTCAATC	0	0	0
GATTGAAC	GTTCAATC	0	0	0
GATTGACA	TGTCAATC	0	0	0
GATTGACC	GGTCAATC	0	0	0
GATTGAGA	TCTCAATC	0	0	0
GATTGAGC	GCTCAATC	0	0	0
GATTGATA	TATCAATC	0	0	0
GATTGCAA	TTGCAATC	0	0	0
GATTGCAC	GTGCAATC	0	0	0
GATTGCCA	TGGCAATC	0	0	0
GATTGCCC	GGGCAATC	0	0	0
GATTGCGA	TCGCAATC	0	0	0
GATTGCGC	GCGCAATC	0	0	0
GATTGCTA	TAGCAATC	0	0	0
GATTGGAA	TTCCAATC	0	0	0
GATTGGAC	GTCCAATC	0	0	0
GATTGGCA	TGCCAATC	0	0	0
GATTGGCC	GGCCAATC	0	0	0
GATTGGGA	TCCCAATC	0	0	0
GATTGGGC	GCCCAATC	0	0	0
GATTGGTA	TACCAATC	0	0	0
GATTGTAA	TTACAATC	0	0	0
GATTGTAC	GTACAATC	0	0	0
GATTGTCA	TGACAATC	0	0	0
GATTGTCC	GGACAATC	0	0	0
GATTGTGA	TCACAATC	0	0	0
GATTGTGC	GCACAATC	0	0	0
GATTGTTA	TAACAATC	0	0	0
GATTTAAA	TTTAAATC	0	0	0
GATTTAAC	GTTAAATC	0	0	0
GATTTACA	TGTAAATC	0	0	0
GATTTACC	GGTAAATC	0	0	0
GATTTAGA	TCTAAATC	0	0	0
GATTTAGC	GCTAAATC	0	0	0
GATTTATA	TATAAATC	0	0	0
GATTTCAA	TTGAAATC	0	0	0
GATTTCAC	GTGAAATC	0	0	0
GATTTCCA	TGGAAATC	0	0	0
GATTTCCC	GGGAAATC	0	0	0
GATTTCGA	TCGAAATC	0	0	0
GATTTCGC	GCGAAATC	0	0	0
GATTTCTA	TAGAAATC	0	0	0
GATTTGAA	TTCAAATC	0	0	0
GATTTGAC	GTCAAATC	0	0	0
GATTTGCA	TGCAAATC	0	0	0
GATTTGCC	GGCAAATC	0	0	0
GATTTGGA	TCCAAATC	0	0	0
GATTTGGC	GCCAAATC	0	0	0
GATTTGTA	TACAAATC	0	0	0
GATTTTAA	TTAAAATC	0	0	0
GATTTTAC	GTAAAATC	0	0	0
GATTTTCA	TGAAAATC	0	0	0
GATTTTCC	GGAAAATC	0	0	0
GATTTTGA	TCAAAATC	0	0	0
GATTTTGC	GCAAAATC	0	0	0
GATTTTTA	TAAAAATC	0	0	0
GCAAAAAA	TTTTTTGC	0	0	0
GCAAAAAC	GTTTTTGC	0	0	0
GCAAAACA	TGTTTTGC	0	0	0
GCAAAACC	GGTTTTGC	0	0	0
GCAAAAGA	TCTTTTGC	0	0	0
GCAAAAGC	GCTTTTGC	0	0	0
GCAAAATA	TATTTTGC	0	0	0
GCAAACAA	TTGTTTGC	0	0	0
GCAAACAC	GTGTTTGC	0	0	0
GCAAACCA	TGGTTTGC	0	0	0
GCAAACCC	GGGTTTGC	0	0	0
GCAAACGA	TCGTTTGC	0	0	0
GCAAACGC	GCGTTTGC	0	0	0
GCAAACTA	TAGTTTGC	0	0	0
GCAAAGAA	TTCTTTGC	0	0	0
GCAAAGAC	GTCTTTGC	0	0	0
GCAAAGCA	TGCTTTGC	0	0	0
GCAAAGCC	GGCTTTGC	0	0	0
GCAAAGGA	TCCTTTGC	0	0	0
GCAAAGGC	GCCTTTGC	0	0	0
GCAAAGTA	TACTTTGC	0	0	0
GCAAATAA	TTATTTGC	0	0	0
GCAAATAC	GTATTTGC	0	0	0
GCAAATCA	TGATTTGC	0	0	0
GCAAATCC	GGATTTGC	0	0	0
GCAAATGA	TCATTTGC	0	0	0
GCAAATGC	GCATTTGC	0	0	0
GCAAATTA	TAATTTGC	0	0	0
GCAACAAA	TTTGTTGC	0	0	0
GCAACAAC	GTTGTTGC	0	0	0
GCAACACA	TGTGTTGC	0	0	0
GCAACACC	GGTGTTGC	0	0	0
GCAACAGA	TCTGTTGC	0	0	0
GCAACAGC	GCTGTTGC	0	0	0
GCAACATA	TATGTTGC	0	0	0
GCAACCAA	TTGGTTGC	0	0	0
GCAACCAC	GTGGTTGC	0	0	0
GCAACCCA	TGGGTTGC	0	0	0
GCAACCCC	GGGGTTGC	0	0	0
GCAACCGA	TCGGTTGC	0	0	0
GCAACCGC	GCGGTTGC	0	0	0
GCAACCTA	TAGGTTGC	0	0	0
GCAACGAA	TTCGTTGC	0	0	0
GCAACGAC	GTCGTTGC	0	0	0
GCAACGCA	TGCGTTGC	0	0	0
GCAACGCC	GGCGTTGC	0	0	0
GCAACGGA	TCCGTTGC	0	0	0
GCAACGGC	GCCGTTGC	0	0	0
GCAACGTA	TACGTTGC	0	0	0
GCAACTAA	TTAGTTGC	0	0	0
GCAACTAC	GTAGTTGC	0	0	0
GCAACTCA	TGAGTTGC	0	0	0
GCAACTCC	GGAGTTGC	0	0	0
GCAACTGA	TCAGTTGC	0	0	0
GCAACTGC	GCAGTTGC	0	0	0
GCAACTTA	TAAGTTGC	0	0	0
GCAAGAAA	TTTCTTGC	0	0	0
GCAAGAAC	GTTCTTGC	0	0	0
GCAAGACA	TGTCTTGC	0	0	0
GCAAGACC	GGTCTTGC	0	0	0
GCAAGAGA	TCTCTTGC	0	0	0
GCAAGAGC	GCTCTTGC	0	0	0
GCAAGATA	TATCTTGC	0	0	0
GCAAGCAA	TTGCTTGC	0	0	0
GCAAGCAC	GTGCTTGC	0	0	0
GCAAGCCA	TGGCTTGC	0	0	0
GCAAGCCC	GGGCTTGC	0	0	0
GCAAGCGA	TCGCTTGC	0	0	0
GCAAGCGC	GCGCTTGC	0	0	0
GCAAGCTA	TAGCTTGC	0	0	0
GCAAGGAA	TTCCTTGC	0	0	0
GCAAGGAC	GTCCTTGC	0	0	0
GCAAGGCA	TGCCTTGC	0	0	0
GCAAGGCC	GGCCTTGC	0	0	0
GCAAGGGA	TCCCTTGC	0	0	0
GCAAGGGC	GCCCTTGC	0	0	0
GCAAGGTA	TACCTTGC	0	0	0
GCAAGTAA	TTACTTGC	0	0	0
GCAAGTAC	GTACTTGC	0	0	0
GCAAGTCA	TGACTTGC	0	0	0
GCAAGTCC	GGACTTGC	0	0	0
GCAAGTGA	TCACTTGC	0	0	0
GCAAGTGC	GCACTTGC	0	0	0
GCAAGTTA	TAACTTGC	0	0	0
GCAATAAA	TTTATTGC	0	0	0
GCAATAAC	GTTATTGC	0	0	0
GCAATACA	TGTATTGC	0	0	0
GCAATACC	GGTATTGC	0	0	0
GCAATAGA	TCTATTGC	0	0	0
GCAATAGC	GCTATTGC	0	0	0
GCAATATA	TATATTGC	0	0	0
GCAATCAA	TTGATTGC	0	0	0
GCAATCAC	GTGATTGC	0	0	0
GCAATCCA	TGGATTGC	0	0	0
GCAATCCC	GGGATTGC	0	0	0
GCAATCGA	TCGATTGC	0	0	0
GCAATCGC	GCGATTGC	0	0	0
GCAATCTA	TAGATTGC	0	0	0
GCAATGAA	TTCATTGC	0	0	0
GCAATGAC	GTCATTGC	0	0	0
GCAATGCA	TGCATTGC	0	0	0
GCAATGCC	GGCATTGC	0	0	0
GCAATGGA	TCCATTGC	0	0	0
GCAATGGC	GCCATTGC	0	0	0
GCAATGTA	TACATTGC	0	0	0
GCAATTAA	TTAATTGC	0	0	0
GCAATTAC	GTAATTGC	0	0	0
GCAATTCA	TGAATTGC	0	0	0
GCAATTCC	GGAATTGC	0	0	0
GCAATTGA	TCAATTGC	0	0	0
GCAATTGC	GCAATTGC	0	0	0
GCAATTTA	TAAATTGC	0	0	0
GCACAAAA	TTTTGTGC	0	0	0
GCACAAAC	GTTTGTGC	0	0	0
GCACAACA	TGTTGTGC	0	0	0
GCACAACC	GGTTGTGC	0	0	0
GCACAAGA	TCTTGTGC	0	0	0
GCACAAGC	GCTTGTGC	0	0	0
GCACAATA	TATTGTGC	0	0	0
GCACACAA	TTGTGTGC	0	0	0
GCACACAC	GTGTGTGC	0	0	0
GCACACCA	TGGTGTGC	0	0	0
GCACACCC	GGGTGTGC	0	0	0
GCACACGA	TCGTGTGC	0	0	0
GCACACGC	GCGTGTGC	0	0	0
GCACACTA	TAGTGTGC	0	0	0
GCACAGAA	TTCTGTGC	0	0	0
GCACAGAC	GTCTGTGC	0	0	0
GCACAGCA	TGCTGTGC	0	0	0
GCACAGCC	GGCTGTGC	0	0	0
GCACAGGA	TCCTGTGC	0	0	0
GCACAGGC	GCCTGTGC	0	0	0
GCACAGTA	TACTGTGC	0	0	0
GCACATAA	TTATGTGC	0	0	0
GCACATAC	GTATGTGC	0	0	0
GCACATCA	TGATGTGC	0	0	0
GCACATCC	GGATGTGC	0	0	0
GCACATGA	TCATGTGC	0	0	0
GCACATGC	GCATGTGC	0	0	0
GCACATTA	TAATGTGC	0	0	0
GCACCAAA	TTTGGTGC	0	0	0
GCACCAAC	GTTGGTGC	0	0	0
GCACCACA	TGTGGTGC	0	0	0
GCACCACC	GGTGGTGC	0	0	0
GCACCAGA	TCTGGTGC	0	0	0
GCACCAGC	GCTGGTGC	0	0	0
GCACCATA	TATGGTGC	0	0	0
GCACCCAA	TTGGGTGC	0	0	0
GCACCCAC	GTGGGTGC	0	0	0
GCACCCCA	TGGGGTGC	0	0	0
GCACCCCC	GGGGGTGC	0	0	0
GCACCCGA	TCGGGTGC	0	0	0
GCACCCGC	GCGGGTGC	0	0	0
GCACCCTA	TAGGGTGC	0	0	0
GCACCGAA	TTCGGTGC	0	0	0
GCACCGAC	GTCGGTGC	0	0	0
GCACCGCA	TGCGGTGC	0	0	0
GCACCGCC	GGCGGTGC	0	0	0
GCACCGGA	TCCGGTGC	0	0	0
GCACCGGC	GCCGGTGC	0	0	0
GCACCGTA	TACGGTGC	0	0	0
GCACCTAA	TTAGGTGC	0	0	0
GCACCTAC	GTAGGTGC	0	0	0
GCACCTCA	TGAGGTGC	0	0	0
GCACCTCC	GGAGGTGC	0	0	0
GCACCTGA	TCAGGTGC	0	0	0
GCACCTGC	GCAGGTGC	0	0	0
GCACCTTA	TAAGGTGC	0	0	0
GCACGAAA	TTTCGTGC	0	0	0
GCACGAAC	GTTCGTGC	0	0	0
GCACGACA	TGTCGTGC	0	0	0
GCACGACC	GGTCGTGC	0	0	0
GCACGAGA	TCTCGTGC	0	0	0
GCACGAGC	GCTCGTGC	0	0	0
GCACGATA	TATCGTGC	0	0	0
GCACGCAA	TTGCGTGC	0	0	0
GCACGCAC	GTGCGTGC	0	0	0
GCACGCCA	TGGCGTGC	0	0	0
GCACGCCC	GGGCGTGC	0	0	0
GCACGCGA	TCGCGTGC	0	0	0
GCACGCGC	GCGCGTGC	0	0	0
GCACGCTA	TAGCGTGC	0	0	0
GCACGGAA	TTCCGTGC	0	0	0
GCACGGAC	GTCCGTGC	0	0	0
GCACGGCA	TGCCGTGC	0	0	0
GCACGGCC	GGCCGTGC	0	0	0
GCACGGGA	TCCCGTGC	0	0	0
GCACGGGC	GCCCGTGC	0	0	0
GCACGGTA	TACCGTGC	0	0	0
GCACGTAA	TTACGTGC	0	0	0
GCACGTAC	GTACGTGC	0	0	0
GCACGTCA	TGACGTGC	0	0	0
GCACGTCC	GGACGTGC	0	0	0
GCACGTGA	TCACGTGC	0	0	0
GCACGTGC	GCACGTGC	0	0	0
GCACGTTA	TAACGTGC	0	0	0
GCACTAAA	TTTAGTGC	0	0	0
GCACTAAC	GTTAGTGC	0	0	0
GCACTACA	TGTAGTGC	0	0	0
GCACTACC	GGTAGTGC	0	0	0
GCACTAGA	TCTAGTGC	0	0	0
GCACTAGC	GCTAGTGC	0	0	0
GCACTATA	TATAGTGC	0	0	0
GCACTCAA	TTGAGTGC	0	0	0
GCACTCAC	GTGAGTGC	0	0	0
GCACTCCA	TGGAGTGC	0	0	0
GCACTCCC	GGGAGTGC	0	0	0
GCACTCGA	TCGAGTGC	0	0	0
GCACTCGC	GCGAGTGC	0	0	0
GCACTCTA	TAGAGTGC	0	0	0
GCACTGAA	TTCAGTGC	0	0	0
GCACTGAC	GTCAGTGC	0	0	0
GCACTGCA	TGCAGTGC	0	0	0
GCACTGCC	GGCAGTGC	0	0	0
GCACTGGA	TCCAGTGC	0	0	0
GCACTGGC	GCCAGTGC	0	0	0
GCACTGTA	TACAGTGC	0	0	0
GCACTTAA	TTAAGTGC	0	0	0
GCACTTAC	GTAAGTGC	0	0	0
GCACTTCA	TGAAGTGC	0	0	0
GCACTTCC	GGAAGTGC	0	0	0
GCACTTGA	TCAAGTGC	0	0	0
GCACTTTA	TAAAGTGC	0	0	0
GCAGAAAA	TTTTCTGC	0	0	0
GCAGAAAC	GTTTCTGC	0	0	0
GCAGAACA	TGTTCTGC	0	0	0
GCAGAACC	GGTTCTGC	0	0	0
GCAGAAGA	TCTTCTGC	0	0	0
GCAGAAGC	GCTTCTGC	0	0	0
GCAGAATA	TATTCTGC	0	0	0
GCAGACAA	TTGTCTGC	0	0	0
GCAGACAC	GTGTCTGC	0	0	0
GCAGACCA	TGGTCTGC	0	0	0
GCAGACCC	GGGTCTGC	0	0	0
GCAGACGA	TCGTCTGC	0	0	0
GCAGACGC	GCGTCTGC	0	0	0
GCAGACTA	TAGTCTGC	0	0	0
GCAGAGAA	TTCTCTGC	0	0	0
GCAGAGAC	GTCTCTGC	0	0	0
GCAGAGCA	TGCTCTGC	0	0	0
GCAGAGCC	GGCTCTGC	0	0	0
GCAGAGGA	TCCTCTGC	0	0	0
GCAGAGGC	GCCTCTGC	0	0	0
GCAGAGTA	TACTCTGC	0	0	0
GCAGATAA	TTATCTGC	0	0	0
GCAGATAC	GTATCTGC	0	0	0
GCAGATCA	TGATCTGC	0	0	0
GCAGATCC	GGATCTGC	0	0	0
GCAGATGA	TCATCTGC	0	0	0
GCAGATGC	GCATCTGC	0	0	0
GCAGATTA	TAATCTGC	0	0	0
GCAGCAAA	TTTGCTGC	0	0	0
GCAGCAAC	GTTGCTGC	0	0	0
GCAGCACA	TGTGCTGC	0	0	0
GCAGCACC	GGTGCTGC	0	0	0
GCAGCAGA	TCTGCTGC	0	0	0
GCAGCAGC	GCTGCTGC	0	0	0
GCAGCATA	TATGCTGC	0	0	0
GCAGCCAA	TTGGCTGC	0	0	0
GCAGCCAC	GTGGCTGC	0	0	0
GCAGCCCA	TGGGCTGC	0	0	0
GCAGCCCC	GGGGCTGC	0	0	0
GCAGCCGA	TCGGCTGC	0	0	0
GCAGCCGC	GCGGCTGC	0	0	0
GCAGCCTA	TAGGCTGC	0	0	0
GCAGCGAA	TTCGCTGC	0	0	0
GCAGCGAC	GTCGCTGC	0	0	0
GCAGCGCA	TGCGCTGC	0	0	0
GCAGCGCC	GGCGCTGC	0	0	0
GCAGCGGA	TCCGCTGC	0	0	0
GCAGCGGC	GCCGCTGC	0	0	0
GCAGCGTA	TACGCTGC	0	0	0
GCAGCTAA	TTAGCTGC	0	0	0
GCAGCTAC	GTAGCTGC	0	0	0
GCAGCTCA	TGAGCTGC	0	0	0
GCAGCTCC	GGAGCTGC	0	0	0
GCAGCTGA	TCAGCTGC	0	0	0
GCAGCTGC	GCAGCTGC	0	0	0
GCAGCTTA	TAAGCTGC	0	0	0
GCAGGAAA	TTTCCTGC	0	0	0
GCAGGAAC	GTTCCTGC	0	0	0
GCAGGACA	TGTCCTGC	0	0	0
GCAGGACC	GGTCCTGC	0	0	0
GCAGGAGA	TCTCCTGC	0	0	0
GCAGGAGC	GCTCCTGC	0	0	0
GCAGGATA	TATCCTGC	0	0	0
GCAGGCAA	TTGCCTGC	0	0	0
GCAGGCAC	GTGCCTGC	0	0	0
GCAGGCCA	TGGCCTGC	0	0	0
GCAGGCCC	GGGCCTGC	0	0	0
GCAGGCGA	TCGCCTGC	0	0	0
GCAGGCGC	GCGCCTGC	0	0	0
GCAGGCTA	TAGCCTGC	0	0	0
GCAGGGAA	TTCCCTGC	0	0	0
GCAGGGAC	GTCCCTGC	0	0	0
GCAGGGCA	TGCCCTGC	0	0	0
GCAGGGCC	GGCCCTGC	0	0	0
GCAGGGGA	TCCCCTGC	0	0	0
GCAGGGGC	GCCCCTGC	0	0	0
GCAGGGTA	TACCCTGC	0	0	0
GCAGGTAA	TTACCTGC	0	0	0
GCAGGTAC	GTACCTGC	0	0	0
GCAGGTCA	TGACCTGC	0	0	0
GCAGGTCC	GGACCTGC	0	0	0
GCAGGTGA	TCACCTGC	0	0	0
GCAGGTTA	TAACCTGC	0	0	0
GCAGTAAA	TTTACTGC	0	0	0
GCAGTAAC	GTTACTGC	0	0	0
GCAGTACA	TGTACTGC	0	0	0
GCAGTACC	GGTACTGC	0	0	0
GCAGTAGA	TCTACTGC	0	0	0
GCAGTAGC	GCTACTGC	0	0	0
GCAGTATA	TATACTGC	0	0	0
GCAGTCAA	TTGACTGC	0	0	0
GCAGTCAC	GTGACTGC	0	0	0
GCAGTCCA	TGGACTGC	0	0	0
GCAGTCCC	GGGACTGC	0	0	0
GCAGTCGA	TCGACTGC	0	0	0
GCAGTCGC	GCGACTGC	0	0	0
GCAGTCTA	TAGACTGC	0	0	0
GCAGTGAA	TTCACTGC	0	0	0
GCAGTGAC	GTCACTGC	0	0	0
GCAGTGCA	TGCACTGC	0	0	0
GCAGTGCC	GGCACTGC	0	0	0
GCAGTGGA	TCCACTGC	0	0	0
GCAGTGGC	GCCACTGC	0	0	0
GCAGTGTA	TACACTGC	0	0	0
GCAGTTAA	TTAACTGC	0	0	0
GCAGTTAC	GTAACTGC	0	0	0
GCAGTTCA	TGAACTGC	0	0	0
GCAGTTCC	GGAACTGC	0	0	0
GCAGTTGA	TCAACTGC	0	0	0
GCAGTTTA	TAAACTGC	0	0	0
GCATAAAA	TTTTATGC	0	0	0
GCATAAAC	GTTTATGC	0	0	0
GCATAACA	TGTTATGC	0	0	0
GCATAACC	GGTTATGC	0	0	0
GCATAAGA	TCTTATGC	0	0	0
GCATAAGC	GCTTATGC	0	0	0
GCATAATA	TATTATGC	0	0	0
GCATACAA	TTGTATGC	0	0	0
GCATACAC	GTGTATGC	0	0	0
GCATACCA	TGGTATGC	0	0	0
GCATACCC	GGGTATGC	0	0	0
GCATACGA	TCGTATGC	0	0	0
GCATACGC	GCGTATGC	0	0	0
GCATACTA	TAGTATGC	0	0	0
GCATAGAA	TTCTATGC	0	0	0
GCATAGAC	GTCTATGC	0	0	0
GCATAGCA	TGCTATGC	0	0	0
GCATAGCC	GGCTATGC	0	0	0
GCATAGGA	TCCTATGC	0	0	0
GCATAGGC	GCCTATGC	0	0	0
GCATAGTA	TACTATGC	0	0	0
GCATATAA	TTATATGC	0	0	0
GCATATAC	GTATATGC	0	0	0
GCATATCA	TGATATGC	0	0	0
GCATATCC	GGATATGC	0	0	0
GCATATGA	TCATATGC	0	0	0
GCATATGC	GCATATGC	0	0	0
GCATATTA	TAATATGC	0	0	0
GCATCAAA	TTTGATGC	0	0	0
GCATCAAC	GTTGATGC	0	0	0
GCATCACA	TGTGATGC	0	0	0
GCATCACC	GGTGATGC	0	0	0
GCATCAGA	TCTGATGC	0	0	0
GCATCAGC	GCTGATGC	0	0	0
GCATCATA	TATGATGC	0	0	0
GCATCCAA	TTGGATGC	0	0	0
GCATCCAC	GTGGATGC	0	0	0
GCATCCCA	TGGGATGC	0	0	0
GCATCCCC	GGGGATGC	0	0	0
GCATCCGA	TCGGATGC	0	0	0
GCATCCGC	GCGGATGC	0	0	0
GCATCCTA	TAGGATGC	0	0	0
GCATCGAA	TTCGATGC	0	0	0
GCATCGAC	GTCGATGC	0	0	0
GCATCGCA	TGCGATGC	0	0	0
GCATCGCC	GGCGATGC	0	0	0
GCATCGGA	TCCGATGC	0	0	0
GCATCGGC	GCCGATGC	0	0	0
GCATCGTA	TACGATGC	0	0	0
GCATCTAA	TTAGATGC	0	0	0
GCATCTAC	GTAGATGC	0	0	0
GCATCTCA	TGAGATGC	0	0	0
GCATCTCC	GGAGATGC	0	0	0
GCATCTGA	TCAGATGC	0	0	0
GCATCTTA	TAAGATGC	0	0	0
GCATGAAA	TTTCATGC	0	0	0
GCATGAAC	GTTCATGC	0	0	0
GCATGACA	TGTCATGC	0	0	0
GCATGACC	GGTCATGC	0	0	0
GCATGAGA	TCTCATGC	0	0	0
GCATGAGC	GCTCATGC	0	0	0
GCATGATA	TATCATGC	0	0	0
GCATGCAA	TTGCATGC	0	0	0
GCATGCAC	GTGCATGC	0	0	0
GCATGCCA	TGGCATGC	0	0	0
GCATGCCC	GGGCATGC	0	0	0
GCATGCGA	TCGCATGC	0	0	0
GCATGCGC	GCGCATGC	0	0	0
GCATGCTA	TAGCATGC	0	0	0
GCATGGAA	TTCCATGC	0	0	0
GCATGGAC	GTCCATGC	0	0	0
GCATGGCA	TGCCATGC	0	0	0
GCATGGCC	GGCCATGC	0	0	0
GCATGGGA	TCCCATGC	0	0	0
GCATGGGC	GCCCATGC	0	0	0
GCATGGTA	TACCATGC	0	0	0
GCATGTAA	TTACATGC	0	0	0
GCATGTAC	GTACATGC	0	0	0
GCATGTCA	TGACATGC	0	0	0
GCATGTCC	GGACATGC	0	0	0
GCATGTGA	TCACATGC	0	0	0
GCATGTTA	TAACATGC	0	0	0
GCATTAAA	TTTAATGC	0	0	0
GCATTAAC	GTTAATGC	0	0	0
GCATTACA	TGTAATGC	0	0	0
GCATTACC	GGTAATGC	0	0	0
GCATTAGA	TCTAATGC	0	0	0
GCATTAGC	GCTAATGC	0	0	0
GCATTATA	TATAATGC	0	0	0
GCATTCAA	TTGAATGC	0	0	0
GCATTCAC	GTGAATGC	0	0	0
GCATTCCA	TGGAATGC	0	0	0
GCATTCCC	GGGAATGC	0	0	0
GCATTCGA	TCGAATGC	0	0	0
GCATTCGC	GCGAATGC	0	0	0
GCATTCTA	TAGAATGC	0	0	0
GCATTGAA	TTCAATGC	0	0	0
GCATTGAC	GTCAATGC	0	0	0
GCATTGCA	TGCAATGC	0	0	0
GCATTGCC	GGCAATGC	0	0	0
GCATTGGA	TCCAATGC	0	0	0
GCATTGGC	GCCAATGC	0	0	0
GCATTGTA	TACAATGC	0	0	0
GCATTTAA	TTAAATGC	0	0	0
GCATTTAC	GTAAATGC	0	0	0
GCATTTCA	TGAAATGC	0	0	0
GCATTTCC	GGAAATGC	0	0	0
GCATTTGA	TCAAATGC	0	0	0
GCATTTTA	TAAAATGC	0	0	0
GCCAAAAA	TTTTTGGC	0	0	0
GCCAAAAC	GTTTTGGC	0	0	0
GCCAAACA	TGTTTGGC	0	0	0
GCCAAACC	GGTTTGGC	0	0	0
GCCAAAGA	TCTTTGGC	0	0	0
GCCAAAGC	GCTTTGGC	0	0	0
GCCAAATA	TATTTGGC	0	0	0
GCCAACAA	TTGTTGGC	0	0	0
GCCAACAC	GTGTTGGC	0	0	0
GCCAACCA	TGGTTGGC	0	0	0
GCCAACCC	GGGTTGGC	0	0	0
GCCAACGA	TCGTTGGC	0	0	0
GCCAACGC	GCGTTGGC	0	0	0
GCCAACTA	TAGTTGGC	0	0	0
GCCAAGAA	TTCTTGGC	0	0	0
GCCAAGAC	GTCTTGGC	0	0	0
GCCAAGCA	TGCTTGGC	0	0	0
GCCAAGCC	GGCTTGGC	0	0	0
GCCAAGGA	TCCTTGGC	0	0	0
GCCAAGGC	GCCTTGGC	0	0	0
GCCAAGTA	TACTTGGC	0	0	0
GCCAATAA	TTATTGGC	0	0	0
GCCAATAC	GTATTGGC	0	0	0
GCCAATCA	TGATTGGC	0	0	0
GCCAATCC	GGATTGGC	0	0	0
GCCAATGA	TCATTGGC	0	0	0
GCCAATTA	TAATTGGC	0	0	0
GCCACAAA	TTTGTGGC	0	0	0
GCCACAAC	GTTGTGGC	0	0	0
GCCACACA	TGTGTGGC	0	0	0
GCCACACC	GGTGTGGC	0	0	0
GCCACAGA	TCTGTGGC	0	0	0
GCCACAGC	GCTGTGGC	0	0	0
GCCACATA	TATGTGGC	0	0	0
GCCACCAA	TTGGTGGC	0	0	0
GCCACCAC	GTGGTGGC	0	0	0
GCCACCCA	TGGGTGGC	0	0	0
GCCACCCC	GGGGTGGC	0	0	0
GCCACCGA	TCGGTGGC	0	0	0
GCCACCGC	GCGGTGGC	0	0	0
GCCACCTA	TAGGTGGC	0	0	0
GCCACGAA	TTCGTGGC	0	0	0
GCCACGAC	GTCGTGGC	0	0	0
GCCACGCA	TGCGTGGC	0	0	0
GCCACGCC	GGCGTGGC	0	0	0
GCCACGGA	TCCGTGGC	0	0	0
GCCACGGC	GCCGTGGC	0	0	0
GCCACGTA	TACGTGGC	0	0	0
GCCACTAA	TTAGTGGC	0	0	0
GCCACTAC	GTAGTGGC	0	0	0
GCCACTCA	TGAGTGGC	0	0	0
GCCACTCC	GGAGTGGC	0	0	0
GCCACTGA	TCAGTGGC	0	0	0
GCCACTTA	TAAGTGGC	0	0	0
GCCAGAAA	TTTCTGGC	0	0	0
GCCAGAAC	GTTCTGGC	0	0	0
GCCAGACA	TGTCTGGC	0	0	0
GCCAGACC	GGTCTGGC	0	0	0
GCCAGAGA	TCTCTGGC	0	0	0
GCCAGAGC	GCTCTGGC	0	0	0
GCCAGATA	TATCTGGC	0	0	0
GCCAGCAA	TTGCTGGC	0	0	0
GCCAGCAC	GTGCTGGC	0	0	0
GCCAGCCA	TGGCTGGC	0	0	0
GCCAGCCC	GGGCTGGC	0	0	0
GCCAGCGA	TCGCTGGC	0	0	0
GCCAGCGC	GCGCTGGC	0	0	0
GCCAGCTA	TAGCTGGC	0	0	0
GCCAGGAA	TTCCTGGC	0	0	0
GCCAGGAC	GTCCTGGC	0	0	0
GCCAGGCA	TGCCTGGC	0	0	0
GCCAGGCC	GGCCTGGC	0	0	0
GCCAGGGA	TCCCTGGC	0	0	0
GCCAGGGC	GCCCTGGC	0	0	0
GCCAGGTA	TACCTGGC	0	0	0
GCCAGTAA	TTACTGGC	0	0	0
GCCAGTAC	GTACTGGC	0	0	0
GCCAGTCA	TGACTGGC	0	0	0
GCCAGTCC	GGACTGGC	0	0	0
GCCAGTGA	TCACTGGC	0	0	0
GCCAGTTA	TAACTGGC	0	0	0
GCCATAAA	TTTATGGC	0	0	0
GCCATAAC	GTTATGGC	0	0	0
GCCATACA	TGTATGGC	0	0	0
GCCATACC	GGTATGGC	0	0	0
GCCATAGA	TCTATGGC	0	0	0
GCCATAGC	GCTATGGC	0	0	0
GCCATATA	TATATGGC	0	0	0
GCCATCAA	TTGATGGC	0	0	0
GCCATCAC	GTGATGGC	0	0	0
GCCATCCA	TGGATGGC	0	0	0
GCCATCCC	GGGATGGC	0	0	0
GCCATCGA	TCGATGGC	0	0	0
GCCATCGC	GCGATGGC	0	0	0
GCCATCTA	TAGATGGC	0	0	0
GCCATGAA	TTCATGGC	0	0	0
GCCATGAC	GTCATGGC	0	0	0
GCCATGCA	TGCATGGC	0	0	0
GCCATGCC	GGCATGGC	0	0	0
GCCATGGA	TCCATGGC	0	0	0
GCCATGGC	GCCATGGC	0	0	0
GCCATGTA	TACATGGC	0	0	0
GCCATTAA	TTAATGGC	0	0	0
GCCATTAC	GTAATGGC	0	0	0
GCCATTCA	TGAATGGC	0	0	0
GCCATTCC	GGAATGGC	0	0	0
GCCATTGA	TCAATGGC	0	0	0
GCCATTTA	TAAATGGC	0	0	0
GCCCAAAA	TTTTGGGC	0	0	0
GCCCAAAC	GTTTGGGC	0	0	0
GCCCAACA	TGTTGGGC	0	0	0
GCCCAACC	GGTTGGGC	0	0	0
GCCCAAGA	TCTTGGGC	0	0	0
GCCCAAGC	GCTTGGGC	0	0	0
GCCCAATA	TATTGGGC	0	0	0
GCCCACAA	TTGTGGGC	0	0	0
GCCCACAC	GTGTGGGC	0	0	0
GCCCACCA	TGGTGGGC	0	0	0
GCCCACCC	GGGTGGGC	0	0	0
GCCCACGA	TCGTGGGC	0	0	0
GCCCACGC	GCGTGGGC	0	0	0
GCCCACTA	TAGTGGGC	0	0	0
GCCCAGAA	TTCTGGGC	0	0	0
GCCCAGAC	GTCTGGGC	0	0	0
GCCCAGCA	TGCTGGGC	0	0	0
GCCCAGCC	GGCTGGGC	0	0	0
GCCCAGGA	TCCTGGGC	0	0	0
GCCCAGGC	GCCTGGGC	0	0	0
GCCCAGTA	TACTGGGC	0	0	0
GCCCATAA	TTATGGGC	0	0	0
GCCCATAC	GTATGGGC	0	0	0
GCCCATCA	TGATGGGC	0	0	0
GCCCATCC	GGATGGGC	0	0	0
GCCCATGA	TCATGGGC	0	0	0
GCCCATTA	TAATGGGC	0	0	0
GCCCCAAA	TTTGGGGC	0	0	0
GCCCCAAC	GTTGGGGC	0	0	0
GCCCCACA	TGTGGGGC	0	0	0
GCCCCACC	GGTGGGGC	0	0	0
GCCCCAGA	TCTGGGGC	0	0	0
GCCCCAGC	GCTGGGGC	0	0	0
GCCCCATA	TATGGGGC	0	0	0
GCCCCCAA	TTGGGGGC	0	0	0
GCCCCCAC	GTGGGGGC	0	0	0
GCCCCCCA	TGGGGGGC	0	0	0
GCCCCCCC	GGGGGGGC	0	0	0
GCCCCCGA	TCGGGGGC	0	0	0
GCCCCCGC	GCGGGGGC	0	0	0
GCCCCCTA	TAGGGGGC	0	0	0
GCCCCGAA	TTCGGGGC	0	0	0
GCCCCGAC	GTCGGGGC	0	0	0
GCCCCGCA	TGCGGGGC	0	0	0
GCCCCGCC	GGCGGGGC	0	0	0
GCCCCGGA	TCCGGGGC	0	0	0
GCCCCGGC	GCCGGGGC	0	0	0
GCCCCGTA	TACGGGGC	0	0	0
GCCCCTAA	TTAGGGGC	0	0	0
GCCCCTAC	GTAGGGGC	0	0	0
GCCCCTCA	TGAGGGGC	0	0	0
GCCCCTCC	GGAGGGGC	0	0	0
GCCCCTGA	TCAGGGGC	0	0	0
GCCCCTTA	TAAGGGGC	0	0	0
GCCCGAAA	TTTCGGGC	0	0	0
GCCCGAAC	GTTCGGGC	0	0	0
GCCCGACA	TGTCGGGC	0	0	0
GCCCGACC	GGTCGGGC	0	0	0
GCCCGAGA	TCTCGGGC	0	0	0
GCCCGAGC	GCTCGGGC	0	0	0
GCCCGATA	TATCGGGC	0	0	0
GCCCGCAA	TTGCGGGC	0	0	0
GCCCGCAC	GTGCGGGC	0	0	0
GCCCGCCA	TGGCGGGC	0	0	0
GCCCGCCC	GGGCGGGC	0	0	0
GCCCGCGA	TCGCGGGC	0	0	0
GCCCGCGC	GCGCGGGC	0	0	0
GCCCGCTA	TAGCGGGC	0	0	0
GCCCGGAA	TTCCGGGC	0	0	0
GCCCGGAC	GTCCGGGC	0	0	0
GCCCGGCA	TGCCGGGC	0	0	0
GCCCGGCC	GGCCGGGC	0	0	0
GCCCGGGA	TCCCGGGC	0	0	0
GCCCGGGC	GCCCGGGC	0	0	0
GCCCGGTA	TACCGGGC	0	0	0
GCCCGTAA	TTACGGGC	0	0	0
GCCCGTAC	GTACGGGC	0	0	0
GCCCGTCA	TGACGGGC	0	0	0
GCCCGTCC	GGACGGGC	0	0	0
GCCCGTGA	TCACGGGC	0	0	0
GCCCGTTA	TAACGGGC	0	0	0
GCCCTAAA	TTTAGGGC	0	0	0
GCCCTAAC	GTTAGGGC	0	0	0
GCCCTACA	TGTAGGGC	0	0	0
GCCCTACC	GGTAGGGC	0	0	0
GCCCTAGA	TCTAGGGC	0	0	0
GCCCTAGC	GCTAGGGC	0	0	0
GCCCTATA	TATAGGGC	0	0	0
GCCCTCAA	TTGAGGGC	0	0	0
GCCCTCAC	GTGAGGGC	0	0	0
GCCCTCCA	TGGAGGGC	0	0	0
GCCCTCCC	GGGAGGGC	0	0	0
GCCCTCGA	TCGAGGGC	0	0	0
GCCCTCGC	GCGAGGGC	0	0	0
GCCCTCTA	TAGAGGGC	0	0	0
GCCCTGAA	TTCAGGGC	0	0	0
GCCCTGAC	GTCAGGGC	0	0	0
GCCCTGCA	TGCAGGGC	0	0	0
GCCCTGCC	GGCAGGGC	0	0	0
GCCCTGGA	TCCAGGGC	0	0	0
GCCCTGTA	TACAGGGC	0	0	0
GCCCTTAA	TTAAGGGC	0	0	0
GCCCTTAC	GTAAGGGC	0	0	0
GCCCTTCA	TGAAGGGC	0	0	0
GCCCTTCC	GGAAGGGC	0	0	0
GCCCTTGA	TCAAGGGC	0	0	0
GCCCTTTA	TAAAGGGC	0	0	0
GCCGAAAA	TTTTCGGC	0	0	0
GCCGAAAC	GTTTCGGC	0	0	0
GCCGAACA	TGTTCGGC	0	0	0
GCCGAACC	GGTTCGGC	0	0	0
GCCGAAGA	TCTTCGGC	0	0	0
GCCGAAGC	GCTTCGGC	0	0	0
GCCGAATA	TATTCGGC	0	0	0
GCCGACAA	TTGTCGGC	0	0	0
GCCGACAC	GTGTCGGC	0	0	0
GCCGACCA	TGGTCGGC	0	0	0
GCCGACCC	GGGTCGGC	0	0	0
GCCGACGA	TCGTCGGC	0	0	0
GCCGACGC	GCGTCGGC	0	0	0
GCCGACTA	TAGTCGGC	0	0	0
GCCGAGAA	TTCTCGGC	0	0	0
GCCGAGAC	GTCTCGGC	0	0	0
GCCGAGCA	TGCTCGGC	0	0	0
GCCGAGCC	GGCTCGGC	0	0	0
GCCGAGGA	TCCTCGGC	0	0	0
GCCGAGGC	GCCTCGGC	0	0	0
GCCGAGTA	TACTCGGC	0	0	0
GCCGATAA	TTATCGGC	0	0	0
GCCGATAC	GTATCGGC	0	0	0
GCCGATCA	TGATCGGC	0	0	0
GCCGATCC	GGATCGGC	0	0	0
GCCGATGA	TCATCGGC	0	0	0
GCCGATTA	TAATCGGC	0	0	0
GCCGCAAA	TTTGCGGC	0	0	0
GCCGCAAC	GTTGCGGC	0	0	0
GCCGCACA	TGTGCGGC	0	0	0
GCCGCACC	GGTGCGGC	0	0	0
GCCGCAGA	TCTGCGGC	0	0	0
GCCGCAGC	GCTGCGGC	0	0	0
GCCGCATA	TATGCGGC	0	0	0
GCCGCCAA	TTGGCGGC	0	0	0
GCCGCCAC	GTGGCGGC	0	0	0
GCCGCCCA	TGGGCGGC	0	0	0
GCCGCCCC	GGGGCGGC	0	0	0
GCCGCCGA	TCGGCGGC	0	0	0
GCCGCCGC	GCGGCGGC	0	0	0
GCCGCCTA	TAGGCGGC	0	0	0
GCCGCGAA	TTCGCGGC	0	0	0
GCCGCGAC	GTCGCGGC	0	0	0
GCCGCGCA	TGCGCGGC	0	0	0
GCCGCGCC	GGCGCGGC	0	0	0
GCCGCGGA	TCCGCGGC	0	0	0
GCCGCGGC	GCCGCGGC	0	0	0
GCCGCGTA	TACGCGGC	0	0	0
GCCGCTAA	TTAGCGGC	0	0	0
GCCGCTAC	GTAGCGGC	0	0	0
GCCGCTCA	TGAGCGGC	0	0	0
GCCGCTCC	GGAGCGGC	0	0	0
GCCGCTGA	TCAGCGGC	0	0	0
GCCGCTTA	TAAGCGGC	0	0	0
GCCGGAAA	TTTCCGGC	0	0	0
GCCGGAAC	GTTCCGGC	0	0	0
GCCGGACA	TGTCCGGC	0	0	0
GCCGGACC	GGTCCGGC	0	0	0
GCCGGAGA	TCTCCGGC	0	0	0
GCCGGAGC	GCTCCGGC	0	0	0
GCCGGATA	TATCCGGC	0	0	0
GCCGGCAA	TTGCCGGC	0	0	0
GCCGGCAC	GTGCCGGC	0	0	0
GCCGGCCA	TGGCCGGC	0	0	0
GCCGGCCC	GGGCCGGC	0	0	0
GCCGGCGA	TCGCCGGC	0	0	0
GCCGGCGC	GCGCCGGC	0	0	0
GCCGGCTA	TAGCCGGC	0	0	0
GCCGGGAA	TTCCCGGC	0	0	0
GCCGGGAC	GTCCCGGC	0	0	0
GCCGGGCA	TGCCCGGC	0	0	0
GCCGGGCC	GGCCCGGC	0	0	0
GCCGGGGA	TCCCCGGC	0	0	0
GCCGGGTA	TACCCGGC	0	0	0
GCCGGTAA	TTACCGGC	0	0	0
GCCGGTAC	GTACCGGC	0	0	0
GCCGGTCA	TGACCGGC	0	0	0
GCCGGTCC	GGACCGGC	0	0	0
GCCGGTGA	TCACCGGC	0	0	0
GCCGGTTA	TAACCGGC	0	0	0
GCCGTAAA	TTTACGGC	0	0	0
GCCGTAAC	GTTACGGC	0	0	0
GCCGTACA	TGTACGGC	0	0	0
GCCGTACC	GGTACGGC	0	0	0
GCCGTAGA	TCTACGGC	0	0	0
GCCGTAGC	GCTACGGC	0	0	0
GCCGTATA	TATACGGC	0	0	0
GCCGTCAA	TTGACGGC	0	0	0
GCCGTCAC	GTGACGGC	0	0	0
GCCGTCCA	TGGACGGC	0	0	0
GCCGTCCC	GGGACGGC	0	0	0
GCCGTCGA	TCGACGGC	0	0	0
GCCGTCGC	GCGACGGC	0	0	0
GCCGTCTA	TAGACGGC	0	0	0
GCCGTGAA	TTCACGGC	0	0	0
GCCGTGAC	GTCACGGC	0	0	0
GCCGTGCA	TGCACGGC	0	0	0
GCCGTGCC	GGCACGGC	0	0	0
GCCGTGGA	TCCACGGC	0	0	0
GCCGTGTA	TACACGGC	0	0	0
GCCGTTAA	TTAACGGC	0	0	0
GCCGTTAC	GTAACGGC	0	0	0
GCCGTTCA	TGAACGGC	0	0	0
GCCGTTCC	GGAACGGC	0	0	0
GCCGTTGA	TCAACGGC	0	0	0
GCCGTTTA	TAAACGGC	0	0	0
GCCTAAAA	TTTTAGGC	0	0	0
GCCTAAAC	GTTTAGGC	0	0	0
GCCTAACA	TGTTAGGC	0	0	0
GCCTAACC	GGTTAGGC	0	0	0
GCCTAAGA	TCTTAGGC	0	0	0
GCCTAAGC	GCTTAGGC	0	0	0
GCCTAATA	TATTAGGC	0	0	0
GCCTACAA	TTGTAGGC	0	0	0
GCCTACAC	GTGTAGGC	0	0	0
GCCTACCA	TGGTAGGC	0	0	0
GCCTACCC	GGGTAGGC	0	0	0
GCCTACGA	TCGTAGGC	0	0	0
GCCTACGC	GCGTAGGC	0	0	0
GCCTACTA	TAGTAGGC	0	0	0
GCCTAGAA	TTCTAGGC	0	0	0
GCCTAGAC	GTCTAGGC	0	0	0
GCCTAGCA	TGCTAGGC	0	0	0
GCCTAGCC	GGCTAGGC	0	0	0
GCCTAGGA	TCCTAGGC	0	0	0
GCCTAGGC	GCCTAGGC	0	0	0
GCCTAGTA	TACTAGGC	0	0	0
GCCTATAA	TTATAGGC	0	0	0
GCCTATAC	GTATAGGC	0	0	0
GCCTATCA	TGATAGGC	0	0	0
GCCTATCC	GGATAGGC	0	0	0
GCCTATGA	TCATAGGC	0	0	0
GCCTATTA	TAATAGGC	0	0	0
GCCTCAAA	TTTGAGGC	0	0	0
GCCTCAAC	GTTGAGGC	0	0	0
GCCTCACA	TGTGAGGC	0	0	0
GCCTCACC	GGTGAGGC	0	0	0
GCCTCAGA	TCTGAGGC	0	0	0
GCCTCAGC	GCTGAGGC	0	0	0
GCCTCATA	TATGAGGC	0	0	0
GCCTCCAA	TTGGAGGC	0	0	0
GCCTCCAC	GTGGAGGC	0	0	0
GCCTCCCA	TGGGAGGC	0	0	0
GCCTCCCC	GGGGAGGC	0	0	0
GCCTCCGA	TCGGAGGC	0	0	0
GCCTCCGC	GCGGAGGC	0	0	0
GCCTCCTA	TAGGAGGC	0	0	0
GCCTCGAA	TTCGAGGC	0	0	0
GCCTCGAC	GTCGAGGC	0	0	0
GCCTCGCA	TGCGAGGC	0	0	0
GCCTCGCC	GGCGAGGC	0	0	0
GCCTCGGA	TCCGAGGC	0	0	0
GCCTCGTA	TACGAGGC	0	0	0
GCCTCTAA	TTAGAGGC	0	0	0
GCCTCTAC	GTAGAGGC	0	0	0
GCCTCTCA	TGAGAGGC	0	0	0
GCCTCTCC	GGAGAGGC	0	0	0
GCCTCTGA	TCAGAGGC	0	0	0
GCCTCTTA	TAAGAGGC	0	0	0
GCCTGAAA	TTTCAGGC	0	0	0
GCCTGAAC	GTTCAGGC	0	0	0
GCCTGACA	TGTCAGGC	0	0	0
GCCTGACC	GGTCAGGC	0	0	0
GCCTGAGA	TCTCAGGC	0	0	0
GCCTGAGC	GCTCAGGC	0	0	0
GCCTGATA	TATCAGGC	0	0	0
GCCTGCAA	TTGCAGGC	0	0	0
GCCTGCAC	GTGCAGGC	0	0	0
GCCTGCCA	TGGCAGGC	0	0	0
GCCTGCCC	GGGCAGGC	0	0	0
GCCTGCGA	TCGCAGGC	0	0	0
GCCTGCGC	GCGCAGGC	0	0	0
GCCTGCTA	TAGCAGGC	0	0	0
GCCTGGAA	TTCCAGGC	0	0	0
GCCTGGAC	GTCCAGGC	0	0	0
GCCTGGCA	TGCCAGGC	0	0	0
GCCTGGCC	GGCCAGGC	0	0	0
GCCTGGGA	TCCCAGGC	0	0	0
GCCTGGTA	TACCAGGC	0	0	0
GCCTGTAA	TTACAGGC	0	0	0
GCCTGTAC	GTACAGGC	0	0	0
GCCTGTCA	TGACAGGC	0	0	0
GCCTGTCC	GGACAGGC	0	0	0
GCCTGTGA	TCACAGGC	0	0	0
GCCTGTTA	TAACAGGC	0	0	0
GCCTTAAA	TTTAAGGC	0	0	0
GCCTTAAC	GTTAAGGC	0	0	0
GCCTTACA	TGTAAGGC	0	0	0
GCCTTACC	GGTAAGGC	0	0	0
GCCTTAGA	TCTAAGGC	0	0	0
GCCTTAGC	GCTAAGGC	0	0	0
GCCTTATA	TATAAGGC	0	0	0
GCCTTCAA	TTGAAGGC	0	0	0
GCCTTCAC	GTGAAGGC	0	0	0
GCCTTCCA	TGGAAGGC	0	0	0
GCCTTCCC	GGGAAGGC	0	0	0
GCCTTCGA	TCGAAGGC	0	0	0
GCCTTCGC	GCGAAGGC	0	0	0
GCCTTCTA	TAGAAGGC	0	0	0
GCCTTGAA	TTCAAGGC	0	0	0
GCCTTGAC	GTCAAGGC	0	0	0
GCCTTGCA	TGCAAGGC	0	0	0
GCCTTGCC	GGCAAGGC	0	0	0
GCCTTGGA	TCCAAGGC	0	0	0
GCCTTGTA	TACAAGGC	0	0	0
GCCTTTAA	TTAAAGGC	0	0	0
GCCTTTAC	GTAAAGGC	0	0	0
GCCTTTCA	TGAAAGGC	0	0	0
GCCTTTCC	GGAAAGGC	0	0	0
GCCTTTGA	TCAAAGGC	0	0	0
GCCTTTTA	TAAAAGGC	0	0	0
GCGAAAAA	TTTTTCGC	0	0	0
GCGAAAAC	GTTTTCGC	0	0	0
GCGAAACA	TGTTTCGC	0	0	0
GCGAAACC	GGTTTCGC	0	0	0
GCGAAAGA	TCTTTCGC	0	0	0
GCGAAAGC	GCTTTCGC	0	0	0
GCGAAATA	TATTTCGC	0	0	0
GCGAACAA	TTGTTCGC	0	0	0
GCGAACAC	GTGTTCGC	0	0	0
GCGAACCA	TGGTTCGC	0	0	0
GCGAACCC	GGGTTCGC	0	0	0
GCGAACGA	TCGTTCGC	0	0	0
GCGAACGC	GCGTTCGC	0	0	0
GCGAACTA	TAGTTCGC	0	0	0
GCGAAGAA	TTCTTCGC	0	0	0
GCGAAGAC	GTCTTCGC	0	0	0
GCGAAGCA	TGCTTCGC	0	0	0
GCGAAGCC	GGCTTCGC	0	0	0
GCGAAGGA	TCCTTCGC	0	0	0
GCGAAGTA	TACTTCGC	0	0	0
GCGAATAA	TTATTCGC	0	0	0
GCGAATAC	GTATTCGC	0	0	0
GCGAATCA	TGATTCGC	0	0	0
GCGAATCC	GGATTCGC	0	0	0
GCGAATGA	TCATTCGC	0	0	0
GCGAATTA	TAATTCGC	0	0	0
GCGACAAA	TTTGTCGC	0	0	0
GCGACAAC	GTTGTCGC	0	0	0
GCGACACA	TGTGTCGC	0	0	0
GCGACACC	GGTGTCGC	0	0	0
GCGACAGA	TCTGTCGC	0	0	0
GCGACAGC	GCTGTCGC	0	0	0
GCGACATA	TATGTCGC	0	0	0
GCGACCAA	TTGGTCGC	0	0	0
GCGACCAC	GTGGTCGC	0	0	0
GCGACCCA	TGGGTCGC	0	0	0
GCGACCCC	GGGGTCGC	0	0	0
GCGACCGA	TCGGTCGC	0	0	0
GCGACCGC	GCGGTCGC	0	0	0
GCGACCTA	TAGGTCGC	0	0	0
GCGACGAA	TTCGTCGC	0	0	0
GCGACGAC	GTCGTCGC	0	0	0
GCGACGCA	TGCGTCGC	0	0	0
GCGACGCC	GGCGTCGC	0	0	0
GCGACGGA	TCCGTCGC	0	0	0
GCGACGTA	TACGTCGC	0	0	0
GCGACTAA	TTAGTCGC	0	0	0
GCGACTAC	GTAGTCGC	0	0	0
GCGACTCA	TGAGTCGC	0	0	0
GCGACTCC	GGAGTCGC	0	0	0
GCGACTGA	TCAGTCGC	0	0	0
GCGACTTA	TAAGTCGC	0	0	0
GCGAGAAA	TTTCTCGC	0	0	0
GCGAGAAC	GTTCTCGC	0	0	0
GCGAGACA	TGTCTCGC	0	0	0
GCGAGACC	GGTCTCGC	0	0	0
GCGAGAGA	TCTCTCGC	0	0	0
GCGAGAGC	GCTCTCGC	0	0	0
GCGAGATA	TATCTCGC	0	0	0
GCGAGCAA	TTGCTCGC	0	0	0
GCGAGCAC	GTGCTCGC	0	0	0
GCGAGCCA	TGGCTCGC	0	0	0
GCGAGCCC	GGGCTCGC	0	0	0
GCGAGCGA	TCGCTCGC	0	0	0
GCGAGCGC	GCGCTCGC	0	0	0
GCGAGCTA	TAGCTCGC	0	0	0
GCGAGGAA	TTCCTCGC	0	0	0
GCGAGGAC	GTCCTCGC	0	0	0
GCGAGGCA	TGCCTCGC	0	0	0
GCGAGGCC	GGCCTCGC	0	0	0
GCGAGGGA	TCCCTCGC	0	0	0
GCGAGGTA	TACCTCGC	0	0	0
GCGAGTAA	TTACTCGC	0	0	0
GCGAGTAC	GTACTCGC	0	0	0
GCGAGTCA	TGACTCGC	0	0	0
GCGAGTCC	GGACTCGC	0	0	0
GCGAGTGA	TCACTCGC	0	0	0
GCGAGTTA	TAACTCGC	0	0	0
GCGATAAA	TTTATCGC	0	0	0
GCGATAAC	GTTATCGC	0	0	0
GCGATACA	TGTATCGC	0	0	0
GCGATACC	GGTATCGC	0	0	0
GCGATAGA	TCTATCGC	0	0	0
GCGATAGC	GCTATCGC	0	0	0
GCGATATA	TATATCGC	0	0	0
GCGATCAA	TTGATCGC	0	0	0
GCGATCAC	GTGATCGC	0	0	0
GCGATCCA	TGGATCGC	0	0	0
GCGATCCC	GGGATCGC	0	0	0
GCGATCGA	TCGATCGC	0	0	0
GCGATCGC	GCGATCGC	0	0	0
GCGATCTA	TAGATCGC	0	0	0
GCGATGAA	TTCATCGC	0	0	0
GCGATGAC	GTCATCGC	0	0	0
GCGATGCA	TGCATCGC	0	0	0
GCGATGCC	GGCATCGC	0	0	0
GCGATGGA	TCCATCGC	0	0	0
GCGATGTA	TACATCGC	0	0	0
GCGATTAA	TTAATCGC	0	0	0
GCGATTAC	GTAATCGC	0	0	0
GCGATTCA	TGAATCGC	0	0	0
GCGATTCC	GGAATCGC	0	0	0
GCGATTGA	TCAATCGC	0	0	0
GCGATTTA	TAAATCGC	0	0	0
GCGCAAAA	TTTTGCGC	0	0	0
GCGCAAAC	GTTTGCGC	0	0	0
GCGCAACA	TGTTGCGC	0	0	0
GCGCAACC	GGTTGCGC	0	0	0
GCGCAAGA	TCTTGCGC	0	0	0
GCGCAAGC	GCTTGCGC	0	0	0
GCGCAATA	TATTGCGC	0	0	0
GCGCACAA	TTGTGCGC	0	0	0
GCGCACAC	GTGTGCGC	0	0	0
GCGCACCA	TGGTGCGC	0	0	0
GCGCACCC	GGGTGCGC	0	0	0
GCGCACGA	TCGTGCGC	0	0	0
GCGCACGC	GCGTGCGC	0	0	0
GCGCACTA	TAGTGCGC	0	0	0
GCGCAGAA	TTCTGCGC	0	0	0
GCGCAGAC	GTCTGCGC	0	0	0
GCGCAGCA	TGCTGCGC	0	0	0
GCGCAGCC	GGCTGCGC	0	0	0
GCGCAGGA	TCCTGCGC	0	0	0
GCGCAGTA	TACTGCGC	0	0	0
GCGCATAA	TTATGCGC	0	0	0
GCGCATAC	GTATGCGC	0	0	0
GCGCATCA	TGATGCGC	0	0	0
GCGCATCC	GGATGCGC	0	0	0
GCGCATGA	TCATGCGC	0	0	0
GCGCATTA	TAATGCGC	0	0	0
GCGCCAAA	TTTGGCGC	0	0	0
GCGCCAAC	GTTGGCGC	0	0	0
GCGCCACA	TGTGGCGC	0	0	0
GCGCCACC	GGTGGCGC	0	0	0
GCGCCAGA	TCTGGCGC	0	0	0
GCGCCAGC	GCTGGCGC	0	0	0
GCGCCATA	TATGGCGC	0	0	0
GCGCCCAA	TTGGGCGC	0	0	0
GCGCCCAC	GTGGGCGC	0	0	0
GCGCCCCA	TGGGGCGC	0	0	0
GCGCCCCC	GGGGGCGC	0	0	0
GCGCCCGA	TCGGGCGC	0	0	0
GCGCCCGC	GCGGGCGC	0	0	0
GCGCCCTA	TAGGGCGC	0	0	0
GCGCCGAA	TTCGGCGC	0	0	0
GCGCCGAC	GTCGGCGC	0	0	0
GCGCCGCA	TGCGGCGC	0	0	0
GCGCCGCC	GGCGGCGC	0	0	0
GCGCCGGA	TCCGGCGC	0	0	0
GCGCCGTA	TACGGCGC	0	0	0
GCGCCTAA	TTAGGCGC	0	0	0
GCGCCTAC	GTAGGCGC	0	0	0
GCGCCTCA	TGAGGCGC	0	0	0
GCGCCTCC	GGAGGCGC	0	0	0
GCGCCTGA	TCAGGCGC	0	0	0
GCGCCTTA	TAAGGCGC	0	0	0
GCGCGAAA	TTTCGCGC	0	0	0
GCGCGAAC	GTTCGCGC	0	0	0
GCGCGACA	TGTCGCGC	0	0	0
GCGCGACC	GGTCGCGC	0	0	0
GCGCGAGA	TCTCGCGC	0	0	0
GCGCGAGC	GCTCGCGC	0	0	0
GCGCGATA	TATCGCGC	0	0	0
GCGCGCAA	TTGCGCGC	0	0	0
GCGCGCAC	GTGCGCGC	0	0	0
GCGCGCCA	TGGCGCGC	0	0	0
GCGCGCCC	GGGCGCGC	0	0	0
GCGCGCGA	TCGCGCGC	0	0	0
GCGCGCGC	GCGCGCGC	0	0	0
GCGCGCTA	TAGCGCGC	0	0	0
GCGCGGAA	TTCCGCGC	0	0	0
GCGCGGAC	GTCCGCGC	0	0	0
GCGCGGCA	TGCCGCGC	0	0	0
GCGCGGCC	GGCCGCGC	0	0	0
GCGCGGGA	TCCCGCGC	0	0	0
GCGCGGTA	TACCGCGC	0	0	0
GCGCGTAA	TTACGCGC	0	0	0
GCGCGTAC	GTACGCGC	0	0	0
GCGCGTCA	TGACGCGC	0	0	0
GCGCGTCC	GGACGCGC	0	0	0
GCGCGTGA	TCACGCGC	0	0	0
GCGCGTTA	TAACGCGC	0	0	0
GCGCTAAA	TTTAGCGC	0	0	0
GCGCTAAC	GTTAGCGC	0	0	0
GCGCTACA	TGTAGCGC	0	0	0
GCGCTACC	GGTAGCGC	0	0	0
GCGCTAGA	TCTAGCGC	0	0	0
GCGCTAGC	GCTAGCGC	0	0	0
GCGCTATA	TATAGCGC	0	0	0
GCGCTCAA	TTGAGCGC	0	0	0
GCGCTCAC	GTGAGCGC	0	0	0
GCGCTCCA	TGGAGCGC	0	0	0
GCGCTCCC	GGGAGCGC	0	0	0
GCGCTCGA	TCGAGCGC	0	0	0
GCGCTCTA	TAGAGCGC	0	0	0
GCGCTGAA	TTCAGCGC	0	0	0
GCGCTGAC	GTCAGCGC	0	0	0
GCGCTGCA	TGCAGCGC	0	0	0
GCGCTGCC	GGCAGCGC	0	0	0
GCGCTGGA	TCCAGCGC	0	0	0
GCGCTGTA	TACAGCGC	0	0	0
GCGCTTAA	TTAAGCGC	0	0	0
GCGCTTAC	GTAAGCGC	0	0	0
GCGCTTCA	TGAAGCGC	0	0	0
GCGCTTCC	GGAAGCGC	0	0	0
GCGCTTGA	TCAAGCGC	0	0	0
GCGCTTTA	TAAAGCGC	0	0	0
GCGGAAAA	TTTTCCGC	0	0	0
GCGGAAAC	GTTTCCGC	0	0	0
GCGGAACA	TGTTCCGC	0	0	0
GCGGAACC	GGTTCCGC	0	0	0
GCGGAAGA	TCTTCCGC	0	0	0
GCGGAAGC	GCTTCCGC	0	0	0
GCGGAATA	TATTCCGC	0	0	0
GCGGACAA	TTGTCCGC	0	0	0
GCGGACAC	GTGTCCGC	0	0	0
GCGGACCA	TGGTCCGC	0	0	0
GCGGACCC	GGGTCCGC	0	0	0
GCGGACGA	TCGTCCGC	0	0	0
GCGGACGC	GCGTCCGC	0	0	0
GCGGACTA	TAGTCCGC	0	0	0
GCGGAGAA	TTCTCCGC	0	0	0
GCGGAGAC	GTCTCCGC	0	0	0
GCGGAGCA	TGCTCCGC	0	0	0
GCGGAGCC	GGCTCCGC	0	0	0
GCGGAGGA	TCCTCCGC	0	0	0
GCGGAGTA	TACTCCGC	0	0	0
GCGGATAA	TTATCCGC	0	0	0
GCGGATAC	GTATCCGC	0	0	0
GCGGATCA	TGATCCGC	0	0	0
GCGGATCC	GGATCCGC	0	0	0
GCGGATGA	TCATCCGC	0	0	0
GCGGATTA	TAATCCGC	0	0	0
GCGGCAAA	TTTGCCGC	0	0	0
GCGGCAAC	GTTGCCGC	0	0	0
GCGGCACA	TGTGCCGC	0	0	0
GCGGCACC	GGTGCCGC	0	0	0
GCGGCAGA	TCTGCCGC	0	0	0
GCGGCAGC	GCTGCCGC	0	0	0
GCGGCATA	TATGCCGC	0	0	0
GCGGCCAA	TTGGCCGC	0	0	0
GCGGCCAC	GTGGCCGC	0	0	0
GCGGCCCA	TGGGCCGC	0	0	0
GCGGCCCC	GGGGCCGC	0	0	0
GCGGCCGA	TCGGCCGC	0	0	0
GCGGCCGC	GCGGCCGC	0	0	0
GCGGCCTA	TAGGCCGC	0	0	0
GCGGCGAA	TTCGCCGC	0	0	0
GCGGCGAC	GTCGCCGC	0	0	0
GCGGCGCA	TGCGCCGC	0	0	0
GCGGCGCC	GGCGCCGC	0	0	0
GCGGCGGA	TCCGCCGC	0	0	0
GCGGCGTA	TACGCCGC	0	0	0
GCGGCTAA	TTAGCCGC	0	0	0
GCGGCTAC	GTAGCCGC	0	0	0
GCGGCTCA	TGAGCCGC	0	0	0
GCGGCTCC	GGAGCCGC	0	0	0
GCGGCTGA	TCAGCCGC	0	0	0
GCGGCTTA	TAAGCCGC	0	0	0
GCGGGAAA	TTTCCCGC	0	0	0
GCGGGAAC	GTTCCCGC	0	0	0
GCGGGACA	TGTCCCGC	0	0	0
GCGGGACC	GGTCCCGC	0	0	0
GCGGGAGA	TCTCCCGC	0	0	0
GCGGGAGC	GCTCCCGC	0	0	0
GCGGGATA	TATCCCGC	0	0	0
GCGGGCAA	TTGCCCGC	0	0	0
GCGGGCAC	GTGCCCGC	0	0	0
GCGGGCCA	TGGCCCGC	0	0	0
GCGGGCCC	GGGCCCGC	0	0	0
GCGGGCGA	TCGCCCGC	0	0	0
GCGGGCTA	TAGCCCGC	0	0	0
GCGGGGAA	TTCCCCGC	0	0	0
GCGGGGAC	GTCCCCGC	0	0	0
GCGGGGCA	TGCCCCGC	0	0	0
GCGGGGCC	GGCCCCGC	0	0	0
GCGGGGGA	TCCCCCGC	0	0	0
GCGGGGTA	TACCCCGC	0	0	0
GCGGGTAA	TTACCCGC	0	0	0
GCGGGTAC	GTACCCGC	0	0	0
GCGGGTCA	TGACCCGC	0	0	0
GCGGGTCC	GGACCCGC	0	0	0
GCGGGTGA	TCACCCGC	0	0	0
GCGGGTTA	TAACCCGC	0	0	0
GCGGTAAA	TTTACCGC	0	0	0
GCGGTAAC	GTTACCGC	0	0	0
GCGGTACA	TGTACCGC	0	0	0
GCGGTACC	GGTACCGC	0	0	0
GCGGTAGA	TCTACCGC	0	0	0
GCGGTAGC	GCTACCGC	0	0	0
GCGGTATA	TATACCGC	0	0	0
GCGGTCAA	TTGACCGC	0	0	0
GCGGTCAC	GTGACCGC	0	0	0
GCGGTCCA	TGGACCGC	0	0	0
GCGGTCCC	GGGACCGC	0	0	0
GCGGTCGA	TCGACCGC	0	0	0
GCGGTCTA	TAGACCGC	0	0	0
GCGGTGAA	TTCACCGC	0	0	0
GCGGTGAC	GTCACCGC	0	0	0
GCGGTGCA	TGCACCGC	0	0	0
GCGGTGCC	GGCACCGC	0	0	0
GCGGTGGA	TCCACCGC	0	0	0
GCGGTGTA	TACACCGC	0	0	0
GCGGTTAA	TTAACCGC	0	0	0
GCGGTTAC	GTAACCGC	0	0	0
GCGGTTCA	TGAACCGC	0	0	0
GCGGTTCC	GGAACCGC	0	0	0
GCGGTTGA	TCAACCGC	0	0	0
GCGGTTTA	TAAACCGC	0	0	0
GCGTAAAA	TTTTACGC	0	0	0
GCGTAAAC	GTTTACGC	0	0	0
GCGTAACA	TGTTACGC	0	0	0
GCGTAACC	GGTTACGC	0	0	0
GCGTAAGA	TCTTACGC	0	0	0
GCGTAAGC	GCTTACGC	0	0	0
GCGTAATA	TATTACGC	0	0	0
GCGTACAA	TTGTACGC	0	0	0
GCGTACAC	GTGTACGC	0	0	0
GCGTACCA	TGGTACGC	0	0	0
GCGTACCC	GGGTACGC	0	0	0
GCGTACGA	TCGTACGC	0	0	0
GCGTACGC	GCGTACGC	0	0	0
GCGTACTA	TAGTACGC	0	0	0
GCGTAGAA	TTCTACGC	0	0	0
GCGTAGAC	GTCTACGC	0	0	0
GCGTAGCA	TGCTACGC	0	0	0
GCGTAGCC	GGCTACGC	0	0	0
GCGTAGGA	TCCTACGC	0	0	0
GCGTAGTA	TACTACGC	0	0	0
GCGTATAA	TTATACGC	0	0	0
GCGTATAC	GTATACGC	0	0	0
GCGTATCA	TGATACGC	0	0	0
GCGTATCC	GGATACGC	0	0	0
GCGTATGA	TCATACGC	0	0	0
GCGTATTA	TAATACGC	0	0	0
GCGTCAAA	TTTGACGC	0	0	0
GCGTCAAC	GTTGACGC	0	0	0
GCGTCACA	TGTGACGC	0	0	0
GCGTCACC	GGTGACGC	0	0	0
GCGTCAGA	TCTGACGC	0	0	0
GCGTCAGC	GCTGACGC	0	0	0
GCGTCATA	TATGACGC	0	0	0
GCGTCCAA	TTGGACGC	0	0	0
GCGTCCAC	GTGGACGC	0	0	0
GCGTCCCA	TGGGACGC	0	0	0
GCGTCCCC	GGGGACGC	0	0	0
GCGTCCGA	TCGGACGC	0	0	0
GCGTCCTA	TAGGACGC	0	0	0
GCGTCGAA	TTCGACGC	0	0	0
GCGTCGAC	GTCGACGC	0	0	0
GCGTCGCA	TGCGACGC	0	0	0
GCGTCGCC	GGCGACGC	0	0	0
GCGTCGGA	TCCGACGC	0	0	0
GCGTCGTA	TACGACGC	0	0	0
GCGTCTAA	TTAGACGC	0	0	0
GCGTCTAC	GTAGACGC	0	0	0
GCGTCTCA	TGAGACGC	0	0	0
GCGTCTCC	GGAGACGC	0	0	0
GCGTCTGA	TCAGACGC	0	0	0
GCGTCTTA	TAAGACGC	0	0	0
GCGTGAAA	TTTCACGC	0	0	0
GCGTGAAC	GTTCACGC	0	0	0
GCGTGACA	TGTCACGC	0	0	0
GCGTGACC	GGTCACGC	0	0	0
GCGTGAGA	TCTCACGC	0	0	0
GCGTGAGC	GCTCACGC	0	0	0
GCGTGATA	TATCACGC	0	0	0
GCGTGCAA	TTGCACGC	0	0	0
GCGTGCAC	GTGCACGC	0	0	0
GCGTGCCA	TGGCACGC	0	0	0
GCGTGCCC	GGGCACGC	0	0	0
GCGTGCGA	TCGCACGC	0	0	0
GCGTGCTA	TAGCACGC	0	0	0
GCGTGGAA	TTCCACGC	0	0	0
GCGTGGAC	GTCCACGC	0	0	0
GCGTGGCA	TGCCACGC	0	0	0
GCGTGGCC	GGCCACGC	0	0	0
GCGTGGGA	TCCCACGC	0	0	0
GCGTGGTA	TACCACGC	0	0	0
GCGTGTAA	TTACACGC	0	0	0
GCGTGTAC	GTACACGC	0	0	0
GCGTGTCA	TGACACGC	0	0	0
GCGTGTCC	GGACACGC	0	0	0
GCGTGTGA	TCACACGC	0	0	0
GCGTGTTA	TAACACGC	0	0	0
GCGTTAAA	TTTAACGC	0	0	0
GCGTTAAC	GTTAACGC	0	0	0
GCGTTACA	TGTAACGC	0	0	0
GCGTTACC	GGTAACGC	0	0	0
GCGTTAGA	TCTAACGC	0	0	0
GCGTTAGC	GCTAACGC	0	0	0
GCGTTATA	TATAACGC	0	0	0
GCGTTCAA	TTGAACGC	0	0	0
GCGTTCAC	GTGAACGC	0	0	0
GCGTTCCA	TGGAACGC	0	0	0
GCGTTCCC	GGGAACGC	0	0	0
GCGTTCGA	TCGAACGC	0	0	0
GCGTTCTA	TAGAACGC	0	0	0
GCGTTGAA	TTCAACGC	0	0	0
GCGTTGAC	GTCAACGC	0	0	0
GCGTTGCA	TGCAACGC	0	0	0
GCGTTGCC	GGCAACGC	0	0	0
GCGTTGGA	TCCAACGC	0	0	0
GCGTTGTA	TACAACGC	0	0	0
GCGTTTAA	TTAAACGC	0	0	0
GCGTTTAC	GTAAACGC	0	0	0
GCGTTTCA	TGAAACGC	0	0	0
GCGTTTCC	GGAAACGC	0	0	0
GCGTTTGA	TCAAACGC	0	0	0
GCGTTTTA	TAAAACGC	0	0	0
GCTAAAAA	TTTTTAGC	0	0	0
GCTAAAAC	GTTTTAGC	0	0	0
GCTAAACA	TGTTTAGC	0	0	0
GCTAAACC	GGTTTAGC	0	0	0
GCTAAAGA	TCTTTAGC	0	0	0
GCTAAAGC	GCTTTAGC	0	0	0
GCTAAATA	TATTTAGC	0	0	0
GCTAACAA	TTGTTAGC	0	0	0
GCTAACAC	GTGTTAGC	0	0	0
GCTAACCA	TGGTTAGC	0	0	0
GCTAACCC	GGGTTAGC	0	0	0
GCTAACGA	TCGTTAGC	0	0	0
GCTAACTA	TAGTTAGC	0	0	0
GCTAAGAA	TTCTTAGC	0	0	0
GCTAAGAC	GTCTTAGC	0	0	0
GCTAAGCA	TGCTTAGC	0	0	0
GCTAAGCC	GGCTTAGC	0	0	0
GCTAAGGA	TCCTTAGC	0	0	0
GCTAAGTA	TACTTAGC	0	0	0
GCTAATAA	TTATTAGC	0	0	0
GCTAATAC	GTATTAGC	0	0	0
GCTAATCA	TGATTAGC	0	0	0
GCTAATCC	GGATTAGC	0	0	0
GCTAATGA	TCATTAGC	0	0	0
GCTAATTA	TAATTAGC	0	0	0
GCTACAAA	TTTGTAGC	0	0	0
GCTACAAC	GTTGTAGC	0	0	0
GCTACACA	TGTGTAGC	0	0	0
GCTACACC	GGTGTAGC	0	0	0
GCTACAGA	TCTGTAGC	0	0	0
GCTACAGC	GCTGTAGC	0	0	0
GCTACATA	TATGTAGC	0	0	0
GCTACCAA	TTGGTAGC	0	0	0
GCTACCAC	GTGGTAGC	0	0	0
GCTACCCA	TGGGTAGC	0	0	0
GCTACCCC	GGGGTAGC	0	0	0
GCTACCGA	TCGGTAGC	0	0	0
GCTACCTA	TAGGTAGC	0	0	0
GCTACGAA	TTCGTAGC	0	0	0
GCTACGAC	GTCGTAGC	0	0	0
GCTACGCA	TGCGTAGC	0	0	0
GCTACGCC	GGCGTAGC	0	0	0
GCTACGGA	TCCGTAGC	0	0	0
GCTACGTA	TACGTAGC	0	0	0
GCTACTAA	TTAGTAGC	0	0	0
GCTACTAC	GTAGTAGC	0	0	0
GCTACTCA	TGAGTAGC	0	0	0
GCTACTCC	GGAGTAGC	0	0	0
GCTACTGA	TCAGTAGC	0	0	0
GCTACTTA	TAAGTAGC	0	0	0
GCTAGAAA	TTTCTAGC	0	0	0
GCTAGAAC	GTTCTAGC	0	0	0
GCTAGACA	TGTCTAGC	0	0	0
GCTAGACC	GGTCTAGC	0	0	0
GCTAGAGA	TCTCTAGC	0	0	0
GCTAGAGC	GCTCTAGC	0	0	0
GCTAGATA	TATCTAGC	0	0	0
GCTAGCAA	TTGCTAGC	0	0	0
GCTAGCAC	GTGCTAGC	0	0	0
GCTAGCCA	TGGCTAGC	0	0	0
GCTAGCCC	GGGCTAGC	0	0	0
GCTAGCGA	TCGCTAGC	0	0	0
GCTAGCTA	TAGCTAGC	0	0	0
GCTAGGAA	TTCCTAGC	0	0	0
GCTAGGAC	GTCCTAGC	0	0	0
GCTAGGCA	TGCCTAGC	0	0	0
GCTAGGCC	GGCCTAGC	0	0	0
GCTAGGGA	TCCCTAGC	0	0	0
GCTAGGTA	TACCTAGC	0	0	0
GCTAGTAA	TTACTAGC	0	0	0
GCTAGTAC	GTACTAGC	0	0	0
GCTAGTCA	TGACTAGC	0	0	0
GCTAGTCC	GGACTAGC	0	0	0
GCTAGTGA	TCACTAGC	0	0	0
GCTAGTTA	TAACTAGC	0	0	0
GCTATAAA	TTTATAGC	0	0	0
GCTATAAC	GTTATAGC	0	0	0
GCTATACA	TGTATAGC	0	0	0
GCTATACC	GGTATAGC	0	0	0
GCTATAGA	TCTATAGC	0	0	0
GCTATAGC	GCTATAGC	0	0	0
GCTATATA	TATATAGC	0	0	0
GCTATCAA	TTGATAGC	0	0	0
GCTATCAC	GTGATAGC	0	0	0
GCTATCCA	TGGATAGC	0	0	0
GCTATCCC	GGGATAGC	0	0	0
GCTATCGA	TCGATAGC	0	0	0
GCTATCTA	TAGATAGC	0	0	0
GCTATGAA	TTCATAGC	0	0	0
GCTATGAC	GTCATAGC	0	0	0
GCTATGCA	TGCATAGC	0	0	0
GCTATGCC	GGCATAGC	0	0	0
GCTATGGA	TCCATAGC	0	0	0
GCTATGTA	TACATAGC	0	0	0
GCTATTAA	TTAATAGC	0	0	0
GCTATTAC	GTAATAGC	0	0	0
GCTATTCA	TGAATAGC	0	0	0
GCTATTCC	GGAATAGC	0	0	0
GCTATTGA	TCAATAGC	0	0	0
GCTATTTA	TAAATAGC	0	0	0
GCTCAAAA	TTTTGAGC	0	0	0
GCTCAAAC	GTTTGAGC	0	0	0
GCTCAACA	TGTTGAGC	0	0	0
GCTCAACC	GGTTGAGC	0	0	0
GCTCAAGA	TCTTGAGC	0	0	0
GCTCAAGC	GCTTGAGC	0	0	0
GCTCAATA	TATTGAGC	0	0	0
GCTCACAA	TTGTGAGC	0	0	0
GCTCACAC	GTGTGAGC	0	0	0
GCTCACCA	TGGTGAGC	0	0	0
GCTCACCC	GGGTGAGC	0	0	0
GCTCACGA	TCGTGAGC	0	0	0
GCTCACTA	TAGTGAGC	0	0	0
GCTCAGAA	TTCTGAGC	0	0	0
GCTCAGAC	GTCTGAGC	0	0	0
GCTCAGCA	TGCTGAGC	0	0	0
GCTCAGCC	GGCTGAGC	0	0	0
GCTCAGGA	TCCTGAGC	0	0	0
GCTCAGTA	TACTGAGC	0	0	0
GCTCATAA	TTATGAGC	0	0	0
GCTCATAC	GTATGAGC	0	0	0
GCTCATCA	TGATGAGC	0	0	0
GCTCATCC	GGATGAGC	0	0	0
GCTCATGA	TCATGAGC	0	0	0
GCTCATTA	TAATGAGC	0	0	0
GCTCCAAA	TTTGGAGC	0	0	0
GCTCCAAC	GTTGGAGC	0	0	0
GCTCCACA	TGTGGAGC	0	0	0
GCTCCACC	GGTGGAGC	0	0	0
GCTCCAGA	TCTGGAGC	0	0	0
GCTCCAGC	GCTGGAGC	0	0	0
GCTCCATA	TATGGAGC	0	0	0
GCTCCCAA	TTGGGAGC	0	0	0
GCTCCCAC	GTGGGAGC	0	0	0
GCTCCCCA	TGGGGAGC	0	0	0
GCTCCCCC	GGGGGAGC	0	0	0
GCTCCCGA	TCGGGAGC	0	0	0
GCTCCCTA	TAGGGAGC	0	0	0
GCTCCGAA	TTCGGAGC	0	0	0
GCTCCGAC	GTCGGAGC	0	0	0
GCTCCGCA	TGCGGAGC	0	0	0
GCTCCGCC	GGCGGAGC	0	0	0
GCTCCGGA	TCCGGAGC	0	0	0
GCTCCGTA	TACGGAGC	0	0	0
GCTCCTAA	TTAGGAGC	0	0	0
GCTCCTAC	GTAGGAGC	0	0	0
GCTCCTCA	TGAGGAGC	0	0	0
GCTCCTCC	GGAGGAGC	0	0	0
GCTCCTGA	TCAGGAGC	0	0	0
GCTCCTTA	TAAGGAGC	0	0	0
GCTCGAAA	TTTCGAGC	0	0	0
GCTCGAAC	GTTCGAGC	0	0	0
GCTCGACA	TGTCGAGC	0	0	0
GCTCGACC	GGTCGAGC	0	0	0
GCTCGAGA	TCTCGAGC	0	0	0
GCTCGAGC	GCTCGAGC	0	0	0
GCTCGATA	TATCGAGC	0	0	0
GCTCGCAA	TTGCGAGC	0	0	0
GCTCGCAC	GTGCGAGC	0	0	0
GCTCGCCA	TGGCGAGC	0	0	0
GCTCGCCC	GGGCGAGC	0	0	0
GCTCGCGA	TCGCGAGC	0	0	0
GCTCGCTA	TAGCGAGC	0	0	0
GCTCGGAA	TTCCGAGC	0	0	0
GCTCGGAC	GTCCGAGC	0	0	0
GCTCGGCA	TGCCGAGC	0	0	0
GCTCGGCC	GGCCGAGC	0	0	0
GCTCGGGA	TCCCGAGC	0	0	0
GCTCGGTA	TACCGAGC	0	0	0
GCTCGTAA	TTACGAGC	0	0	0
GCTCGTAC	GTACGAGC	0	0	0
GCTCGTCA	TGACGAGC	0	0	0
GCTCGTCC	GGACGAGC	0	0	0
GCTCGTGA	TCACGAGC	0	0	0
GCTCGTTA	TAACGAGC	0	0	0
GCTCTAAA	TTTAGAGC	0	0	0
GCTCTAAC	GTTAGAGC	0	0	0
GCTCTACA	TGTAGAGC	0	0	0
GCTCTACC	GGTAGAGC	0	0	0
GCTCTAGA	TCTAGAGC	0	0	0
GCTCTATA	TATAGAGC	0	0	0
GCTCTCAA	TTGAGAGC	0	0	0
GCTCTCAC	GTGAGAGC	0	0	0
GCTCTCCA	TGGAGAGC	0	0	0
GCTCTCCC	GGGAGAGC	0	0	0
GCTCTCGA	TCGAGAGC	0	0	0
GCTCTCTA	TAGAGAGC	0	0	0
GCTCTGAA	TTCAGAGC	0	0	0
GCTCTGAC	GTCAGAGC	0	0	0
GCTCTGCA	TGCAGAGC	0	0	0
GCTCTGCC	GGCAGAGC	0	0	0
GCTCTGGA	TCCAGAGC	0	0	0
GCTCTGTA	TACAGAGC	0	0	0
GCTCTTAA	TTAAGAGC	0	0	0
GCTCTTAC	GTAAGAGC	0	0	0
GCTCTTCA	TGAAGAGC	0	0	0
GCTCTTCC	GGAAGAGC	0	0	0
GCTCTTGA	TCAAGAGC	0	0	0
GCTCTTTA	TAAAGAGC	0	0	0
GCTGAAAA	TTTTCAGC	0	0	0
GCTGAAAC	GTTTCAGC	0	0	0
GCTGAACA	TGTTCAGC	0	0	0
GCTGAACC	GGTTCAGC	0	0	0
GCTGAAGA	TCTTCAGC	0	0	0
GCTGAAGC	GCTTCAGC	0	0	0
GCTGAATA	TATTCAGC	0	0	0
GCTGACAA	TTGTCAGC	0	0	0
GCTGACAC	GTGTCAGC	0	0	0
GCTGACCA	TGGTCAGC	0	0	0
GCTGACCC	GGGTCAGC	0	0	0
GCTGACGA	TCGTCAGC	0	0	0
GCTGACTA	TAGTCAGC	0	0	0
GCTGAGAA	TTCTCAGC	0	0	0
GCTGAGAC	GTCTCAGC	0	0	0
GCTGAGCA	TGCTCAGC	0	0	0
GCTGAGCC	GGCTCAGC	0	0	0
GCTGAGGA	TCCTCAGC	0	0	0
GCTGAGTA	TACTCAGC	0	0	0
GCTGATAA	TTATCAGC	0	0	0
GCTGATAC	GTATCAGC	0	0	0
GCTGATCA	TGATCAGC	0	0	0
GCTGATCC	GGATCAGC	0	0	0
GCTGATGA	TCATCAGC	0	0	0
GCTGATTA	TAATCAGC	0	0	0
GCTGCAAA	TTTGCAGC	0	0	0
GCTGCAAC	GTTGCAGC	0	0	0
GCTGCACA	TGTGCAGC	0	0	0
GCTGCACC	GGTGCAGC	0	0	0
GCTGCAGA	TCTGCAGC	0	0	0
GCTGCAGC	GCTGCAGC	0	0	0
GCTGCATA	TATGCAGC	0	0	0
GCTGCCAA	TTGGCAGC	0	0	0
GCTGCCAC	GTGGCAGC	0	0	0
GCTGCCCA	TGGGCAGC	0	0	0
GCTGCCCC	GGGGCAGC	0	0	0
GCTGCCGA	TCGGCAGC	0	0	0
GCTGCCTA	TAGGCAGC	0	0	0
GCTGCGAA	TTCGCAGC	0	0	0
GCTGCGAC	GTCGCAGC	0	0	0
GCTGCGCA	TGCGCAGC	0	0	0
GCTGCGCC	GGCGCAGC	0	0	0
GCTGCGGA	TCCGCAGC	0	0	0
GCTGCGTA	TACGCAGC	0	0	0
GCTGCTAA	TTAGCAGC	0	0	0
GCTGCTAC	GTAGCAGC	0	0	0
GCTGCTCA	TGAGCAGC	0	0	0
GCTGCTCC	GGAGCAGC	0	0	0
GCTGCTGA	TCAGCAGC	0	0	0
GCTGCTTA	TAAGCAGC	0	0	0
GCTGGAAA	TTTCCAGC	0	0	0
GCTGGAAC	GTTCCAGC	0	0	0
GCTGGACA	TGTCCAGC	0	0	0
GCTGGACC	GGTCCAGC	0	0	0
GCTGGAGA	TCTCCAGC	0	0	0
GCTGGATA	TATCCAGC	0	0	0
GCTGGCAA	TTGCCAGC	0	0	0
GCTGGCAC	GTGCCAGC	0	0	0
GCTGGCCA	TGGCCAGC	0	0	0
GCTGGCCC	GGGCCAGC	0	0	0
GCTGGCGA	TCGCCAGC	0	0	0
GCTGGCTA	TAGCCAGC	0	0	0
GCTGGGAA	TTCCCAGC	0	0	0
GCTGGGAC	GTCCCAGC	0	0	0
GCTGGGCA	TGCCCAGC	0	0	0
GCTGGGCC	GGCCCAGC	0	0	0
GCTGGGGA	TCCCCAGC	0	0	0
GCTGGGTA	TACCCAGC	0	0	0
GCTGGTAA	TTACCAGC	0	0	0
GCTGGTAC	GTACCAGC	0	0	0
GCTGGTCA	TGACCAGC	0	0	0
GCTGGTCC	GGACCAGC	0	0	0
GCTGGTGA	TCACCAGC	0	0	0
GCTGGTTA	TAACCAGC	0	0	0
GCTGTAAA	TTTACAGC	0	0	0
GCTGTAAC	GTTACAGC	0	0	0
GCTGTACA	TGTACAGC	0	0	0
GCTGTACC	GGTACAGC	0	0	0
GCTGTAGA	TCTACAGC	0	0	0
GCTGTATA	TATACAGC	0	0	0
GCTGTCAA	TTGACAGC	0	0	0
GCTGTCAC	GTGACAGC	0	0	0
GCTGTCCA	TGGACAGC	0	0	0
GCTGTCCC	GGGACAGC	0	0	0
GCTGTCGA	TCGACAGC	0	0	0
GCTGTCTA	TAGACAGC	0	0	0
GCTGTGAA	TTCACAGC	0	0	0
GCTGTGAC	GTCACAGC	0	0	0
GCTGTGCA	TGCACAGC	0	0	0
GCTGTGCC	GGCACAGC	0	0	0
GCTGTGGA	TCCACAGC	0	0	0
GCTGTGTA	TACACAGC	0	0	0
GCTGTTAA	TTAACAGC	0	0	0
GCTGTTAC	GTAACAGC	0	0	0
GCTGTTCA	TGAACAGC	0	0	0
GCTGTTCC	GGAACAGC	0	0	0
GCTGTTGA	TCAACAGC	0	0	0
GCTGTTTA	TAAACAGC	0	0	0
GCTTAAAA	TTTTAAGC	0	0	0
GCTTAAAC	GTTTAAGC	0	0	0
GCTTAACA	TGTTAAGC	0	0	0
GCTTAACC	GGTTAAGC	0	0	0
GCTTAAGA	TCTTAAGC	0	0	0
GCTTAAGC	GCTTAAGC	0	0	0
GCTTAATA	TATTAAGC	0	0	0
GCTTACAA	TTGTAAGC	0	0	0
GCTTACAC	GTGTAAGC	0	0	0
GCTTACCA	TGGTAAGC	0	0	0
GCTTACCC	GGGTAAGC	0	0	0
GCTTACGA	TCGTAAGC	0	0	0
GCTTACTA	TAGTAAGC	0	0	0
GCTTAGAA	TTCTAAGC	0	0	0
GCTTAGAC	GTCTAAGC	0	0	0
GCTTAGCA	TGCTAAGC	0	0	0
GCTTAGCC	GGCTAAGC	0	0	0
GCTTAGGA	TCCTAAGC	0	0	0
GCTTAGTA	TACTAAGC	0	0	0
GCTTATAA	TTATAAGC	0	0	0
GCTTATAC	GTATAAGC	0	0	0
GCTTATCA	TGATAAGC	0	0	0
GCTTATCC	GGATAAGC	0	0	0
GCTTATGA	TCATAAGC	0	0	0
GCTTATTA	TAATAAGC	0	0	0
GCTTCAAA	TTTGAAGC	0	0	0
GCTTCAAC	GTTGAAGC	0	0	0
GCTTCACA	TGTGAAGC	0	0	0
GCTTCACC	GGTGAAGC	0	0	0
GCTTCAGA	TCTGAAGC	0	0	0
GCTTCATA	TATGAAGC	0	0	0
GCTTCCAA	TTGGAAGC	0	0	0
GCTTCCAC	GTGGAAGC	0	0	0
GCTTCCCA	TGGGAAGC	0	0	0
GCTTCCCC	GGGGAAGC	0	0	0
GCTTCCGA	TCGGAAGC	0	0	0
GCTTCCTA	TAGGAAGC	0	0	0
GCTTCGAA	TTCGAAGC	0	0	0
GCTTCGAC	GTCGAAGC	0	0	0
GCTTCGCA	TGCGAAGC	0	0	0
GCTTCGCC	GGCGAAGC	0	0	0
GCTTCGGA	TCCGAAGC	0	0	0
GCTTCGTA	TACGAAGC	0	0	0
GCTTCTAA	TTAGAAGC	0	0	0
GCTTCTAC	GTAGAAGC	0	0	0
GCTTCTCA	TGAGAAGC	0	0	0
GCTTCTCC	GGAGAAGC	0	0	0
GCTTCTGA	TCAGAAGC	0	0	0
GCTTCTTA	TAAGAAGC	0	0	0
GCTTGAAA	TTTCAAGC	0	0	0
GCTTGAAC	GTTCAAGC	0	0	0
GCTTGACA	TGTCAAGC	0	0	0
GCTTGACC	GGTCAAGC	0	0	0
GCTTGAGA	TCTCAAGC	0	0	0
GCTTGATA	TATCAAGC	0	0	0
GCTTGCAA	TTGCAAGC	0	0	0
GCTTGCAC	GTGCAAGC	0	0	0
GCTTGCCA	TGGCAAGC	0	0	0
GCTTGCCC	GGGCAAGC	0	0	0
GCTTGCGA	TCGCAAGC	0	0	0
GCTTGCTA	TAGCAAGC	0	0	0
GCTTGGAA	TTCCAAGC	0	0	0
GCTTGGAC	GTCCAAGC	0	0	0
GCTTGGCA	TGCCAAGC	0	0	0
GCTTGGCC	GGCCAAGC	0	0	0
GCTTGGGA	TCCCAAGC	0	0	0
GCTTGGTA	TACCAAGC	0	0	0
GCTTGTAA	TTACAAGC	0	0	0
GCTTGTAC	GTACAAGC	0	0	0
GCTTGTCA	TGACAAGC	0	0	0
GCTTGTCC	GGACAAGC	0	0	0
GCTTGTGA	TCACAAGC	0	0	0
GCTTGTTA	TAACAAGC	0	0	0
GCTTTAAA	TTTAAAGC	0	0	0
GCTTTAAC	GTTAAAGC	0	0	0
GCTTTACA	TGTAAAGC	0	0	0
GCTTTACC	GGTAAAGC	0	0	0
GCTTTAGA	TCTAAAGC	0	0	0
GCTTTATA	TATAAAGC	0	0	0
GCTTTCAA	TTGAAAGC	0	0	0
GCTTTCAC	GTGAAAGC	0	0	0
GCTTTCCA	TGGAAAGC	0	0	0
GCTTTCCC	GGGAAAGC	0	0	0
GCTTTCGA	TCGAAAGC	0	0	0
GCTTTCTA	TAGAAAGC	0	0	0
GCTTTGAA	TTCAAAGC	0	0	0
GCTTTGAC	GTCAAAGC	0	0	0
GCTTTGCA	TGCAAAGC	0	0	0
GCTTTGCC	GGCAAAGC	0	0	0
GCTTTGGA	TCCAAAGC	0	0	0
GCTTTGTA	TACAAAGC	0	0	0
GCTTTTAA	TTAAAAGC	0	0	0
GCTTTTAC	GTAAAAGC	0	0	0
GCTTTTCA	TGAAAAGC	0	0	0
GCTTTTCC	GGAAAAGC	0	0	0
GCTTTTGA	TCAAAAGC	0	0	0
GCTTTTTA	TAAAAAGC	0	0	0
GGAAAAAA	TTTTTTCC	0	0	0
GGAAAAAC	GTTTTTCC	0	0	0
GGAAAACA	TGTTTTCC	0	0	0
GGAAAACC	GGTTTTCC	0	0	0
GGAAAAGA	TCTTTTCC	0	0	0
GGAAAATA	TATTTTCC	0	0	0
GGAAACAA	TTGTTTCC	0	0	0
GGAAACAC	GTGTTTCC	0	0	0
GGAAACCA	TGGTTTCC	0	0	0
GGAAACCC	GGGTTTCC	0	0	0
GGAAACGA	TCGTTTCC	0	0	0
GGAAACTA	TAGTTTCC	0	0	0
GGAAAGAA	TTCTTTCC	0	0	0
GGAAAGAC	GTCTTTCC	0	0	0
GGAAAGCA	TGCTTTCC	0	0	0
GGAAAGCC	GGCTTTCC	0	0	0
GGAAAGGA	TCCTTTCC	0	0	0
GGAAAGTA	TACTTTCC	0	0	0
GGAAATAA	TTATTTCC	0	0	0
GGAAATAC	GTATTTCC	0	0	0
GGAAATCA	TGATTTCC	0	0	0
GGAAATCC	GGATTTCC	0	0	0
GGAAATGA	TCATTTCC	0	0	0
GGAAATTA	TAATTTCC	0	0	0
GGAACAAA	TTTGTTCC	0	0	0
GGAACAAC	GTTGTTCC	0	0	0
GGAACACA	TGTGTTCC	0	0	0
GGAACACC	GGTGTTCC	0	0	0
GGAACAGA	TCTGTTCC	0	0	0
GGAACATA	TATGTTCC	0	0	0
GGAACCAA	TTGGTTCC	0	0	0
GGAACCAC	GTGGTTCC	0	0	0
GGAACCCA	TGGGTTCC	0	0	0
GGAACCCC	GGGGTTCC	0	0	0
GGAACCGA	TCGGTTCC	0	0	0
GGAACCTA	TAGGTTCC	0	0	0
GGAACGAA	TTCGTTCC	0	0	0
GGAACGAC	GTCGTTCC	0	0	0
GGAACGCA	TGCGTTCC	0	0	0
GGAACGCC	GGCGTTCC	0	0	0
GGAACGGA	TCCGTTCC	0	0	0
GGAACGTA	TACGTTCC	0	0	0
GGAACTAA	TTAGTTCC	0	0	0
GGAACTAC	GTAGTTCC	0	0	0
GGAACTCA	TGAGTTCC	0	0	0
GGAACTCC	GGAGTTCC	0	0	0
GGAACTGA	TCAGTTCC	0	0	0
GGAACTTA	TAAGTTCC	0	0	0
GGAAGAAA	TTTCTTCC	0	0	0
GGAAGAAC	GTTCTTCC	0	0	0
GGAAGACA	TGTCTTCC	0	0	0
GGAAGACC	GGTCTTCC	0	0	0
GGAAGAGA	TCTCTTCC	0	0	0
GGAAGATA	TATCTTCC	0	0	0
GGAAGCAA	TTGCTTCC	0	0	0
GGAAGCAC	GTGCTTCC	0	0	0
GGAAGCCA	TGGCTTCC	0	0	0
GGAAGCCC	GGGCTTCC	0	0	0
GGAAGCGA	TCGCTTCC	0	0	0
GGAAGCTA	TAGCTTCC	0	0	0
GGAAGGAA	TTCCTTCC	0	0	0
GGAAGGAC	GTCCTTCC	0	0	0
GGAAGGCA	TGCCTTCC	0	0	0
GGAAGGCC	GGCCTTCC	0	0	0
GGAAGGGA	TCCCTTCC	0	0	0
GGAAGGTA	TACCTTCC	0	0	0
GGAAGTAA	TTACTTCC	0	0	0
GGAAGTAC	GTACTTCC	0	0	0
GGAAGTCA	TGACTTCC	0	0	0
GGAAGTCC	GGACTTCC	0	0	0
GGAAGTGA	TCACTTCC	0	0	0
GGAAGTTA	TAACTTCC	0	0	0
GGAATAAA	TTTATTCC	0	0	0
GGAATAAC	GTTATTCC	0	0	0
GGAATACA	TGTATTCC	0	0	0
GGAATACC	GGTATTCC	0	0	0
GGAATAGA	TCTATTCC	0	0	0
GGAATATA	TATATTCC	0	0	0
GGAATCAA	TTGATTCC	0	0	0
GGAATCAC	GTGATTCC	0	0	0
GGAATCCA	TGGATTCC	0	0	0
GGAATCCC	GGGATTCC	0	0	0
GGAATCGA	TCGATTCC	0	0	0
GGAATCTA	TAGATTCC	0	0	0
GGAATGAA	TTCATTCC	0	0	0
GGAATGAC	GTCATTCC	0	0	0
GGAATGCA	TGCATTCC	0	0	0
GGAATGCC	GGCATTCC	0	0	0
GGAATGGA	TCCATTCC	0	0	0
GGAATGTA	TACATTCC	0	0	0
GGAATTAA	TTAATTCC	0	0	0
GGAATTAC	GTAATTCC	0	0	0
GGAATTCA	TGAATTCC	0	0	0
GGAATTCC	GGAATTCC	0	0	0
GGAATTGA	TCAATTCC	0	0	0
GGAATTTA	TAAATTCC	0	0	0
GGACAAAA	TTTTGTCC	0	0	0
GGACAAAC	GTTTGTCC	0	0	0
GGACAACA	TGTTGTCC	0	0	0
GGACAACC	GGTTGTCC	0	0	0
GGACAAGA	TCTTGTCC	0	0	0
GGACAATA	TATTGTCC	0	0	0
GGACACAA	TTGTGTCC	0	0	0
GGACACAC	GTGTGTCC	0	0	0
GGACACCA	TGGTGTCC	0	0	0
GGACACCC	GGGTGTCC	0	0	0
GGACACGA	TCGTGTCC	0	0	0
GGACACTA	TAGTGTCC	0	0	0
GGACAGAA	TTCTGTCC	0	0	0
GGACAGAC	GTCTGTCC	0	0	0
GGACAGCA	TGCTGTCC	0	0	0
GGACAGCC	GGCTGTCC	0	0	0
GGACAGGA	TCCTGTCC	0	0	0
GGACAGTA	TACTGTCC	0	0	0
GGACATAA	TTATGTCC	0	0	0
GGACATAC	GTATGTCC	0	0	0
GGACATCA	TGATGTCC	0	0	0
GGACATCC	GGATGTCC	0	0	0
GGACATGA	TCATGTCC	0	0	0
GGACATTA	TAATGTCC	0	0	0
GGACCAAA	TTTGGTCC	0	0	0
GGACCAAC	GTTGGTCC	0	0	0
GGACCACA	TGTGGTCC	0	0	0
GGACCACC	GGTGGTCC	0	0	0
GGACCAGA	TCTGGTCC	0	0	0
GGACCATA	TATGGTCC	0	0	0
GGACCCAA	TTGGGTCC	0	0	0
GGACCCAC	GTGGGTCC	0	0	0
GGACCCCA	TGGGGTCC	0	0	0
GGACCCCC	GGGGGTCC	0	0	0
GGACCCGA	TCGGGTCC	0	0	0
GGACCCTA	TAGGGTCC	0	0	0
GGACCGAA	TTCGGTCC	0	0	0
GGACCGAC	GTCGGTCC	0	0	0
GGACCGCA	TGCGGTCC	0	0	0
GGACCGCC	GGCGGTCC	0	0	0
GGACCGGA	TCCGGTCC	0	0	0
GGACCGTA	TACGGTCC	0	0	0
GGACCTAA	TTAGGTCC	0	0	0
GGACCTAC	GTAGGTCC	0	0	0
GGACCTCA	TGAGGTCC	0	0	0
GGACCTCC	GGAGGTCC	0	0	0
GGACCTGA	TCAGGTCC	0	0	0
GGACCTTA	TAAGGTCC	0	0	0
GGACGAAA	TTTCGTCC	0	0	0
GGACGAAC	GTTCGTCC	0	0	0
GGACGACA	TGTCGTCC	0	0	0
GGACGACC	GGTCGTCC	0	0	0
GGACGAGA	TCTCGTCC	0	0	0
GGACGATA	TATCGTCC	0	0	0
GGACGCAA	TTGCGTCC	0	0	0
GGACGCAC	GTGCGTCC	0	0	0
GGACGCCA	TGGCGTCC	0	0	0
GGACGCCC	GGGCGTCC	0	0	0
GGACGCGA	TCGCGTCC	0	0	0
GGACGCTA	TAGCGTCC	0	0	0
GGACGGAA	TTCCGTCC	0	0	0
GGACGGAC	GTCCGTCC	0	0	0
GGACGGCA	TGCCGTCC	0	0	0
GGACGGCC	GGCCGTCC	0	0	0
GGACGGGA	TCCCGTCC	0	0	0
GGACGGTA	TACCGTCC	0	0	0
GGACGTAA	TTACGTCC	0	0	0
GGACGTAC	GTACGTCC	0	0	0
GGACGTCA	TGACGTCC	0	0	0
GGACGTCC	GGACGTCC	0	0	0
GGACGTGA	TCACGTCC	0	0	0
GGACGTTA	TAACGTCC	0	0	0
GGACTAAA	TTTAGTCC	0	0	0
GGACTAAC	GTTAGTCC	0	0	0
GGACTACA	TGTAGTCC	0	0	0
GGACTACC	GGTAGTCC	0	0	0
GGACTAGA	TCTAGTCC	0	0	0
GGACTATA	TATAGTCC	0	0	0
GGACTCAA	TTGAGTCC	0	0	0
GGACTCAC	GTGAGTCC	0	0	0
GGACTCCA	TGGAGTCC	0	0	0
GGACTCCC	GGGAGTCC	0	0	0
GGACTCGA	TCGAGTCC	0	0	0
GGACTCTA	TAGAGTCC	0	0	0
GGACTGAA	TTCAGTCC	0	0	0
GGACTGAC	GTCAGTCC	0	0	0
GGACTGCA	TGCAGTCC	0	0	0
GGACTGCC	GGCAGTCC	0	0	0
GGACTGGA	TCCAGTCC	0	0	0
GGACTGTA	TACAGTCC	0	0	0
GGACTTAA	TTAAGTCC	0	0	0
GGACTTAC	GTAAGTCC	0	0	0
GGACTTCA	TGAAGTCC	0	0	0
GGACTTGA	TCAAGTCC	0	0	0
GGACTTTA	TAAAGTCC	0	0	0
GGAGAAAA	TTTTCTCC	0	0	0
GGAGAAAC	GTTTCTCC	0	0	0
GGAGAACA	TGTTCTCC	0	0	0
GGAGAACC	GGTTCTCC	0	0	0
GGAGAAGA	TCTTCTCC	0	0	0
GGAGAATA	TATTCTCC	0	0	0
GGAGACAA	TTGTCTCC	0	0	0
GGAGACAC	GTGTCTCC	0	0	0
GGAGACCA	TGGTCTCC	0	0	0
GGAGACCC	GGGTCTCC	0	0	0
GGAGACGA	TCGTCTCC	0	0	0
GGAGACTA	TAGTCTCC	0	0	0
GGAGAGAA	TTCTCTCC	0	0	0
GGAGAGAC	GTCTCTCC	0	0	0
GGAGAGCA	TGCTCTCC	0	0	0
GGAGAGCC	GGCTCTCC	0	0	0
GGAGAGGA	TCCTCTCC	0	0	0
GGAGAGTA	TACTCTCC	0	0	0
GGAGATAA	TTATCTCC	0	0	0
GGAGATAC	GTATCTCC	0	0	0
GGAGATCA	TGATCTCC	0	0	0
GGAGATCC	GGATCTCC	0	0	0
GGAGATGA	TCATCTCC	0	0	0
GGAGATTA	TAATCTCC	0	0	0
GGAGCAAA	TTTGCTCC	0	0	0
GGAGCAAC	GTTGCTCC	0	0	0
GGAGCACA	TGTGCTCC	0	0	0
GGAGCACC	GGTGCTCC	0	0	0
GGAGCAGA	TCTGCTCC	0	0	0
GGAGCATA	TATGCTCC	0	0	0
GGAGCCAA	TTGGCTCC	0	0	0
GGAGCCAC	GTGGCTCC	0	0	0
GGAGCCCA	TGGGCTCC	0	0	0
GGAGCCCC	GGGGCTCC	0	0	0
GGAGCCGA	TCGGCTCC	0	0	0
GGAGCCTA	TAGGCTCC	0	0	0
GGAGCGAA	TTCGCTCC	0	0	0
GGAGCGAC	GTCGCTCC	0	0	0
GGAGCGCA	TGCGCTCC	0	0	0
GGAGCGCC	GGCGCTCC	0	0	0
GGAGCGGA	TCCGCTCC	0	0	0
GGAGCGTA	TACGCTCC	0	0	0
GGAGCTAA	TTAGCTCC	0	0	0
GGAGCTAC	GTAGCTCC	0	0	0
GGAGCTCA	TGAGCTCC	0	0	0
GGAGCTCC	GGAGCTCC	0	0	0
GGAGCTGA	TCAGCTCC	0	0	0
GGAGCTTA	TAAGCTCC	0	0	0
GGAGGAAA	TTTCCTCC	0	0	0
GGAGGAAC	GTTCCTCC	0	0	0
GGAGGACA	TGTCCTCC	0	0	0
GGAGGACC	GGTCCTCC	0	0	0
GGAGGAGA	TCTCCTCC	0	0	0
GGAGGATA	TATCCTCC	0	0	0
GGAGGCAA	TTGCCTCC	0	0	0
GGAGGCAC	GTGCCTCC	0	0	0
GGAGGCCA	TGGCCTCC	0	0	0
GGAGGCCC	GGGCCTCC	0	0	0
GGAGGCGA	TCGCCTCC	0	0	0
GGAGGCTA	TAGCCTCC	0	0	0
GGAGGGAA	TTCCCTCC	0	0	0
GGAGGGAC	GTCCCTCC	0	0	0
GGAGGGCA	TGCCCTCC	0	0	0
GGAGGGCC	GGCCCTCC	0	0	0
GGAGGGGA	TCCCCTCC	0	0	0
GGAGGGTA	TACCCTCC	0	0	0
GGAGGTAA	TTACCTCC	0	0	0
GGAGGTAC	GTACCTCC	0	0	0
GGAGGTCA	TGACCTCC	0	0	0
GGAGGTGA	TCACCTCC	0	0	0
GGAGGTTA	TAACCTCC	0	0	0
GGAGTAAA	TTTACTCC	0	0	0
GGAGTAAC	GTTACTCC	0	0	0
GGAGTACA	TGTACTCC	0	0	0
GGAGTACC	GGTACTCC	0	0	0
GGAGTAGA	TCTACTCC	0	0	0
GGAGTATA	TATACTCC	0	0	0
GGAGTCAA	TTGACTCC	0	0	0
GGAGTCAC	GTGACTCC	0	0	0
GGAGTCCA	TGGACTCC	0	0	0
GGAGTCCC	GGGACTCC	0	0	0
GGAGTCGA	TCGACTCC	0	0	0
GGAGTCTA	TAGACTCC	0	0	0
GGAGTGAA	TTCACTCC	0	0	0
GGAGTGAC	GTCACTCC	0	0	0
GGAGTGCA	TGCACTCC	0	0	0
GGAGTGCC	GGCACTCC	0	0	0
GGAGTGGA	TCCACTCC	0	0	0
GGAGTGTA	TACACTCC	0	0	0
GGAGTTAA	TTAACTCC	0	0	0
GGAGTTAC	GTAACTCC	0	0	0
GGAGTTCA	TGAACTCC	0	0	0
GGAGTTGA	TCAACTCC	0	0	0
GGAGTTTA	TAAACTCC	0	0	0
GGATAAAA	TTTTATCC	0	0	0
GGATAAAC	GTTTATCC	0	0	0
GGATAACA	TGTTATCC	0	0	0
GGATAACC	GGTTATCC	0	0	0
GGATAAGA	TCTTATCC	0	0	0
GGATAATA	TATTATCC	0	0	0
GGATACAA	TTGTATCC	0	0	0
GGATACAC	GTGTATCC	0	0	0
GGATACCA	TGGTATCC	0	0	0
GGATACCC	GGGTATCC	0	0	0
GGATACGA	TCGTATCC	0	0	0
GGATACTA	TAGTATCC	0	0	0
GGATAGAA	TTCTATCC	0	0	0
GGATAGAC	GTCTATCC	0	0	0
GGATAGCA	TGCTATCC	0	0	0
GGATAGCC	GGCTATCC	0	0	0
GGATAGGA	TCCTATCC	0	0	0
GGATAGTA	TACTATCC	0	0	0
GGATATAA	TTATATCC	0	0	0
GGATATAC	GTATATCC	0	0	0
GGATATCA	TGATATCC	0	0	0
GGATATCC	GGATATCC	0	0	0
GGATATGA	TCATATCC	0	0	0
GGATATTA	TAATATCC	0	0	0
GGATCAAA	TTTGATCC	0	0	0
GGATCAAC	GTTGATCC	0	0	0
GGATCACA	TGTGATCC	0	0	0
GGATCACC	GGTGATCC	0	0	0
GGATCAGA	TCTGATCC	0	0	0
GGATCATA	TATGATCC	0	0	0
GGATCCAA	TTGGATCC	0	0	0
GGATCCAC	GTGGATCC	0	0	0
GGATCCCA	TGGGATCC	0	0	0
GGATCCCC	GGGGATCC	0	0	0
GGATCCGA	TCGGATCC	0	0	0
GGATCCTA	TAGGATCC	0	0	0
GGATCGAA	TTCGATCC	0	0	0
GGATCGAC	GTCGATCC	0	0	0
GGATCGCA	TGCGATCC	0	0	0
GGATCGCC	GGCGATCC	0	0	0
GGATCGGA	TCCGATCC	0	0	0
GGATCGTA	TACGATCC	0	0	0
GGATCTAA	TTAGATCC	0	0	0
GGATCTAC	GTAGATCC	0	0	0
GGATCTCA	TGAGATCC	0	0	0
GGATCTGA	TCAGATCC	0	0	0
GGATCTTA	TAAGATCC	0	0	0
GGATGAAA	TTTCATCC	0	0	0
GGATGAAC	GTTCATCC	0	0	0
GGATGACA	TGTCATCC	0	0	0
GGATGACC	GGTCATCC	0	0	0
GGATGAGA	TCTCATCC	0	0	0
GGATGATA	TATCATCC	0	0	0
GGATGCAA	TTGCATCC	0	0	0
GGATGCAC	GTGCATCC	0	0	0
GGATGCCA	TGGCATCC	0	0	0
GGATGCCC	GGGCATCC	0	0	0
GGATGCGA	TCGCATCC	0	0	0
GGATGCTA	TAGCATCC	0	0	0
GGATGGAA	TTCCATCC	0	0	0
GGATGGAC	GTCCATCC	0	0	0
GGATGGCA	TGCCATCC	0	0	0
GGATGGCC	GGCCATCC	0	0	0
GGATGGGA	TCCCATCC	0	0	0
GGATGGTA	TACCATCC	0	0	0
GGATGTAA	TTACATCC	0	0	0
GGATGTAC	GTACATCC	0	0	0
GGATGTCA	TGACATCC	0	0	0
GGATGTGA	TCACATCC	0	0	0
GGATGTTA	TAACATCC	0	0	0
GGATTAAA	TTTAATCC	0	0	0
GGATTAAC	GTTAATCC	0	0	0
GGATTACA	TGTAATCC	0	0	0
GGATTACC	GGTAATCC	0	0	0
GGATTAGA	TCTAATCC	0	0	0
GGATTATA	TATAATCC	0	0	0
GGATTCAA	TTGAATCC	0	0	0
GGATTCAC	GTGAATCC	0	0	0
GGATTCCA	TGGAATCC	0	0	0
GGATTCCC	GGGAATCC	0	0	0
GGATTCGA	TCGAATCC	0	0	0
GGATTCTA	TAGAATCC	0	0	0
GGATTGAA	TTCAATCC	0	0	0
GGATTGAC	GTCAATCC	0	0	0
GGATTGCA	TGCAATCC	0	0	0
GGATTGCC	GGCAATCC	0	0	0
GGATTGGA	TCCAATCC	0	0	0
GGATTGTA	TACAATCC	0	0	0
GGATTTAA	TTAAATCC	0	0	0
GGATTTAC	GTAAATCC	0	0	0
GGATTTCA	TGAAATCC	0	0	0
GGATTTGA	TCAAATCC	0	0	0
GGATTTTA	TAAAATCC	0	0	0
GGCAAAAA	TTTTTGCC	0	0	0
GGCAAAAC	GTTTTGCC	0	0	0
GGCAAACA	TGTTTGCC	0	0	0
GGCAAACC	GGTTTGCC	0	0	0
GGCAAAGA	TCTTTGCC	0	0	0
GGCAAATA	TATTTGCC	0	0	0
GGCAACAA	TTGTTGCC	0	0	0
GGCAACAC	GTGTTGCC	0	0	0
GGCAACCA	TGGTTGCC	0	0	0
GGCAACCC	GGGTTGCC	0	0	0
GGCAACGA	TCGTTGCC	0	0	0
GGCAACTA	TAGTTGCC	0	0	0
GGCAAGAA	TTCTTGCC	0	0	0
GGCAAGAC	GTCTTGCC	0	0	0
GGCAAGCA	TGCTTGCC	0	0	0
GGCAAGCC	GGCTTGCC	0	0	0
GGCAAGGA	TCCTTGCC	0	0	0
GGCAAGTA	TACTTGCC	0	0	0
GGCAATAA	TTATTGCC	0	0	0
GGCAATAC	GTATTGCC	0	0	0
GGCAATCA	TGATTGCC	0	0	0
GGCAATGA	TCATTGCC	0	0	0
GGCAATTA	TAATTGCC	0	0	0
GGCACAAA	TTTGTGCC	0	0	0
GGCACAAC	GTTGTGCC	0	0	0
GGCACACA	TGTGTGCC	0	0	0
GGCACACC	GGTGTGCC	0	0	0
GGCACAGA	TCTGTGCC	0	0	0
GGCACATA	TATGTGCC	0	0	0
GGCACCAA	TTGGTGCC	0	0	0
GGCACCAC	GTGGTGCC	0	0	0
GGCACCCA	TGGGTGCC	0	0	0
GGCACCCC	GGGGTGCC	0	0	0
GGCACCGA	TCGGTGCC	0	0	0
GGCACCTA	TAGGTGCC	0	0	0
GGCACGAA	TTCGTGCC	0	0	0
GGCACGAC	GTCGTGCC	0	0	0
GGCACGCA	TGCGTGCC	0	0	0
GGCACGCC	GGCGTGCC	0	0	0
GGCACGGA	TCCGTGCC	0	0	0
GGCACGTA	TACGTGCC	0	0	0
GGCACTAA	TTAGTGCC	0	0	0
GGCACTAC	GTAGTGCC	0	0	0
GGCACTCA	TGAGTGCC	0	0	0
GGCACTGA	TCAGTGCC	0	0	0
GGCACTTA	TAAGTGCC	0	0	0
GGCAGAAA	TTTCTGCC	0	0	0
GGCAGAAC	GTTCTGCC	0	0	0
GGCAGACA	TGTCTGCC	0	0	0
GGCAGACC	GGTCTGCC	0	0	0
GGCAGAGA	TCTCTGCC	0	0	0
GGCAGATA	TATCTGCC	0	0	0
GGCAGCAA	TTGCTGCC	0	0	0
GGCAGCAC	GTGCTGCC	0	0	0
GGCAGCCA	TGGCTGCC	0	0	0
GGCAGCCC	GGGCTGCC	0	0	0
GGCAGCGA	TCGCTGCC	0	0	0
GGCAGCTA	TAGCTGCC	0	0	0
GGCAGGAA	TTCCTGCC	0	0	0
GGCAGGAC	GTCCTGCC	0	0	0
GGCAGGCA	TGCCTGCC	0	0	0
GGCAGGCC	GGCCTGCC	0	0	0
GGCAGGGA	TCCCTGCC	0	0	0
GGCAGGTA	TACCTGCC	0	0	0
GGCAGTAA	TTACTGCC	0	0	0
GGCAGTAC	GTACTGCC	0	0	0
GGCAGTCA	TGACTGCC	0	0	0
GGCAGTGA	TCACTGCC	0	0	0
GGCAGTTA	TAACTGCC	0	0	0
GGCATAAA	TTTATGCC	0	0	0
GGCATAAC	GTTATGCC	0	0	0
GGCATACA	TGTATGCC	0	0	0
GGCATACC	GGTATGCC	0	0	0
GGCATAGA	TCTATGCC	0	0	0
GGCATATA	TATATGCC	0	0	0
GGCATCAA	TTGATGCC	0	0	0
GGCATCAC	GTGATGCC	0	0	0
GGCATCCA	TGGATGCC	0	0	0
GGCATCCC	GGGATGCC	0	0	0
GGCATCGA	TCGATGCC	0	0	0
GGCATCTA	TAGATGCC	0	0	0
GGCATGAA	TTCATGCC	0	0	0
GGCATGAC	GTCATGCC	0	0	0
GGCATGCA	TGCATGCC	0	0	0
GGCATGCC	GGCATGCC	0	0	0
GGCATGGA	TCCATGCC	0	0	0
GGCATGTA	TACATGCC	0	0	0
GGCATTAA	TTAATGCC	0	0	0
GGCATTAC	GTAATGCC	0	0	0
GGCATTCA	TGAATGCC	0	0	0
GGCATTGA	TCAATGCC	0	0	0
GGCATTTA	TAAATGCC	0	0	0
GGCCAAAA	TTTTGGCC	0	0	0
GGCCAAAC	GTTTGGCC	0	0	0
GGCCAACA	TGTTGGCC	0	0	0
GGCCAACC	GGTTGGCC	0	0	0
GGCCAAGA	TCTTGGCC	0	0	0
GGCCAATA	TATTGGCC	0	0	0
GGCCACAA	TTGTGGCC	0	0	0
GGCCACAC	GTGTGGCC	0	0	0
GGCCACCA	TGGTGGCC	0	0	0
GGCCACCC	GGGTGGCC	0	0	0
GGCCACGA	TCGTGGCC	0	0	0
GGCCACTA	TAGTGGCC	0	0	0
GGCCAGAA	TTCTGGCC	0	0	0
GGCCAGAC	GTCTGGCC	0	0	0
GGCCAGCA	TGCTGGCC	0	0	0
GGCCAGCC	GGCTGGCC	0	0	0
GGCCAGGA	TCCTGGCC	0	0	0
GGCCAGTA	TACTGGCC	0	0	0
GGCCATAA	TTATGGCC	0	0	0
GGCCATAC	GTATGGCC	0	0	0
GGCCATCA	TGATGGCC	0	0	0
GGCCATGA	TCATGGCC	0	0	0
GGCCATTA	TAATGGCC	0	0	0
GGCCCAAA	TTTGGGCC	0	0	0
GGCCCAAC	GTTGGGCC	0	0	0
GGCCCACA	TGTGGGCC	0	0	0
GGCCCACC	GGTGGGCC	0	0	0
GGCCCAGA	TCTGGGCC	0	0	0
GGCCCATA	TATGGGCC	0	0	0
GGCCCCAA	TTGGGGCC	0	0	0
GGCCCCAC	GTGGGGCC	0	0	0
GGCCCCCA	TGGGGGCC	0	0	0
GGCCCCCC	GGGGGGCC	0	0	0
GGCCCCGA	TCGGGGCC	0	0	0
GGCCCCTA	TAGGGGCC	0	0	0
GGCCCGAA	TTCGGGCC	0	0	0
GGCCCGAC	GTCGGGCC	0	0	0
GGCCCGCA	TGCGGGCC	0	0	0
GGCCCGCC	GGCGGGCC	0	0	0
GGCCCGGA	TCCGGGCC	0	0	0
GGCCCGTA	TACGGGCC	0	0	0
GGCCCTAA	TTAGGGCC	0	0	0
GGCCCTAC	GTAGGGCC	0	0	0
GGCCCTCA	TGAGGGCC	0	0	0
GGCCCTGA	TCAGGGCC	0	0	0
GGCCCTTA	TAAGGGCC	0	0	0
GGCCGAAA	TTTCGGCC	0	0	0
GGCCGAAC	GTTCGGCC	0	0	0
GGCCGACA	TGTCGGCC	0	0	0
GGCCGACC	GGTCGGCC	0	0	0
GGCCGAGA	TCTCGGCC	0	0	0
GGCCGATA	TATCGGCC	0	0	0
GGCCGCAA	TTGCGGCC	0	0	0
GGCCGCAC	GTGCGGCC	0	0	0
GGCCGCCA	TGGCGGCC	0	0	0
GGCCGCCC	GGGCGGCC	0	0	0
GGCCGCGA	TCGCGGCC	0	0	0
GGCCGCTA	TAGCGGCC	0	0	0
GGCCGGAA	TTCCGGCC	0	0	0
GGCCGGAC	GTCCGGCC	0	0	0
GGCCGGCA	TGCCGGCC	0	0	0
GGCCGGCC	GGCCGGCC	0	0	0
GGCCGGGA	TCCCGGCC	0	0	0
GGCCGGTA	TACCGGCC	0	0	0
GGCCGTAA	TTACGGCC	0	0	0
GGCCGTAC	GTACGGCC	0	0	0
GGCCGTCA	TGACGGCC	0	0	0
GGCCGTGA	TCACGGCC	0	0	0
GGCCGTTA	TAACGGCC	0	0	0
GGCCTAAA	TTTAGGCC	0	0	0
GGCCTAAC	GTTAGGCC	0	0	0
GGCCTACA	TGTAGGCC	0	0	0
GGCCTACC	GGTAGGCC	0	0	0
GGCCTAGA	TCTAGGCC	0	0	0
GGCCTATA	TATAGGCC	0	0	0
GGCCTCAA	TTGAGGCC	0	0	0
GGCCTCAC	GTGAGGCC	0	0	0
GGCCTCCA	TGGAGGCC	0	0	0
GGCCTCCC	GGGAGGCC	0	0	0
GGCCTCGA	TCGAGGCC	0	0	0
GGCCTCTA	TAGAGGCC	0	0	0
GGCCTGAA	TTCAGGCC	0	0	0
GGCCTGAC	GTCAGGCC	0	0	0
GGCCTGCA	TGCAGGCC	0	0	0
GGCCTGGA	TCCAGGCC	0	0	0
GGCCTGTA	TACAGGCC	0	0	0
GGCCTTAA	TTAAGGCC	0	0	0
GGCCTTAC	GTAAGGCC	0	0	0
GGCCTTCA	TGAAGGCC	0	0	0
GGCCTTGA	TCAAGGCC	0	0	0
GGCCTTTA	TAAAGGCC	0	0	0
GGCGAAAA	TTTTCGCC	0	0	0
GGCGAAAC	GTTTCGCC	0	0	0
GGCGAACA	TGTTCGCC	0	0	0
GGCGAACC	GGTTCGCC	0	0	0
GGCGAAGA	TCTTCGCC	0	0	0
GGCGAATA	TATTCGCC	0	0	0
GGCGACAA	TTGTCGCC	0	0	0
GGCGACAC	GTGTCGCC	0	0	0
GGCGACCA	TGGTCGCC	0	0	0
GGCGACCC	GGGTCGCC	0	0	0
GGCGACGA	TCGTCGCC	0	0	0
GGCGACTA	TAGTCGCC	0	0	0
GGCGAGAA	TTCTCGCC	0	0	0
GGCGAGAC	GTCTCGCC	0	0	0
GGCGAGCA	TGCTCGCC	0	0	0
GGCGAGCC	GGCTCGCC	0	0	0
GGCGAGGA	TCCTCGCC	0	0	0
GGCGAGTA	TACTCGCC	0	0	0
GGCGATAA	TTATCGCC	0	0	0
GGCGATAC	GTATCGCC	0	0	0
GGCGATCA	TGATCGCC	0	0	0
GGCGATGA	TCATCGCC	0	0	0
GGCGATTA	TAATCGCC	0	0	0
GGCGCAAA	TTTGCGCC	0	0	0
GGCGCAAC	GTTGCGCC	0	0	0
GGCGCACA	TGTGCGCC	0	0	0
GGCGCACC	GGTGCGCC	0	0	0
GGCGCAGA	TCTGCGCC	0	0	0
GGCGCATA	TATGCGCC	0	0	0
GGCGCCAA	TTGGCGCC	0	0	0
GGCGCCAC	GTGGCGCC	0	0	0
GGCGCCCA	TGGGCGCC	0	0	0
GGCGCCCC	GGGGCGCC	0	0	0
GGCGCCGA	TCGGCGCC	0	0	0
GGCGCCTA	TAGGCGCC	0	0	0
GGCGCGAA	TTCGCGCC	0	0	0
GGCGCGAC	GTCGCGCC	0	0	0
GGCGCGCA	TGCGCGCC	0	0	0
GGCGCGCC	GGCGCGCC	0	0	0
GGCGCGGA	TCCGCGCC	0	0	0
GGCGCGTA	TACGCGCC	0	0	0
GGCGCTAA	TTAGCGCC	0	0	0
GGCGCTAC	GTAGCGCC	0	0	0
GGCGCTCA	TGAGCGCC	0	0	0
GGCGCTGA	TCAGCGCC	0	0	0
GGCGCTTA	TAAGCGCC	0	0	0
GGCGGAAA	TTTCCGCC	0	0	0
GGCGGAAC	GTTCCGCC	0	0	0
GGCGGACA	TGTCCGCC	0	0	0
GGCGGACC	GGTCCGCC	0	0	0
GGCGGAGA	TCTCCGCC	0	0	0
GGCGGATA	TATCCGCC	0	0	0
GGCGGCAA	TTGCCGCC	0	0	0
GGCGGCAC	GTGCCGCC	0	0	0
GGCGGCCA	TGGCCGCC	0	0	0
GGCGGCCC	GGGCCGCC	0	0	0
GGCGGCGA	TCGCCGCC	0	0	0
GGCGGCTA	TAGCCGCC	0	0	0
GGCGGGAA	TTCCCGCC	0	0	0
GGCGGGAC	GTCCCGCC	0	0	0
GGCGGGCA	TGCCCGCC	0	0	0
GGCGGGGA	TCCCCGCC	0	0	0
GGCGGGTA	TACCCGCC	0	0	0
GGCGGTAA	TTACCGCC	0	0	0
GGCGGTAC	GTACCGCC	0	0	0
GGCGGTCA	TGACCGCC	0	0	0
GGCGGTGA	TCACCGCC	0	0	0
GGCGGTTA	TAACCGCC	0	0	0
GGCGTAAA	TTTACGCC	0	0	0
GGCGTAAC	GTTACGCC	0	0	0
GGCGTACA	TGTACGCC	0	0	0
GGCGTACC	GGTACGCC	0	0	0
GGCGTAGA	TCTACGCC	0	0	0
GGCGTATA	TATACGCC	0	0	0
GGCGTCAA	TTGACGCC	0	0	0
GGCGTCAC	GTGACGCC	0	0	0
GGCGTCCA	TGGACGCC	0	0	0
GGCGTCCC	GGGACGCC	0	0	0
GGCGTCGA	TCGACGCC	0	0	0
GGCGTCTA	TAGACGCC	0	0	0
GGCGTGAA	TTCACGCC	0	0	0
GGCGTGAC	GTCACGCC	0	0	0
GGCGTGCA	TGCACGCC	0	0	0
GGCGTGGA	TCCACGCC	0	0	0
GGCGTGTA	TACACGCC	0	0	0
GGCGTTAA	TTAACGCC	0	0	0
GGCGTTAC	GTAACGCC	0	0	0
GGCGTTCA	TGAACGCC	0	0	0
GGCGTTGA	TCAACGCC	0	0	0
GGCGTTTA	TAAACGCC	0	0	0
GGCTAAAA	TTTTAGCC	0	0	0
GGCTAAAC	GTTTAGCC	0	0	0
GGCTAACA	TGTTAGCC	0	0	0
GGCTAACC	GGTTAGCC	0	0	0
GGCTAAGA	TCTTAGCC	0	0	0
GGCTAATA	TATTAGCC	0	0	0
GGCTACAA	TTGTAGCC	0	0	0
GGCTACAC	GTGTAGCC	0	0	0
GGCTACCA	TGGTAGCC	0	0	0
GGCTACCC	GGGTAGCC	0	0	0
GGCTACGA	TCGTAGCC	0	0	0
GGCTACTA	TAGTAGCC	0	0	0
GGCTAGAA	TTCTAGCC	0	0	0
GGCTAGAC	GTCTAGCC	0	0	0
GGCTAGCA	TGCTAGCC	0	0	0
GGCTAGCC	GGCTAGCC	0	0	0
GGCTAGGA	TCCTAGCC	0	0	0
GGCTAGTA	TACTAGCC	0	0	0
GGCTATAA	TTATAGCC	0	0	0
GGCTATAC	GTATAGCC	0	0	0
GGCTATCA	TGATAGCC	0	0	0
GGCTATGA	TCATAGCC	0	0	0
GGCTATTA	TAATAGCC	0	0	0
GGCTCAAA	TTTGAGCC	0	0	0
GGCTCAAC	GTTGAGCC	0	0	0
GGCTCACA	TGTGAGCC	0	0	0
GGCTCACC	GGTGAGCC	0	0	0
GGCTCAGA	TCTGAGCC	0	0	0
GGCTCATA	TATGAGCC	0	0	0
GGCTCCAA	TTGGAGCC	0	0	0
GGCTCCAC	GTGGAGCC	0	0	0
GGCTCCCA	TGGGAGCC	0	0	0
GGCTCCCC	GGGGAGCC	0	0	0
GGCTCCGA	TCGGAGCC	0	0	0
GGCTCCTA	TAGGAGCC	0	0	0
GGCTCGAA	TTCGAGCC	0	0	0
GGCTCGAC	GTCGAGCC	0	0	0
GGCTCGCA	TGCGAGCC	0	0	0
GGCTCGGA	TCCGAGCC	0	0	0
GGCTCGTA	TACGAGCC	0	0	0
GGCTCTAA	TTAGAGCC	0	0	0
GGCTCTAC	GTAGAGCC	0	0	0
GGCTCTCA	TGAGAGCC	0	0	0
GGCTCTGA	TCAGAGCC	0	0	0
GGCTCTTA	TAAGAGCC	0	0	0
GGCTGAAA	TTTCAGCC	0	0	0
GGCTGAAC	GTTCAGCC	0	0	0
GGCTGACA	TGTCAGCC	0	0	0
GGCTGACC	GGTCAGCC	0	0	0
GGCTGAGA	TCTCAGCC	0	0	0
GGCTGATA	TATCAGCC	0	0	0
GGCTGCAA	TTGCAGCC	0	0	0
GGCTGCAC	GTGCAGCC	0	0	0
GGCTGCCA	TGGCAGCC	0	0	0
GGCTGCCC	GGGCAGCC	0	0	0
GGCTGCGA	TCGCAGCC	0	0	0
GGCTGCTA	TAGCAGCC	0	0	0
GGCTGGAA	TTCCAGCC	0	0	0
GGCTGGAC	GTCCAGCC	0	0	0
GGCTGGCA	TGCCAGCC	0	0	0
GGCTGGGA	TCCCAGCC	0	0	0
GGCTGGTA	TACCAGCC	0	0	0
GGCTGTAA	TTACAGCC	0	0	0
GGCTGTAC	GTACAGCC	0	0	0
GGCTGTCA	TGACAGCC	0	0	0
GGCTGTGA	TCACAGCC	0	0	0
GGCTGTTA	TAACAGCC	0	0	0
GGCTTAAA	TTTAAGCC	0	0	0
GGCTTAAC	GTTAAGCC	0	0	0
GGCTTACA	TGTAAGCC	0	0	0
GGCTTACC	GGTAAGCC	0	0	0
GGCTTAGA	TCTAAGCC	0	0	0
GGCTTATA	TATAAGCC	0	0	0
GGCTTCAA	TTGAAGCC	0	0	0
GGCTTCAC	GTGAAGCC	0	0	0
GGCTTCCA	TGGAAGCC	0	0	0
GGCTTCCC	GGGAAGCC	0	0	0
GGCTTCGA	TCGAAGCC	0	0	0
GGCTTCTA	TAGAAGCC	0	0	0
GGCTTGAA	TTCAAGCC	0	0	0
GGCTTGAC	GTCAAGCC	0	0	0
GGCTTGCA	TGCAAGCC	0	0	0
GGCTTGGA	TCCAAGCC	0	0	0
GGCTTGTA	TACAAGCC	0	0	0
GGCTTTAA	TTAAAGCC	0	0	0
GGCTTTAC	GTAAAGCC	0	0	0
GGCTTTCA	TGAAAGCC	0	0	0
GGCTTTGA	TCAAAGCC	0	0	0
GGCTTTTA	TAAAAGCC	0	0	0
GGGAAAAA	TTTTTCCC	0	0	0
GGGAAAAC	GTTTTCCC	0	0	0
GGGAAACA	TGTTTCCC	0	0	0
GGGAAACC	GGTTTCCC	0	0	0
GGGAAAGA	TCTTTCCC	0	0	0
GGGAAATA	TATTTCCC	0	0	0
GGGAACAA	TTGTTCCC	0	0	0
GGGAACAC	GTGTTCCC	0	0	0
GGGAACCA	TGGTTCCC	0	0	0
GGGAACCC	GGGTTCCC	0	0	0
GGGAACGA	TCGTTCCC	0	0	0
GGGAACTA	TAGTTCCC	0	0	0
GGGAAGAA	TTCTTCCC	0	0	0
GGGAAGAC	GTCTTCCC	0	0	0
GGGAAGCA	TGCTTCCC	0	0	0
GGGAAGGA	TCCTTCCC	0	0	0
GGGAAGTA	TACTTCCC	0	0	0
GGGAATAA	TTATTCCC	0	0	0
GGGAATAC	GTATTCCC	0	0	0
GGGAATCA	TGATTCCC	0	0	0
GGGAATGA	TCATTCCC	0	0	0
GGGAATTA	TAATTCCC	0	0	0
GGGACAAA	TTTGTCCC	0	0	0
GGGACAAC	GTTGTCCC	0	0	0
GGGACACA	TGTGTCCC	0	0	0
GGGACACC	GGTGTCCC	0	0	0
GGGACAGA	TCTGTCCC	0	0	0
GGGACATA	TATGTCCC	0	0	0
GGGACCAA	TTGGTCCC	0	0	0
GGGACCAC	GTGGTCCC	0	0	0
GGGACCCA	TGGGTCCC	0	0	0
GGGACCCC	GGGGTCCC	0	0	0
GGGACCGA	TCGGTCCC	0	0	0
GGGACCTA	TAGGTCCC	0	0	0
GGGACGAA	TTCGTCCC	0	0	0
GGGACGAC	GTCGTCCC	0	0	0
GGGACGCA	TGCGTCCC	0	0	0
GGGACGGA	TCCGTCCC	0	0	0
GGGACGTA	TACGTCCC	0	0	0
GGGACTAA	TTAGTCCC	0	0	0
GGGACTAC	GTAGTCCC	0	0	0
GGGACTCA	TGAGTCCC	0	0	0
GGGACTGA	TCAGTCCC	0	0	0
GGGACTTA	TAAGTCCC	0	0	0
GGGAGAAA	TTTCTCCC	0	0	0
GGGAGAAC	GTTCTCCC	0	0	0
GGGAGACA	TGTCTCCC	0	0	0
GGGAGACC	GGTCTCCC	0	0	0
GGGAGAGA	TCTCTCCC	0	0	0
GGGAGATA	TATCTCCC	0	0	0
GGGAGCAA	TTGCTCCC	0	0	0
GGGAGCAC	GTGCTCCC	0	0	0
GGGAGCCA	TGGCTCCC	0	0	0
GGGAGCCC	GGGCTCCC	0	0	0
GGGAGCGA	TCGCTCCC	0	0	0
GGGAGCTA	TAGCTCCC	0	0	0
GGGAGGAA	TTCCTCCC	0	0	0
GGGAGGAC	GTCCTCCC	0	0	0
GGGAGGCA	TGCCTCCC	0	0	0
GGGAGGGA	TCCCTCCC	0	0	0
GGGAGGTA	TACCTCCC	0	0	0
GGGAGTAA	TTACTCCC	0	0	0
GGGAGTAC	GTACTCCC	0	0	0
GGGAGTCA	TGACTCCC	0	0	0
GGGAGTGA	TCACTCCC	0	0	0
GGGAGTTA	TAACTCCC	0	0	0
GGGATAAA	TTTATCCC	0	0	0
GGGATAAC	GTTATCCC	0	0	0
GGGATACA	TGTATCCC	0	0	0
GGGATACC	GGTATCCC	0	0	0
GGGATAGA	TCTATCCC	0	0	0
GGGATATA	TATATCCC	0	0	0
GGGATCAA	TTGATCCC	0	0	0
GGGATCAC	GTGATCCC	0	0	0
GGGATCCA	TGGATCCC	0	0	0
GGGATCCC	GGGATCCC	0	0	0
GGGATCGA	TCGATCCC	0	0	0
GGGATCTA	TAGATCCC	0	0	0
GGGATGAA	TTCATCCC	0	0	0
GGGATGAC	GTCATCCC	0	0	0
GGGATGCA	TGCATCCC	0	0	0
GGGATGGA	TCCATCCC	0	0	0
GGGATGTA	TACATCCC	0	0	0
GGGATTAA	TTAATCCC	0	0	0
GGGATTAC	GTAATCCC	0	0	0
GGGATTCA	TGAATCCC	0	0	0
GGGATTGA	TCAATCCC	0	0	0
GGGATTTA	TAAATCCC	0	0	0
GGGCAAAA	TTTTGCCC	0	0	0
GGGCAAAC	GTTTGCCC	0	0	0
GGGCAACA	TGTTGCCC	0	0	0
GGGCAACC	GGTTGCCC	0	0	0
GGGCAAGA	TCTTGCCC	0	0	0
GGGCAATA	TATTGCCC	0	0	0
GGGCACAA	TTGTGCCC	0	0	0
GGGCACAC	GTGTGCCC	0	0	0
GGGCACCA	TGGTGCCC	0	0	0
GGGCACCC	GGGTGCCC	0	0	0
GGGCACGA	TCGTGCCC	0	0	0
GGGCACTA	TAGTGCCC	0	0	0
GGGCAGAA	TTCTGCCC	0	0	0
GGGCAGAC	GTCTGCCC	0	0	0
GGGCAGCA	TGCTGCCC	0	0	0
GGGCAGGA	TCCTGCCC	0	0	0
GGGCAGTA	TACTGCCC	0	0	0
GGGCATAA	TTATGCCC	0	0	0
GGGCATAC	GTATGCCC	0	0	0
GGGCATCA	TGATGCCC	0	0	0
GGGCATGA	TCATGCCC	0	0	0
GGGCATTA	TAATGCCC	0	0	0
GGGCCAAA	TTTGGCCC	0	0	0
GGGCCAAC	GTTGGCCC	0	0	0
GGGCCACA	TGTGGCCC	0	0	0
GGGCCACC	GGTGGCCC	0	0	0
GGGCCAGA	TCTGGCCC	0	0	0
GGGCCATA	TATGGCCC	0	0	0
GGGCCCAA	TTGGGCCC	0	0	0
GGGCCCAC	GTGGGCCC	0	0	0
GGGCCCCA	TGGGGCCC	0	0	0
GGGCCCCC	GGGGGCCC	0	0	0
GGGCCCGA	TCGGGCCC	0	0	0
GGGCCCTA	TAGGGCCC	0	0	0
GGGCCGAA	TTCGGCCC	0	0	0
GGGCCGAC	GTCGGCCC	0	0	0
GGGCCGCA	TGCGGCCC	0	0	0
GGGCCGGA	TCCGGCCC	0	0	0
GGGCCGTA	TACGGCCC	0	0	0
GGGCCTAA	TTAGGCCC	0	0	0
GGGCCTAC	GTAGGCCC	0	0	0
GGGCCTCA	TGAGGCCC	0	0	0
GGGCCTGA	TCAGGCCC	0	0	0
GGGCCTTA	TAAGGCCC	0	0	0
GGGCGAAA	TTTCGCCC	0	0	0
GGGCGAAC	GTTCGCCC	0	0	0
GGGCGACA	TGTCGCCC	0	0	0
GGGCGACC	GGTCGCCC	0	0	0
GGGCGAGA	TCTCGCCC	0	0	0
GGGCGATA	TATCGCCC	0	0	0
GGGCGCAA	TTGCGCCC	0	0	0
GGGCGCAC	GTGCGCCC	0	0	0
GGGCGCCA	TGGCGCCC	0	0	0
GGGCGCCC	GGGCGCCC	0	0	0
GGGCGCGA	TCGCGCCC	0	0	0
GGGCGCTA	TAGCGCCC	0	0	0
GGGCGGAA	TTCCGCCC	0	0	0
GGGCGGAC	GTCCGCCC	0	0	0
GGGCGGCA	TGCCGCCC	0	0	0
GGGCGGGA	TCCCGCCC	0	0	0
GGGCGGTA	TACCGCCC	0	0	0
GGGCGTAA	TTACGCCC	0	0	0
GGGCGTAC	GTACGCCC	0	0	0
GGGCGTCA	TGACGCCC	0	0	0
GGGCGTGA	TCACGCCC	0	0	0
GGGCGTTA	TAACGCCC	0	0	0
GGGCTAAA	TTTAGCCC	0	0	0
GGGCTAAC	GTTAGCCC	0	0	0
GGGCTACA	TGTAGCCC	0	0	0
GGGCTACC	GGTAGCCC	0	0	0
GGGCTAGA	TCTAGCCC	0	0	0
GGGCTATA	TATAGCCC	0	0	0
GGGCTCAA	TTGAGCCC	0	0	0
GGGCTCAC	GTGAGCCC	0	0	0
GGGCTCCA	TGGAGCCC	0	0	0
GGGCTCGA	TCGAGCCC	0	0	0
GGGCTCTA	TAGAGCCC	0	0	0
GGGCTGAA	TTCAGCCC	0	0	0
GGGCTGAC	GTCAGCCC	0	0	0
GGGCTGCA	TGCAGCCC	0	0	0
GGGCTGGA	TCCAGCCC	0	0	0
GGGCTGTA	TACAGCCC	0	0	0
GGGCTTAA	TTAAGCCC	0	0	0
GGGCTTAC	GTAAGCCC	0	0	0
GGGCTTCA	TGAAGCCC	0	0	0
GGGCTTGA	TCAAGCCC	0	0	0
GGGCTTTA	TAAAGCCC	0	0	0
GGGGAAAA	TTTTCCCC	0	0	0
GGGGAAAC	GTTTCCCC	0	0	0
GGGGAACA	TGTTCCCC	0	0	0
GGGGAACC	GGTTCCCC	0	0	0
GGGGAAGA	TCTTCCCC	0	0	0
GGGGAATA	TATTCCCC	0	0	0
GGGGACAA	TTGTCCCC	0	0	0
GGGGACAC	GTGTCCCC	0	0	0
GGGGACCA	TGGTCCCC	0	0	0
GGGGACCC	GGGTCCCC	0	0	0
GGGGACGA	TCGTCCCC	0	0	0
GGGGACTA	TAGTCCCC	0	0	0
GGGGAGAA	TTCTCCCC	0	0	0
GGGGAGAC	GTCTCCCC	0	0	0
GGGGAGCA	TGCTCCCC	0	0	0
GGGGAGGA	TCCTCCCC	0	0	0
GGGGAGTA	TACTCCCC	0	0	0
GGGGATAA	TTATCCCC	0	0	0
GGGGATAC	GTATCCCC	0	0	0
GGGGATCA	TGATCCCC	0	0	0
GGGGATGA	TCATCCCC	0	0	0
GGGGATTA	TAATCCCC	0	0	0
GGGGCAAA	TTTGCCCC	0	0	0
GGGGCAAC	GTTGCCCC	0	0	0
GGGGCACA	TGTGCCCC	0	0	0
GGGGCACC	GGTGCCCC	0	0	0
GGGGCAGA	TCTGCCCC	0	0	0
GGGGCATA	TATGCCCC	0	0	0
GGGGCCAA	TTGGCCCC	0	0	0
GGGGCCAC	GTGGCCCC	0	0	0
GGGGCCCA	TGGGCCCC	0	0	0
GGGGCCCC	GGGGCCCC	0	0	0
GGGGCCGA	TCGGCCCC	0	0	0
GGGGCCTA	TAGGCCCC	0	0	0
GGGGCGAA	TTCGCCCC	0	0	0
GGGGCGAC	GTCGCCCC	0	0	0
GGGGCGCA	TGCGCCCC	0	0	0
GGGGCGGA	TCCGCCCC	0	0	0
GGGGCGTA	TACGCCCC	0	0	0
GGGGCTAA	TTAGCCCC	0	0	0
GGGGCTAC	GTAGCCCC	0	0	0
GGGGCTCA	TGAGCCCC	0	0	0
GGGGCTGA	TCAGCCCC	0	0	0
GGGGCTTA	TAAGCCCC	0	0	0
GGGGGAAA	TTTCCCCC	0	0	0
GGGGGAAC	GTTCCCCC	0	0	0
GGGGGACA	TGTCCCCC	0	0	0
GGGGGACC	GGTCCCCC	0	0	0
GGGGGAGA	TCTCCCCC	0	0	0
GGGGGATA	TATCCCCC	0	0	0
GGGGGCAA	TTGCCCCC	0	0	0
GGGGGCAC	GTGCCCCC	0	0	0
GGGGGCCA	TGGCCCCC	0	0	0
GGGGGCGA	TCGCCCCC	0	0	0
GGGGGCTA	TAGCCCCC	0	0	0
GGGGGGAA	TTCCCCCC	0	0	0
GGGGGGAC	GTCCCCCC	0	0	0
GGGGGGCA	TGCCCCCC	0	0	0
GGGGGGGA	TCCCCCCC	0	0	0
GGGGGGTA	TACCCCCC	0	0	0
GGGGGTAA	TTACCCCC	0	0	0
GGGGGTAC	GTACCCCC	0	0	0
GGGGGTCA	TGACCCCC	0	0	0
GGGGGTGA	TCACCCCC	0	0	0
GGGGGTTA	TAACCCCC	0	0	0
GGGGTAAA	TTTACCCC	0	0	0
GGGGTAAC	GTTACCCC	0	0	0
GGGGTACA	TGTACCCC	0	0	0
GGGGTACC	GGTACCCC	0	0	0
GGGGTAGA	TCTACCCC	0	0	0
GGGGTATA	TATACCCC	0	0	0
GGGGTCAA	TTGACCCC	0	0	0
GGGGTCAC	GTGACCCC	0	0	0
GGGGTCCA	TGGACCCC	0	0	0
GGGGTCGA	TCGACCCC	0	0	0
GGGGTCTA	TAGACCCC	0	0	0
GGGGTGAA	TTCACCCC	0	0	0
GGGGTGAC	GTCACCCC	0	0	0
GGGGTGCA	TGCACCCC	0	0	0
GGGGTGGA	TCCACCCC	0	0	0
GGGGTGTA	TACACCCC	0	0	0
GGGGTTAA	TTAACCCC	0	0	0
GGGGTTAC	GTAACCCC	0	0	0
GGGGTTCA	TGAACCCC	0	0	0
GGGGTTGA	TCAACCCC	0	0	0
GGGGTTTA	TAAACCCC	0	0	0
GGGTAAAA	TTTTACCC	0	0	0
GGGTAAAC	GTTTACCC	0	0	0
GGGTAACA	TGTTACCC	0	0	0
GGGTAACC	GGTTACCC	0	0	0
GGGTAAGA	TCTTACCC	0	0	0
GGGTAATA	TATTACCC	0	0	0
GGGTACAA	TTGTACCC	0	0	0
GGGTACAC	GTGTACCC	0	0	0
GGGTACCA	TGGTACCC	0	0	0
GGGTACCC	GGGTACCC	0	0	0
GGGTACGA	TCGTACCC	0	0	0
GGGTACTA	TAGTACCC	0	0	0
GGGTAGAA	TTCTACCC	0	0	0
GGGTAGAC	GTCTACCC	0	0	0
GGGTAGCA	TGCTACCC	0	0	0
GGGTAGGA	TCCTACCC	0	0	0
GGGTAGTA	TACTACCC	0	0	0
GGGTATAA	TTATACCC	0	0	0
GGGTATAC	GTATACCC	0	0	0
GGGTATCA	TGATACCC	0	0	0
GGGTATGA	TCATACCC	0	0	0
GGGTATTA	TAATACCC	0	0	0
GGGTCAAA	TTTGACCC	0	0	0
GGGTCAAC	GTTGACCC	0	0	0
GGGTCACA	TGTGACCC	0	0	0
GGGTCACC	GGTGACCC	0	0	0
GGGTCAGA	TCTGACCC	0	0	0
GGGTCATA	TATGACCC	0	0	0
GGGTCCAA	TTGGACCC	0	0	0
GGGTCCAC	GTGGACCC	0	0	0
GGGTCCCA	TGGGACCC	0	0	0
GGGTCCGA	TCGGACCC	0	0	0
GGGTCCTA	TAGGACCC	0	0	0
GGGTCGAA	TTCGACCC	0	0	0
GGGTCGAC	GTCGACCC	0	0	0
GGGTCGCA	TGCGACCC	0	0	0
GGGTCGGA	TCCGACCC	0	0	0
GGGTCGTA	TACGACCC	0	0	0
GGGTCTAA	TTAGACCC	0	0	0
GGGTCTAC	GTAGACCC	0	0	0
GGGTCTCA	TGAGACCC	0	0	0
GGGTCTGA	TCAGACCC	0	0	0
GGGTCTTA	TAAGACCC	0	0	0
GGGTGAAA	TTTCACCC	0	0	0
GGGTGAAC	GTTCACCC	0	0	0
GGGTGACA	TGTCACCC	0	0	0
GGGTGACC	GGTCACCC	0	0	0
GGGTGAGA	TCTCACCC	0	0	0
GGGTGATA	TATCACCC	0	0	0
GGGTGCAA	TTGCACCC	0	0	0
GGGTGCAC	GTGCACCC	0	0	0
GGGTGCCA	TGGCACCC	0	0	0
GGGTGCGA	TCGCACCC	0	0	0
GGGTGCTA	TAGCACCC	0	0	0
GGGTGGAA	TTCCACCC	0	0	0
GGGTGGAC	GTCCACCC	0	0	0
GGGTGGCA	TGCCACCC	0	0	0
GGGTGGGA	TCCCACCC	0	0	0
GGGTGGTA	TACCACCC	0	0	0
GGGTGTAA	TTACACCC	0	0	0
GGGTGTAC	GTACACCC	0	0	0
GGGTGTCA	TGACACCC	0	0	0
GGGTGTGA	TCACACCC	0	0	0
GGGTGTTA	TAACACCC	0	0	0
GGGTTAAA	TTTAACCC	0	0	0
GGGTTAAC	GTTAACCC	0	0	0
GGGTTACA	TGTAACCC	0	0	0
GGGTTACC	GGTAACCC	0	0	0
GGGTTAGA	TCTAACCC	0	0	0
GGGTTATA	TATAACCC	0	0	0
GGGTTCAA	TTGAACCC	0	0	0
GGGTTCAC	GTGAACCC	0	0	0
GGGTTCCA	TGGAACCC	0	0	0
GGGTTCGA	TCGAACCC	0	0	0
GGGTTCTA	TAGAACCC	0	0	0
GGGTTGAA	TTCAACCC	0	0	0
GGGTTGAC	GTCAACCC	0	0	0
GGGTTGCA	TGCAACCC	0	0	0
GGGTTGGA	TCCAACCC	0	0	0
GGGTTGTA	TACAACCC	0	0	0
GGGTTTAA	TTAAACCC	0	0	0
GGGTTTAC	GTAAACCC	0	0	0
GGGTTTCA	TGAAACCC	0	0	0
GGGTTTGA	TCAAACCC	0	0	0
GGGTTTTA	TAAAACCC	0	0	0
GGTAAAAA	TTTTTACC	0	0	0
GGTAAAAC	GTTTTACC	0	0	0
GGTAAACA	TGTTTACC	0	0	0
GGTAAACC	GGTTTACC	0	0	0
GGTAAAGA	TCTTTACC	0	0	0
GGTAAATA	TATTTACC	0	0	0
GGTAACAA	TTGTTACC	0	0	0
GGTAACAC	GTGTTACC	0	0	0
GGTAACCA	TGGTTACC	0	0	0
GGTAACGA	TCGTTACC	0	0	0
GGTAACTA	TAGTTACC	0	0	0
GGTAAGAA	TTCTTACC	0	0	0
GGTAAGAC	GTCTTACC	0	0	0
GGTAAGCA	TGCTTACC	0	0	0
GGTAAGGA	TCCTTACC	0	0	0
GGTAAGTA	TACTTACC	0	0	0
GGTAATAA	TTATTACC	0	0	0
GGTAATAC	GTATTACC	0	0	0
GGTAATCA	TGATTACC	0	0	0
GGTAATGA	TCATTACC	0	0	0
GGTAATTA	TAATTACC	0	0	0
GGTACAAA	TTTGTACC	0	0	0
GGTACAAC	GTTGTACC	0	0	0
GGTACACA	TGTGTACC	0	0	0
GGTACACC	GGTGTACC	0	0	0
GGTACAGA	TCTGTACC	0	0	0
GGTACATA	TATGTACC	0	0	0
GGTACCAA	TTGGTACC	0	0	0
GGTACCAC	GTGGTACC	0	0	0
GGTACCCA	TGGGTACC	0	0	0
GGTACCGA	TCGGTACC	0	0	0
GGTACCTA	TAGGTACC	0	0	0
GGTACGAA	TTCGTACC	0	0	0
GGTACGAC	GTCGTACC	0	0	0
GGTACGCA	TGCGTACC	0	0	0
GGTACGGA	TCCGTACC	0	0	0
GGTACGTA	TACGTACC	0	0	0
GGTACTAA	TTAGTACC	0	0	0
GGTACTAC	GTAGTACC	0	0	0
GGTACTCA	TGAGTACC	0	0	0
GGTACTGA	TCAGTACC	0	0	0
GGTACTTA	TAAGTACC	0	0	0
GGTAGAAA	TTTCTACC	0	0	0
GGTAGAAC	GTTCTACC	0	0	0
GGTAGACA	TGTCTACC	0	0	0
GGTAGACC	GGTCTACC	0	0	0
GGTAGAGA	TCTCTACC	0	0	0
GGTAGATA	TATCTACC	0	0	0
GGTAGCAA	TTGCTACC	0	0	0
GGTAGCAC	GTGCTACC	0	0	0
GGTAGCCA	TGGCTACC	0	0	0
GGTAGCGA	TCGCTACC	0	0	0
GGTAGCTA	TAGCTACC	0	0	0
GGTAGGAA	TTCCTACC	0	0	0
GGTAGGAC	GTCCTACC	0	0	0
GGTAGGCA	TGCCTACC	0	0	0
GGTAGGGA	TCCCTACC	0	0	0
GGTAGGTA	TACCTACC	0	0	0
GGTAGTAA	TTACTACC	0	0	0
GGTAGTAC	GTACTACC	0	0	0
GGTAGTCA	TGACTACC	0	0	0
GGTAGTGA	TCACTACC	0	0	0
GGTAGTTA	TAACTACC	0	0	0
GGTATAAA	TTTATACC	0	0	0
GGTATAAC	GTTATACC	0	0	0
GGTATACA	TGTATACC	0	0	0
GGTATACC	GGTATACC	0	0	0
GGTATAGA	TCTATACC	0	0	0
GGTATATA	TATATACC	0	0	0
GGTATCAA	TTGATACC	0	0	0
GGTATCAC	GTGATACC	0	0	0
GGTATCCA	TGGATACC	0	0	0
GGTATCGA	TCGATACC	0	0	0
GGTATCTA	TAGATACC	0	0	0
GGTATGAA	TTCATACC	0	0	0
GGTATGAC	GTCATACC	0	0	0
GGTATGCA	TGCATACC	0	0	0
GGTATGGA	TCCATACC	0	0	0
GGTATGTA	TACATACC	0	0	0
GGTATTAA	TTAATACC	0	0	0
GGTATTAC	GTAATACC	0	0	0
GGTATTCA	TGAATACC	0	0	0
GGTATTGA	TCAATACC	0	0	0
GGTATTTA	TAAATACC	0	0	0
GGTCAAAA	TTTTGACC	0	0	0
GGTCAAAC	GTTTGACC	0	0	0
GGTCAACA	TGTTGACC	0	0	0
GGTCAACC	GGTTGACC	0	0	0
GGTCAAGA	TCTTGACC	0	0	0
GGTCAATA	TATTGACC	0	0	0
GGTCACAA	TTGTGACC	0	0	0
GGTCACAC	GTGTGACC	0	0	0
GGTCACCA	TGGTGACC	0	0	0
GGTCACGA	TCGTGACC	0	0	0
GGTCACTA	TAGTGACC	0	0	0
GGTCAGAA	TTCTGACC	0	0	0
GGTCAGAC	GTCTGACC	0	0	0
GGTCAGCA	TGCTGACC	0	0	0
GGTCAGGA	TCCTGACC	0	0	0
GGTCAGTA	TACTGACC	0	0	0
GGTCATAA	TTATGACC	0	0	0
GGTCATAC	GTATGACC	0	0	0
GGTCATCA	TGATGACC	0	0	0
GGTCATGA	TCATGACC	0	0	0
GGTCATTA	TAATGACC	0	0	0
GGTCCAAA	TTTGGACC	0	0	0
GGTCCAAC	GTTGGACC	0	0	0
GGTCCACA	TGTGGACC	0	0	0
GGTCCACC	GGTGGACC	0	0	0
GGTCCAGA	TCTGGACC	0	0	0
GGTCCATA	TATGGACC	0	0	0
GGTCCCAA	TTGGGACC	0	0	0
GGTCCCAC	GTGGGACC	0	0	0
GGTCCCCA	TGGGGACC	0	0	0
GGTCCCGA	TCGGGACC	0	0	0
GGTCCCTA	TAGGGACC	0	0	0
GGTCCGAA	TTCGGACC	0	0	0
GGTCCGAC	GTCGGACC	0	0	0
GGTCCGCA	TGCGGACC	0	0	0
GGTCCGGA	TCCGGACC	0	0	0
GGTCCGTA	TACGGACC	0	0	0
GGTCCTAA	TTAGGACC	0	0	0
GGTCCTAC	GTAGGACC	0	0	0
GGTCCTCA	TGAGGACC	0	0	0
GGTCCTGA	TCAGGACC	0	0	0
GGTCCTTA	TAAGGACC	0	0	0
GGTCGAAA	TTTCGACC	0	0	0
GGTCGAAC	GTTCGACC	0	0	0
GGTCGACA	TGTCGACC	0	0	0
GGTCGACC	GGTCGACC	0	0	0
GGTCGAGA	TCTCGACC	0	0	0
GGTCGATA	TATCGACC	0	0	0
GGTCGCAA	TTGCGACC	0	0	0
GGTCGCAC	GTGCGACC	0	0	0
GGTCGCCA	TGGCGACC	0	0	0
GGTCGCGA	TCGCGACC	0	0	0
GGTCGCTA	TAGCGACC	0	0	0
GGTCGGAA	TTCCGACC	0	0	0
GGTCGGAC	GTCCGACC	0	0	0
GGTCGGCA	TGCCGACC	0	0	0
GGTCGGGA	TCCCGACC	0	0	0
GGTCGGTA	TACCGACC	0	0	0
GGTCGTAA	TTACGACC	0	0	0
GGTCGTAC	GTACGACC	0	0	0
GGTCGTCA	TGACGACC	0	0	0
GGTCGTGA	TCACGACC	0	0	0
GGTCGTTA	TAACGACC	0	0	0
GGTCTAAA	TTTAGACC	0	0	0
GGTCTAAC	GTTAGACC	0	0	0
GGTCTACA	TGTAGACC	0	0	0
GGTCTAGA	TCTAGACC	0	0	0
GGTCTATA	TATAGACC	0	0	0
GGTCTCAA	TTGAGACC	0	0	0
GGTCTCAC	GTGAGACC	0	0	0
GGTCTCCA	TGGAGACC	0	0	0
GGTCTCGA	TCGAGACC	0	0	0
GGTCTCTA	TAGAGACC	0	0	0
GGTCTGAA	TTCAGACC	0	0	0
GGTCTGAC	GTCAGACC	0	0	0
GGTCTGCA	TGCAGACC	0	0	0
GGTCTGGA	TCCAGACC	0	0	0
GGTCTGTA	TACAGACC	0	0	0
GGTCTTAA	TTAAGACC	0	0	0
GGTCTTAC	GTAAGACC	0	0	0
GGTCTTCA	TGAAGACC	0	0	0
GGTCTTGA	TCAAGACC	0	0	0
GGTCTTTA	TAAAGACC	0	0	0
GGTGAAAA	TTTTCACC	0	0	0
GGTGAAAC	GTTTCACC	0	0	0
GGTGAACA	TGTTCACC	0	0	0
GGTGAACC	GGTTCACC	0	0	0
GGTGAAGA	TCTTCACC	0	0	0
GGTGAATA	TATTCACC	0	0	0
GGTGACAA	TTGTCACC	0	0	0
GGTGACAC	GTGTCACC	0	0	0
GGTGACCA	TGGTCACC	0	0	0
GGTGACGA	TCGTCACC	0	0	0
GGTGACTA	TAGTCACC	0	0	0
GGTGAGAA	TTCTCACC	0	0	0
GGTGAGAC	GTCTCACC	0	0	0
GGTGAGCA	TGCTCACC	0	0	0
GGTGAGGA	TCCTCACC	0	0	0
GGTGAGTA	TACTCACC	0	0	0
GGTGATAA	TTATCACC	0	0	0
GGTGATAC	GTATCACC	0	0	0
GGTGATCA	TGATCACC	0	0	0
GGTGATGA	TCATCACC	0	0	0
GGTGATTA	TAATCACC	0	0	0
GGTGCAAA	TTTGCACC	0	0	0
GGTGCAAC	GTTGCACC	0	0	0
GGTGCACA	TGTGCACC	0	0	0
GGTGCACC	GGTGCACC	0	0	0
GGTGCAGA	TCTGCACC	0	0	0
GGTGCATA	TATGCACC	0	0	0
GGTGCCAA	TTGGCACC	0	0	0
GGTGCCAC	GTGGCACC	0	0	0
GGTGCCCA	TGGGCACC	0	0	0
GGTGCCGA	TCGGCACC	0	0	0
GGTGCCTA	TAGGCACC	0	0	0
GGTGCGAA	TTCGCACC	0	0	0
GGTGCGAC	GTCGCACC	0	0	0
GGTGCGCA	TGCGCACC	0	0	0
GGTGCGGA	TCCGCACC	0	0	0
GGTGCGTA	TACGCACC	0	0	0
GGTGCTAA	TTAGCACC	0	0	0
GGTGCTAC	GTAGCACC	0	0	0
GGTGCTCA	TGAGCACC	0	0	0
GGTGCTGA	TCAGCACC	0	0	0
GGTGCTTA	TAAGCACC	0	0	0
GGTGGAAA	TTTCCACC	0	0	0
GGTGGAAC	GTTCCACC	0	0	0
GGTGGACA	TGTCCACC	0	0	0
GGTGGAGA	TCTCCACC	0	0	0
GGTGGATA	TATCCACC	0	0	0
GGTGGCAA	TTGCCACC	0	0	0
GGTGGCAC	GTGCCACC	0	0	0
GGTGGCCA	TGGCCACC	0	0	0
GGTGGCGA	TCGCCACC	0	0	0
GGTGGCTA	TAGCCACC	0	0	0
GGTGGGAA	TTCCCACC	0	0	0
GGTGGGAC	GTCCCACC	0	0	0
GGTGGGCA	TGCCCACC	0	0	0
GGTGGGGA	TCCCCACC	0	0	0
GGTGGGTA	TACCCACC	0	0	0
GGTGGTAA	TTACCACC	0	0	0
GGTGGTAC	GTACCACC	0	0	0
GGTGGTCA	TGACCACC	0	0	0
GGTGGTGA	TCACCACC	0	0	0
GGTGGTTA	TAACCACC	0	0	0
GGTGTAAA	TTTACACC	0	0	0
GGTGTAAC	GTTACACC	0	0	0
GGTGTACA	TGTACACC	0	0	0
GGTGTAGA	TCTACACC	0	0	0
GGTGTATA	TATACACC	0	0	0
GGTGTCAA	TTGACACC	0	0	0
GGTGTCAC	GTGACACC	0	0	0
GGTGTCCA	TGGACACC	0	0	0
GGTGTCGA	TCGACACC	0	0	0
GGTGTCTA	TAGACACC	0	0	0
GGTGTGAA	TTCACACC	0	0	0
GGTGTGAC	GTCACACC	0	0	0
GGTGTGCA	TGCACACC	0	0	0
GGTGTGGA	TCCACACC	0	0	0
GGTGTGTA	TACACACC	0	0	0
GGTGTTAA	TTAACACC	0	0	0
GGTGTTAC	GTAACACC	0	0	0
GGTGTTCA	TGAACACC	0	0	0
GGTGTTGA	TCAACACC	0	0	0
GGTGTTTA	TAAACACC	0	0	0
GGTTAAAA	TTTTAACC	0	0	0
GGTTAAAC	GTTTAACC	0	0	0
GGTTAACA	TGTTAACC	0	0	0
GGTTAACC	GGTTAACC	0	0	0
GGTTAAGA	TCTTAACC	0	0	0
GGTTAATA	TATTAACC	0	0	0
GGTTACAA	TTGTAACC	0	0	0
GGTTACAC	GTGTAACC	0	0	0
GGTTACCA	TGGTAACC	0	0	0
GGTTACGA	TCGTAACC	0	0	0
GGTTACTA	TAGTAACC	0	0	0
GGTTAGAA	TTCTAACC	0	0	0
GGTTAGAC	GTCTAACC	0	0	0
GGTTAGCA	TGCTAACC	0	0	0
GGTTAGGA	TCCTAACC	0	0	0
GGTTAGTA	TACTAACC	0	0	0
GGTTATAA	TTATAACC	0	0	0
GGTTATAC	GTATAACC	0	0	0
GGTTATCA	TGATAACC	0	0	0
GGTTATGA	TCATAACC	0	0	0
GGTTATTA	TAATAACC	0	0	0
GGTTCAAA	TTTGAACC	0	0	0
GGTTCAAC	GTTGAACC	0	0	0
GGTTCACA	TGTGAACC	0	0	0
GGTTCAGA	TCTGAACC	0	0	0
GGTTCATA	TATGAACC	0	0	0
GGTTCCAA	TTGGAACC	0	0	0
GGTTCCAC	GTGGAACC	0	0	0
GGTTCCCA	TGGGAACC	0	0	0
GGTTCCGA	TCGGAACC	0	0	0
GGTTCCTA	TAGGAACC	0	0	0
GGTTCGAA	TTCGAACC	0	0	0
GGTTCGAC	GTCGAACC	0	0	0
GGTTCGCA	TGCGAACC	0	0	0
GGTTCGGA	TCCGAACC	0	0	0
GGTTCGTA	TACGAACC	0	0	0
GGTTCTAA	TTAGAACC	0	0	0
GGTTCTAC	GTAGAACC	0	0	0
GGTTCTCA	TGAGAACC	0	0	0
GGTTCTGA	TCAGAACC	0	0	0
GGTTCTTA	TAAGAACC	0	0	0
GGTTGAAA	TTTCAACC	0	0	0
GGTTGAAC	GTTCAACC	0	0	0
GGTTGACA	TGTCAACC	0	0	0
GGTTGAGA	TCTCAACC	0	0	0
GGTTGATA	TATCAACC	0	0	0
GGTTGCAA	TTGCAACC	0	0	0
GGTTGCAC	GTGCAACC	0	0	0
GGTTGCCA	TGGCAACC	0	0	0
GGTTGCGA	TCGCAACC	0	0	0
GGTTGCTA	TAGCAACC	0	0	0
GGTTGGAA	TTCCAACC	0	0	0
GGTTGGAC	GTCCAACC	0	0	0
GGTTGGCA	TGCCAACC	0	0	0
GGTTGGGA	TCCCAACC	0	0	0
GGTTGGTA	TACCAACC	0	0	0
GGTTGTAA	TTACAACC	0	0	0
GGTTGTAC	GTACAACC	0	0	0
GGTTGTCA	TGACAACC	0	0	0
GGTTGTGA	TCACAACC	0	0	0
GGTTGTTA	TAACAACC	0	0	0
GGTTTAAA	TTTAAACC	0	0	0
GGTTTAAC	GTTAAACC	0	0	0
GGTTTACA	TGTAAACC	0	0	0
GGTTTAGA	TCTAAACC	0	0	0
GGTTTATA	TATAAACC	0	0	0
GGTTTCAA	TTGAAACC	0	0	0
GGTTTCAC	GTGAAACC	0	0	0
GGTTTCCA	TGGAAACC	0	0	0
GGTTTCGA	TCGAAACC	0	0	0
GGTTTCTA	TAGAAACC	0	0	0
GGTTTGAA	TTCAAACC	0	0	0
GGTTTGAC	GTCAAACC	0	0	0
GGTTTGCA	TGCAAACC	0	0	0
GGTTTGGA	TCCAAACC	0	0	0
GGTTTGTA	TACAAACC	0	0	0
GGTTTTAA	TTAAAACC	0	0	0
GGTTTTAC	GTAAAACC	0	0	0
GGTTTTCA	TGAAAACC	0	0	0
GGTTTTGA	TCAAAACC	0	0	0
GGTTTTTA	TAAAAACC	0	0	0
GTAAAAAA	TTTTTTAC	0	0	0
GTAAAAAC	GTTTTTAC	0	0	0
GTAAAACA	TGTTTTAC	0	0	0
GTAAAAGA	TCTTTTAC	0	0	0
GTAAAATA	TATTTTAC	0	0	0
GTAAACAA	TTGTTTAC	0	0	0
GTAAACAC	GTGTTTAC	0	0	0
GTAAACCA	TGGTTTAC	0	0	0
GTAAACGA	TCGTTTAC	0	0	0
GTAAACTA	TAGTTTAC	0	0	0
GTAAAGAA	TTCTTTAC	0	0	0
GTAAAGAC	GTCTTTAC	0	0	0
GTAAAGCA	TGCTTTAC	0	0	0
GTAAAGGA	TCCTTTAC	0	0	0
GTAAAGTA	TACTTTAC	0	0	0
GTAAATAA	TTATTTAC	0	0	0
GTAAATAC	GTATTTAC	0	0	0
GTAAATCA	TGATTTAC	0	0	0
GTAAATGA	TCATTTAC	0	0	0
GTAAATTA	TAATTTAC	0	0	0
GTAACAAA	TTTGTTAC	0	0	0
GTAACAAC	GTTGTTAC	0	0	0
GTAACACA	TGTGTTAC	0	0	0
GTAACAGA	TCTGTTAC	0	0	0
GTAACATA	TATGTTAC	0	0	0
GTAACCAA	TTGGTTAC	0	0	0
GTAACCAC	GTGGTTAC	0	0	0
GTAACCCA	TGGGTTAC	0	0	0
GTAACCGA	TCGGTTAC	0	0	0
GTAACCTA	TAGGTTAC	0	0	0
GTAACGAA	TTCGTTAC	0	0	0
GTAACGAC	GTCGTTAC	0	0	0
GTAACGCA	TGCGTTAC	0	0	0
GTAACGGA	TCCGTTAC	0	0	0
GTAACGTA	TACGTTAC	0	0	0
GTAACTAA	TTAGTTAC	0	0	0
GTAACTAC	GTAGTTAC	0	0	0
GTAACTCA	TGAGTTAC	0	0	0
GTAACTGA	TCAGTTAC	0	0	0
GTAACTTA	TAAGTTAC	0	0	0
GTAAGAAA	TTTCTTAC	0	0	0
GTAAGAAC	GTTCTTAC	0	0	0
GTAAGACA	TGTCTTAC	0	0	0
GTAAGAGA	TCTCTTAC	0	0	0
GTAAGATA	TATCTTAC	0	0	0
GTAAGCAA	TTGCTTAC	0	0	0
GTAAGCAC	GTGCTTAC	0	0	0
GTAAGCCA	TGGCTTAC	0	0	0
GTAAGCGA	TCGCTTAC	0	0	0
GTAAGCTA	TAGCTTAC	0	0	0
GTAAGGAA	TTCCTTAC	0	0	0
GTAAGGAC	GTCCTTAC	0	0	0
GTAAGGCA	TGCCTTAC	0	0	0
GTAAGGGA	TCCCTTAC	0	0	0
GTAAGGTA	TACCTTAC	0	0	0
GTAAGTAA	TTACTTAC	0	0	0
GTAAGTAC	GTACTTAC	0	0	0
GTAAGTCA	TGACTTAC	0	0	0
GTAAGTGA	TCACTTAC	0	0	0
GTAAGTTA	TAACTTAC	0	0	0
GTAATAAA	TTTATTAC	0	0	0
GTAATAAC	GTTATTAC	0	0	0
GTAATACA	TGTATTAC	0	0	0
GTAATAGA	TCTATTAC	0	0	0
GTAATATA	TATATTAC	0	0	0
GTAATCAA	TTGATTAC	0	0	0
GTAATCAC	GTGATTAC	0	0	0
GTAATCCA	TGGATTAC	0	0	0
GTAATCGA	TCGATTAC	0	0	0
GTAATCTA	TAGATTAC	0	0	0
GTAATGAA	TTCATTAC	0	0	0
GTAATGAC	GTCATTAC	0	0	0
GTAATGCA	TGCATTAC	0	0	0
GTAATGGA	TCCATTAC	0	0	0
GTAATGTA	TACATTAC	0	0	0
GTAATTAA	TTAATTAC	0	0	0
GTAATTAC	GTAATTAC	0	0	0
GTAATTCA	TGAATTAC	0	0	0
GTAATTGA	TCAATTAC	0	0	0
GTAATTTA	TAAATTAC	0	0	0
GTACAAAA	TTTTGTAC	0	0	0
GTACAAAC	GTTTGTAC	0	0	0
GTACAACA	TGTTGTAC	0	0	0
GTACAAGA	TCTTGTAC	0	0	0
GTACAATA	TATTGTAC	0	0	0
GTACACAA	TTGTGTAC	0	0	0
GTACACAC	GTGTGTAC	0	0	0
GTACACCA	TGGTGTAC	0	0	0
GTACACGA	TCGTGTAC	0	0	0
GTACACTA	TAGTGTAC	0	0	0
GTACAGAA	TTCTGTAC	0	0	0
GTACAGAC	GTCTGTAC	0	0	0
GTACAGCA	TGCTGTAC	0	0	0
GTACAGGA	TCCTGTAC	0	0	0
GTACAGTA	TACTGTAC	0	0	0
GTACATAA	TTATGTAC	0	0	0
GTACATAC	GTATGTAC	0	0	0
GTACATCA	TGATGTAC	0	0	0
GTACATGA	TCATGTAC	0	0	0
GTACATTA	TAATGTAC	0	0	0
GTACCAAA	TTTGGTAC	0	0	0
GTACCAAC	GTTGGTAC	0	0	0
GTACCACA	TGTGGTAC	0	0	0
GTACCAGA	TCTGGTAC	0	0	0
GTACCATA	TATGGTAC	0	0	0
GTACCCAA	TTGGGTAC	0	0	0
GTACCCAC	GTGGGTAC	0	0	0
GTACCCCA	TGGGGTAC	0	0	0
GTACCCGA	TCGGGTAC	0	0	0
GTACCCTA	TAGGGTAC	0	0	0
GTACCGAA	TTCGGTAC	0	0	0
GTACCGAC	GTCGGTAC	0	0	0
GTACCGCA	TGCGGTAC	0	0	0
GTACCGGA	TCCGGTAC	0	0	0
GTACCGTA	TACGGTAC	0	0	0
GTACCTAA	TTAGGTAC	0	0	0
GTACCTAC	GTAGGTAC	0	0	0
GTACCTCA	TGAGGTAC	0	0	0
GTACCTGA	TCAGGTAC	0	0	0
GTACCTTA	TAAGGTAC	0	0	0
GTACGAAA	TTTCGTAC	0	0	0
GTACGAAC	GTTCGTAC	0	0	0
GTACGACA	TGTCGTAC	0	0	0
GTACGAGA	TCTCGTAC	0	0	0
GTACGATA	TATCGTAC	0	0	0
GTACGCAA	TTGCGTAC	0	0	0
GTACGCAC	GTGCGTAC	0	0	0
GTACGCCA	TGGCGTAC	0	0	0
GTACGCGA	TCGCGTAC	0	0	0
GTACGCTA	TAGCGTAC	0	0	0
GTACGGAA	TTCCGTAC	0	0	0
GTACGGAC	GTCCGTAC	0	0	0
GTACGGCA	TGCCGTAC	0	0	0
GTACGGGA	TCCCGTAC	0	0	0
GTACGGTA	TACCGTAC	0	0	0
GTACGTAA	TTACGTAC	0	0	0
GTACGTAC	GTACGTAC	0	0	0
GTACGTCA	TGACGTAC	0	0	0
GTACGTGA	TCACGTAC	0	0	0
GTACGTTA	TAACGTAC	0	0	0
GTACTAAA	TTTAGTAC	0	0	0
GTACTAAC	GTTAGTAC	0	0	0
GTACTACA	TGTAGTAC	0	0	0
GTACTAGA	TCTAGTAC	0	0	0
GTACTATA	TATAGTAC	0	0	0
GTACTCAA	TTGAGTAC	0	0	0
GTACTCAC	GTGAGTAC	0	0	0
GTACTCCA	TGGAGTAC	0	0	0
GTACTCGA	TCGAGTAC	0	0	0
GTACTCTA	TAGAGTAC	0	0	0
GTACTGAA	TTCAGTAC	0	0	0
GTACTGAC	GTCAGTAC	0	0	0
GTACTGCA	TGCAGTAC	0	0	0
GTACTGGA	TCCAGTAC	0	0	0
GTACTGTA	TACAGTAC	0	0	0
GTACTTAA	TTAAGTAC	0	0	0
GTACTTCA	TGAAGTAC	0	0	0
GTACTTGA	TCAAGTAC	0	0	0
GTACTTTA	TAAAGTAC	0	0	0
GTAGAAAA	TTTTCTAC	0	0	0
GTAGAAAC	GTTTCTAC	0	0	0
GTAGAACA	TGTTCTAC	0	0	0
GTAGAAGA	TCTTCTAC	0	0	0
GTAGAATA	TATTCTAC	0	0	0
GTAGACAA	TTGTCTAC	0	0	0
GTAGACAC	GTGTCTAC	0	0	0
GTAGACCA	TGGTCTAC	0	0	0
GTAGACGA	TCGTCTAC	0	0	0
GTAGACTA	TAGTCTAC	0	0	0
GTAGAGAA	TTCTCTAC	0	0	0
GTAGAGAC	GTCTCTAC	0	0	0
GTAGAGCA	TGCTCTAC	0	0	0
GTAGAGGA	TCCTCTAC	0	0	0
GTAGAGTA	TACTCTAC	0	0	0
GTAGATAA	TTATCTAC	0	0	0
GTAGATAC	GTATCTAC	0	0	0
GTAGATCA	TGATCTAC	0	0	0
GTAGATGA	TCATCTAC	0	0	0
GTAGATTA	TAATCTAC	0	0	0
GTAGCAAA	TTTGCTAC	0	0	0
GTAGCAAC	GTTGCTAC	0	0	0
GTAGCACA	TGTGCTAC	0	0	0
GTAGCAGA	TCTGCTAC	0	0	0
GTAGCATA	TATGCTAC	0	0	0
GTAGCCAA	TTGGCTAC	0	0	0
GTAGCCAC	GTGGCTAC	0	0	0
GTAGCCCA	TGGGCTAC	0	0	0
GTAGCCGA	TCGGCTAC	0	0	0
GTAGCCTA	TAGGCTAC	0	0	0
GTAGCGAA	TTCGCTAC	0	0	0
GTAGCGAC	GTCGCTAC	0	0	0
GTAGCGCA	TGCGCTAC	0	0	0
GTAGCGGA	TCCGCTAC	0	0	0
GTAGCGTA	TACGCTAC	0	0	0
GTAGCTAA	TTAGCTAC	0	0	0
GTAGCTAC	GTAGCTAC	0	0	0
GTAGCTCA	TGAGCTAC	0	0	0
GTAGCTGA	TCAGCTAC	0	0	0
GTAGCTTA	TAAGCTAC	0	0	0
GTAGGAAA	TTTCCTAC	0	0	0
GTAGGAAC	GTTCCTAC	0	0	0
GTAGGACA	TGTCCTAC	0	0	0
GTAGGAGA	TCTCCTAC	0	0	0
GTAGGATA	TATCCTAC	0	0	0
GTAGGCAA	TTGCCTAC	0	0	0
GTAGGCAC	GTGCCTAC	0	0	0
GTAGGCCA	TGGCCTAC	0	0	0
GTAGGCGA	TCGCCTAC	0	0	0
GTAGGCTA	TAGCCTAC	0	0	0
GTAGGGAA	TTCCCTAC	0	0	0
GTAGGGAC	GTCCCTAC	0	0	0
GTAGGGCA	TGCCCTAC	0	0	0
GTAGGGGA	TCCCCTAC	0	0	0
GTAGGGTA	TACCCTAC	0	0	0
GTAGGTAA	TTACCTAC	0	0	0
GTAGGTCA	TGACCTAC	0	0	0
GTAGGTGA	TCACCTAC	0	0	0
GTAGGTTA	TAACCTAC	0	0	0
GTAGTAAA	TTTACTAC	0	0	0
GTAGTAAC	GTTACTAC	0	0	0
GTAGTACA	TGTACTAC	0	0	0
GTAGTAGA	TCTACTAC	0	0	0
GTAGTATA	TATACTAC	0	0	0
GTAGTCAA	TTGACTAC	0	0	0
GTAGTCAC	GTGACTAC	0	0	0
GTAGTCCA	TGGACTAC	0	0	0
GTAGTCGA	TCGACTAC	0	0	0
GTAGTCTA	TAGACTAC	0	0	0
GTAGTGAA	TTCACTAC	0	0	0
GTAGTGAC	GTCACTAC	0	0	0
GTAGTGCA	TGCACTAC	0	0	0
GTAGTGGA	TCCACTAC	0	0	0
GTAGTGTA	TACACTAC	0	0	0
GTAGTTAA	TTAACTAC	0	0	0
GTAGTTCA	TGAACTAC	0	0	0
GTAGTTGA	TCAACTAC	0	0	0
GTAGTTTA	TAAACTAC	0	0	0
GTATAAAA	TTTTATAC	0	0	0
GTATAAAC	GTTTATAC	0	0	0
GTATAACA	TGTTATAC	0	0	0
GTATAAGA	TCTTATAC	0	0	0
GTATAATA	TATTATAC	0	0	0
GTATACAA	TTGTATAC	0	0	0
GTATACAC	GTGTATAC	0	0	0
GTATACCA	TGGTATAC	0	0	0
GTATACGA	TCGTATAC	0	0	0
GTATACTA	TAGTATAC	0	0	0
GTATAGAA	TTCTATAC	0	0	0
GTATAGAC	GTCTATAC	0	0	0
GTATAGCA	TGCTATAC	0	0	0
GTATAGGA	TCCTATAC	0	0	0
GTATAGTA	TACTATAC	0	0	0
GTATATAA	TTATATAC	0	0	0
GTATATAC	GTATATAC	0	0	0
GTATATCA	TGATATAC	0	0	0
GTATATGA	TCATATAC	0	0	0
GTATATTA	TAATATAC	0	0	0
GTATCAAA	TTTGATAC	0	0	0
GTATCAAC	GTTGATAC	0	0	0
GTATCACA	TGTGATAC	0	0	0
GTATCAGA	TCTGATAC	0	0	0
GTATCATA	TATGATAC	0	0	0
GTATCCAA	TTGGATAC	0	0	0
GTATCCAC	GTGGATAC	0	0	0
GTATCCCA	TGGGATAC	0	0	0
GTATCCGA	TCGGATAC	0	0	0
GTATCCTA	TAGGATAC	0	0	0
GTATCGAA	TTCGATAC	0	0	0
GTATCGAC	GTCGATAC	0	0	0
GTATCGCA	TGCGATAC	0	0	0
GTATCGGA	TCCGATAC	0	0	0
GTATCGTA	TACGATAC	0	0	0
GTATCTAA	TTAGATAC	0	0	0
GTATCTCA	TGAGATAC	0	0	0
GTATCTGA	TCAGATAC	0	0	0
GTATCTTA	TAAGATAC	0	0	0
GTATGAAA	TTTCATAC	0	0	0
GTATGAAC	GTTCATAC	0	0	0
GTATGACA	TGTCATAC	0	0	0
GTATGAGA	TCTCATAC	0	0	0
GTATGATA	TATCATAC	0	0	0
GTATGCAA	TTGCATAC	0	0	0
GTATGCAC	GTGCATAC	0	0	0
GTATGCCA	TGGCATAC	0	0	0
GTATGCGA	TCGCATAC	0	0	0
GTATGCTA	TAGCATAC	0	0	0
GTATGGAA	TTCCATAC	0	0	0
GTATGGAC	GTCCATAC	0	0	0
GTATGGCA	TGCCATAC	0	0	0
GTATGGGA	TCCCATAC	0	0	0
GTATGGTA	TACCATAC	0	0	0
GTATGTAA	TTACATAC	0	0	0
GTATGTCA	TGACATAC	0	0	0
GTATGTGA	TCACATAC	0	0	0
GTATGTTA	TAACATAC	0	0	0
GTATTAAA	TTTAATAC	0	0	0
GTATTAAC	GTTAATAC	0	0	0
GTATTACA	TGTAATAC	0	0	0
GTATTAGA	TCTAATAC	0	0	0
GTATTATA	TATAATAC	0	0	0
GTATTCAA	TTGAATAC	0	0	0
GTATTCAC	GTGAATAC	0	0	0
GTATTCCA	TGGAATAC	0	0	0
GTATTCGA	TCGAATAC	0	0	0
GTATTCTA	TAGAATAC	0	0	0
GTATTGAA	TTCAATAC	0	0	0
GTATTGAC	GTCAATAC	0	0	0
GTATTGCA	TGCAATAC	0	0	0
GTATTGGA	TCCAATAC	0	0	0
GTATTGTA	TACAATAC	0	0	0
GTATTTAA	TTAAATAC	0	0	0
GTATTTCA	TGAAATAC	0	0	0
GTATTTGA	TCAAATAC	0	0	0
GTATTTTA	TAAAATAC	0	0	0
GTCAAAAA	TTTTTGAC	0	0	0
GTCAAAAC	GTTTTGAC	0	0	0
GTCAAACA	TGTTTGAC	0	0	0
GTCAAAGA	TCTTTGAC	0	0	0
GTCAAATA	TATTTGAC	0	0	0
GTCAACAA	TTGTTGAC	0	0	0
GTCAACAC	GTGTTGAC	0	0	0
GTCAACCA	TGGTTGAC	0	0	0
GTCAACGA	TCGTTGAC	0	0	0
GTCAACTA	TAGTTGAC	0	0	0
GTCAAGAA	TTCTTGAC	0	0	0
GTCAAGAC	GTCTTGAC	0	0	0
GTCAAGCA	TGCTTGAC	0	0	0
GTCAAGGA	TCCTTGAC	0	0	0
GTCAAGTA	TACTTGAC	0	0	0
GTCAATAA	TTATTGAC	0	0	0
GTCAATCA	TGATTGAC	0	0	0
GTCAATGA	TCATTGAC	0	0	0
GTCAATTA	TAATTGAC	0	0	0
GTCACAAA	TTTGTGAC	0	0	0
GTCACAAC	GTTGTGAC	0	0	0
GTCACACA	TGTGTGAC	0	0	0
GTCACAGA	TCTGTGAC	0	0	0
GTCACATA	TATGTGAC	0	0	0
GTCACCAA	TTGGTGAC	0	0	0
GTCACCAC	GTGGTGAC	0	0	0
GTCACCCA	TGGGTGAC	0	0	0
GTCACCGA	TCGGTGAC	0	0	0
GTCACCTA	TAGGTGAC	0	0	0
GTCACGAA	TTCGTGAC	0	0	0
GTCACGAC	GTCGTGAC	0	0	0
GTCACGCA	TGCGTGAC	0	0	0
GTCACGGA	TCCGTGAC	0	0	0
GTCACGTA	TACGTGAC	0	0	0
GTCACTAA	TTAGTGAC	0	0	0
GTCACTCA	TGAGTGAC	0	0	0
GTCACTGA	TCAGTGAC	0	0	0
GTCACTTA	TAAGTGAC	0	0	0
GTCAGAAA	TTTCTGAC	0	0	0
GTCAGAAC	GTTCTGAC	0	0	0
GTCAGACA	TGTCTGAC	0	0	0
GTCAGAGA	TCTCTGAC	0	0	0
GTCAGATA	TATCTGAC	0	0	0
GTCAGCAA	TTGCTGAC	0	0	0
GTCAGCAC	GTGCTGAC	0	0	0
GTCAGCCA	TGGCTGAC	0	0	0
GTCAGCGA	TCGCTGAC	0	0	0
GTCAGCTA	TAGCTGAC	0	0	0
GTCAGGAA	TTCCTGAC	0	0	0
GTCAGGAC	GTCCTGAC	0	0	0
GTCAGGCA	TGCCTGAC	0	0	0
GTCAGGGA	TCCCTGAC	0	0	0
GTCAGGTA	TACCTGAC	0	0	0
GTCAGTAA	TTACTGAC	0	0	0
GTCAGTCA	TGACTGAC	0	0	0
GTCAGTGA	TCACTGAC	0	0	0
GTCAGTTA	TAACTGAC	0	0	0
GTCATAAA	TTTATGAC	0	0	0
GTCATAAC	GTTATGAC	0	0	0
GTCATACA	TGTATGAC	0	0	0
GTCATAGA	TCTATGAC	0	0	0
GTCATATA	TATATGAC	0	0	0
GTCATCAA	TTGATGAC	0	0	0
GTCATCAC	GTGATGAC	0	0	0
GTCATCCA	TGGATGAC	0	0	0
GTCATCGA	TCGATGAC	0	0	0
GTCATCTA	TAGATGAC	0	0	0
GTCATGAA	TTCATGAC	0	0	0
GTCATGAC	GTCATGAC	0	0	0
GTCATGCA	TGCATGAC	0	0	0
GTCATGGA	TCCATGAC	0	0	0
GTCATGTA	TACATGAC	0	0	0
GTCATTAA	TTAATGAC	0	0	0
GTCATTCA	TGAATGAC	0	0	0
GTCATTGA	TCAATGAC	0	0	0
GTCATTTA	TAAATGAC	0	0	0
GTCCAAAA	TTTTGGAC	0	0	0
GTCCAAAC	GTTTGGAC	0	0	0
GTCCAACA	TGTTGGAC	0	0	0
GTCCAAGA	TCTTGGAC	0	0	0
GTCCAATA	TATTGGAC	0	0	0
GTCCACAA	TTGTGGAC	0	0	0
GTCCACAC	GTGTGGAC	0	0	0
GTCCACCA	TGGTGGAC	0	0	0
GTCCACGA	TCGTGGAC	0	0	0
GTCCACTA	TAGTGGAC	0	0	0
GTCCAGAA	TTCTGGAC	0	0	0
GTCCAGAC	GTCTGGAC	0	0	0
GTCCAGCA	TGCTGGAC	0	0	0
GTCCAGGA	TCCTGGAC	0	0	0
GTCCAGTA	TACTGGAC	0	0	0
GTCCATAA	TTATGGAC	0	0	0
GTCCATCA	TGATGGAC	0	0	0
GTCCATGA	TCATGGAC	0	0	0
GTCCATTA	TAATGGAC	0	0	0
GTCCCAAA	TTTGGGAC	0	0	0
GTCCCAAC	GTTGGGAC	0	0	0
GTCCCACA	TGTGGGAC	0	0	0
GTCCCAGA	TCTGGGAC	0	0	0
GTCCCATA	TATGGGAC	0	0	0
GTCCCCAA	TTGGGGAC	0	0	0
GTCCCCAC	GTGGGGAC	0	0	0
GTCCCCCA	TGGGGGAC	0	0	0
GTCCCCGA	TCGGGGAC	0	0	0
GTCCCCTA	TAGGGGAC	0	0	0
GTCCCGAA	TTCGGGAC	0	0	0
GTCCCGAC	GTCGGGAC	0	0	0
GTCCCGCA	TGCGGGAC	0	0	0
GTCCCGGA	TCCGGGAC	0	0	0
GTCCCGTA	TACGGGAC	0	0	0
GTCCCTAA	TTAGGGAC	0	0	0
GTCCCTCA	TGAGGGAC	0	0	0
GTCCCTGA	TCAGGGAC	0	0	0
GTCCCTTA	TAAGGGAC	0	0	0
GTCCGAAA	TTTCGGAC	0	0	0
GTCCGAAC	GTTCGGAC	0	0	0
GTCCGACA	TGTCGGAC	0	0	0
GTCCGAGA	TCTCGGAC	0	0	0
GTCCGATA	TATCGGAC	0	0	0
GTCCGCAA	TTGCGGAC	0	0	0
GTCCGCAC	GTGCGGAC	0	0	0
GTCCGCCA	TGGCGGAC	0	0	0
GTCCGCGA	TCGCGGAC	0	0	0
GTCCGCTA	TAGCGGAC	0	0	0
GTCCGGAA	TTCCGGAC	0	0	0
GTCCGGAC	GTCCGGAC	0	0	0
GTCCGGCA	TGCCGGAC	0	0	0
GTCCGGGA	TCCCGGAC	0	0	0
GTCCGGTA	TACCGGAC	0	0	0
GTCCGTAA	TTACGGAC	0	0	0
GTCCGTCA	TGACGGAC	0	0	0
GTCCGTGA	TCACGGAC	0	0	0
GTCCGTTA	TAACGGAC	0	0	0
GTCCTAAA	TTTAGGAC	0	0	0
GTCCTAAC	GTTAGGAC	0	0	0
GTCCTACA	TGTAGGAC	0	0	0
GTCCTAGA	TCTAGGAC	0	0	0
GTCCTATA	TATAGGAC	0	0	0
GTCCTCAA	TTGAGGAC	0	0	0
GTCCTCAC	GTGAGGAC	0	0	0
GTCCTCCA	TGGAGGAC	0	0	0
GTCCTCGA	TCGAGGAC	0	0	0
GTCCTCTA	TAGAGGAC	0	0	0
GTCCTGAA	TTCAGGAC	0	0	0
GTCCTGCA	TGCAGGAC	0	0	0
GTCCTGGA	TCCAGGAC	0	0	0
GTCCTGTA	TACAGGAC	0	0	0
GTCCTTAA	TTAAGGAC	0	0	0
GTCCTTCA	TGAAGGAC	0	0	0
GTCCTTGA	TCAAGGAC	0	0	0
GTCCTTTA	TAAAGGAC	0	0	0
GTCGAAAA	TTTTCGAC	0	0	0
GTCGAAAC	GTTTCGAC	0	0	0
GTCGAACA	TGTTCGAC	0	0	0
GTCGAAGA	TCTTCGAC	0	0	0
GTCGAATA	TATTCGAC	0	0	0
GTCGACAA	TTGTCGAC	0	0	0
GTCGACAC	GTGTCGAC	0	0	0
GTCGACCA	TGGTCGAC	0	0	0
GTCGACGA	TCGTCGAC	0	0	0
GTCGACTA	TAGTCGAC	0	0	0
GTCGAGAA	TTCTCGAC	0	0	0
GTCGAGAC	GTCTCGAC	0	0	0
GTCGAGCA	TGCTCGAC	0	0	0
GTCGAGGA	TCCTCGAC	0	0	0
GTCGAGTA	TACTCGAC	0	0	0
GTCGATAA	TTATCGAC	0	0	0
GTCGATCA	TGATCGAC	0	0	0
GTCGATGA	TCATCGAC	0	0	0
GTCGATTA	TAATCGAC	0	0	0
GTCGCAAA	TTTGCGAC	0	0	0
GTCGCAAC	GTTGCGAC	0	0	0
GTCGCACA	TGTGCGAC	0	0	0
GTCGCAGA	TCTGCGAC	0	0	0
GTCGCATA	TATGCGAC	0	0	0
GTCGCCAA	TTGGCGAC	0	0	0
GTCGCCAC	GTGGCGAC	0	0	0
GTCGCCCA	TGGGCGAC	0	0	0
GTCGCCGA	TCGGCGAC	0	0	0
GTCGCCTA	TAGGCGAC	0	0	0
GTCGCGAA	TTCGCGAC	0	0	0
GTCGCGAC	GTCGCGAC	0	0	0
GTCGCGCA	TGCGCGAC	0	0	0
GTCGCGGA	TCCGCGAC	0	0	0
GTCGCGTA	TACGCGAC	0	0	0
GTCGCTAA	TTAGCGAC	0	0	0
GTCGCTCA	TGAGCGAC	0	0	0
GTCGCTGA	TCAGCGAC	0	0	0
GTCGCTTA	TAAGCGAC	0	0	0
GTCGGAAA	TTTCCGAC	0	0	0
GTCGGAAC	GTTCCGAC	0	0	0
GTCGGACA	TGTCCGAC	0	0	0
GTCGGAGA	TCTCCGAC	0	0	0
GTCGGATA	TATCCGAC	0	0	0
GTCGGCAA	TTGCCGAC	0	0	0
GTCGGCAC	GTGCCGAC	0	0	0
GTCGGCCA	TGGCCGAC	0	0	0
GTCGGCGA	TCGCCGAC	0	0	0
GTCGGCTA	TAGCCGAC	0	0	0
GTCGGGAA	TTCCCGAC	0	0	0
GTCGGGCA	TGCCCGAC	0	0	0
GTCGGGGA	TCCCCGAC	0	0	0
GTCGGGTA	TACCCGAC	0	0	0
GTCGGTAA	TTACCGAC	0	0	0
GTCGGTCA	TGACCGAC	0	0	0
GTCGGTGA	TCACCGAC	0	0	0
GTCGGTTA	TAACCGAC	0	0	0
GTCGTAAA	TTTACGAC	0	0	0
GTCGTAAC	GTTACGAC	0	0	0
GTCGTACA	TGTACGAC	0	0	0
GTCGTAGA	TCTACGAC	0	0	0
GTCGTATA	TATACGAC	0	0	0
GTCGTCAA	TTGACGAC	0	0	0
GTCGTCAC	GTGACGAC	0	0	0
GTCGTCCA	TGGACGAC	0	0	0
GTCGTCGA	TCGACGAC	0	0	0
GTCGTCTA	TAGACGAC	0	0	0
GTCGTGAA	TTCACGAC	0	0	0
GTCGTGCA	TGCACGAC	0	0	0
GTCGTGGA	TCCACGAC	0	0	0
GTCGTGTA	TACACGAC	0	0	0
GTCGTTAA	TTAACGAC	0	0	0
GTCGTTCA	TGAACGAC	0	0	0
GTCGTTGA	TCAACGAC	0	0	0
GTCGTTTA	TAAACGAC	0	0	0
GTCTAAAA	TTTTAGAC	0	0	0
GTCTAAAC	GTTTAGAC	0	0	0
GTCTAACA	TGTTAGAC	0	0	0
GTCTAAGA	TCTTAGAC	0	0	0
GTCTAATA	TATTAGAC	0	0	0
GTCTACAA	TTGTAGAC	0	0	0
GTCTACAC	GTGTAGAC	0	0	0
GTCTACCA	TGGTAGAC	0	0	0
GTCTACGA	TCGTAGAC	0	0	0
GTCTACTA	TAGTAGAC	0	0	0
GTCTAGAA	TTCTAGAC	0	0	0
GTCTAGAC	GTCTAGAC	0	0	0
GTCTAGCA	TGCTAGAC	0	0	0
GTCTAGGA	TCCTAGAC	0	0	0
GTCTAGTA	TACTAGAC	0	0	0
GTCTATAA	TTATAGAC	0	0	0
GTCTATCA	TGATAGAC	0	0	0
GTCTATGA	TCATAGAC	0	0	0
GTCTATTA	TAATAGAC	0	0	0
GTCTCAAA	TTTGAGAC	0	0	0
GTCTCAAC	GTTGAGAC	0	0	0
GTCTCACA	TGTGAGAC	0	0	0
GTCTCAGA	TCTGAGAC	0	0	0
GTCTCATA	TATGAGAC	0	0	0
GTCTCCAA	TTGGAGAC	0	0	0
GTCTCCAC	GTGGAGAC	0	0	0
GTCTCCCA	TGGGAGAC	0	0	0
GTCTCCGA	TCGGAGAC	0	0	0
GTCTCCTA	TAGGAGAC	0	0	0
GTCTCGAA	TTCGAGAC	0	0	0
GTCTCGCA	TGCGAGAC	0	0	0
GTCTCGGA	TCCGAGAC	0	0	0
GTCTCGTA	TACGAGAC	0	0	0
GTCTCTAA	TTAGAGAC	0	0	0
GTCTCTCA	TGAGAGAC	0	0	0
GTCTCTGA	TCAGAGAC	0	0	0
GTCTCTTA	TAAGAGAC	0	0	0
GTCTGAAA	TTTCAGAC	0	0	0
GTCTGAAC	GTTCAGAC	0	0	0
GTCTGACA	TGTCAGAC	0	0	0
GTCTGAGA	TCTCAGAC	0	0	0
GTCTGATA	TATCAGAC	0	0	0
GTCTGCAA	TTGCAGAC	0	0	0
GTCTGCAC	GTGCAGAC	0	0	0
GTCTGCCA	TGGCAGAC	0	0	0
GTCTGCGA	TCGCAGAC	0	0	0
GTCTGCTA	TAGCAGAC	0	0	0
GTCTGGAA	TTCCAGAC	0	0	0
GTCTGGCA	TGCCAGAC	0	0	0
GTCTGGGA	TCCCAGAC	0	0	0
GTCTGGTA	TACCAGAC	0	0	0
GTCTGTAA	TTACAGAC	0	0	0
GTCTGTCA	TGACAGAC	0	0	0
GTCTGTGA	TCACAGAC	0	0	0
GTCTGTTA	TAACAGAC	0	0	0
GTCTTAAA	TTTAAGAC	0	0	0
GTCTTAAC	GTTAAGAC	0	0	0
GTCTTACA	TGTAAGAC	0	0	0
GTCTTAGA	TCTAAGAC	0	0	0
GTCTTATA	TATAAGAC	0	0	0
GTCTTCAA	TTGAAGAC	0	0	0
GTCTTCAC	GTGAAGAC	0	0	0
GTCTTCCA	TGGAAGAC	0	0	0
GTCTTCGA	TCGAAGAC	0	0	0
GTCTTCTA	TAGAAGAC	0	0	0
GTCTTGAA	TTCAAGAC	0	0	0
GTCTTGCA	TGCAAGAC	0	0	0
GTCTTGGA	TCCAAGAC	0	0	0
GTCTTGTA	TACAAGAC	0	0	0
GTCTTTAA	TTAAAGAC	0	0	0
GTCTTTCA	TGAAAGAC	0	0	0
GTCTTTGA	TCAAAGAC	0	0	0
GTCTTTTA	TAAAAGAC	0	0	0
GTGAAAAA	TTTTTCAC	0	0	0
GTGAAAAC	GTTTTCAC	0	0	0
GTGAAACA	TGTTTCAC	0	0	0
GTGAAAGA	TCTTTCAC	0	0	0
GTGAAATA	TATTTCAC	0	0	0
GTGAACAA	TTGTTCAC	0	0	0
GTGAACAC	GTGTTCAC	0	0	0
GTGAACCA	TGGTTCAC	0	0	0
GTGAACGA	TCGTTCAC	0	0	0
GTGAACTA	TAGTTCAC	0	0	0
GTGAAGAA	TTCTTCAC	0	0	0
GTGAAGCA	TGCTTCAC	0	0	0
GTGAAGGA	TCCTTCAC	0	0	0
GTGAAGTA	TACTTCAC	0	0	0
GTGAATAA	TTATTCAC	0	0	0
GTGAATCA	TGATTCAC	0	0	0
GTGAATGA	TCATTCAC	0	0	0
GTGAATTA	TAATTCAC	0	0	0
GTGACAAA	TTTGTCAC	0	0	0
GTGACAAC	GTTGTCAC	0	0	0
GTGACACA	TGTGTCAC	0	0	0
GTGACAGA	TCTGTCAC	0	0	0
GTGACATA	TATGTCAC	0	0	0
GTGACCAA	TTGGTCAC	0	0	0
GTGACCAC	GTGGTCAC	0	0	0
GTGACCCA	TGGGTCAC	0	0	0
GTGACCGA	TCGGTCAC	0	0	0
GTGACCTA	TAGGTCAC	0	0	0
GTGACGAA	TTCGTCAC	0	0	0
GTGACGCA	TGCGTCAC	0	0	0
GTGACGGA	TCCGTCAC	0	0	0
GTGACGTA	TACGTCAC	0	0	0
GTGACTAA	TTAGTCAC	0	0	0
GTGACTCA	TGAGTCAC	0	0	0
GTGACTGA	TCAGTCAC	0	0	0
GTGACTTA	TAAGTCAC	0	0	0
GTGAGAAA	TTTCTCAC	0	0	0
GTGAGAAC	GTTCTCAC	0	0	0
GTGAGACA	TGTCTCAC	0	0	0
GTGAGAGA	TCTCTCAC	0	0	0
GTGAGATA	TATCTCAC	0	0	0
GTGAGCAA	TTGCTCAC	0	0	0
GTGAGCAC	GTGCTCAC	0	0	0
GTGAGCCA	TGGCTCAC	0	0	0
GTGAGCGA	TCGCTCAC	0	0	0
GTGAGCTA	TAGCTCAC	0	0	0
GTGAGGAA	TTCCTCAC	0	0	0
GTGAGGCA	TGCCTCAC	0	0	0
GTGAGGGA	TCCCTCAC	0	0	0
GTGAGGTA	TACCTCAC	0	0	0
GTGAGTAA	TTACTCAC	0	0	0
GTGAGTCA	TGACTCAC	0	0	0
GTGAGTGA	TCACTCAC	0	0	0
GTGAGTTA	TAACTCAC	0	0	0
GTGATAAA	TTTATCAC	0	0	0
GTGATAAC	GTTATCAC	0	0	0
GTGATACA	TGTATCAC	0	0	0
GTGATAGA	TCTATCAC	0	0	0
GTGATATA	TATATCAC	0	0	0
GTGATCAA	TTGATCAC	0	0	0
GTGATCAC	GTGATCAC	0	0	0
GTGATCCA	TGGATCAC	0	0	0
GTGATCGA	TCGATCAC	0	0	0
GTGATCTA	TAGATCAC	0	0	0
GTGATGAA	TTCATCAC	0	0	0
GTGATGCA	TGCATCAC	0	0	0
GTGATGGA	TCCATCAC	0	0	0
GTGATGTA	TACATCAC	0	0	0
GTGATTAA	TTAATCAC	0	0	0
GTGATTCA	TGAATCAC	0	0	0
GTGATTGA	TCAATCAC	0	0	0
GTGATTTA	TAAATCAC	0	0	0
GTGCAAAA	TTTTGCAC	0	0	0
GTGCAAAC	GTTTGCAC	0	0	0
GTGCAACA	TGTTGCAC	0	0	0
GTGCAAGA	TCTTGCAC	0	0	0
GTGCAATA	TATTGCAC	0	0	0
GTGCACAA	TTGTGCAC	0	0	0
GTGCACAC	GTGTGCAC	0	0	0
GTGCACCA	TGGTGCAC	0	0	0
GTGCACGA	TCGTGCAC	0	0	0
GTGCACTA	TAGTGCAC	0	0	0
GTGCAGAA	TTCTGCAC	0	0	0
GTGCAGCA	TGCTGCAC	0	0	0
GTGCAGGA	TCCTGCAC	0	0	0
GTGCAGTA	TACTGCAC	0	0	0
GTGCATAA	TTATGCAC	0	0	0
GTGCATCA	TGATGCAC	0	0	0
GTGCATGA	TCATGCAC	0	0	0
GTGCATTA	TAATGCAC	0	0	0
GTGCCAAA	TTTGGCAC	0	0	0
GTGCCAAC	GTTGGCAC	0	0	0
GTGCCACA	TGTGGCAC	0	0	0
GTGCCAGA	TCTGGCAC	0	0	0
GTGCCATA	TATGGCAC	0	0	0
GTGCCCAA	TTGGGCAC	0	0	0
GTGCCCAC	GTGGGCAC	0	0	0
GTGCCCCA	TGGGGCAC	0	0	0
GTGCCCGA	TCGGGCAC	0	0	0
GTGCCCTA	TAGGGCAC	0	0	0
GTGCCGAA	TTCGGCAC	0	0	0
GTGCCGCA	TGCGGCAC	0	0	0
GTGCCGGA	TCCGGCAC	0	0	0
GTGCCGTA	TACGGCAC	0	0	0
GTGCCTAA	TTAGGCAC	0	0	0
GTGCCTCA	TGAGGCAC	0	0	0
GTGCCTGA	TCAGGCAC	0	0	0
GTGCCTTA	TAAGGCAC	0	0	0
GTGCGAAA	TTTCGCAC	0	0	0
GTGCGAAC	GTTCGCAC	0	0	0
GTGCGACA	TGTCGCAC	0	0	0
GTGCGAGA	TCTCGCAC	0	0	0
GTGCGATA	TATCGCAC	0	0	0
GTGCGCAA	TTGCGCAC	0	0	0
GTGCGCAC	GTGCGCAC	0	0	0
GTGCGCCA	TGGCGCAC	0	0	0
GTGCGCGA	TCGCGCAC	0	0	0
GTGCGCTA	TAGCGCAC	0	0	0
GTGCGGAA	TTCCGCAC	0	0	0
GTGCGGCA	TGCCGCAC	0	0	0
GTGCGGGA	TCCCGCAC	0	0	0
GTGCGGTA	TACCGCAC	0	0	0
GTGCGTAA	TTACGCAC	0	0	0
GTGCGTCA	TGACGCAC	0	0	0
GTGCGTGA	TCACGCAC	0	0	0
GTGCGTTA	TAACGCAC	0	0	0
GTGCTAAA	TTTAGCAC	0	0	0
GTGCTAAC	GTTAGCAC	0	0	0
GTGCTACA	TGTAGCAC	0	0	0
GTGCTAGA	TCTAGCAC	0	0	0
GTGCTATA	TATAGCAC	0	0	0
GTGCTCAA	TTGAGCAC	0	0	0
GTGCTCCA	TGGAGCAC	0	0	0
GTGCTCGA	TCGAGCAC	0	0	0
GTGCTCTA	TAGAGCAC	0	0	0
GTGCTGAA	TTCAGCAC	0	0	0
GTGCTGCA	TGCAGCAC	0	0	0
GTGCTGGA	TCCAGCAC	0	0	0
GTGCTGTA	TACAGCAC	0	0	0
GTGCTTAA	TTAAGCAC	0	0	0
GTGCTTCA	TGAAGCAC	0	0	0
GTGCTTGA	TCAAGCAC	0	0	0
GTGCTTTA	TAAAGCAC	0	0	0
GTGGAAAA	TTTTCCAC	0	0	0
GTGGAAAC	GTTTCCAC	0	0	0
GTGGAACA	TGTTCCAC	0	0	0
GTGGAAGA	TCTTCCAC	0	0	0
GTGGAATA	TATTCCAC	0	0	0
GTGGACAA	TTGTCCAC	0	0	0
GTGGACAC	GTGTCCAC	0	0	0
GTGGACCA	TGGTCCAC	0	0	0
GTGGACGA	TCGTCCAC	0	0	0
GTGGACTA	TAGTCCAC	0	0	0
GTGGAGAA	TTCTCCAC	0	0	0
GTGGAGCA	TGCTCCAC	0	0	0
GTGGAGGA	TCCTCCAC	0	0	0
GTGGAGTA	TACTCCAC	0	0	0
GTGGATAA	TTATCCAC	0	0	0
GTGGATCA	TGATCCAC	0	0	0
GTGGATGA	TCATCCAC	0	0	0
GTGGATTA	TAATCCAC	0	0	0
GTGGCAAA	TTTGCCAC	0	0	0
GTGGCAAC	GTTGCCAC	0	0	0
GTGGCACA	TGTGCCAC	0	0	0
GTGGCAGA	TCTGCCAC	0	0	0
GTGGCATA	TATGCCAC	0	0	0
GTGGCCAA	TTGGCCAC	0	0	0
GTGGCCAC	GTGGCCAC	0	0	0
GTGGCCCA	TGGGCCAC	0	0	0
GTGGCCGA	TCGGCCAC	0	0	0
GTGGCCTA	TAGGCCAC	0	0	0
GTGGCGAA	TTCGCCAC	0	0	0
GTGGCGCA	TGCGCCAC	0	0	0
GTGGCGGA	TCCGCCAC	0	0	0
GTGGCGTA	TACGCCAC	0	0	0
GTGGCTAA	TTAGCCAC	0	0	0
GTGGCTCA	TGAGCCAC	0	0	0
GTGGCTGA	TCAGCCAC	0	0	0
GTGGCTTA	TAAGCCAC	0	0	0
GTGGGAAA	TTTCCCAC	0	0	0
GTGGGAAC	GTTCCCAC	0	0	0
GTGGGACA	TGTCCCAC	0	0	0
GTGGGAGA	TCTCCCAC	0	0	0
GTGGGATA	TATCCCAC	0	0	0
GTGGGCAA	TTGCCCAC	0	0	0
GTGGGCCA	TGGCCCAC	0	0	0
GTGGGCGA	TCGCCCAC	0	0	0
GTGGGCTA	TAGCCCAC	0	0	0
GTGGGGAA	TTCCCCAC	0	0	0
GTGGGGCA	TGCCCCAC	0	0	0
GTGGGGGA	TCCCCCAC	0	0	0
GTGGGGTA	TACCCCAC	0	0	0
GTGGGTAA	TTACCCAC	0	0	0
GTGGGTCA	TGACCCAC	0	0	0
GTGGGTGA	TCACCCAC	0	0	0
GTGGGTTA	TAACCCAC	0	0	0
GTGGTAAA	TTTACCAC	0	0	0
GTGGTAAC	GTTACCAC	0	0	0
GTGGTACA	TGTACCAC	0	0	0
GTGGTAGA	TCTACCAC	0	0	0
GTGGTATA	TATACCAC	0	0	0
GTGGTCAA	TTGACCAC	0	0	0
GTGGTCCA	TGGACCAC	0	0	0
GTGGTCGA	TCGACCAC	0	0	0
GTGGTCTA	TAGACCAC	0	0	0
GTGGTGAA	TTCACCAC	0	0	0
GTGGTGCA	TGCACCAC	0	0	0
GTGGTGGA	TCCACCAC	0	0	0
GTGGTGTA	TACACCAC	0	0	0
GTGGTTAA	TTAACCAC	0	0	0
GTGGTTCA	TGAACCAC	0	0	0
GTGGTTGA	TCAACCAC	0	0	0
GTGGTTTA	TAAACCAC	0	0	0
GTGTAAAA	TTTTACAC	0	0	0
GTGTAAAC	GTTTACAC	0	0	0
GTGTAACA	TGTTACAC	0	0	0
GTGTAAGA	TCTTACAC	0	0	0
GTGTAATA	TATTACAC	0	0	0
GTGTACAA	TTGTACAC	0	0	0
GTGTACAC	GTGTACAC	0	0	0
GTGTACCA	TGGTACAC	0	0	0
GTGTACGA	TCGTACAC	0	0	0
GTGTACTA	TAGTACAC	0	0	0
GTGTAGAA	TTCTACAC	0	0	0
GTGTAGCA	TGCTACAC	0	0	0
GTGTAGGA	TCCTACAC	0	0	0
GTGTAGTA	TACTACAC	0	0	0
GTGTATAA	TTATACAC	0	0	0
GTGTATCA	TGATACAC	0	0	0
GTGTATGA	TCATACAC	0	0	0
GTGTATTA	TAATACAC	0	0	0
GTGTCAAA	TTTGACAC	0	0	0
GTGTCAAC	GTTGACAC	0	0	0
GTGTCACA	TGTGACAC	0	0	0
GTGTCAGA	TCTGACAC	0	0	0
GTGTCATA	TATGACAC	0	0	0
GTGTCCAA	TTGGACAC	0	0	0
GTGTCCCA	TGGGACAC	0	0	0
GTGTCCGA	TCGGACAC	0	0	0
GTGTCCTA	TAGGACAC	0	0	0
GTGTCGAA	TTCGACAC	0	0	0
GTGTCGCA	TGCGACAC	0	0	0
GTGTCGGA	TCCGACAC	0	0	0
GTGTCGTA	TACGACAC	0	0	0
GTGTCTAA	TTAGACAC	0	0	0
GTGTCTCA	TGAGACAC	0	0	0
GTGTCTGA	TCAGACAC	0	0	0
GTGTCTTA	TAAGACAC	0	0	0
GTGTGAAA	TTTCACAC	0	0	0
GTGTGAAC	GTTCACAC	0	0	0
GTGTGACA	TGTCACAC	0	0	0
GTGTGAGA	TCTCACAC	0	0	0
GTGTGATA	TATCACAC	0	0	0
GTGTGCAA	TTGCACAC	0	0	0
GTGTGCCA	TGGCACAC	0	0	0
GTGTGCGA	TCGCACAC	0	0	0
GTGTGCTA	TAGCACAC	0	0	0
GTGTGGAA	TTCCACAC	0	0	0
GTGTGGCA	TGCCACAC	0	0	0
GTGTGGGA	TCCCACAC	0	0	0
GTGTGGTA	TACCACAC	0	0	0
GTGTGTAA	TTACACAC	0	0	0
GTGTGTCA	TGACACAC	0	0	0
GTGTGTGA	TCACACAC	0	0	0
GTGTGTTA	TAACACAC	0	0	0
GTGTTAAA	TTTAACAC	0	0	0
GTGTTAAC	GTTAACAC	0	0	0
GTGTTACA	TGTAACAC	0	0	0
GTGTTAGA	TCTAACAC	0	0	0
GTGTTATA	TATAACAC	0	0	0
GTGTTCAA	TTGAACAC	0	0	0
GTGTTCCA	TGGAACAC	0	0	0
GTGTTCGA	TCGAACAC	0	0	0
GTGTTCTA	TAGAACAC	0	0	0
GTGTTGAA	TTCAACAC	0	0	0
GTGTTGCA	TGCAACAC	0	0	0
GTGTTGGA	TCCAACAC	0	0	0
GTGTTGTA	TACAACAC	0	0	0
GTGTTTAA	TTAAACAC	0	0	0
GTGTTTCA	TGAAACAC	0	0	0
GTGTTTGA	TCAAACAC	0	0	0
GTGTTTTA	TAAAACAC	0	0	0
GTTAAAAA	TTTTTAAC	0	0	0
GTTAAAAC	GTTTTAAC	0	0	0
GTTAAACA	TGTTTAAC	0	0	0
GTTAAAGA	TCTTTAAC	0	0	0
GTTAAATA	TATTTAAC	0	0	0
GTTAACAA	TTGTTAAC	0	0	0
GTTAACCA	TGGTTAAC	0	0	0
GTTAACGA	TCGTTAAC	0	0	0
GTTAACTA	TAGTTAAC	0	0	0
GTTAAGAA	TTCTTAAC	0	0	0
GTTAAGCA	TGCTTAAC	0	0	0
GTTAAGGA	TCCTTAAC	0	0	0
GTTAAGTA	TACTTAAC	0	0	0
GTTAATAA	TTATTAAC	0	0	0
GTTAATCA	TGATTAAC	0	0	0
GTTAATGA	TCATTAAC	0	0	0
GTTAATTA	TAATTAAC	0	0	0
GTTACAAA	TTTGTAAC	0	0	0
GTTACAAC	GTTGTAAC	0	0	0
GTTACACA	TGTGTAAC	0	0	0
GTTACAGA	TCTGTAAC	0	0	0
GTTACATA	TATGTAAC	0	0	0
GTTACCAA	TTGGTAAC	0	0	0
GTTACCCA	TGGGTAAC	0	0	0
GTTACCGA	TCGGTAAC	0	0	0
GTTACCTA	TAGGTAAC	0	0	0
GTTACGAA	TTCGTAAC	0	0	0
GTTACGCA	TGCGTAAC	0	0	0
GTTACGGA	TCCGTAAC	0	0	0
GTTACGTA	TACGTAAC	0	0	0
GTTACTAA	TTAGTAAC	0	0	0
GTTACTCA	TGAGTAAC	0	0	0
GTTACTGA	TCAGTAAC	0	0	0
GTTACTTA	TAAGTAAC	0	0	0
GTTAGAAA	TTTCTAAC	0	0	0
GTTAGAAC	GTTCTAAC	0	0	0
GTTAGACA	TGTCTAAC	0	0	0
GTTAGAGA	TCTCTAAC	0	0	0
GTTAGATA	TATCTAAC	0	0	0
GTTAGCAA	TTGCTAAC	0	0	0
GTTAGCCA	TGGCTAAC	0	0	0
GTTAGCGA	TCGCTAAC	0	0	0
GTTAGCTA	TAGCTAAC	0	0	0
GTTAGGAA	TTCCTAAC	0	0	0
GTTAGGCA	TGCCTAAC	0	0	0
GTTAGGGA	TCCCTAAC	0	0	0
GTTAGGTA	TACCTAAC	0	0	0
GTTAGTAA	TTACTAAC	0	0	0
GTTAGTCA	TGACTAAC	0	0	0
GTTAGTGA	TCACTAAC	0	0	0
GTTAGTTA	TAACTAAC	0	0	0
GTTATAAA	TTTATAAC	0	0	0
GTTATAAC	GTTATAAC	0	0	0
GTTATACA	TGTATAAC	0	0	0
GTTATAGA	TCTATAAC	0	0	0
GTTATATA	TATATAAC	0	0	0
GTTATCAA	TTGATAAC	0	0	0
GTTATCCA	TGGATAAC	0	0	0
GTTATCGA	TCGATAAC	0	0	0
GTTATCTA	TAGATAAC	0	0	0
GTTATGAA	TTCATAAC	0	0	0
GTTATGCA	TGCATAAC	0	0	0
GTTATGGA	TCCATAAC	0	0	0
GTTATGTA	TACATAAC	0	0	0
GTTATTAA	TTAATAAC	0	0	0
GTTATTCA	TGAATAAC	0	0	0
GTTATTGA	TCAATAAC	0	0	0
GTTATTTA	TAAATAAC	0	0	0
GTTCAAAA	TTTTGAAC	0	0	0
GTTCAAAC	GTTTGAAC	0	0	0
GTTCAACA	TGTTGAAC	0	0	0
GTTCAAGA	TCTTGAAC	0	0	0
GTTCAATA	TATTGAAC	0	0	0
GTTCACAA	TTGTGAAC	0	0	0
GTTCACCA	TGGTGAAC	0	0	0
GTTCACGA	TCGTGAAC	0	0	0
GTTCACTA	TAGTGAAC	0	0	0
GTTCAGAA	TTCTGAAC	0	0	0
GTTCAGCA	TGCTGAAC	0	0	0
GTTCAGGA	TCCTGAAC	0	0	0
GTTCAGTA	TACTGAAC	0	0	0
GTTCATAA	TTATGAAC	0	0	0
GTTCATCA	TGATGAAC	0	0	0
GTTCATGA	TCATGAAC	0	0	0
GTTCATTA	TAATGAAC	0	0	0
GTTCCAAA	TTTGGAAC	0	0	0
GTTCCAAC	GTTGGAAC	0	0	0
GTTCCACA	TGTGGAAC	0	0	0
GTTCCAGA	TCTGGAAC	0	0	0
GTTCCATA	TATGGAAC	0	0	0
GTTCCCAA	TTGGGAAC	0	0	0
GTTCCCCA	TGGGGAAC	0	0	0
GTTCCCGA	TCGGGAAC	0	0	0
GTTCCCTA	TAGGGAAC	0	0	0
GTTCCGAA	TTCGGAAC	0	0	0
GTTCCGCA	TGCGGAAC	0	0	0
GTTCCGGA	TCCGGAAC	0	0	0
GTTCCGTA	TACGGAAC	0	0	0
GTTCCTAA	TTAGGAAC	0	0	0
GTTCCTCA	TGAGGAAC	0	0	0
GTTCCTGA	TCAGGAAC	0	0	0
GTTCCTTA	TAAGGAAC	0	0	0
GTTCGAAA	TTTCGAAC	0	0	0
GTTCGAAC	GTTCGAAC	0	0	0
GTTCGACA	TGTCGAAC	0	0	0
GTTCGAGA	TCTCGAAC	0	0	0
GTTCGATA	TATCGAAC	0	0	0
GTTCGCAA	TTGCGAAC	0	0	0
GTTCGCCA	TGGCGAAC	0	0	0
GTTCGCGA	TCGCGAAC	0	0	0
GTTCGCTA	TAGCGAAC	0	0	0
GTTCGGAA	TTCCGAAC	0	0	0
GTTCGGCA	TGCCGAAC	0	0	0
GTTCGGGA	TCCCGAAC	0	0	0
GTTCGGTA	TACCGAAC	0	0	0
GTTCGTAA	TTACGAAC	0	0	0
GTTCGTCA	TGACGAAC	0	0	0
GTTCGTGA	TCACGAAC	0	0	0
GTTCGTTA	TAACGAAC	0	0	0
GTTCTAAA	TTTAGAAC	0	0	0
GTTCTACA	TGTAGAAC	0	0	0
GTTCTAGA	TCTAGAAC	0	0	0
GTTCTATA	TATAGAAC	0	0	0
GTTCTCAA	TTGAGAAC	0	0	0
GTTCTCCA	TGGAGAAC	0	0	0
GTTCTCGA	TCGAGAAC	0	0	0
GTTCTCTA	TAGAGAAC	0	0	0
GTTCTGAA	TTCAGAAC	0	0	0
GTTCTGCA	TGCAGAAC	0	0	0
GTTCTGGA	TCCAGAAC	0	0	0
GTTCTGTA	TACAGAAC	0	0	0
GTTCTTAA	TTAAGAAC	0	0	0
GTTCTTCA	TGAAGAAC	0	0	0
GTTCTTGA	TCAAGAAC	0	0	0
GTTCTTTA	TAAAGAAC	0	0	0
GTTGAAAA	TTTTCAAC	0	0	0
GTTGAAAC	GTTTCAAC	0	0	0
GTTGAACA	TGTTCAAC	0	0	0
GTTGAAGA	TCTTCAAC	0	0	0
GTTGAATA	TATTCAAC	0	0	0
GTTGACAA	TTGTCAAC	0	0	0
GTTGACCA	TGGTCAAC	0	0	0
GTTGACGA	TCGTCAAC	0	0	0
GTTGACTA	TAGTCAAC	0	0	0
GTTGAGAA	TTCTCAAC	0	0	0
GTTGAGCA	TGCTCAAC	0	0	0
GTTGAGGA	TCCTCAAC	0	0	0
GTTGAGTA	TACTCAAC	0	0	0
GTTGATAA	TTATCAAC	0	0	0
GTTGATCA	TGATCAAC	0	0	0
GTTGATGA	TCATCAAC	0	0	0
GTTGATTA	TAATCAAC	0	0	0
GTTGCAAA	TTTGCAAC	0	0	0
GTTGCAAC	GTTGCAAC	0	0	0
GTTGCACA	TGTGCAAC	0	0	0
GTTGCAGA	TCTGCAAC	0	0	0
GTTGCATA	TATGCAAC	0	0	0
GTTGCCAA	TTGGCAAC	0	0	0
GTTGCCCA	TGGGCAAC	0	0	0
GTTGCCGA	TCGGCAAC	0	0	0
GTTGCCTA	TAGGCAAC	0	0	0
GTTGCGAA	TTCGCAAC	0	0	0
GTTGCGCA	TGCGCAAC	0	0	0
GTTGCGGA	TCCGCAAC	0	0	0
GTTGCGTA	TACGCAAC	0	0	0
GTTGCTAA	TTAGCAAC	0	0	0
GTTGCTCA	TGAGCAAC	0	0	0
GTTGCTGA	TCAGCAAC	0	0	0
GTTGCTTA	TAAGCAAC	0	0	0
GTTGGAAA	TTTCCAAC	0	0	0
GTTGGACA	TGTCCAAC	0	0	0
GTTGGAGA	TCTCCAAC	0	0	0
GTTGGATA	TATCCAAC	0	0	0
GTTGGCAA	TTGCCAAC	0	0	0
GTTGGCCA	TGGCCAAC	0	0	0
GTTGGCGA	TCGCCAAC	0	0	0
GTTGGCTA	TAGCCAAC	0	0	0
GTTGGGAA	TTCCCAAC	0	0	0
GTTGGGCA	TGCCCAAC	0	0	0
GTTGGGGA	TCCCCAAC	0	0	0
GTTGGGTA	TACCCAAC	0	0	0
GTTGGTAA	TTACCAAC	0	0	0
GTTGGTCA	TGACCAAC	0	0	0
GTTGGTGA	TCACCAAC	0	0	0
GTTGGTTA	TAACCAAC	0	0	0
GTTGTAAA	TTTACAAC	0	0	0
GTTGTACA	TGTACAAC	0	0	0
GTTGTAGA	TCTACAAC	0	0	0
GTTGTATA	TATACAAC	0	0	0
GTTGTCAA	TTGACAAC	0	0	0
GTTGTCCA	TGGACAAC	0	0	0
GTTGTCGA	TCGACAAC	0	0	0
GTTGTCTA	TAGACAAC	0	0	0
GTTGTGAA	TTCACAAC	0	0	0
GTTGTGCA	TGCACAAC	0	0	0
GTTGTGGA	TCCACAAC	0	0	0
GTTGTGTA	TACACAAC	0	0	0
GTTGTTAA	TTAACAAC	0	0	0
GTTGTTCA	TGAACAAC	0	0	0
GTTGTTGA	TCAACAAC	0	0	0
GTTGTTTA	TAAACAAC	0	0	0
GTTTAAAA	TTTTAAAC	0	0	0
GTTTAAAC	GTTTAAAC	0	0	0
GTTTAACA	TGTTAAAC	0	0	0
GTTTAAGA	TCTTAAAC	0	0	0
GTTTAATA	TATTAAAC	0	0	0
GTTTACAA	TTGTAAAC	0	0	0
GTTTACCA	TGGTAAAC	0	0	0
GTTTACGA	TCGTAAAC	0	0	0
GTTTACTA	TAGTAAAC	0	0	0
GTTTAGAA	TTCTAAAC	0	0	0
GTTTAGCA	TGCTAAAC	0	0	0
GTTTAGGA	TCCTAAAC	0	0	0
GTTTAGTA	TACTAAAC	0	0	0
GTTTATAA	TTATAAAC	0	0	0
GTTTATCA	TGATAAAC	0	0	0
GTTTATGA	TCATAAAC	0	0	0
GTTTATTA	TAATAAAC	0	0	0
GTTTCAAA	TTTGAAAC	0	0	0
GTTTCACA	TGTGAAAC	0	0	0
GTTTCAGA	TCTGAAAC	0	0	0
GTTTCATA	TATGAAAC	0	0	0
GTTTCCAA	TTGGAAAC	0	0	0
GTTTCCCA	TGGGAAAC	0	0	0
GTTTCCGA	TCGGAAAC	0	0	0
GTTTCCTA	TAGGAAAC	0	0	0
GTTTCGAA	TTCGAAAC	0	0	0
GTTTCGCA	TGCGAAAC	0	0	0
GTTTCGGA	TCCGAAAC	0	0	0
GTTTCGTA	TACGAAAC	0	0	0
GTTTCTAA	TTAGAAAC	0	0	0
GTTTCTCA	TGAGAAAC	0	0	0
GTTTCTGA	TCAGAAAC	0	0	0
GTTTCTTA	TAAGAAAC	0	0	0
GTTTGAAA	TTTCAAAC	0	0	0
GTTTGACA	TGTCAAAC	0	0	0
GTTTGAGA	TCTCAAAC	0	0	0
GTTTGATA	TATCAAAC	0	0	0
GTTTGCAA	TTGCAAAC	0	0	0
GTTTGCCA	TGGCAAAC	0	0	0
GTTTGCGA	TCGCAAAC	0	0	0
GTTTGCTA	TAGCAAAC	0	0	0
GTTTGGAA	TTCCAAAC	0	0	0
GTTTGGCA	TGCCAAAC	0	0	0
GTTTGGGA	TCCCAAAC	0	0	0
GTTTGGTA	TACCAAAC	0	0	0
GTTTGTAA	TTACAAAC	0	0	0
GTTTGTCA	TGACAAAC	0	0	0
GTTTGTGA	TCACAAAC	0	0	0
GTTTGTTA	TAACAAAC	0	0	0
GTTTTAAA	TTTAAAAC	0	0	0
GTTTTACA	TGTAAAAC	0	0	0
GTTTTAGA	TCTAAAAC	0	0	0
GTTTTATA	TATAAAAC	0	0	0
GTTTTCAA	TTGAAAAC	0	0	0
GTTTTCCA	TGGAAAAC	0	0	0
GTTTTCGA	TCGAAAAC	0	0	0
GTTTTCTA	TAGAAAAC	0	0	0
GTTTTGAA	TTCAAAAC	0	0	0
GTTTTGCA	TGCAAAAC	0	0	0
GTTTTGGA	TCCAAAAC	0	0	0
GTTTTGTA	TACAAAAC	0	0	0
GTTTTTAA	TTAAAAAC	0	0	0
GTTTTTCA	TGAAAAAC	0	0	0
GTTTTTGA	TCAAAAAC	0	0	0
GTTTTTTA	TAAAAAAC	0	0	0
TAAAAAAA	TTTTTTTA	0	0	0
TAAAAACA	TGTTTTTA	0	0	0
TAAAAAGA	TCTTTTTA	0	0	0
TAAAAATA	TATTTTTA	0	0	0
TAAAACAA	TTGTTTTA	0	0	0
TAAAACCA	TGGTTTTA	0	0	0
TAAAACGA	TCGTTTTA	0	0	0
TAAAACTA	TAGTTTTA	0	0	0
TAAAAGAA	TTCTTTTA	0	0	0
TAAAAGCA	TGCTTTTA	0	0	0
TAAAAGGA	TCCTTTTA	0	0	0
TAAAAGTA	TACTTTTA	0	0	0
TAAAATAA	TTATTTTA	0	0	0
TAAAATCA	TGATTTTA	0	0	0
TAAAATGA	TCATTTTA	0	0	0
TAAAATTA	TAATTTTA	0	0	0
TAAACAAA	TTTGTTTA	0	0	0
TAAACACA	TGTGTTTA	0	0	0
TAAACAGA	TCTGTTTA	0	0	0
TAAACATA	TATGTTTA	0	0	0
TAAACCAA	TTGGTTTA	0	0	0
TAAACCCA	TGGGTTTA	0	0	0
TAAACCGA	TCGGTTTA	0	0	0
TAAACCTA	TAGGTTTA	0	0	0
TAAACGAA	TTCGTTTA	0	0	0
TAAACGCA	TGCGTTTA	0	0	0
TAAACGGA	TCCGTTTA	0	0	0
TAAACGTA	TACGTTTA	0	0	0
TAAACTAA	TTAGTTTA	0	0	0
TAAACTCA	TGAGTTTA	0	0	0
TAAACTGA	TCAGTTTA	0	0	0
TAAACTTA	TAAGTTTA	0	0	0
TAAAGAAA	TTTCTTTA	0	0	0
TAAAGACA	TGTCTTTA	0	0	0
TAAAGAGA	TCTCTTTA	0	0	0
TAAAGATA	TATCTTTA	0	0	0
TAAAGCAA	TTGCTTTA	0	0	0
TAAAGCCA	TGGCTTTA	0	0	0
TAAAGCGA	TCGCTTTA	0	0	0
TAAAGCTA	TAGCTTTA	0	0	0
TAAAGGAA	TTCCTTTA	0	0	0
TAAAGGCA	TGCCTTTA	0	0	0
TAAAGGGA	TCCCTTTA	0	0	0
TAAAGGTA	TACCTTTA	0	0	0
TAAAGTAA	TTACTTTA	0	0	0
TAAAGTCA	TGACTTTA	0	0	0
TAAAGTGA	TCACTTTA	0	0	0
TAAAGTTA	TAACTTTA	0	0	0
TAAATAAA	TTTATTTA	0	0	0
TAAATACA	TGTATTTA	0	0	0
TAAATAGA	TCTATTTA	0	0	0
TAAATATA	TATATTTA	0	0	0
TAAATCAA	TTGATTTA	0	0	0
TAAATCCA	TGGATTTA	0	0	0
TAAATCGA	TCGATTTA	0	0	0
TAAATCTA	TAGATTTA	0	0	0
TAAATGAA	TTCATTTA	0	0	0
TAAATGCA	TGCATTTA	0	0	0
TAAATGGA	TCCATTTA	0	0	0
TAAATGTA	TACATTTA	0	0	0
TAAATTAA	TTAATTTA	0	0	0
TAAATTCA	TGAATTTA	0	0	0
TAAATTGA	TCAATTTA	0	0	0
TAAATTTA	TAAATTTA	0	0	0
TAACAAAA	TTTTGTTA	0	0	0
TAACAACA	TGTTGTTA	0	0	0
TAACAAGA	TCTTGTTA	0	0	0
TAACAATA	TATTGTTA	0	0	0
TAACACAA	TTGTGTTA	0	0	0
TAACACCA	TGGTGTTA	0	0	0
TAACACGA	TCGTGTTA	0	0	0
TAACACTA	TAGTGTTA	0	0	0
TAACAGAA	TTCTGTTA	0	0	0
TAACAGCA	TGCTGTTA	0	0	0
TAACAGGA	TCCTGTTA	0	0	0
TAACAGTA	TACTGTTA	0	0	0
TAACATAA	TTATGTTA	0	0	0
TAACATCA	TGATGTTA	0	0	0
TAACATGA	TCATGTTA	0	0	0
TAACATTA	TAATGTTA	0	0	0
TAACCAAA	TTTGGTTA	0	0	0
TAACCACA	TGTGGTTA	0	0	0
TAACCAGA	TCTGGTTA	0	0	0
TAACCATA	TATGGTTA	0	0	0
TAACCCAA	TTGGGTTA	0	0	0
TAACCCCA	TGGGGTTA	0	0	0
TAACCCGA	TCGGGTTA	0	0	0
TAACCCTA	TAGGGTTA	0	0	0
TAACCGAA	TTCGGTTA	0	0	0
TAACCGCA	TGCGGTTA	0	0	0
TAACCGGA	TCCGGTTA	0	0	0
TAACCGTA	TACGGTTA	0	0	0
TAACCTAA	TTAGGTTA	0	0	0
TAACCTCA	TGAGGTTA	0	0	0
TAACCTGA	TCAGGTTA	0	0	0
TAACCTTA	TAAGGTTA	0	0	0
TAACGAAA	TTTCGTTA	0	0	0
TAACGACA	TGTCGTTA	0	0	0
TAACGAGA	TCTCGTTA	0	0	0
TAACGATA	TATCGTTA	0	0	0
TAACGCAA	TTGCGTTA	0	0	0
TAACGCCA	TGGCGTTA	0	0	0
TAACGCGA	TCGCGTTA	0	0	0
TAACGCTA	TAGCGTTA	0	0	0
TAACGGAA	TTCCGTTA	0	0	0
TAACGGCA	TGCCGTTA	0	0	0
TAACGGGA	TCCCGTTA	0	0	0
TAACGGTA	TACCGTTA	0	0	0
TAACGTAA	TTACGTTA	0	0	0
TAACGTCA	TGACGTTA	0	0	0
TAACGTGA	TCACGTTA	0	0	0
TAACGTTA	TAACGTTA	0	0	0
TAACTAAA	TTTAGTTA	0	0	0
TAACTACA	TGTAGTTA	0	0	0
TAACTAGA	TCTAGTTA	0	0	0
TAACTATA	TATAGTTA	0	0	0
TAACTCAA	TTGAGTTA	0	0	0
TAACTCCA	TGGAGTTA	0	0	0
TAACTCGA	TCGAGTTA	0	0	0
TAACTCTA	TAGAGTTA	0	0	0
TAACTGAA	TTCAGTTA	0	0	0
TAACTGCA	TGCAGTTA	0	0	0
TAACTGGA	TCCAGTTA	0	0	0
TAACTGTA	TACAGTTA	0	0	0
TAACTTAA	TTAAGTTA	0	0	0
TAACTTCA	TGAAGTTA	0	0	0
TAACTTGA	TCAAGTTA	0	0	0
TAAGAAAA	TTTTCTTA	0	0	0
TAAGAACA	TGTTCTTA	0	0	0
TAAGAAGA	TCTTCTTA	0	0	0
TAAGAATA	TATTCTTA	0	0	0
TAAGACAA	TTGTCTTA	0	0	0
TAAGACCA	TGGTCTTA	0	0	0
TAAGACGA	TCGTCTTA	0	0	0
TAAGACTA	TAGTCTTA	0	0	0
TAAGAGAA	TTCTCTTA	0	0	0
TAAGAGCA	TGCTCTTA	0	0	0
TAAGAGGA	TCCTCTTA	0	0	0
TAAGAGTA	TACTCTTA	0	0	0
TAAGATAA	TTATCTTA	0	0	0
TAAGATCA	TGATCTTA	0	0	0
TAAGATGA	TCATCTTA	0	0	0
TAAGATTA	TAATCTTA	0	0	0
TAAGCAAA	TTTGCTTA	0	0	0
TAAGCACA	TGTGCTTA	0	0	0
TAAGCAGA	TCTGCTTA	0	0	0
TAAGCATA	TATGCTTA	0	0	0
TAAGCCAA	TTGGCTTA	0	0	0
TAAGCCCA	TGGGCTTA	0	0	0
TAAGCCGA	TCGGCTTA	0	0	0
TAAGCCTA	TAGGCTTA	0	0	0
TAAGCGAA	TTCGCTTA	0	0	0
TAAGCGCA	TGCGCTTA	0	0	0
TAAGCGGA	TCCGCTTA	0	0	0
TAAGCGTA	TACGCTTA	0	0	0
TAAGCTAA	TTAGCTTA	0	0	0
TAAGCTCA	TGAGCTTA	0	0	0
TAAGCTGA	TCAGCTTA	0	0	0
TAAGCTTA	TAAGCTTA	0	0	0
TAAGGAAA	TTTCCTTA	0	0	0
TAAGGACA	TGTCCTTA	0	0	0
TAAGGAGA	TCTCCTTA	0	0	0
TAAGGATA	TATCCTTA	0	0	0
TAAGGCAA	TTGCCTTA	0	0	0
TAAGGCCA	TGGCCTTA	0	0	0
TAAGGCGA	TCGCCTTA	0	0	0
TAAGGCTA	TAGCCTTA	0	0	0
TAAGGGAA	TTCCCTTA	0	0	0
TAAGGGCA	TGCCCTTA	0	0	0
TAAGGGGA	TCCCCTTA	0	0	0
TAAGGGTA	TACCCTTA	0	0	0
TAAGGTAA	TTACCTTA	0	0	0
TAAGGTCA	TGACCTTA	0	0	0
TAAGGTGA	TCACCTTA	0	0	0
TAAGTAAA	TTTACTTA	0	0	0
TAAGTACA	TGTACTTA	0	0	0
TAAGTAGA	TCTACTTA	0	0	0
TAAGTATA	TATACTTA	0	0	0
TAAGTCAA	TTGACTTA	0	0	0
TAAGTCCA	TGGACTTA	0	0	0
TAAGTCGA	TCGACTTA	0	0	0
TAAGTCTA	TAGACTTA	0	0	0
TAAGTGAA	TTCACTTA	0	0	0
TAAGTGCA	TGCACTTA	0	0	0
TAAGTGGA	TCCACTTA	0	0	0
TAAGTGTA	TACACTTA	0	0	0
TAAGTTAA	TTAACTTA	0	0	0
TAAGTTCA	TGAACTTA	0	0	0
TAAGTTGA	TCAACTTA	0	0	0
TAATAAAA	TTTTATTA	0	0	0
TAATAACA	TGTTATTA	0	0	0
TAATAAGA	TCTTATTA	0	0	0
TAATAATA	TATTATTA	0	0	0
TAATACAA	TTGTATTA	0	0	0
TAATACCA	TGGTATTA	0	0	0
TAATACGA	TCGTATTA	0	0	0
TAATACTA	TAGTATTA	0	0	0
TAATAGAA	TTCTATTA	0	0	0
TAATAGCA	TGCTATTA	0	0	0
TAATAGGA	TCCTATTA	0	0	0
TAATAGTA	TACTATTA	0	0	0
TAATATAA	TTATATTA	0	0	0
TAATATCA	TGATATTA	0	0	0
TAATATGA	TCATATTA	0	0	0
TAATATTA	TAATATTA	0	0	0
TAATCAAA	TTTGATTA	0	0	0
TAATCACA	TGTGATTA	0	0	0
TAATCAGA	TCTGATTA	0	0	0
TAATCATA	TATGATTA	0	0	0
TAATCCAA	TTGGATTA	0	0	0
TAATCCCA	TGGGATTA	0	0	0
TAATCCGA	TCGGATTA	0	0	0
TAATCCTA	TAGGATTA	0	0	0
TAATCGAA	TTCGATTA	0	0	0
TAATCGCA	TGCGATTA	0	0	0
TAATCGGA	TCCGATTA	0	0	0
TAATCGTA	TACGATTA	0	0	0
TAATCTAA	TTAGATTA	0	0	0
TAATCTCA	TGAGATTA	0	0	0
TAATCTGA	TCAGATTA	0	0	0
TAATGAAA	TTTCATTA	0	0	0
TAATGACA	TGTCATTA	0	0	0
TAATGAGA	TCTCATTA	0	0	0
TAATGATA	TATCATTA	0	0	0
TAATGCAA	TTGCATTA	0	0	0
TAATGCCA	TGGCATTA	0	0	0
TAATGCGA	TCGCATTA	0	0	0
TAATGCTA	TAGCATTA	0	0	0
TAATGGAA	TTCCATTA	0	0	0
TAATGGCA	TGCCATTA	0	0	0
TAATGGGA	TCCCATTA	0	0	0
TAATGGTA	TACCATTA	0	0	0
TAATGTAA	TTACATTA	0	0	0
TAATGTCA	TGACATTA	0	0	0
TAATGTGA	TCACATTA	0	0	0
TAATTAAA	TTTAATTA	0	0	0
TAATTACA	TGTAATTA	0	0	0
TAATTAGA	TCTAATTA	0	0	0
TAATTATA	TATAATTA	0	0	0
TAATTCAA	TTGAATTA	0	0	0
TAATTCCA	TGGAATTA	0	0	0
TAATTCGA	TCGAATTA	0	0	0
TAATTCTA	TAGAATTA	0	0	0
TAATTGAA	TTCAATTA	0	0	0
TAATTGCA	TGCAATTA	0	0	0
TAATTGGA	TCCAATTA	0	0	0
TAATTGTA	TACAATTA	0	0	0
TAATTTAA	TTAAATTA	0	0	0
TAATTTCA	TGAAATTA	0	0	0
TAATTTGA	TCAAATTA	0	0	0
TACAAAAA	TTTTTGTA	0	0	0
TACAAACA	TGTTTGTA	0	0	0
TACAAAGA	TCTTTGTA	0	0	0
TACAAATA	TATTTGTA	0	0	0
TACAACAA	TTGTTGTA	0	0	0
TACAACCA	TGGTTGTA	0	0	0
TACAACGA	TCGTTGTA	0	0	0
TACAACTA	TAGTTGTA	0	0	0
TACAAGAA	TTCTTGTA	0	0	0
TACAAGCA	TGCTTGTA	0	0	0
TACAAGGA	TCCTTGTA	0	0	0
TACAAGTA	TACTTGTA	0	0	0
TACAATAA	TTATTGTA	0	0	0
TACAATCA	TGATTGTA	0	0	0
TACAATGA	TCATTGTA	0	0	0
TACACAAA	TTTGTGTA	0	0	0
TACACACA	TGTGTGTA	0	0	0
TACACAGA	TCTGTGTA	0	0	0
TACACATA	TATGTGTA	0	0	0
TACACCAA	TTGGTGTA	0	0	0
TACACCCA	TGGGTGTA	0	0	0
TACACCGA	TCGGTGTA	0	0	0
TACACCTA	TAGGTGTA	0	0	0
TACACGAA	TTCGTGTA	0	0	0
TACACGCA	TGCGTGTA	0	0	0
TACACGGA	TCCGTGTA	0	0	0
TACACGTA	TACGTGTA	0	0	0
TACACTAA	TTAGTGTA	0	0	0
TACACTCA	TGAGTGTA	0	0	0
TACACTGA	TCAGTGTA	0	0	0
TACAGAAA	TTTCTGTA	0	0	0
TACAGACA	TGTCTGTA	0	0	0
TACAGAGA	TCTCTGTA	0	0	0
TACAGATA	TATCTGTA	0	0	0
TACAGCAA	TTGCTGTA	0	0	0
TACAGCCA	TGGCTGTA	0	0	0
TACAGCGA	TCGCTGTA	0	0	0
TACAGCTA	TAGCTGTA	0	0	0
TACAGGAA	TTCCTGTA	0	0	0
TACAGGCA	TGCCTGTA	0	0	0
TACAGGGA	TCCCTGTA	0	0	0
TACAGGTA	TACCTGTA	0	0	0
TACAGTAA	TTACTGTA	0	0	0
TACAGTCA	TGACTGTA	0	0	0
TACAGTGA	TCACTGTA	0	0	0
TACATAAA	TTTATGTA	0	0	0
TACATACA	TGTATGTA	0	0	0
TACATAGA	TCTATGTA	0	0	0
TACATATA	TATATGTA	0	0	0
TACATCAA	TTGATGTA	0	0	0
TACATCCA	TGGATGTA	0	0	0
TACATCGA	TCGATGTA	0	0	0
TACATCTA	TAGATGTA	0	0	0
TACATGAA	TTCATGTA	0	0	0
TACATGCA	TGCATGTA	0	0	0
TACATGGA	TCCATGTA	0	0	0
TACATGTA	TACATGTA	0	0	0
TACATTAA	TTAATGTA	0	0	0
TACATTCA	TGAATGTA	0	0	0
TACATTGA	TCAATGTA	0	0	0
TACCAAAA	TTTTGGTA	0	0	0
TACCAACA	TGTTGGTA	0	0	0
TACCAAGA	TCTTGGTA	0	0	0
TACCAATA	TATTGGTA	0	0	0
TACCACAA	TTGTGGTA	0	0	0
TACCACCA	TGGTGGTA	0	0	0
TACCACGA	TCGTGGTA	0	0	0
TACCACTA	TAGTGGTA	0	0	0
TACCAGAA	TTCTGGTA	0	0	0
TACCAGCA	TGCTGGTA	0	0	0
TACCAGGA	TCCTGGTA	0	0	0
TACCAGTA	TACTGGTA	0	0	0
TACCATAA	TTATGGTA	0	0	0
TACCATCA	TGATGGTA	0	0	0
TACCATGA	TCATGGTA	0	0	0
TACCCAAA	TTTGGGTA	0	0	0
TACCCACA	TGTGGGTA	0	0	0
TACCCAGA	TCTGGGTA	0	0	0
TACCCATA	TATGGGTA	0	0	0
TACCCCAA	TTGGGGTA	0	0	0
TACCCCCA	TGGGGGTA	0	0	0
TACCCCGA	TCGGGGTA	0	0	0
TACCCCTA	TAGGGGTA	0	0	0
TACCCGAA	TTCGGGTA	0	0	0
TACCCGCA	TGCGGGTA	0	0	0
TACCCGGA	TCCGGGTA	0	0	0
TACCCGTA	TACGGGTA	0	0	0
TACCCTAA	TTAGGGTA	0	0	0
TACCCTCA	TGAGGGTA	0	0	0
TACCCTGA	TCAGGGTA	0	0	0
TACCGAAA	TTTCGGTA	0	0	0
TACCGACA	TGTCGGTA	0	0	0
TACCGAGA	TCTCGGTA	0	0	0
TACCGATA	TATCGGTA	0	0	0
TACCGCAA	TTGCGGTA	0	0	0
TACCGCCA	TGGCGGTA	0	0	0
TACCGCGA	TCGCGGTA	0	0	0
TACCGCTA	TAGCGGTA	0	0	0
TACCGGAA	TTCCGGTA	0	0	0
TACCGGCA	TGCCGGTA	0	0	0
TACCGGGA	TCCCGGTA	0	0	0
TACCGGTA	TACCGGTA	0	0	0
TACCGTAA	TTACGGTA	0	0	0
TACCGTCA	TGACGGTA	0	0	0
TACCGTGA	TCACGGTA	0	0	0
TACCTAAA	TTTAGGTA	0	0	0
TACCTACA	TGTAGGTA	0	0	0
TACCTAGA	TCTAGGTA	0	0	0
TACCTATA	TATAGGTA	0	0	0
TACCTCAA	TTGAGGTA	0	0	0
TACCTCCA	TGGAGGTA	0	0	0
TACCTCGA	TCGAGGTA	0	0	0
TACCTCTA	TAGAGGTA	0	0	0
TACCTGAA	TTCAGGTA	0	0	0
TACCTGCA	TGCAGGTA	0	0	0
TACCTGGA	TCCAGGTA	0	0	0
TACCTTAA	TTAAGGTA	0	0	0
TACCTTCA	TGAAGGTA	0	0	0
TACCTTGA	TCAAGGTA	0	0	0
TACGAAAA	TTTTCGTA	0	0	0
TACGAACA	TGTTCGTA	0	0	0
TACGAAGA	TCTTCGTA	0	0	0
TACGAATA	TATTCGTA	0	0	0
TACGACAA	TTGTCGTA	0	0	0
TACGACCA	TGGTCGTA	0	0	0
TACGACGA	TCGTCGTA	0	0	0
TACGACTA	TAGTCGTA	0	0	0
TACGAGAA	TTCTCGTA	0	0	0
TACGAGCA	TGCTCGTA	0	0	0
TACGAGGA	TCCTCGTA	0	0	0
TACGAGTA	TACTCGTA	0	0	0
TACGATAA	TTATCGTA	0	0	0
TACGATCA	TGATCGTA	0	0	0
TACGATGA	TCATCGTA	0	0	0
TACGCAAA	TTTGCGTA	0	0	0
TACGCACA	TGTGCGTA	0	0	0
TACGCAGA	TCTGCGTA	0	0	0
TACGCATA	TATGCGTA	0	0	0
TACGCCAA	TTGGCGTA	0	0	0
TACGCCCA	TGGGCGTA	0	0	0
TACGCCGA	TCGGCGTA	0	0	0
TACGCCTA	TAGGCGTA	0	0	0
TACGCGAA	TTCGCGTA	0	0	0
TACGCGCA	TGCGCGTA	0	0	0
TACGCGGA	TCCGCGTA	0	0	0
TACGCGTA	TACGCGTA	0	0	0
TACGCTAA	TTAGCGTA	0	0	0
TACGCTCA	TGAGCGTA	0	0	0
TACGCTGA	TCAGCGTA	0	0	0
TACGGAAA	TTTCCGTA	0	0	0
TACGGACA	TGTCCGTA	0	0	0
TACGGAGA	TCTCCGTA	0	0	0
TACGGATA	TATCCGTA	0	0	0
TACGGCAA	TTGCCGTA	0	0	0
TACGGCCA	TGGCCGTA	0	0	0
TACGGCGA	TCGCCGTA	0	0	0
TACGGCTA	TAGCCGTA	0	0	0
TACGGGAA	TTCCCGTA	0	0	0
TACGGGCA	TGCCCGTA	0	0	0
TACGGGGA	TCCCCGTA	0	0	0
TACGGTAA	TTACCGTA	0	0	0
TACGGTCA	TGACCGTA	0	0	0
TACGGTGA	TCACCGTA	0	0	0
TACGTAAA	TTTACGTA	0	0	0
TACGTACA	TGTACGTA	0	0	0
TACGTAGA	TCTACGTA	0	0	0
TACGTATA	TATACGTA	0	0	0
TACGTCAA	TTGACGTA	0	0	0
TACGTCCA	TGGACGTA	0	0	0
TACGTCGA	TCGACGTA	0	0	0
TACGTCTA	TAGACGTA	0	0	0
TACGTGAA	TTCACGTA	0	0	0
TACGTGCA	TGCACGTA	0	0	0
TACGTGGA	TCCACGTA	0	0	0
TACGTTAA	TTAACGTA	0	0	0
TACGTTCA	TGAACGTA	0	0	0
TACGTTGA	TCAACGTA	0	0	0
TACTAAAA	TTTTAGTA	0	0	0
TACTAACA	TGTTAGTA	0	0	0
TACTAAGA	TCTTAGTA	0	0	0
TACTAATA	TATTAGTA	0	0	0
TACTACAA	TTGTAGTA	0	0	0
TACTACCA	TGGTAGTA	0	0	0
TACTACGA	TCGTAGTA	0	0	0
TACTACTA	TAGTAGTA	0	0	0
TACTAGAA	TTCTAGTA	0	0	0
TACTAGCA	TGCTAGTA	0	0	0
TACTAGGA	TCCTAGTA	0	0	0
TACTAGTA	TACTAGTA	0	0	0
TACTATAA	TTATAGTA	0	0	0
TACTATCA	TGATAGTA	0	0	0
TACTATGA	TCATAGTA	0	0	0
TACTCAAA	TTTGAGTA	0	0	0
TACTCACA	TGTGAGTA	0	0	0
TACTCAGA	TCTGAGTA	0	0	0
TACTCATA	TATGAGTA	0	0	0
TACTCCAA	TTGGAGTA	0	0	0
TACTCCCA	TGGGAGTA	0	0	0
TACTCCGA	TCGGAGTA	0	0	0
TACTCCTA	TAGGAGTA	0	0	0
TACTCGAA	TTCGAGTA	0	0	0
TACTCGCA	TGCGAGTA	0	0	0
TACTCGGA	TCCGAGTA	0	0	0
TACTCTAA	TTAGAGTA	0	0	0
TACTCTCA	TGAGAGTA	0	0	0
TACTCTGA	TCAGAGTA	0	0	0
TACTGAAA	TTTCAGTA	0	0	0
TACTGACA	TGTCAGTA	0	0	0
TACTGAGA	TCTCAGTA	0	0	0
TACTGATA	TATCAGTA	0	0	0
TACTGCAA	TTGCAGTA	0	0	0
TACTGCCA	TGGCAGTA	0	0	0
TACTGCGA	TCGCAGTA	0	0	0
TACTGCTA	TAGCAGTA	0	0	0
TACTGGAA	TTCCAGTA	0	0	0
TACTGGCA	TGCCAGTA	0	0	0
TACTGGGA	TCCCAGTA	0	0	0
TACTGTAA	TTACAGTA	0	0	0
TACTGTCA	TGACAGTA	0	0	0
TACTGTGA	TCACAGTA	0	0	0
TACTTAAA	TTTAAGTA	0	0	0
TACTTACA	TGTAAGTA	0	0	0
TACTTAGA	TCTAAGTA	0	0	0
TACTTATA	TATAAGTA	0	0	0
TACTTCAA	TTGAAGTA	0	0	0
TACTTCCA	TGGAAGTA	0	0	0
TACTTCGA	TCGAAGTA	0	0	0
TACTTCTA	TAGAAGTA	0	0	0
TACTTGAA	TTCAAGTA	0	0	0
TACTTGCA	TGCAAGTA	0	0	0
TACTTGGA	TCCAAGTA	0	0	0
TACTTTAA	TTAAAGTA	0	0	0
TACTTTCA	TGAAAGTA	0	0	0
TACTTTGA	TCAAAGTA	0	0	0
TAGAAAAA	TTTTTCTA	0	0	0
TAGAAACA	TGTTTCTA	0	0	0
TAGAAAGA	TCTTTCTA	0	0	0
TAGAAATA	TATTTCTA	0	0	0
TAGAACAA	TTGTTCTA	0	0	0
TAGAACCA	TGGTTCTA	0	0	0
TAGAACGA	TCGTTCTA	0	0	0
TAGAACTA	TAGTTCTA	0	0	0
TAGAAGAA	TTCTTCTA	0	0	0
TAGAAGCA	TGCTTCTA	0	0	0
TAGAAGGA	TCCTTCTA	0	0	0
TAGAATAA	TTATTCTA	0	0	0
TAGAATCA	TGATTCTA	0	0	0
TAGAATGA	TCATTCTA	0	0	0
TAGACAAA	TTTGTCTA	0	0	0
TAGACACA	TGTGTCTA	0	0	0
TAGACAGA	TCTGTCTA	0	0	0
TAGACATA	TATGTCTA	0	0	0
TAGACCAA	TTGGTCTA	0	0	0
TAGACCCA	TGGGTCTA	0	0	0
TAGACCGA	TCGGTCTA	0	0	0
TAGACCTA	TAGGTCTA	0	0	0
TAGACGAA	TTCGTCTA	0	0	0
TAGACGCA	TGCGTCTA	0	0	0
TAGACGGA	TCCGTCTA	0	0	0
TAGACTAA	TTAGTCTA	0	0	0
TAGACTCA	TGAGTCTA	0	0	0
TAGACTGA	TCAGTCTA	0	0	0
TAGAGAAA	TTTCTCTA	0	0	0
TAGAGACA	TGTCTCTA	0	0	0
TAGAGAGA	TCTCTCTA	0	0	0
TAGAGATA	TATCTCTA	0	0	0
TAGAGCAA	TTGCTCTA	0	0	0
TAGAGCCA	TGGCTCTA	0	0	0
TAGAGCGA	TCGCTCTA	0	0	0
TAGAGCTA	TAGCTCTA	0	0	0
TAGAGGAA	TTCCTCTA	0	0	0
TAGAGGCA	TGCCTCTA	0	0	0
TAGAGGGA	TCCCTCTA	0	0	0
TAGAGTAA	TTACTCTA	0	0	0
TAGAGTCA	TGACTCTA	0	0	0
TAGAGTGA	TCACTCTA	0	0	0
TAGATAAA	TTTATCTA	0	0	0
TAGATACA	TGTATCTA	0	0	0
TAGATAGA	TCTATCTA	0	0	0
TAGATATA	TATATCTA	0	0	0
TAGATCAA	TTGATCTA	0	0	0
TAGATCCA	TGGATCTA	0	0	0
TAGATCGA	TCGATCTA	0	0	0
TAGATCTA	TAGATCTA	0	0	0
TAGATGAA	TTCATCTA	0	0	0
TAGATGCA	TGCATCTA	0	0	0
TAGATGGA	TCCATCTA	0	0	0
TAGATTAA	TTAATCTA	0	0	0
TAGATTCA	TGAATCTA	0	0	0
TAGATTGA	TCAATCTA	0	0	0
TAGCAAAA	TTTTGCTA	0	0	0
TAGCAACA	TGTTGCTA	0	0	0
TAGCAAGA	TCTTGCTA	0	0	0
TAGCAATA	TATTGCTA	0	0	0
TAGCACAA	TTGTGCTA	0	0	0
TAGCACCA	TGGTGCTA	0	0	0
TAGCACGA	TCGTGCTA	0	0	0
TAGCACTA	TAGTGCTA	0	0	0
TAGCAGAA	TTCTGCTA	0	0	0
TAGCAGCA	TGCTGCTA	0	0	0
TAGCAGGA	TCCTGCTA	0	0	0
TAGCATAA	TTATGCTA	0	0	0
TAGCATCA	TGATGCTA	0	0	0
TAGCATGA	TCATGCTA	0	0	0
TAGCCAAA	TTTGGCTA	0	0	0
TAGCCACA	TGTGGCTA	0	0	0
TAGCCAGA	TCTGGCTA	0	0	0
TAGCCATA	TATGGCTA	0	0	0
TAGCCCAA	TTGGGCTA	0	0	0
TAGCCCCA	TGGGGCTA	0	0	0
TAGCCCGA	TCGGGCTA	0	0	0
TAGCCCTA	TAGGGCTA	0	0	0
TAGCCGAA	TTCGGCTA	0	0	0
TAGCCGCA	TGCGGCTA	0	0	0
TAGCCGGA	TCCGGCTA	0	0	0
TAGCCTAA	TTAGGCTA	0	0	0
TAGCCTCA	TGAGGCTA	0	0	0
TAGCCTGA	TCAGGCTA	0	0	0
TAGCGAAA	TTTCGCTA	0	0	0
TAGCGACA	TGTCGCTA	0	0	0
TAGCGAGA	TCTCGCTA	0	0	0
TAGCGATA	TATCGCTA	0	0	0
TAGCGCAA	TTGCGCTA	0	0	0
TAGCGCCA	TGGCGCTA	0	0	0
TAGCGCGA	TCGCGCTA	0	0	0
TAGCGCTA	TAGCGCTA	0	0	0
TAGCGGAA	TTCCGCTA	0	0	0
TAGCGGCA	TGCCGCTA	0	0	0
TAGCGGGA	TCCCGCTA	0	0	0
TAGCGTAA	TTACGCTA	0	0	0
TAGCGTCA	TGACGCTA	0	0	0
TAGCGTGA	TCACGCTA	0	0	0
TAGCTAAA	TTTAGCTA	0	0	0
TAGCTACA	TGTAGCTA	0	0	0
TAGCTAGA	TCTAGCTA	0	0	0
TAGCTATA	TATAGCTA	0	0	0
TAGCTCAA	TTGAGCTA	0	0	0
TAGCTCCA	TGGAGCTA	0	0	0
TAGCTCGA	TCGAGCTA	0	0	0
TAGCTGAA	TTCAGCTA	0	0	0
TAGCTGCA	TGCAGCTA	0	0	0
TAGCTGGA	TCCAGCTA	0	0	0
TAGCTTAA	TTAAGCTA	0	0	0
TAGCTTCA	TGAAGCTA	0	0	0
TAGCTTGA	TCAAGCTA	0	0	0
TAGGAAAA	TTTTCCTA	0	0	0
TAGGAACA	TGTTCCTA	0	0	0
TAGGAAGA	TCTTCCTA	0	0	0
TAGGAATA	TATTCCTA	0	0	0
TAGGACAA	TTGTCCTA	0	0	0
TAGGACCA	TGGTCCTA	0	0	0
TAGGACGA	TCGTCCTA	0	0	0
TAGGACTA	TAGTCCTA	0	0	0
TAGGAGAA	TTCTCCTA	0	0	0
TAGGAGCA	TGCTCCTA	0	0	0
TAGGAGGA	TCCTCCTA	0	0	0
TAGGATAA	TTATCCTA	0	0	0
TAGGATCA	TGATCCTA	0	0	0
TAGGATGA	TCATCCTA	0	0	0
TAGGCAAA	TTTGCCTA	0	0	0
TAGGCACA	TGTGCCTA	0	0	0
TAGGCAGA	TCTGCCTA	0	0	0
TAGGCATA	TATGCCTA	0	0	0
TAGGCCAA	TTGGCCTA	0	0	0
TAGGCCCA	TGGGCCTA	0	0	0
TAGGCCGA	TCGGCCTA	0	0	0
TAGGCCTA	TAGGCCTA	0	0	0
TAGGCGAA	TTCGCCTA	0	0	0
TAGGCGCA	TGCGCCTA	0	0	0
TAGGCGGA	TCCGCCTA	0	0	0
TAGGCTAA	TTAGCCTA	0	0	0
TAGGCTCA	TGAGCCTA	0	0	0
TAGGCTGA	TCAGCCTA	0	0	0
TAGGGAAA	TTTCCCTA	0	0	0
TAGGGACA	TGTCCCTA	0	0	0
TAGGGAGA	TCTCCCTA	0	0	0
TAGGGATA	TATCCCTA	0	0	0
TAGGGCAA	TTGCCCTA	0	0	0
TAGGGCCA	TGGCCCTA	0	0	0
TAGGGCGA	TCGCCCTA	0	0	0
TAGGGGAA	TTCCCCTA	0	0	0
TAGGGGCA	TGCCCCTA	0	0	0
TAGGGGGA	TCCCCCTA	0	0	0
TAGGGTAA	TTACCCTA	0	0	0
TAGGGTCA	TGACCCTA	0	0	0
TAGGGTGA	TCACCCTA	0	0	0
TAGGTAAA	TTTACCTA	0	0	0
TAGGTACA	TGTACCTA	0	0	0
TAGGTAGA	TCTACCTA	0	0	0
TAGGTATA	TATACCTA	0	0	0
TAGGTCAA	TTGACCTA	0	0	0
TAGGTCCA	TGGACCTA	0	0	0
TAGGTCGA	TCGACCTA	0	0	0
TAGGTGAA	TTCACCTA	0	0	0
TAGGTGCA	TGCACCTA	0	0	0
TAGGTGGA	TCCACCTA	0	0	0
TAGGTTAA	TTAACCTA	0	0	0
TAGGTTCA	TGAACCTA	0	0	0
TAGGTTGA	TCAACCTA	0	0	0
TAGTAAAA	TTTTACTA	0	0	0
TAGTAACA	TGTTACTA	0	0	0
TAGTAAGA	TCTTACTA	0	0	0
TAGTAATA	TATTACTA	0	0	0
TAGTACAA	TTGTACTA	0	0	0
TAGTACCA	TGGTACTA	0	0	0
TAGTACGA	TCGTACTA	0	0	0
TAGTACTA	TAGTACTA	0	0	0
TAGTAGAA	TTCTACTA	0	0	0
TAGTAGCA	TGCTACTA	0	0	0
TAGTAGGA	TCCTACTA	0	0	0
TAGTATAA	TTATACTA	0	0	0
TAGTATCA	TGATACTA	0	0	0
TAGTATGA	TCATACTA	0	0	0
TAGTCAAA	TTTGACTA	0	0	0
TAGTCACA	TGTGACTA	0	0	0
TAGTCAGA	TCTGACTA	0	0	0
TAGTCATA	TATGACTA	0	0	0
TAGTCCAA	TTGGACTA	0	0	0
TAGTCCCA	TGGGACTA	0	0	0
TAGTCCGA	TCGGACTA	0	0	0
TAGTCGAA	TTCGACTA	0	0	0
TAGTCGCA	TGCGACTA	0	0	0
TAGTCGGA	TCCGACTA	0	0	0
TAGTCTAA	TTAGACTA	0	0	0
TAGTCTCA	TGAGACTA	0	0	0
TAGTCTGA	TCAGACTA	0	0	0
TAGTGAAA	TTTCACTA	0	0	0
TAGTGACA	TGTCACTA	0	0	0
TAGTGAGA	TCTCACTA	0	0	0
TAGTGATA	TATCACTA	0	0	0
TAGTGCAA	TTGCACTA	0	0	0
TAGTGCCA	TGGCACTA	0	0	0
TAGTGCGA	TCGCACTA	0	0	0
TAGTGGAA	TTCCACTA	0	0	0
TAGTGGCA	TGCCACTA	0	0	0
TAGTGGGA	TCCCACTA	0	0	0
TAGTGTAA	TTACACTA	0	0	0
TAGTGTCA	TGACACTA	0	0	0
TAGTGTGA	TCACACTA	0	0	0
TAGTTAAA	TTTAACTA	0	0	0
TAGTTACA	TGTAACTA	0	0	0
TAGTTAGA	TCTAACTA	0	0	0
TAGTTATA	TATAACTA	0	0	0
TAGTTCAA	TTGAACTA	0	0	0
TAGTTCCA	TGGAACTA	0	0	0
TAGTTCGA	TCGAACTA	0	0	0
TAGTTGAA	TTCAACTA	0	0	0
TAGTTGCA	TGCAACTA	0	0	0
TAGTTGGA	TCCAACTA	0	0	0
TAGTTTAA	TTAAACTA	0	0	0
TAGTTTCA	TGAAACTA	0	0	0
TAGTTTGA	TCAAACTA	0	0	0
TATAAAAA	TTTTTATA	0	0	0
TATAAACA	TGTTTATA	0	0	0
TATAAAGA	TCTTTATA	0	0	0
TATAAATA	TATTTATA	0	0	0
TATAACAA	TTGTTATA	0	0	0
TATAACCA	TGGTTATA	0	0	0
TATAACGA	TCGTTATA	0	0	0
TATAAGAA	TTCTTATA	0	0	0
TATAAGCA	TGCTTATA	0	0	0
TATAAGGA	TCCTTATA	0	0	0
TATAATAA	TTATTATA	0	0	0
TATAATCA	TGATTATA	0	0	0
TATAATGA	TCATTATA	0	0	0
TATACAAA	TTTGTATA	0	0	0
TATACACA	TGTGTATA	0	0	0
TATACAGA	TCTGTATA	0	0	0
TATACATA	TATGTATA	0	0	0
TATACCAA	TTGGTATA	0	0	0
TATACCCA	TGGGTATA	0	0	0
TATACCGA	TCGGTATA	0	0	0
TATACGAA	TTCGTATA	0	0	0
TATACGCA	TGCGTATA	0	0	0
TATACGGA	TCCGTATA	0	0	0
TATACTAA	TTAGTATA	0	0	0
TATACTCA	TGAGTATA	0	0	0
TATACTGA	TCAGTATA	0	0	0
TATAGAAA	TTTCTATA	0	0	0
TATAGACA	TGTCTATA	0	0	0
TATAGAGA	TCTCTATA	0	0	0
TATAGATA	TATCTATA	0	0	0
TATAGCAA	TTGCTATA	0	0	0
TATAGCCA	TGGCTATA	0	0	0
TATAGCGA	TCGCTATA	0	0	0
TATAGGAA	TTCCTATA	0	0	0
TATAGGCA	TGCCTATA	0	0	0
TATAGGGA	TCCCTATA	0	0	0
TATAGTAA	TTACTATA	0	0	0
TATAGTCA	TGACTATA	0	0	0
TATAGTGA	TCACTATA	0	0	0
TATATAAA	TTTATATA	0	0	0
TATATACA	TGTATATA	0	0	0
TATATAGA	TCTATATA	0	0	0
TATATATA	TATATATA	0	0	0
TATATCAA	TTGATATA	0	0	0
TATATCCA	TGGATATA	0	0	0
TATATCGA	TCGATATA	0	0	0
TATATGAA	TTCATATA	0	0	0
TATATGCA	TGCATATA	0	0	0
TATATGGA	TCCATATA	0	0	0
TATATTAA	TTAATATA	0	0	0
TATATTCA	TGAATATA	0	0	0
TATATTGA	TCAATATA	0	0	0
TATCAAAA	TTTTGATA	0	0	0
TATCAACA	TGTTGATA	0	0	0
TATCAAGA	TCTTGATA	0	0	0
TATCAATA	TATTGATA	0	0	0
TATCACAA	TTGTGATA	0	0	0
TATCACCA	TGGTGATA	0	0	0
TATCACGA	TCGTGATA	0	0	0
TATCAGAA	TTCTGATA	0	0	0
TATCAGCA	TGCTGATA	0	0	0
TATCAGGA	TCCTGATA	0	0	0
TATCATAA	TTATGATA	0	0	0
TATCATCA	TGATGATA	0	0	0
TATCATGA	TCATGATA	0	0	0
TATCCAAA	TTTGGATA	0	0	0
TATCCACA	TGTGGATA	0	0	0
TATCCAGA	TCTGGATA	0	0	0
TATCCATA	TATGGATA	0	0	0
TATCCCAA	TTGGGATA	0	0	0
TATCCCCA	TGGGGATA	0	0	0
TATCCCGA	TCGGGATA	0	0	0
TATCCGAA	TTCGGATA	0	0	0
TATCCGCA	TGCGGATA	0	0	0
TATCCGGA	TCCGGATA	0	0	0
TATCCTAA	TTAGGATA	0	0	0
TATCCTCA	TGAGGATA	0	0	0
TATCCTGA	TCAGGATA	0	0	0
TATCGAAA	TTTCGATA	0	0	0
TATCGACA	TGTCGATA	0	0	0
TATCGAGA	TCTCGATA	0	0	0
TATCGATA	TATCGATA	0	0	0
TATCGCAA	TTGCGATA	0	0	0
TATCGCCA	TGGCGATA	0	0	0
TATCGCGA	TCGCGATA	0	0	0
TATCGGAA	TTCCGATA	0	0	0
TATCGGCA	TGCCGATA	0	0	0
TATCGGGA	TCCCGATA	0	0	0
TATCGTAA	TTACGATA	0	0	0
TATCGTCA	TGACGATA	0	0	0
TATCGTGA	TCACGATA	0	0	0
TATCTAAA	TTTAGATA	0	0	0
TATCTACA	TGTAGATA	0	0	0
TATCTAGA	TCTAGATA	0	0	0
TATCTCAA	TTGAGATA	0	0	0
TATCTCCA	TGGAGATA	0	0	0
TATCTCGA	TCGAGATA	0	0	0
TATCTGAA	TTCAGATA	0	0	0
TATCTGCA	TGCAGATA	0	0	0
TATCTGGA	TCCAGATA	0	0	0
TATCTTAA	TTAAGATA	0	0	0
TATCTTCA	TGAAGATA	0	0	0
TATCTTGA	TCAAGATA	0	0	0
TATGAAAA	TTTTCATA	0	0	0
TATGAACA	TGTTCATA	0	0	0
TATGAAGA	TCTTCATA	0	0	0
TATGAATA	TATTCATA	0	0	0
TATGACAA	TTGTCATA	0	0	0
TATGACCA	TGGTCATA	0	0	0
TATGACGA	TCGTCATA	0	0	0
TATGAGAA	TTCTCATA	0	0	0
TATGAGCA	TGCTCATA	0	0	0
TATGAGGA	TCCTCATA	0	0	0
TATGATAA	TTATCATA	0	0	0
TATGATCA	TGATCATA	0	0	0
TATGATGA	TCATCATA	0	0	0
TATGCAAA	TTTGCATA	0	0	0
TATGCACA	TGTGCATA	0	0	0
TATGCAGA	TCTGCATA	0	0	0
TATGCATA	TATGCATA	0	0	0
TATGCCAA	TTGGCATA	0	0	0
TATGCCCA	TGGGCATA	0	0	0
TATGCCGA	TCGGCATA	0	0	0
TATGCGAA	TTCGCATA	0	0	0
TATGCGCA	TGCGCATA	0	0	0
TATGCGGA	TCCGCATA	0	0	0
TATGCTAA	TTAGCATA	0	0	0
TATGCTCA	TGAGCATA	0	0	0
TATGCTGA	TCAGCATA	0	0	0
TATGGAAA	TTTCCATA	0	0	0
TATGGACA	TGTCCATA	0	0	0
TATGGAGA	TCTCCATA	0	0	0
TATGGCAA	TTGCCATA	0	0	0
TATGGCCA	TGGCCATA	0	0	0
TATGGCGA	TCGCCATA	0	0	0
TATGGGAA	TTCCCATA	0	0	0
TATGGGCA	TGCCCATA	0	0	0
TATGGGGA	TCCCCATA	0	0	0
TATGGTAA	TTACCATA	0	0	0
TATGGTCA	TGACCATA	0	0	0
TATGGTGA	TCACCATA	0	0	0
TATGTAAA	TTTACATA	0	0	0
TATGTACA	TGTACATA	0	0	0
TATGTAGA	TCTACATA	0	0	0
TATGTCAA	TTGACATA	0	0	0
TATGTCCA	TGGACATA	0	0	0
TATGTCGA	TCGACATA	0	0	0
TATGTGAA	TTCACATA	0	0	0
TATGTGCA	TGCACATA	0	0	0
TATGTGGA	TCCACATA	0	0	0
TATGTTAA	TTAACATA	0	0	0
TATGTTCA	TGAACATA	0	0	0
TATGTTGA	TCAACATA	0	0	0
TATTAAAA	TTTTAATA	0	0	0
TATTAACA	TGTTAATA	0	0	0
TATTAAGA	TCTTAATA	0	0	0
TATTAATA	TATTAATA	0	0	0
TATTACAA	TTGTAATA	0	0	0
TATTACCA	TGGTAATA	0	0	0
TATTACGA	TCGTAATA	0	0	0
TATTAGAA	TTCTAATA	0	0	0
TATTAGCA	TGCTAATA	0	0	0
TATTAGGA	TCCTAATA	0	0	0
TATTATAA	TTATAATA	0	0	0
TATTATCA	TGATAATA	0	0	0
TATTATGA	TCATAATA	0	0	0
TATTCAAA	TTTGAATA	0	0	0
TATTCACA	TGTGAATA	0	0	0
TATTCAGA	TCTGAATA	0	0	0
TATTCCAA	TTGGAATA	0	0	0
TATTCCCA	TGGGAATA	0	0	0
TATTCCGA	TCGGAATA	0	0	0
TATTCGAA	TTCGAATA	0	0	0
TATTCGCA	TGCGAATA	0	0	0
TATTCGGA	TCCGAATA	0	0	0
TATTCTAA	TTAGAATA	0	0	0
TATTCTCA	TGAGAATA	0	0	0
TATTCTGA	TCAGAATA	0	0	0
TATTGAAA	TTTCAATA	0	0	0
TATTGACA	TGTCAATA	0	0	0
TATTGAGA	TCTCAATA	0	0	0
TATTGCAA	TTGCAATA	0	0	0
TATTGCCA	TGGCAATA	0	0	0
TATTGCGA	TCGCAATA	0	0	0
TATTGGAA	TTCCAATA	0	0	0
TATTGGCA	TGCCAATA	0	0	0
TATTGGGA	TCCCAATA	0	0	0
TATTGTAA	TTACAATA	0	0	0
TATTGTCA	TGACAATA	0	0	0
TATTGTGA	TCACAATA	0	0	0
TATTTAAA	TTTAAATA	0	0	0
TATTTACA	TGTAAATA	0	0	0
TATTTAGA	TCTAAATA	0	0	0
TATTTCAA	TTGAAATA	0	0	0
TATTTCCA	TGGAAATA	0	0	0
TATTTCGA	TCGAAATA	0	0	0
TATTTGAA	TTCAAATA	0	0	0
TATTTGCA	TGCAAATA	0	0	0
TATTTGGA	TCCAAATA	0	0	0
TATTTTAA	TTAAAATA	0	0	0
TATTTTCA	TGAAAATA	0	0	0
TATTTTGA	TCAAAATA	0	0	0
TCAAAAAA	TTTTTTGA	0	0	0
TCAAAACA	TGTTTTGA	0	0	0
TCAAAAGA	TCTTTTGA	0	0	0
TCAAACAA	TTGTTTGA	0	0	0
TCAAACCA	TGGTTTGA	0	0	0
TCAAACGA	TCGTTTGA	0	0	0
TCAAAGAA	TTCTTTGA	0	0	0
TCAAAGCA	TGCTTTGA	0	0	0
TCAAAGGA	TCCTTTGA	0	0	0
TCAAATAA	TTATTTGA	0	0	0
TCAAATCA	TGATTTGA	0	0	0
TCAAATGA	TCATTTGA	0	0	0
TCAACAAA	TTTGTTGA	0	0	0
TCAACACA	TGTGTTGA	0	0	0
TCAACAGA	TCTGTTGA	0	0	0
TCAACCAA	TTGGTTGA	0	0	0
TCAACCCA	TGGGTTGA	0	0	0
TCAACCGA	TCGGTTGA	0	0	0
TCAACGAA	TTCGTTGA	0	0	0
TCAACGCA	TGCGTTGA	0	0	0
TCAACGGA	TCCGTTGA	0	0	0
TCAACTAA	TTAGTTGA	0	0	0
TCAACTCA	TGAGTTGA	0	0	0
TCAACTGA	TCAGTTGA	0	0	0
TCAAGAAA	TTTCTTGA	0	0	0
TCAAGACA	TGTCTTGA	0	0	0
TCAAGAGA	TCTCTTGA	0	0	0
TCAAGCAA	TTGCTTGA	0	0	0
TCAAGCCA	TGGCTTGA	0	0	0
TCAAGCGA	TCGCTTGA	0	0	0
TCAAGGAA	TTCCTTGA	0	0	0
TCAAGGCA	TGCCTTGA	0	0	0
TCAAGGGA	TCCCTTGA	0	0	0
TCAAGTAA	TTACTTGA	0	0	0
TCAAGTCA	TGACTTGA	0	0	0
TCAAGTGA	TCACTTGA	0	0	0
TCAATAAA	TTTATTGA	0	0	0
TCAATACA	TGTATTGA	0	0	0
TCAATAGA	TCTATTGA	0	0	0
TCAATCAA	TTGATTGA	0	0	0
TCAATCCA	TGGATTGA	0	0	0
TCAATCGA	TCGATTGA	0	0	0
TCAATGAA	TTCATTGA	0	0	0
TCAATGCA	TGCATTGA	0	0	0
TCAATGGA	TCCATTGA	0	0	0
TCAATTAA	TTAATTGA	0	0	0
TCAATTCA	TGAATTGA	0	0	0
TCAATTGA	TCAATTGA	0	0	0
TCACAAAA	TTTTGTGA	0	0	0
TCACAACA	TGTTGTGA	0	0	0
TCACAAGA	TCTTGTGA	0	0	0
TCACACAA	TTGTGTGA	0	0	0
TCACACCA	TGGTGTGA	0	0	0
TCACACGA	TCGTGTGA	0	0	0
TCACAGAA	TTCTGTGA	0	0	0
TCACAGCA	TGCTGTGA	0	0	0
TCACAGGA	TCCTGTGA	0	0	0
TCACATAA	TTATGTGA	0	0	0
TCACATCA	TGATGTGA	0	0	0
TCACATGA	TCATGTGA	0	0	0
TCACCAAA	TTTGGTGA	0	0	0
TCACCACA	TGTGGTGA	0	0	0
TCACCAGA	TCTGGTGA	0	0	0
TCACCCAA	TTGGGTGA	0	0	0
TCACCCCA	TGGGGTGA	0	0	0
TCACCCGA	TCGGGTGA	0	0	0
TCACCGAA	TTCGGTGA	0	0	0
TCACCGCA	TGCGGTGA	0	0	0
TCACCGGA	TCCGGTGA	0	0	0
TCACCTAA	TTAGGTGA	0	0	0
TCACCTCA	TGAGGTGA	0	0	0
TCACCTGA	TCAGGTGA	0	0	0
TCACGAAA	TTTCGTGA	0	0	0
TCACGACA	TGTCGTGA	0	0	0
TCACGAGA	TCTCGTGA	0	0	0
TCACGCAA	TTGCGTGA	0	0	0
TCACGCCA	TGGCGTGA	0	0	0
TCACGCGA	TCGCGTGA	0	0	0
TCACGGAA	TTCCGTGA	0	0	0
TCACGGCA	TGCCGTGA	0	0	0
TCACGGGA	TCCCGTGA	0	0	0
TCACGTAA	TTACGTGA	0	0	0
TCACGTCA	TGACGTGA	0	0	0
TCACGTGA	TCACGTGA	0	0	0
TCACTAAA	TTTAGTGA	0	0	0
TCACTACA	TGTAGTGA	0	0	0
TCACTAGA	TCTAGTGA	0	0	0
TCACTCAA	TTGAGTGA	0	0	0
TCACTCCA	TGGAGTGA	0	0	0
TCACTCGA	TCGAGTGA	0	0	0
TCACTGAA	TTCAGTGA	0	0	0
TCACTGCA	TGCAGTGA	0	0	0
TCACTGGA	TCCAGTGA	0	0	0
TCACTTAA	TTAAGTGA	0	0	0
TCACTTCA	TGAAGTGA	0	0	0
TCAGAAAA	TTTTCTGA	0	0	0
TCAGAACA	TGTTCTGA	0	0	0
TCAGAAGA	TCTTCTGA	0	0	0
TCAGACAA	TTGTCTGA	0	0	0
TCAGACCA	TGGTCTGA	0	0	0
TCAGACGA	TCGTCTGA	0	0	0
TCAGAGAA	TTCTCTGA	0	0	0
TCAGAGCA	TGCTCTGA	0	0	0
TCAGAGGA	TCCTCTGA	0	0	0
TCAGATAA	TTATCTGA	0	0	0
TCAGATCA	TGATCTGA	0	0	0
TCAGATGA	TCATCTGA	0	0	0
TCAGCAAA	TTTGCTGA	0	0	0
TCAGCACA	TGTGCTGA	0	0	0
TCAGCAGA	TCTGCTGA	0	0	0
TCAGCCAA	TTGGCTGA	0	0	0
TCAGCCCA	TGGGCTGA	0	0	0
TCAGCCGA	TCGGCTGA	0	0	0
TCAGCGAA	TTCGCTGA	0	0	0
TCAGCGCA	TGCGCTGA	0	0	0
TCAGCGGA	TCCGCTGA	0	0	0
TCAGCTAA	TTAGCTGA	0	0	0
TCAGCTCA	TGAGCTGA	0	0	0
TCAGCTGA	TCAGCTGA	0	0	0
TCAGGAAA	TTTCCTGA	0	0	0
TCAGGACA	TGTCCTGA	0	0	0
TCAGGAGA	TCTCCTGA	0	0	0
TCAGGCAA	TTGCCTGA	0	0	0
TCAGGCCA	TGGCCTGA	0	0	0
TCAGGCGA	TCGCCTGA	0	0	0
TCAGGGAA	TTCCCTGA	0	0	0
TCAGGGCA	TGCCCTGA	0	0	0
TCAGGGGA	TCCCCTGA	0	0	0
TCAGGTAA	TTACCTGA	0	0	0
TCAGGTCA	TGACCTGA	0	0	0
TCAGTAAA	TTTACTGA	0	0	0
TCAGTACA	TGTACTGA	0	0	0
TCAGTAGA	TCTACTGA	0	0	0
TCAGTCAA	TTGACTGA	0	0	0
TCAGTCCA	TGGACTGA	0	0	0
TCAGTCGA	TCGACTGA	0	0	0
TCAGTGAA	TTCACTGA	0	0	0
TCAGTGCA	TGCACTGA	0	0	0
TCAGTGGA	TCCACTGA	0	0	0
TCAGTTAA	TTAACTGA	0	0	0
TCAGTTCA	TGAACTGA	0	0	0
TCATAAAA	TTTTATGA	0	0	0
TCATAACA	TGTTATGA	0	0	0
TCATAAGA	TCTTATGA	0	0	0
TCATACAA	TTGTATGA	0	0	0
TCATACCA	TGGTATGA	0	0	0
TCATACGA	TCGTATGA	0	0	0
TCATAGAA	TTCTATGA	0	0	0
TCATAGCA	TGCTATGA	0	0	0
TCATAGGA	TCCTATGA	0	0	0
TCATATAA	TTATATGA	0	0	0
TCATATCA	TGATATGA	0	0	0
TCATATGA	TCATATGA	0	0	0
TCATCAAA	TTTGATGA	0	0	0
TCATCACA	TGTGATGA	0	0	0
TCATCAGA	TCTGATGA	0	0	0
TCATCCAA	TTGGATGA	0	0	0
TCATCCCA	TGGGATGA	0	0	0
TCATCCGA	TCGGATGA	0	0	0
TCATCGAA	TTCGATGA	0	0	0
TCATCGCA	TGCGATGA	0	0	0
TCATCGGA	TCCGATGA	0	0	0
TCATCTAA	TTAGATGA	0	0	0
TCATCTCA	TGAGATGA	0	0	0
TCATGAAA	TTTCATGA	0	0	0
TCATGACA	TGTCATGA	0	0	0
TCATGAGA	TCTCATGA	0	0	0
TCATGCAA	TTGCATGA	0	0	0
TCATGCCA	TGGCATGA	0	0	0
TCATGCGA	TCGCATGA	0	0	0
TCATGGAA	TTCCATGA	0	0	0
TCATGGCA	TGCCATGA	0	0	0
TCATGGGA	TCCCATGA	0	0	0
TCATGTAA	TTACATGA	0	0	0
TCATGTCA	TGACATGA	0	0	0
TCATTAAA	TTTAATGA	0	0	0
TCATTACA	TGTAATGA	0	0	0
TCATTAGA	TCTAATGA	0	0	0
TCATTCAA	TTGAATGA	0	0	0
TCATTCCA	TGGAATGA	0	0	0
TCATTCGA	TCGAATGA	0	0	0
TCATTGAA	TTCAATGA	0	0	0
TCATTGCA	TGCAATGA	0	0	0
TCATTGGA	TCCAATGA	0	0	0
TCATTTAA	TTAAATGA	0	0	0
TCATTTCA	TGAAATGA	0	0	0
TCCAAAAA	TTTTTGGA	0	0	0
TCCAAACA	TGTTTGGA	0	0	0
TCCAAAGA	TCTTTGGA	0	0	0
TCCAACAA	TTGTTGGA	0	0	0
TCCAACCA	TGGTTGGA	0	0	0
TCCAACGA	TCGTTGGA	0	0	0
TCCAAGAA	TTCTTGGA	0	0	0
TCCAAGCA	TGCTTGGA	0	0	0
TCCAAGGA	TCCTTGGA	0	0	0
TCCAATAA	TTATTGGA	0	0	0
TCCAATCA	TGATTGGA	0	0	0
TCCACAAA	TTTGTGGA	0	0	0
TCCACACA	TGTGTGGA	0	0	0
TCCACAGA	TCTGTGGA	0	0	0
TCCACCAA	TTGGTGGA	0	0	0
TCCACCCA	TGGGTGGA	0	0	0
TCCACCGA	TCGGTGGA	0	0	0
TCCACGAA	TTCGTGGA	0	0	0
TCCACGCA	TGCGTGGA	0	0	0
TCCACGGA	TCCGTGGA	0	0	0
TCCACTAA	TTAGTGGA	0	0	0
TCCACTCA	TGAGTGGA	0	0	0
TCCAGAAA	TTTCTGGA	0	0	0
TCCAGACA	TGTCTGGA	0	0	0
TCCAGAGA	TCTCTGGA	0	0	0
TCCAGCAA	TTGCTGGA	0	0	0
TCCAGCCA	TGGCTGGA	0	0	0
TCCAGCGA	TCGCTGGA	0	0	0
TCCAGGAA	TTCCTGGA	0	0	0
TCCAGGCA	TGCCTGGA	0	0	0
TCCAGGGA	TCCCTGGA	0	0	0
TCCAGTAA	TTACTGGA	0	0	0
TCCAGTCA	TGACTGGA	0	0	0
TCCATAAA	TTTATGGA	0	0	0
TCCATACA	TGTATGGA	0	0	0
TCCATAGA	TCTATGGA	0	0	0
TCCATCAA	TTGATGGA	0	0	0
TCCATCCA	TGGATGGA	0	0	0
TCCATCGA	TCGATGGA	0	0	0
TCCATGAA	TTCATGGA	0	0	0
TCCATGCA	TGCATGGA	0	0	0
TCCATGGA	TCCATGGA	0	0	0
TCCATTAA	TTAATGGA	0	0	0
TCCATTCA	TGAATGGA	0	0	0
TCCCAAAA	TTTTGGGA	0	0	0
TCCCAACA	TGTTGGGA	0	0	0
TCCCAAGA	TCTTGGGA	0	0	0
TCCCACAA	TTGTGGGA	0	0	0
TCCCACCA	TGGTGGGA	0	0	0
TCCCACGA	TCGTGGGA	0	0	0
TCCCAGAA	TTCTGGGA	0	0	0
TCCCAGCA	TGCTGGGA	0	0	0
TCCCAGGA	TCCTGGGA	0	0	0
TCCCATAA	TTATGGGA	0	0	0
TCCCATCA	TGATGGGA	0	0	0
TCCCCAAA	TTTGGGGA	0	0	0
TCCCCACA	TGTGGGGA	0	0	0
TCCCCAGA	TCTGGGGA	0	0	0
TCCCCCAA	TTGGGGGA	0	0	0
TCCCCCCA	TGGGGGGA	0	0	0
TCCCCCGA	TCGGGGGA	0	0	0
TCCCCGAA	TTCGGGGA	0	0	0
TCCCCGCA	TGCGGGGA	0	0	0
TCCCCGGA	TCCGGGGA	0	0	0
TCCCCTAA	TTAGGGGA	0	0	0
TCCCCTCA	TGAGGGGA	0	0	0
TCCCGAAA	TTTCGGGA	0	0	0
TCCCGACA	TGTCGGGA	0	0	0
TCCCGAGA	TCTCGGGA	0	0	0
TCCCGCAA	TTGCGGGA	0	0	0
TCCCGCCA	TGGCGGGA	0	0	0
TCCCGCGA	TCGCGGGA	0	0	0
TCCCGGAA	TTCCGGGA	0	0	0
TCCCGGCA	TGCCGGGA	0	0	0
TCCCGGGA	TCCCGGGA	0	0	0
TCCCGTAA	TTACGGGA	0	0	0
TCCCGTCA	TGACGGGA	0	0	0
TCCCTAAA	TTTAGGGA	0	0	0
TCCCTACA	TGTAGGGA	0	0	0
TCCCTAGA	TCTAGGGA	0	0	0
TCCCTCAA	TTGAGGGA	0	0	0
TCCCTCCA	TGGAGGGA	0	0	0
TCCCTCGA	TCGAGGGA	0	0	0
TCCCTGAA	TTCAGGGA	0	0	0
TCCCTGCA	TGCAGGGA	0	0	0
TCCCTTAA	TTAAGGGA	0	0	0
TCCCTTCA	TGAAGGGA	0	0	0
TCCGAAAA	TTTTCGGA	0	0	0
TCCGAACA	TGTTCGGA	0	0	0
TCCGAAGA	TCTTCGGA	0	0	0
TCCGACAA	TTGTCGGA	0	0	0
TCCGACCA	TGGTCGGA	0	0	0
TCCGACGA	TCGTCGGA	0	0	0
TCCGAGAA	TTCTCGGA	0	0	0
TCCGAGCA	TGCTCGGA	0	0	0
TCCGAGGA	TCCTCGGA	0	0	0
TCCGATAA	TTATCGGA	0	0	0
TCCGATCA	TGATCGGA	0	0	0
TCCGCAAA	TTTGCGGA	0	0	0
TCCGCACA	TGTGCGGA	0	0	0
TCCGCAGA	TCTGCGGA	0	0	0
TCCGCCAA	TTGGCGGA	0	0	0
TCCGCCCA	TGGGCGGA	0	0	0
TCCGCCGA	TCGGCGGA	0	0	0
TCCGCGAA	TTCGCGGA	0	0	0
TCCGCGCA	TGCGCGGA	0	0	0
TCCGCGGA	TCCGCGGA	0	0	0
TCCGCTAA	TTAGCGGA	0	0	0
TCCGCTCA	TGAGCGGA	0	0	0
TCCGGAAA	TTTCCGGA	0	0	0
TCCGGACA	TGTCCGGA	0	0	0
TCCGGAGA	TCTCCGGA	0	0	0
TCCGGCAA	TTGCCGGA	0	0	0
TCCGGCCA	TGGCCGGA	0	0	0
TCCGGCGA	TCGCCGGA	0	0	0
TCCGGGAA	TTCCCGGA	0	0	0
TCCGGGCA	TGCCCGGA	0	0	0
TCCGGTAA	TTACCGGA	0	0	0
TCCGGTCA	TGACCGGA	0	0	0
TCCGTAAA	TTTACGGA	0	0	0
TCCGTACA	TGTACGGA	0	0	0
TCCGTAGA	TCTACGGA	0	0	0
TCCGTCAA	TTGACGGA	0	0	0
TCCGTCCA	TGGACGGA	0	0	0
TCCGTCGA	TCGACGGA	0	0	0
TCCGTGAA	TTCACGGA	0	0	0
TCCGTGCA	TGCACGGA	0	0	0
TCCGTTAA	TTAACGGA	0	0	0
TCCGTTCA	TGAACGGA	0	0	0
TCCTAAAA	TTTTAGGA	0	0	0
TCCTAACA	TGTTAGGA	0	0	0
TCCTAAGA	TCTTAGGA	0	0	0
TCCTACAA	TTGTAGGA	0	0	0
TCCTACCA	TGGTAGGA	0	0	0
TCCTACGA	TCGTAGGA	0	0	0
TCCTAGAA	TTCTAGGA	0	0	0
TCCTAGCA	TGCTAGGA	0	0	0
TCCTAGGA	TCCTAGGA	0	0	0
TCCTATAA	TTATAGGA	0	0	0
TCCTATCA	TGATAGGA	0	0	0
TCCTCAAA	TTTGAGGA	0	0	0
TCCTCACA	TGTGAGGA	0	0	0
TCCTCAGA	TCTGAGGA	0	0	0
TCCTCCAA	TTGGAGGA	0	0	0
TCCTCCCA	TGGGAGGA	0	0	0
TCCTCCGA	TCGGAGGA	0	0	0
TCCTCGAA	TTCGAGGA	0	0	0
TCCTCGCA	TGCGAGGA	0	0	0
TCCTCTAA	TTAGAGGA	0	0	0
TCCTCTCA	TGAGAGGA	0	0	0
TCCTGAAA	TTTCAGGA	0	0	0
TCCTGACA	TGTCAGGA	0	0	0
TCCTGAGA	TCTCAGGA	0	0	0
TCCTGCAA	TTGCAGGA	0	0	0
TCCTGCCA	TGGCAGGA	0	0	0
TCCTGCGA	TCGCAGGA	0	0	0
TCCTGGAA	TTCCAGGA	0	0	0
TCCTGGCA	TGCCAGGA	0	0	0
TCCTGTAA	TTACAGGA	0	0	0
TCCTGTCA	TGACAGGA	0	0	0
TCCTTAAA	TTTAAGGA	0	0	0
TCCTTACA	TGTAAGGA	0	0	0
TCCTTAGA	TCTAAGGA	0	0	0
TCCTTCAA	TTGAAGGA	0	0	0
TCCTTCCA	TGGAAGGA	0	0	0
TCCTTCGA	TCGAAGGA	0	0	0
TCCTTGAA	TTCAAGGA	0	0	0
TCCTTGCA	TGCAAGGA	0	0	0
TCCTTTAA	TTAAAGGA	0	0	0
TCCTTTCA	TGAAAGGA	0	0	0
TCGAAAAA	TTTTTCGA	0	0	0
TCGAAACA	TGTTTCGA	0	0	0
TCGAAAGA	TCTTTCGA	0	0	0
TCGAACAA	TTGTTCGA	0	0	0
TCGAACCA	TGGTTCGA	0	0	0
TCGAACGA	TCGTTCGA	0	0	0
TCGAAGAA	TTCTTCGA	0	0	0
TCGAAGCA	TGCTTCGA	0	0	0
TCGAATAA	TTATTCGA	0	0	0
TCGAATCA	TGATTCGA	0	0	0
TCGACAAA	TTTGTCGA	0	0	0
TCGACACA	TGTGTCGA	0	0	0
TCGACAGA	TCTGTCGA	0	0	0
TCGACCAA	TTGGTCGA	0	0	0
TCGACCCA	TGGGTCGA	0	0	0
TCGACCGA	TCGGTCGA	0	0	0
TCGACGAA	TTCGTCGA	0	0	0
TCGACGCA	TGCGTCGA	0	0	0
TCGACTAA	TTAGTCGA	0	0	0
TCGACTCA	TGAGTCGA	0	0	0
TCGAGAAA	TTTCTCGA	0	0	0
TCGAGACA	TGTCTCGA	0	0	0
TCGAGAGA	TCTCTCGA	0	0	0
TCGAGCAA	TTGCTCGA	0	0	0
TCGAGCCA	TGGCTCGA	0	0	0
TCGAGCGA	TCGCTCGA	0	0	0
TCGAGGAA	TTCCTCGA	0	0	0
TCGAGGCA	TGCCTCGA	0	0	0
TCGAGTAA	TTACTCGA	0	0	0
TCGAGTCA	TGACTCGA	0	0	0
TCGATAAA	TTTATCGA	0	0	0
TCGATACA	TGTATCGA	0	0	0
TCGATAGA	TCTATCGA	0	0	0
TCGATCAA	TTGATCGA	0	0	0
TCGATCCA	TGGATCGA	0	0	0
TCGATCGA	TCGATCGA	0	0	0
TCGATGAA	TTCATCGA	0	0	0
TCGATGCA	TGCATCGA	0	0	0
TCGATTAA	TTAATCGA	0	0	0
TCGATTCA	TGAATCGA	0	0	0
TCGCAAAA	TTTTGCGA	0	0	0
TCGCAACA	TGTTGCGA	0	0	0
TCGCAAGA	TCTTGCGA	0	0	0
TCGCACAA	TTGTGCGA	0	0	0
TCGCACCA	TGGTGCGA	0	0	0
TCGCACGA	TCGTGCGA	0	0	0
TCGCAGAA	TTCTGCGA	0	0	0
TCGCAGCA	TGCTGCGA	0	0	0
TCGCATAA	TTATGCGA	0	0	0
TCGCATCA	TGATGCGA	0	0	0
TCGCCAAA	TTTGGCGA	0	0	0
TCGCCACA	TGTGGCGA	0	0	0
TCGCCAGA	TCTGGCGA	0	0	0
TCGCCCAA	TTGGGCGA	0	0	0
TCGCCCCA	TGGGGCGA	0	0	0
TCGCCCGA	TCGGGCGA	0	0	0
TCGCCGAA	TTCGGCGA	0	0	0
TCGCCGCA	TGCGGCGA	0	0	0
TCGCCTAA	TTAGGCGA	0	0	0
TCGCCTCA	TGAGGCGA	0	0	0
TCGCGAAA	TTTCGCGA	0	0	0
TCGCGACA	TGTCGCGA	0	0	0
TCGCGAGA	TCTCGCGA	0	0	0
TCGCGCAA	TTGCGCGA	0	0	0
TCGCGCCA	TGGCGCGA	0	0	0
TCGCGCGA	TCGCGCGA	0	0	0
TCGCGGAA	TTCCGCGA	0	0	0
TCGCGGCA	TGCCGCGA	0	0	0
TCGCGTAA	TTACGCGA	0	0	0
TCGCGTCA	TGACGCGA	0	0	0
TCGCTAAA	TTTAGCGA	0	0	0
TCGCTACA	TGTAGCGA	0	0	0
TCGCTAGA	TCTAGCGA	0	0	0
TCGCTCAA	TTGAGCGA	0	0	0
TCGCTCCA	TGGAGCGA	0	0	0
TCGCTGAA	TTCAGCGA	0	0	0
TCGCTGCA	TGCAGCGA	0	0	0
TCGCTTAA	TTAAGCGA	0	0	0
TCGCTTCA	TGAAGCGA	0	0	0
TCGGAAAA	TTTTCCGA	0	0	0
TCGGAACA	TGTTCCGA	0	0	0
TCGGAAGA	TCTTCCGA	0	0	0
TCGGACAA	TTGTCCGA	0	0	0
TCGGACCA	TGGTCCGA	0	0	0
TCGGACGA	TCGTCCGA	0	0	0
TCGGAGAA	TTCTCCGA	0	0	0
TCGGAGCA	TGCTCCGA	0	0	0
TCGGATAA	TTATCCGA	0	0	0
TCGGATCA	TGATCCGA	0	0	0
TCGGCAAA	TTTGCCGA	0	0	0
TCGGCACA	TGTGCCGA	0	0	0
TCGGCAGA	TCTGCCGA	0	0	0
TCGGCCAA	TTGGCCGA	0	0	0
TCGGCCCA	TGGGCCGA	0	0	0
TCGGCCGA	TCGGCCGA	0	0	0
TCGGCGAA	TTCGCCGA	0	0	0
TCGGCGCA	TGCGCCGA	0	0	0
TCGGCTAA	TTAGCCGA	0	0	0
TCGGCTCA	TGAGCCGA	0	0	0
TCGGGAAA	TTTCCCGA	0	0	0
TCGGGACA	TGTCCCGA	0	0	0
TCGGGAGA	TCTCCCGA	0	0	0
TCGGGCAA	TTGCCCGA	0	0	0
TCGGGCCA	TGGCCCGA	0	0	0
TCGGGGAA	TTCCCCGA	0	0	0
TCGGGGCA	TGCCCCGA	0	0	0
TCGGGTAA	TTACCCGA	0	0	0
TCGGGTCA	TGACCCGA	0	0	0
TCGGTAAA	TTTACCGA	0	0	0
TCGGTACA	TGTACCGA	0	0	0
TCGGTAGA	TCTACCGA	0	0	0
TCGGTCAA	TTGACCGA	0	0	0
TCGGTCCA	TGGACCGA	0	0	0
TCGGTGAA	TTCACCGA	0	0	0
TCGGTGCA	TGCACCGA	0	0	0
TCGGTTAA	TTAACCGA	0	0	0
TCGGTTCA	TGAACCGA	0	0	0
TCGTAAAA	TTTTACGA	0	0	0
TCGTAACA	TGTTACGA	0	0	0
TCGTAAGA	TCTTACGA	0	0	0
TCGTACAA	TTGTACGA	0	0	0
TCGTACCA	TGGTACGA	0	0	0
TCGTACGA	TCGTACGA	0	0	0
TCGTAGAA	TTCTACGA	0	0	0
TCGTAGCA	TGCTACGA	0	0	0
TCGTATAA	TTATACGA	0	0	0
TCGTATCA	TGATACGA	0	0	0
TCGTCAAA	TTTGACGA	0	0	0
TCGTCACA	TGTGACGA	0	0	0
TCGTCAGA	TCTGACGA	0	0	0
TCGTCCAA	TTGGACGA	0	0	0
TCGTCCCA	TGGGACGA	0	0	0
TCGTCGAA	TTCGACGA	0	0	0
TCGTCGCA	TGCGACGA	0	0	0
TCGTCTAA	TTAGACGA	0	0	0
TCGTCTCA	TGAGACGA	0	0	0
TCGTGAAA	TTTCACGA	0	0	0
TCGTGACA	TGTCACGA	0	0	0
TCGTGAGA	TCTCACGA	0	0	0
TCGTGCAA	TTGCACGA	0	0	0
TCGTGCCA	TGGCACGA	0	0	0
TCGTGGAA	TTCCACGA	0	0	0
TCGTGGCA	TGCCACGA	0	0	0
TCGTGTAA	TTACACGA	0	0	0
TCGTGTCA	TGACACGA	0	0	0
TCGTTAAA	TTTAACGA	0	0	0
TCGTTACA	TGTAACGA	0	0	0
TCGTTAGA	TCTAACGA	0	0	0
TCGTTCAA	TTGAACGA	0	0	0
TCGTTCCA	TGGAACGA	0	0	0
TCGTTGAA	TTCAACGA	0	0	0
TCGTTGCA	TGCAACGA	0	0	0
TCGTTTAA	TTAAACGA	0	0	0
TCGTTTCA	TGAAACGA	0	0	0
TCTAAAAA	TTTTTAGA	0	0	0
TCTAAACA	TGTTTAGA	0	0	0
TCTAAAGA	TCTTTAGA	0	0	0
TCTAACAA	TTGTTAGA	0	0	0
TCTAACCA	TGGTTAGA	0	0	0
TCTAAGAA	TTCTTAGA	0	0	0
TCTAAGCA	TGCTTAGA	0	0	0
TCTAATAA	TTATTAGA	0	0	0
TCTAATCA	TGATTAGA	0	0	0
TCTACAAA	TTTGTAGA	0	0	0
TCTACACA	TGTGTAGA	0	0	0
TCTACAGA	TCTGTAGA	0	0	0
TCTACCAA	TTGGTAGA	0	0	0
TCTACCCA	TGGGTAGA	0	0	0
TCTACGAA	TTCGTAGA	0	0	0
TCTACGCA	TGCGTAGA	0	0	0
TCTACTAA	TTAGTAGA	0	0	0
TCTACTCA	TGAGTAGA	0	0	0
TCTAGAAA	TTTCTAGA	0	0	0
TCTAGACA	TGTCTAGA	0	0	0
TCTAGAGA	TCTCTAGA	0	0	0
TCTAGCAA	TTGCTAGA	0	0	0
TCTAGCCA	TGGCTAGA	0	0	0
TCTAGGAA	TTCCTAGA	0	0	0
TCTAGGCA	TGCCTAGA	0	0	0
TCTAGTAA	TTACTAGA	0	0	0
TCTAGTCA	TGACTAGA	0	0	0
TCTATAAA	TTTATAGA	0	0	0
TCTATACA	TGTATAGA	0	0	0
TCTATAGA	TCTATAGA	0	0	0
TCTATCAA	TTGATAGA	0	0	0
TCTATCCA	TGGATAGA	0	0	0
TCTATGAA	TTCATAGA	0	0	0
TCTATGCA	TGCATAGA	0	0	0
TCTATTAA	TTAATAGA	0	0	0
TCTATTCA	TGAATAGA	0	0	0
TCTCAAAA	TTTTGAGA	0	0	0
TCTCAACA	TGTTGAGA	0	0	0
TCTCAAGA	TCTTGAGA	0	0	0
TCTCACAA	TTGTGAGA	0	0	0
TCTCACCA	TGGTGAGA	0	0	0
TCTCAGAA	TTCTGAGA	0	0	0
TCTCAGCA	TGCTGAGA	0	0	0
TCTCATAA	TTATGAGA	0	0	0
TCTCATCA	TGATGAGA	0	0	0
TCTCCAAA	TTTGGAGA	0	0	0
TCTCCACA	TGTGGAGA	0	0	0
TCTCCAGA	TCTGGAGA	0	0	0
TCTCCCAA	TTGGGAGA	0	0	0
TCTCCCCA	TGGGGAGA	0	0	0
TCTCCGAA	TTCGGAGA	0	0	0
TCTCCGCA	TGCGGAGA	0	0	0
TCTCCTAA	TTAGGAGA	0	0	0
TCTCCTCA	TGAGGAGA	0	0	0
TCTCGAAA	TTTCGAGA	0	0	0
TCTCGACA	TGTCGAGA	0	0	0
TCTCGAGA	TCTCGAGA	0	0	0
TCTCGCAA	TTGCGAGA	0	0	0
TCTCGCCA	TGGCGAGA	0	0	0
TCTCGGAA	TTCCGAGA	0	0	0
TCTCGGCA	TGCCGAGA	0	0	0
TCTCGTAA	TTACGAGA	0	0	0
TCTCGTCA	TGACGAGA	0	0	0
TCTCTAAA	TTTAGAGA	0	0	0
TCTCTACA	TGTAGAGA	0	0	0
TCTCTCAA	TTGAGAGA	0	0	0
TCTCTCCA	TGGAGAGA	0	0	0
TCTCTGAA	TTCAGAGA	0	0	0
TCTCTGCA	TGCAGAGA	0	0	0
TCTCTTAA	TTAAGAGA	0	0	0
TCTCTTCA	TGAAGAGA	0	0	0
TCTGAAAA	TTTTCAGA	0	0	0
TCTGAACA	TGTTCAGA	0	0	0
TCTGAAGA	TCTTCAGA	0	0	0
TCTGACAA	TTGTCAGA	0	0	0
TCTGACCA	TGGTCAGA	0	0	0
TCTGAGAA	TTCTCAGA	0	0	0
TCTGAGCA	TGCTCAGA	0	0	0
TCTGATAA	TTATCAGA	0	0	0
TCTGATCA	TGATCAGA	0	0	0
TCTGCAAA	TTTGCAGA	0	0	0
TCTGCACA	TGTGCAGA	0	0	0
TCTGCAGA	TCTGCAGA	0	0	0
TCTGCCAA	TTGGCAGA	0	0	0
TCTGCCCA	TGGGCAGA	0	0	0
TCTGCGAA	TTCGCAGA	0	0	0
TCTGCGCA	TGCGCAGA	0	0	0
TCTGCTAA	TTAGCAGA	0	0	0
TCTGCTCA	TGAGCAGA	0	0	0
TCTGGAAA	TTTCCAGA	0	0	0
TCTGGACA	TGTCCAGA	0	0	0
TCTGGCAA	TTGCCAGA	0	0	0
TCTGGCCA	TGGCCAGA	0	0	0
TCTGGGAA	TTCCCAGA	0	0	0
TCTGGGCA	TGCCCAGA	0	0	0
TCTGGTAA	TTACCAGA	0	0	0
TCTGGTCA	TGACCAGA	0	0	0
TCTGTAAA	TTTACAGA	0	0	0
TCTGTACA	TGTACAGA	0	0	0
TCTGTCAA	TTGACAGA	0	0	0
TCTGTCCA	TGGACAGA	0	0	0
TCTGTGAA	TTCACAGA	0	0	0
TCTGTGCA	TGCACAGA	0	0	0
TCTGTTAA	TTAACAGA	0	0	0
TCTGTTCA	TGAACAGA	0	0	0
TCTTAAAA	TTTTAAGA	0	0	0
TCTTAACA	TGTTAAGA	0	0	0
TCTTAAGA	TCTTAAGA	0	0	0
TCTTACAA	TTGTAAGA	0	0	0
TCTTACCA	TGGTAAGA	0	0	0
TCTTAGAA	TTCTAAGA	0	0	0
TCTTAGCA	TGCTAAGA	0	0	0
TCTTATAA	TTATAAGA	0	0	0
TCTTATCA	TGATAAGA	0	0	0
TCTTCAAA	TTTGAAGA	0	0	0
TCTTCACA	TGTGAAGA	0	0	0
TCTTCCAA	TTGGAAGA	0	0	0
TCTTCCCA	TGGGAAGA	0	0	0
TCTTCGAA	TTCGAAGA	0	0	0
TCTTCGCA	TGCGAAGA	0	0	0
TCTTCTAA	TTAGAAGA	0	0	0
TCTTCTCA	TGAGAAGA	0	0	0
TCTTGAAA	TTTCAAGA	0	0	0
TCTTGACA	TGTCAAGA	0	0	0
TCTTGCAA	TTGCAAGA	0	0	0
TCTTGCCA	TGGCAAGA	0	0	0
TCTTGGAA	TTCCAAGA	0	0	0
TCTTGGCA	TGCCAAGA	0	0	0
TCTTGTAA	TTACAAGA	0	0	0
TCTTGTCA	TGACAAGA	0	0	0
TCTTTAAA	TTTAAAGA	0	0	0
TCTTTACA	TGTAAAGA	0	0	0
TCTTTCAA	TTGAAAGA	0	0	0
TCTTTCCA	TGGAAAGA	0	0	0
TCTTTGAA	TTCAAAGA	0	0	0
TCTTTGCA	TGCAAAGA	0	0	0
TCTTTTAA	TTAAAAGA	0	0	0
TCTTTTCA	TGAAAAGA	0	0	0
TGAAAAAA	TTTTTTCA	0	0	0
TGAAAACA	TGTTTTCA	0	0	0
TGAAACAA	TTGTTTCA	0	0	0
TGAAACCA	TGGTTTCA	0	0	0
TGAAAGAA	TTCTTTCA	0	0	0
TGAAAGCA	TGCTTTCA	0	0	0
TGAAATAA	TTATTTCA	0	0	0
TGAAATCA	TGATTTCA	0	0	0
TGAACAAA	TTTGTTCA	0	0	0
TGAACACA	TGTGTTCA	0	0	0
TGAACCAA	TTGGTTCA	0	0	0
TGAACCCA	TGGGTTCA	0	0	0
TGAACGAA	TTCGTTCA	0	0	0
TGAACGCA	TGCGTTCA	0	0	0
TGAACTAA	TTAGTTCA	0	0	0
TGAACTCA	TGAGTTCA	0	0	0
TGAAGAAA	TTTCTTCA	0	0	0
TGAAGACA	TGTCTTCA	0	0	0
TGAAGCAA	TTGCTTCA	0	0	0
TGAAGCCA	TGGCTTCA	0	0	0
TGAAGGAA	TTCCTTCA	0	0	0
TGAAGGCA	TGCCTTCA	0	0	0
TGAAGTAA	TTACTTCA	0	0	0
TGAAGTCA	TGACTTCA	0	0	0
TGAATAAA	TTTATTCA	0	0	0
TGAATACA	TGTATTCA	0	0	0
TGAATCAA	TTGATTCA	0	0	0
TGAATCCA	TGGATTCA	0	0	0
TGAATGAA	TTCATTCA	0	0	0
TGAATGCA	TGCATTCA	0	0	0
TGAATTAA	TTAATTCA	0	0	0
TGAATTCA	TGAATTCA	0	0	0
TGACAAAA	TTTTGTCA	0	0	0
TGACAACA	TGTTGTCA	0	0	0
TGACACAA	TTGTGTCA	0	0	0
TGACACCA	TGGTGTCA	0	0	0
TGACAGAA	TTCTGTCA	0	0	0
TGACAGCA	TGCTGTCA	0	0	0
TGACATAA	TTATGTCA	0	0	0
TGACATCA	TGATGTCA	0	0	0
TGACCAAA	TTTGGTCA	0	0	0
TGACCACA	TGTGGTCA	0	0	0
TGACCCAA	TTGGGTCA	0	0	0
TGACCCCA	TGGGGTCA	0	0	0
TGACCGAA	TTCGGTCA	0	0	0
TGACCGCA	TGCGGTCA	0	0	0
TGACCTAA	TTAGGTCA	0	0	0
TGACCTCA	TGAGGTCA	0	0	0
TGACGAAA	TTTCGTCA	0	0	0
TGACGACA	TGTCGTCA	0	0	0
TGACGCAA	TTGCGTCA	0	0	0
TGACGCCA	TGGCGTCA	0	0	0
TGACGGAA	TTCCGTCA	0	0	0
TGACGGCA	TGCCGTCA	0	0	0
TGACGTAA	TTACGTCA	0	0	0
TGACGTCA	TGACGTCA	0	0	0
TGACTAAA	TTTAGTCA	0	0	0
TGACTACA	TGTAGTCA	0	0	0
TGACTCAA	TTGAGTCA	0	0	0
TGACTCCA	TGGAGTCA	0	0	0
TGACTGAA	TTCAGTCA	0	0	0
TGACTGCA	TGCAGTCA	0	0	0
TGACTTAA	TTAAGTCA	0	0	0
TGAGAAAA	TTTTCTCA	0	0	0
TGAGAACA	TGTTCTCA	0	0	0
TGAGACAA	TTGTCTCA	0	0	0
TGAGACCA	TGGTCTCA	0	0	0
TGAGAGAA	TTCTCTCA	0	0	0
TGAGAGCA	TGCTCTCA	0	0	0
TGAGATAA	TTATCTCA	0	0	0
TGAGATCA	TGATCTCA	0	0	0
TGAGCAAA	TTTGCTCA	0	0	0
TGAGCACA	TGTGCTCA	0	0	0
TGAGCCAA	TTGGCTCA	0	0	0
TGAGCCCA	TGGGCTCA	0	0	0
TGAGCGAA	TTCGCTCA	0	0	0
TGAGCGCA	TGCGCTCA	0	0	0
TGAGCTAA	TTAGCTCA	0	0	0
TGAGCTCA	TGAGCTCA	0	0	0
TGAGGAAA	TTTCCTCA	0	0	0
TGAGGACA	TGTCCTCA	0	0	0
TGAGGCAA	TTGCCTCA	0	0	0
TGAGGCCA	TGGCCTCA	0	0	0
TGAGGGAA	TTCCCTCA	0	0	0
TGAGGGCA	TGCCCTCA	0	0	0
TGAGGTAA	TTACCTCA	0	0	0
TGAGTAAA	TTTACTCA	0	0	0
TGAGTACA	TGTACTCA	0	0	0
TGAGTCAA	TTGACTCA	0	0	0
TGAGTCCA	TGGACTCA	0	0	0
TGAGTGAA	TTCACTCA	0	0	0
TGAGTGCA	TGCACTCA	0	0	0
TGAGTTAA	TTAACTCA	0	0	0
TGATAAAA	TTTTATCA	0	0	0
TGATAACA	TGTTATCA	0	0	0
TGATACAA	TTGTATCA	0	0	0
TGATACCA	TGGTATCA	0	0	0
TGATAGAA	TTCTATCA	0	0	0
TGATAGCA	TGCTATCA	0	0	0
TGATATAA	TTATATCA	0	0	0
TGATATCA	TGATATCA	0	0	0
TGATCAAA	TTTGATCA	0	0	0
TGATCACA	TGTGATCA	0	0	0
TGATCCAA	TTGGATCA	0	0	0
TGATCCCA	TGGGATCA	0	0	0
TGATCGAA	TTCGATCA	0	0	0
TGATCGCA	TGCGATCA	0	0	0
TGATCTAA	TTAGATCA	0	0	0
TGATGAAA	TTTCATCA	0	0	0
TGATGACA	TGTCATCA	0	0	0
TGATGCAA	TTGCATCA	0	0	0
TGATGCCA	TGGCATCA	0	0	0
TGATGGAA	TTCCATCA	0	0	0
TGATGGCA	TGCCATCA	0	0	0
TGATGTAA	TTACATCA	0	0	0
TGATTAAA	TTTAATCA	0	0	0
TGATTACA	TGTAATCA	0	0	0
TGATTCAA	TTGAATCA	0	0	0
TGATTCCA	TGGAATCA	0	0	0
TGATTGAA	TTCAATCA	0	0	0
TGATTGCA	TGCAATCA	0	0	0
TGATTTAA	TTAAATCA	0	0	0
TGCAAAAA	TTTTTGCA	0	0	0
TGCAAACA	TGTTTGCA	0	0	0
TGCAACAA	TTGTTGCA	0	0	0
TGCAACCA	TGGTTGCA	0	0	0
TGCAAGAA	TTCTTGCA	0	0	0
TGCAAGCA	TGCTTGCA	0	0	0
TGCAATAA	TTATTGCA	0	0	0
TGCACAAA	TTTGTGCA	0	0	0
TGCACACA	TGTGTGCA	0	0	0
TGCACCAA	TTGGTGCA	0	0	0
TGCACCCA	TGGGTGCA	0	0	0
TGCACGAA	TTCGTGCA	0	0	0
TGCACGCA	TGCGTGCA	0	0	0
TGCACTAA	TTAGTGCA	0	0	0
TGCAGAAA	TTTCTGCA	0	0	0
TGCAGACA	TGTCTGCA	0	0	0
TGCAGCAA	TTGCTGCA	0	0	0
TGCAGCCA	TGGCTGCA	0	0	0
TGCAGGAA	TTCCTGCA	0	0	0
TGCAGGCA	TGCCTGCA	0	0	0
TGCAGTAA	TTACTGCA	0	0	0
TGCATAAA	TTTATGCA	0	0	0
TGCATACA	TGTATGCA	0	0	0
TGCATCAA	TTGATGCA	0	0	0
TGCATCCA	TGGATGCA	0	0	0
TGCATGAA	TTCATGCA	0	0	0
TGCATGCA	TGCATGCA	0	0	0
TGCATTAA	TTAATGCA	0	0	0
TGCCAAAA	TTTTGGCA	0	0	0
TGCCAACA	TGTTGGCA	0	0	0
TGCCACAA	TTGTGGCA	0	0	0
TGCCACCA	TGGTGGCA	0	0	0
TGCCAGAA	TTCTGGCA	0	0	0
TGCCAGCA	TGCTGGCA	0	0	0
TGCCATAA	TTATGGCA	0	0	0
TGCCCAAA	TTTGGGCA	0	0	0
TGCCCACA	TGTGGGCA	0	0	0
TGCCCCAA	TTGGGGCA	0	0	0
TGCCCCCA	TGGGGGCA	0	0	0
TGCCCGAA	TTCGGGCA	0	0	0
TGCCCGCA	TGCGGGCA	0	0	0
TGCCCTAA	TTAGGGCA	0	0	0
TGCCGAAA	TTTCGGCA	0	0	0
TGCCGACA	TGTCGGCA	0	0	0
TGCCGCAA	TTGCGGCA	0	0	0
TGCCGCCA	TGGCGGCA	0	0	0
TGCCGGAA	TTCCGGCA	0	0	0
TGCCGGCA	TGCCGGCA	0	0	0
TGCCGTAA	TTACGGCA	0	0	0
TGCCTAAA	TTTAGGCA	0	0	0
TGCCTACA	TGTAGGCA	0	0	0
TGCCTCAA	TTGAGGCA	0	0	0
TGCCTCCA	TGGAGGCA	0	0	0
TGCCTGAA	TTCAGGCA	0	0	0
TGCCTTAA	TTAAGGCA	0	0	0
TGCGAAAA	TTTTCGCA	0	0	0
TGCGAACA	TGTTCGCA	0	0	0
TGCGACAA	TTGTCGCA	0	0	0
TGCGACCA	TGGTCGCA	0	0	0
TGCGAGAA	TTCTCGCA	0	0	0
TGCGAGCA	TGCTCGCA	0	0	0
TGCGATAA	TTATCGCA	0	0	0
TGCGCAAA	TTTGCGCA	0	0	0
TGCGCACA	TGTGCGCA	0	0	0
TGCGCCAA	TTGGCGCA	0	0	0
TGCGCCCA	TGGGCGCA	0	0	0
TGCGCGAA	TTCGCGCA	0	0	0
TGCGCGCA	TGCGCGCA	0	0	0
TGCGCTAA	TTAGCGCA	0	0	0
TGCGGAAA	TTTCCGCA	0	0	0
TGCGGACA	TGTCCGCA	0	0	0
TGCGGCAA	TTGCCGCA	0	0	0
TGCGGCCA	TGGCCGCA	0	0	0
TGCGGGAA	TTCCCGCA	0	0	0
TGCGGTAA	TTACCGCA	0	0	0
TGCGTAAA	TTTACGCA	0	0	0
TGCGTACA	TGTACGCA	0	0	0
TGCGTCAA	TTGACGCA	0	0	0
TGCGTCCA	TGGACGCA	0	0	0
TGCGTGAA	TTCACGCA	0	0	0
TGCGTTAA	TTAACGCA	0	0	0
TGCTAAAA	TTTTAGCA	0	0	0
TGCTAACA	TGTTAGCA	0	0	0
TGCTACAA	TTGTAGCA	0	0	0
TGCTACCA	TGGTAGCA	0	0	0
TGCTAGAA	TTCTAGCA	0	0	0
TGCTAGCA	TGCTAGCA	0	0	0
TGCTATAA	TTATAGCA	0	0	0
TGCTCAAA	TTTGAGCA	0	0	0
TGCTCACA	TGTGAGCA	0	0	0
TGCTCCAA	TTGGAGCA	0	0	0
TGCTCCCA	TGGGAGCA	0	0	0
TGCTCGAA	TTCGAGCA	0	0	0
TGCTCTAA	TTAGAGCA	0	0	0
TGCTGAAA	TTTCAGCA	0	0	0
TGCTGACA	TGTCAGCA	0	0	0
TGCTGCAA	TTGCAGCA	0	0	0
TGCTGCCA	TGGCAGCA	0	0	0
TGCTGGAA	TTCCAGCA	0	0	0
TGCTGTAA	TTACAGCA	0	0	0
TGCTTAAA	TTTAAGCA	0	0	0
TGCTTACA	TGTAAGCA	0	0	0
TGCTTCAA	TTGAAGCA	0	0	0
TGCTTCCA	TGGAAGCA	0	0	0
TGCTTGAA	TTCAAGCA	0	0	0
TGCTTTAA	TTAAAGCA	0	0	0
TGGAAAAA	TTTTTCCA	0	0	0
TGGAAACA	TGTTTCCA	0	0	0
TGGAACAA	TTGTTCCA	0	0	0
TGGAACCA	TGGTTCCA	0	0	0
TGGAAGAA	TTCTTCCA	0	0	0
TGGAATAA	TTATTCCA	0	0	0
TGGACAAA	TTTGTCCA	0	0	0
TGGACACA	TGTGTCCA	0	0	0
TGGACCAA	TTGGTCCA	0	0	0
TGGACCCA	TGGGTCCA	0	0	0
TGGACGAA	TTCGTCCA	0	0	0
TGGACTAA	TTAGTCCA	0	0	0
TGGAGAAA	TTTCTCCA	0	0	0
TGGAGACA	TGTCTCCA	0	0	0
TGGAGCAA	TTGCTCCA	0	0	0
TGGAGCCA	TGGCTCCA	0	0	0
TGGAGGAA	TTCCTCCA	0	0	0
TGGAGTAA	TTACTCCA	0	0	0
TGGATAAA	TTTATCCA	0	0	0
TGGATACA	TGTATCCA	0	0	0
TGGATCAA	TTGATCCA	0	0	0
TGGATCCA	TGGATCCA	0	0	0
TGGATGAA	TTCATCCA	0	0	0
TGGATTAA	TTAATCCA	0	0	0
TGGCAAAA	TTTTGCCA	0	0	0
TGGCAACA	TGTTGCCA	0	0	0
TGGCACAA	TTGTGCCA	0	0	0
TGGCACCA	TGGTGCCA	0	0	0
TGGCAGAA	TTCTGCCA	0	0	0
TGGCATAA	TTATGCCA	0	0	0
TGGCCAAA	TTTGGCCA	0	0	0
TGGCCACA	TGTGGCCA	0	0	0
TGGCCCAA	TTGGGCCA	0	0	0
TGGCCCCA	TGGGGCCA	0	0	0
TGGCCGAA	TTCGGCCA	0	0	0
TGGCCTAA	TTAGGCCA	0	0	0
TGGCGAAA	TTTCGCCA	0	0	0
TGGCGACA	TGTCGCCA	0	0	0
TGGCGCAA	TTGCGCCA	0	0	0
TGGCGCCA	TGGCGCCA	0	0	0
TGGCGGAA	TTCCGCCA	0	0	0
TGGCGTAA	TTACGCCA	0	0	0
TGGCTAAA	TTTAGCCA	0	0	0
TGGCTACA	TGTAGCCA	0	0	0
TGGCTCAA	TTGAGCCA	0	0	0
TGGCTGAA	TTCAGCCA	0	0	0
TGGCTTAA	TTAAGCCA	0	0	0
TGGGAAAA	TTTTCCCA	0	0	0
TGGGAACA	TGTTCCCA	0	0	0
TGGGACAA	TTGTCCCA	0	0	0
TGGGACCA	TGGTCCCA	0	0	0
TGGGAGAA	TTCTCCCA	0	0	0
TGGGATAA	TTATCCCA	0	0	0
TGGGCAAA	TTTGCCCA	0	0	0
TGGGCACA	TGTGCCCA	0	0	0
TGGGCCAA	TTGGCCCA	0	0	0
TGGGCCCA	TGGGCCCA	0	0	0
TGGGCGAA	TTCGCCCA	0	0	0
TGGGCTAA	TTAGCCCA	0	0	0
TGGGGAAA	TTTCCCCA	0	0	0
TGGGGACA	TGTCCCCA	0	0	0
TGGGGCAA	TTGCCCCA	0	0	0
TGGGGGAA	TTCCCCCA	0	0	0
TGGGGTAA	TTACCCCA	0	0	0
TGGGTAAA	TTTACCCA	0	0	0
TGGGTACA	TGTACCCA	0	0	0
TGGGTCAA	TTGACCCA	0	0	0
TGGGTGAA	TTCACCCA	0	0	0
TGGGTTAA	TTAACCCA	0	0	0
TGGTAAAA	TTTTACCA	0	0	0
TGGTAACA	TGTTACCA	0	0	0
TGGTACAA	TTGTACCA	0	0	0
TGGTACCA	TGGTACCA	0	0	0
TGGTAGAA	TTCTACCA	0	0	0
TGGTATAA	TTATACCA	0	0	0
TGGTCAAA	TTTGACCA	0	0	0
TGGTCACA	TGTGACCA	0	0	0
TGGTCCAA	TTGGACCA	0	0	0
TGGTCGAA	TTCGACCA	0	0	0
TGGTCTAA	TTAGACCA	0	0	0
TGGTGAAA	TTTCACCA	0	0	0
TGGTGACA	TGTCACCA	0	0	0
TGGTGCAA	TTGCACCA	0	0	0
TGGTGGAA	TTCCACCA	0	0	0
TGGTGTAA	TTACACCA	0	0	0
TGGTTAAA	TTTAACCA	0	0	0
TGGTTACA	TGTAACCA	0	0	0
TGGTTCAA	TTGAACCA	0	0	0
TGGTTGAA	TTCAACCA	0	0	0
TGGTTTAA	TTAAACCA	0	0	0
TGTAAAAA	TTTTTACA	0	0	0
TGTAAACA	TGTTTACA	0	0	0
TGTAACAA	TTGTTACA	0	0	0
TGTAAGAA	TTCTTACA	0	0	0
TGTAATAA	TTATTACA	0	0	0
TGTACAAA	TTTGTACA	0	0	0
TGTACACA	TGTGTACA	0	0	0
TGTACCAA	TTGGTACA	0	0	0
TGTACGAA	TTCGTACA	0	0	0
TGTACTAA	TTAGTACA	0	0	0
TGTAGAAA	TTTCTACA	0	0	0
TGTAGACA	TGTCTACA	0	0	0
TGTAGCAA	TTGCTACA	0	0	0
TGTAGGAA	TTCCTACA	0	0	0
TGTAGTAA	TTACTACA	0	0	0
TGTATAAA	TTTATACA	0	0	0
TGTATACA	TGTATACA	0	0	0
TGTATCAA	TTGATACA	0	0	0
TGTATGAA	TTCATACA	0	0	0
TGTATTAA	TTAATACA	0	0	0
TGTCAAAA	TTTTGACA	0	0	0
TGTCAACA	TGTTGACA	0	0	0
TGTCACAA	TTGTGACA	0	0	0
TGTCAGAA	TTCTGACA	0	0	0
TGTCATAA	TTATGACA	0	0	0
TGTCCAAA	TTTGGACA	0	0	0
TGTCCACA	TGTGGACA	0	0	0
TGTCCCAA	TTGGGACA	0	0	0
TGTCCGAA	TTCGGACA	0	0	0
TGTCCTAA	TTAGGACA	0	0	0
TGTCGAAA	TTTCGACA	0	0	0
TGTCGACA	TGTCGACA	0	0	0
TGTCGCAA	TTGCGACA	0	0	0
TGTCGGAA	TTCCGACA	0	0	0
TGTCGTAA	TTACGACA	0	0	0
TGTCTAAA	TTTAGACA	0	0	0
TGTCTCAA	TTGAGACA	0	0	0
TGTCTGAA	TTCAGACA	0	0	0
TGTCTTAA	TTAAGACA	0	0	0
TGTGAAAA	TTTTCACA	0	0	0
TGTGAACA	TGTTCACA	0	0	0
TGTGACAA	TTGTCACA	0	0	0
TGTGAGAA	TTCTCACA	0	0	0
TGTGATAA	TTATCACA	0	0	0
TGTGCAAA	TTTGCACA	0	0	0
TGTGCACA	TGTGCACA	0	0	0
TGTGCCAA	TTGGCACA	0	0	0
TGTGCGAA	TTCGCACA	0	0	0
TGTGCTAA	TTAGCACA	0	0	0
TGTGGAAA	TTTCCACA	0	0	0
TGTGGCAA	TTGCCACA	0	0	0
TGTGGGAA	TTCCCACA	0	0	0
TGTGGTAA	TTACCACA	0	0	0
TGTGTAAA	TTTACACA	0	0	0
TGTGTCAA	TTGACACA	0	0	0
TGTGTGAA	TTCACACA	0	0	0
TGTGTTAA	TTAACACA	0	0	0
TGTTAAAA	TTTTAACA	0	0	0
TGTTAACA	TGTTAACA	0	0	0
TGTTACAA	TTGTAACA	0	0	0
TGTTAGAA	TTCTAACA	0	0	0
TGTTATAA	TTATAACA	0	0	0
TGTTCAAA	TTTGAACA	0	0	0
TGTTCCAA	TTGGAACA	0	0	0
TGTTCGAA	TTCGAACA	0	0	0
TGTTCTAA	TTAGAACA	0	0	0
TGTTGAAA	TTTCAACA	0	0	0
TGTTGCAA	TTGCAACA	0	0	0
TGTTGGAA	TTCCAACA	0	0	0
TGTTGTAA	TTACAACA	0	0	0
TGTTTAAA	TTTAAACA	0	0	0
TGTTTCAA	TTGAAACA	0	0	0
TGTTTGAA	TTCAAACA	0	0	0
TGTTTTAA	TTAAAACA	0	0	0
TTAAAAAA	TTTTTTAA	0	0	0
TTAAACAA	TTGTTTAA	0	0	0
TTAAAGAA	TTCTTTAA	0	0	0
TTAAATAA	TTATTTAA	0	0	0
TTAACAAA	TTTGTTAA	0	0	0
TTAACCAA	TTGGTTAA	0	0	0
TTAACGAA	TTCGTTAA	0	0	0
TTAACTAA	TTAGTTAA	0	0	0
TTAAGAAA	TTTCTTAA	0	0	0
TTAAGCAA	TTGCTTAA	0	0	0
TTAAGGAA	TTCCTTAA	0	0	0
TTAAGTAA	TTACTTAA	0	0	0
TTAATAAA	TTTATTAA	0	0	0
TTAATCAA	TTGATTAA	0	0	0
TTAATGAA	TTCATTAA	0	0	0
TTAATTAA	TTAATTAA	0	0	0
TTACAAAA	TTTTGTAA	0	0	0
TTACACAA	TTGTGTAA	0	0	0
TTACAGAA	TTCTGTAA	0	0	0
TTACATAA	TTATGTAA	0	0	0
TTACCAAA	TTTGGTAA	0	0	0
TTACCCAA	TTGGGTAA	0	0	0
TTACCGAA	TTCGGTAA	0	0	0
TTACCTAA	TTAGGTAA	0	0	0
TTACGAAA	TTTCGTAA	0	0	0
TTACGCAA	TTGCGTAA	0	0	0
TTACGGAA	TTCCGTAA	0	0	0
TTACGTAA	TTACGTAA	0	0	0
TTACTAAA	TTTAGTAA	0	0	0
TTACTCAA	TTGAGTAA	0	0	0
TTACTGAA	TTCAGTAA	0	0	0
TTAGAAAA	TTTTCTAA	0	0	0
TTAGACAA	TTGTCTAA	0	0	0
TTAGAGAA	TTCTCTAA	0	0	0
TTAGATAA	TTATCTAA	0	0	0
TTAGCAAA	TTTGCTAA	0	0	0
TTAGCCAA	TTGGCTAA	0	0	0
TTAGCGAA	TTCGCTAA	0	0	0
TTAGCTAA	TTAGCTAA	0	0	0
TTAGGAAA	TTTCCTAA	0	0	0
TTAGGCAA	TTGCCTAA	0	0	0
TTAGGGAA	TTCCCTAA	0	0	0
TTAGTAAA	TTTACTAA	0	0	0
TTAGTCAA	TTGACTAA	0	0	0
TTAGTGAA	TTCACTAA	0	0	0
TTATAAAA	TTTTATAA	0	0	0
TTATACAA	TTGTATAA	0	0	0
TTATAGAA	TTCTATAA	0	0	0
TTATATAA	TTATATAA	0	0	0
TTATCAAA	TTTGATAA	0	0	0
TTATCCAA	TTGGATAA	0	0	0
TTATCGAA	TTCGATAA	0	0	0
TTATGAAA	TTTCATAA	0	0	0
TTATGCAA	TTGCATAA	0	0	0
TTATGGAA	TTCCATAA	0	0	0
TTATTAAA	TTTAATAA	0	0	0
TTATTCAA	TTGAATAA	0	0	0
TTATTGAA	TTCAATAA	0	0	0
TTCAAAAA	TTTTTGAA	0	0	0
TTCAACAA	TTGTTGAA	0	0	0
TTCAAGAA	TTCTTGAA	0	0	0
TTCACAAA	TTTGTGAA	0	0	0
TTCACCAA	TTGGTGAA	0	0	0
TTCACGAA	TTCGTGAA	0	0	0
TTCAGAAA	TTTCTGAA	0	0	0
TTCAGCAA	TTGCTGAA	0	0	0
TTCAGGAA	TTCCTGAA	0	0	0
TTCATAAA	TTTATGAA	0	0	0
TTCATCAA	TTGATGAA	0	0	0
TTCATGAA	TTCATGAA	0	0	0
TTCCAAAA	TTTTGGAA	0	0	0
TTCCACAA	TTGTGGAA	0	0	0
TTCCAGAA	TTCTGGAA	0	0	0
TTCCCAAA	TTTGGGAA	0	0	0
TTCCCCAA	TTGGGGAA	0	0	0
TTCCCGAA	TTCGGGAA	0	0	0
TTCCGAAA	TTTCGGAA	0	0	0
TTCCGCAA	TTGCGGAA	0	0	0
TTCCGGAA	TTCCGGAA	0	0	0
TTCCTAAA	TTTAGGAA	0	0	0
TTCCTCAA	TTGAGGAA	0	0	0
TTCGAAAA	TTTTCGAA	0	0	0
TTCGACAA	TTGTCGAA	0	0	0
TTCGAGAA	TTCTCGAA	0	0	0
TTCGCAAA	TTTGCGAA	0	0	0
TTCGCCAA	TTGGCGAA	0	0	0
TTCGCGAA	TTCGCGAA	0	0	0
TTCGGAAA	TTTCCGAA	0	0	0
TTCGGCAA	TTGCCGAA	0	0	0
TTCGTAAA	TTTACGAA	0	0	0
TTCGTCAA	TTGACGAA	0	0	0
TTCTAAAA	TTTTAGAA	0	0	0
TTCTACAA	TTGTAGAA	0	0	0
TTCTAGAA	TTCTAGAA	0	0	0
TTCTCAAA	TTTGAGAA	0	0	0
TTCTCCAA	TTGGAGAA	0	0	0
TTCTGAAA	TTTCAGAA	0	0	0
TTCTGCAA	TTGCAGAA	0	0	0
TTCTTAAA	TTTAAGAA	0	0	0
TTCTTCAA	TTGAAGAA	0	0	0
TTGAAAAA	TTTTTCAA	0	0	0
TTGAACAA	TTGTTCAA	0	0	0
TTGACAAA	TTTGTCAA	0	0	0
TTGACCAA	TTGGTCAA	0	0	0
TTGAGAAA	TTTCTCAA	0	0	0
TTGAGCAA	TTGCTCAA	0	0	0
TTGATAAA	TTTATCAA	0	0	0
TTGATCAA	TTGATCAA	0	0	0
TTGCAAAA	TTTTGCAA	0	0	0
TTGCACAA	TTGTGCAA	0	0	0
TTGCCAAA	TTTGGCAA	0	0	0
TTGCCCAA	TTGGGCAA	0	0	0
TTGCGAAA	TTTCGCAA	0	0	0
TTGCGCAA	TTGCGCAA	0	0	0
TTGCTAAA	TTTAGCAA	0	0	0
TTGGAAAA	TTTTCCAA	0	0	0
TTGGACAA	TTGTCCAA	0	0	0
TTGGCAAA	TTTGCCAA	0	0	0
TTGGCCAA	TTGGCCAA	0	0	0
TTGGGAAA	TTTCCCAA	0	0	0
TTGGTAAA	TTTACCAA	0	0	0
TTGTAAAA	TTTTACAA	0	0	0
TTGTACAA	TTGTACAA	0	0	0
TTGTCAAA	TTTGACAA	0	0	0
TTGTGAAA	TTTCACAA	0	0	0
TTGTTAAA	TTTAACAA	0	0	0
TTTAAAAA	TTTTTAAA	0	0	0
TTTACAAA	TTTGTAAA	0	0	0
TTTAGAAA	TTTCTAAA	0	0	0
TTTATAAA	TTTATAAA	0	0	0
TTTCAAAA	TTTTGAAA	0	0	0
TTTCCAAA	TTTGGAAA	0	0	0
TTTCGAAA	TTTCGAAA	0	0	0
TTTGAAAA	TTTTCAAA	0	0	0
TTTGCAAA	TTTGCAAA	0	0	0
TTTTAAAA	TTTTAAAA	0	0	0
